provider_num,rpt_rec_num,fy_begin,fy_end,total_revenue,medicare_revenue,medicaid_revenue,other_revenue,medicare_pct,medicaid_pct,other_pct,medicare_days,medicaid_days,other_days,total_days,data_quality
341317,695374,10/01/2020,12/31/2020,0.0,0.0,0.0,0.0,0.0,0.0,0.0,0,0,0,0,unknown
340141,696323,10/01/2020,01/31/2021,0.0,0.0,0.0,0.0,0.0,0.0,0.0,0,0,0,0,unknown
050660,699530,10/01/2020,12/31/2020,0.0,0.0,0.0,0.0,0.0,0.0,0.0,0,0,0,0,unknown
050696,699531,10/01/2020,12/31/2020,0.0,0.0,0.0,0.0,0.0,0.0,0.0,0,0,0,0,unknown
364064,700312,11/21/2020,03/31/2021,0.0,0.0,0.0,0.0,0.0,0.0,0.0,0,0,0,0,unknown
030146,705263,10/29/2020,12/31/2020,0.0,0.0,0.0,0.0,0.0,0.0,0.0,0,0,0,0,unknown
340050,705766,10/01/2020,06/30/2021,0.0,0.0,0.0,0.0,0.0,0.0,0.0,0,0,0,0,unknown
413025,706877,01/01/2021,03/31/2021,0.0,0.0,0.0,0.0,0.0,0.0,0.0,0,0,0,0,unknown
050136,707180,01/01/2021,06/30/2021,0.0,0.0,0.0,0.0,0.0,0.0,0.0,0,0,0,0,unknown
420026,709803,10/01/2020,07/31/2021,0.0,0.0,0.0,0.0,0.0,0.0,0.0,0,0,0,0,unknown
454152,709810,12/31/2020,05/31/2021,0.0,0.0,0.0,0.0,0.0,0.0,0.0,0,0,0,0,unknown
101993,709892,10/01/2020,09/30/2021,0.0,0.0,0.0,0.0,0.0,0.0,0.0,0,0,0,0,unknown
100029,710010,06/01/2021,07/31/2021,0.0,0.0,0.0,0.0,0.0,0.0,0.0,0,0,0,0,unknown
100183,710053,01/01/2021,07/31/2021,0.0,0.0,0.0,0.0,0.0,0.0,0.0,0,0,0,0,unknown
520213,710111,12/22/2020,06/30/2021,0.0,0.0,0.0,0.0,0.0,0.0,0.0,0,0,0,0,unknown
014015,712128,01/01/2021,12/31/2021,0.0,0.0,0.0,0.0,0.0,0.0,0.0,0,0,0,0,unknown
421303,712272,10/01/2020,09/30/2021,0.0,0.0,0.0,0.0,0.0,0.0,0.0,0,0,0,0,unknown
013301,712450,10/01/2020,09/30/2021,0.0,0.0,0.0,0.0,0.0,0.0,0.0,0,0,0,0,unknown
341315,712743,10/01/2020,09/30/2021,0.0,0.0,0.0,0.0,0.0,0.0,0.0,0,0,0,0,unknown
341327,712744,10/01/2020,09/30/2021,0.0,0.0,0.0,0.0,0.0,0.0,0.0,0,0,0,0,unknown
371301,712751,01/01/2021,09/30/2021,0.0,0.0,0.0,0.0,0.0,0.0,0.0,0,0,0,0,unknown
421300,712764,10/01/2020,09/30/2021,0.0,0.0,0.0,0.0,0.0,0.0,0.0,0,0,0,0,unknown
214020,712820,12/04/2020,06/30/2021,0.0,0.0,0.0,0.0,0.0,0.0,0.0,0,0,0,0,unknown
014014,712990,10/01/2020,09/30/2021,0.0,0.0,0.0,0.0,0.0,0.0,0.0,0,0,0,0,unknown
141337,713018,07/01/2021,09/30/2021,0.0,0.0,0.0,0.0,0.0,0.0,0.0,0,0,0,0,unknown
341303,713186,10/01/2020,09/30/2021,0.0,0.0,0.0,0.0,0.0,0.0,0.0,0,0,0,0,unknown
421304,713194,10/01/2020,09/30/2021,0.0,0.0,0.0,0.0,0.0,0.0,0.0,0,0,0,0,unknown
341304,713294,10/01/2020,09/30/2021,0.0,0.0,0.0,0.0,0.0,0.0,0.0,0,0,0,0,unknown
341318,713295,10/01/2020,09/30/2021,0.0,0.0,0.0,0.0,0.0,0.0,0.0,0,0,0,0,unknown
421301,713319,10/01/2020,09/30/2021,0.0,0.0,0.0,0.0,0.0,0.0,0.0,0,0,0,0,unknown
141339,713382,10/01/2020,09/30/2021,0.0,0.0,0.0,0.0,0.0,0.0,0.0,0,0,0,0,unknown
301301,713397,10/01/2020,09/30/2021,0.0,0.0,0.0,0.0,0.0,0.0,0.0,0,0,0,0,unknown
301302,713398,10/01/2020,09/30/2021,0.0,0.0,0.0,0.0,0.0,0.0,0.0,0,0,0,0,unknown
471305,713613,10/01/2020,09/30/2021,0.0,0.0,0.0,0.0,0.0,0.0,0.0,0,0,0,0,unknown
050146,713627,10/01/2020,09/30/2021,0.0,0.0,0.0,0.0,0.0,0.0,0.0,0,0,0,0,unknown
331302,713788,10/01/2020,09/30/2021,0.0,0.0,0.0,0.0,0.0,0.0,0.0,0,0,0,0,unknown
301312,713952,10/01/2020,09/30/2021,0.0,0.0,0.0,0.0,0.0,0.0,0.0,0,0,0,0,unknown
371318,714409,10/01/2020,09/30/2021,0.0,0.0,0.0,0.0,0.0,0.0,0.0,0,0,0,0,unknown
471301,714437,10/01/2020,09/30/2021,0.0,0.0,0.0,0.0,0.0,0.0,0.0,0,0,0,0,unknown
471306,714872,10/01/2020,09/30/2021,0.0,0.0,0.0,0.0,0.0,0.0,0.0,0,0,0,0,unknown
131312,715190,10/01/2020,09/30/2021,0.0,0.0,0.0,0.0,0.0,0.0,0.0,0,0,0,0,unknown
341324,715220,10/01/2020,09/30/2021,0.0,0.0,0.0,0.0,0.0,0.0,0.0,0,0,0,0,unknown
471307,715235,10/01/2020,09/30/2021,0.0,0.0,0.0,0.0,0.0,0.0,0.0,0,0,0,0,unknown
014017,715244,10/01/2020,09/30/2021,0.0,0.0,0.0,0.0,0.0,0.0,0.0,0,0,0,0,unknown
141317,715254,10/01/2020,09/30/2021,0.0,0.0,0.0,0.0,0.0,0.0,0.0,0,0,0,0,unknown
444023,715300,01/01/2021,12/31/2021,0.0,0.0,0.0,0.0,0.0,0.0,0.0,0,0,0,0,unknown
264034,715357,06/04/2021,08/31/2021,0.0,0.0,0.0,0.0,0.0,0.0,0.0,0,0,0,0,unknown
301303,715360,10/01/2020,09/30/2021,0.0,0.0,0.0,0.0,0.0,0.0,0.0,0,0,0,0,unknown
301310,715361,10/01/2020,09/30/2021,0.0,0.0,0.0,0.0,0.0,0.0,0.0,0,0,0,0,unknown
341320,715368,10/01/2020,09/30/2021,0.0,0.0,0.0,0.0,0.0,0.0,0.0,0,0,0,0,unknown
422008,715376,10/01/2020,09/30/2021,0.0,0.0,0.0,0.0,0.0,0.0,0.0,0,0,0,0,unknown
514011,715389,10/01/2020,09/30/2021,0.0,0.0,0.0,0.0,0.0,0.0,0.0,0,0,0,0,unknown
521352,715391,10/01/2020,09/30/2021,0.0,0.0,0.0,0.0,0.0,0.0,0.0,0,0,0,0,unknown
050660,715405,01/01/2021,09/30/2021,0.0,0.0,0.0,0.0,0.0,0.0,0.0,0,0,0,0,unknown
044021,715514,01/01/2021,12/31/2021,0.0,0.0,0.0,0.0,0.0,0.0,0.0,0,0,0,0,unknown
101313,715703,10/01/2020,09/30/2021,0.0,0.0,0.0,0.0,0.0,0.0,0.0,0,0,0,0,unknown
251334,715719,10/01/2020,09/30/2021,0.0,0.0,0.0,0.0,0.0,0.0,0.0,0,0,0,0,unknown
251318,715799,10/01/2020,09/30/2021,0.0,0.0,0.0,0.0,0.0,0.0,0.0,0,0,0,0,unknown
341329,715811,11/01/2020,10/31/2021,0.0,0.0,0.0,0.0,0.0,0.0,0.0,0,0,0,0,unknown
031309,715835,10/01/2020,09/30/2021,0.0,0.0,0.0,0.0,0.0,0.0,0.0,0,0,0,0,unknown
051336,715837,10/01/2020,09/30/2021,0.0,0.0,0.0,0.0,0.0,0.0,0.0,0,0,0,0,unknown
251304,715970,10/01/2020,09/30/2021,0.0,0.0,0.0,0.0,0.0,0.0,0.0,0,0,0,0,unknown
501331,716070,01/01/2021,12/31/2021,0.0,0.0,0.0,0.0,0.0,0.0,0.0,0,0,0,0,unknown
453314,716287,10/01/2020,09/30/2021,0.0,0.0,0.0,0.0,0.0,0.0,0.0,0,0,0,0,unknown
074008,716365,10/01/2020,09/30/2021,0.0,0.0,0.0,0.0,0.0,0.0,0.0,0,0,0,0,unknown
062011,716404,10/01/2020,09/30/2021,0.0,0.0,0.0,0.0,0.0,0.0,0.0,0,0,0,0,unknown
301308,716427,10/01/2020,09/30/2021,0.0,0.0,0.0,0.0,0.0,0.0,0.0,0,0,0,0,unknown
053038,716455,01/01/2021,12/31/2021,0.0,0.0,0.0,0.0,0.0,0.0,0.0,0,0,0,0,unknown
251317,716592,01/01/2021,12/31/2021,0.0,0.0,0.0,0.0,0.0,0.0,0.0,0,0,0,0,unknown
454149,716622,01/01/2021,12/31/2021,0.0,0.0,0.0,0.0,0.0,0.0,0.0,0,0,0,0,unknown
104082,716642,11/01/2020,10/31/2021,0.0,0.0,0.0,0.0,0.0,0.0,0.0,0,0,0,0,unknown
454138,716690,05/01/2021,09/15/2021,0.0,0.0,0.0,0.0,0.0,0.0,0.0,0,0,0,0,unknown
670132,716694,06/01/2021,09/30/2021,0.0,0.0,0.0,0.0,0.0,0.0,0.0,0,0,0,0,unknown
371314,716730,10/01/2020,10/31/2021,0.0,0.0,0.0,0.0,0.0,0.0,0.0,0,0,0,0,unknown
371316,716731,10/01/2020,10/31/2021,0.0,0.0,0.0,0.0,0.0,0.0,0.0,0,0,0,0,unknown
201312,716801,10/01/2020,09/30/2021,0.0,0.0,0.0,0.0,0.0,0.0,0.0,0,0,0,0,unknown
503300,716828,10/01/2020,09/30/2021,0.0,0.0,0.0,0.0,0.0,0.0,0.0,0,0,0,0,unknown
341316,716862,12/01/2020,11/30/2021,0.0,0.0,0.0,0.0,0.0,0.0,0.0,0,0,0,0,unknown
341323,716907,10/01/2020,09/30/2021,0.0,0.0,0.0,0.0,0.0,0.0,0.0,0,0,0,0,unknown
201300,716951,10/01/2020,09/30/2021,0.0,0.0,0.0,0.0,0.0,0.0,0.0,0,0,0,0,unknown
201302,716952,10/01/2020,09/30/2021,0.0,0.0,0.0,0.0,0.0,0.0,0.0,0,0,0,0,unknown
201309,716953,10/01/2020,09/30/2021,0.0,0.0,0.0,0.0,0.0,0.0,0.0,0,0,0,0,unknown
221303,716963,10/01/2020,09/30/2021,0.0,0.0,0.0,0.0,0.0,0.0,0.0,0,0,0,0,unknown
362032,716978,10/01/2020,09/30/2021,0.0,0.0,0.0,0.0,0.0,0.0,0.0,0,0,0,0,unknown
264033,717035,01/01/2021,12/31/2021,0.0,0.0,0.0,0.0,0.0,0.0,0.0,0,0,0,0,unknown
414003,717096,10/01/2020,09/30/2021,0.0,0.0,0.0,0.0,0.0,0.0,0.0,0,0,0,0,unknown
480002,717104,10/01/2020,09/30/2021,0.0,0.0,0.0,0.0,0.0,0.0,0.0,0,0,0,0,unknown
524038,717108,10/01/2020,09/30/2021,0.0,0.0,0.0,0.0,0.0,0.0,0.0,0,0,0,0,unknown
201308,717133,10/01/2020,09/30/2021,0.0,0.0,0.0,0.0,0.0,0.0,0.0,0,0,0,0,unknown
111313,717184,10/01/2020,09/30/2021,0.0,0.0,0.0,0.0,0.0,0.0,0.0,0,0,0,0,unknown
191315,717305,10/01/2020,09/30/2021,0.0,0.0,0.0,0.0,0.0,0.0,0.0,0,0,0,0,unknown
494033,717509,03/27/2021,06/30/2021,0.0,0.0,0.0,0.0,0.0,0.0,0.0,0,0,0,0,unknown
400010,717549,10/01/2020,09/30/2021,0.0,0.0,0.0,0.0,0.0,0.0,0.0,0,0,0,0,unknown
301307,717626,10/01/2020,09/30/2021,0.0,0.0,0.0,0.0,0.0,0.0,0.0,0,0,0,0,unknown
241381,717738,01/01/2021,12/31/2021,0.0,0.0,0.0,0.0,0.0,0.0,0.0,0,0,0,0,unknown
640001,717768,10/01/2020,09/30/2021,0.0,0.0,0.0,0.0,0.0,0.0,0.0,0,0,0,0,unknown
241334,717806,01/01/2021,12/31/2021,0.0,0.0,0.0,0.0,0.0,0.0,0.0,0,0,0,0,unknown
454153,717915,04/09/2021,12/31/2021,0.0,0.0,0.0,0.0,0.0,0.0,0.0,0,0,0,0,unknown
341325,718001,01/01/2021,12/31/2021,0.0,0.0,0.0,0.0,0.0,0.0,0.0,0,0,0,0,unknown
194107,718172,10/01/2020,09/30/2021,0.0,0.0,0.0,0.0,0.0,0.0,0.0,0,0,0,0,unknown
220162,718328,10/01/2020,09/30/2021,0.0,0.0,0.0,0.0,0.0,0.0,0.0,0,0,0,0,unknown
480001,718395,10/01/2020,09/30/2021,0.0,0.0,0.0,0.0,0.0,0.0,0.0,0,0,0,0,unknown
521323,718401,01/01/2021,12/31/2021,0.0,0.0,0.0,0.0,0.0,0.0,0.0,0,0,0,0,unknown
521355,718404,01/01/2021,12/31/2021,0.0,0.0,0.0,0.0,0.0,0.0,0.0,0,0,0,0,unknown
051315,718415,01/01/2021,12/31/2021,0.0,0.0,0.0,0.0,0.0,0.0,0.0,0,0,0,0,unknown
141320,718420,01/01/2021,12/31/2021,0.0,0.0,0.0,0.0,0.0,0.0,0.0,0,0,0,0,unknown
521330,718645,01/01/2021,12/31/2021,0.0,0.0,0.0,0.0,0.0,0.0,0.0,0,0,0,0,unknown
113300,718687,01/01/2021,12/31/2021,0.0,0.0,0.0,0.0,0.0,0.0,0.0,0,0,0,0,unknown
374017,718725,01/01/2021,12/31/2021,0.0,0.0,0.0,0.0,0.0,0.0,0.0,0,0,0,0,unknown
511303,718759,01/01/2021,12/31/2021,0.0,0.0,0.0,0.0,0.0,0.0,0.0,0,0,0,0,unknown
504009,718839,01/01/2021,12/31/2021,0.0,0.0,0.0,0.0,0.0,0.0,0.0,0,0,0,0,unknown
450780,718918,01/01/2021,10/31/2021,0.0,0.0,0.0,0.0,0.0,0.0,0.0,0,0,0,0,unknown
463301,718921,01/01/2021,12/31/2021,0.0,0.0,0.0,0.0,0.0,0.0,0.0,0,0,0,0,unknown
372023,718967,10/01/2020,09/30/2021,0.0,0.0,0.0,0.0,0.0,0.0,0.0,0,0,0,0,unknown
034023,719112,10/01/2020,09/30/2021,0.0,0.0,0.0,0.0,0.0,0.0,0.0,0,0,0,0,unknown
241329,719139,01/01/2021,12/31/2021,0.0,0.0,0.0,0.0,0.0,0.0,0.0,0,0,0,0,unknown
501338,719182,01/01/2021,12/31/2021,0.0,0.0,0.0,0.0,0.0,0.0,0.0,0,0,0,0,unknown
521333,719185,01/01/2021,12/31/2021,0.0,0.0,0.0,0.0,0.0,0.0,0.0,0,0,0,0,unknown
131316,719389,01/01/2021,12/31/2021,0.0,0.0,0.0,0.0,0.0,0.0,0.0,0,0,0,0,unknown
131325,719390,01/01/2021,12/31/2021,0.0,0.0,0.0,0.0,0.0,0.0,0.0,0,0,0,0,unknown
331316,719417,01/01/2021,12/31/2021,0.0,0.0,0.0,0.0,0.0,0.0,0.0,0,0,0,0,unknown
431301,719424,01/01/2021,12/31/2021,0.0,0.0,0.0,0.0,0.0,0.0,0.0,0,0,0,0,unknown
431336,719433,01/01/2021,12/31/2021,0.0,0.0,0.0,0.0,0.0,0.0,0.0,0,0,0,0,unknown
461307,719443,01/01/2021,12/31/2021,0.0,0.0,0.0,0.0,0.0,0.0,0.0,0,0,0,0,unknown
031301,719473,01/01/2021,12/31/2021,0.0,0.0,0.0,0.0,0.0,0.0,0.0,0,0,0,0,unknown
131321,719479,01/01/2021,12/31/2021,0.0,0.0,0.0,0.0,0.0,0.0,0.0,0,0,0,0,unknown
381320,719509,01/01/2021,12/31/2021,0.0,0.0,0.0,0.0,0.0,0.0,0.0,0,0,0,0,unknown
131320,719560,01/01/2021,12/31/2021,0.0,0.0,0.0,0.0,0.0,0.0,0.0,0,0,0,0,unknown
241378,719591,01/01/2021,12/31/2021,0.0,0.0,0.0,0.0,0.0,0.0,0.0,0,0,0,0,unknown
351319,719610,01/01/2021,12/31/2021,0.0,0.0,0.0,0.0,0.0,0.0,0.0,0,0,0,0,unknown
141327,719661,01/01/2021,12/31/2021,0.0,0.0,0.0,0.0,0.0,0.0,0.0,0,0,0,0,unknown
021306,719765,01/01/2021,12/31/2021,0.0,0.0,0.0,0.0,0.0,0.0,0.0,0,0,0,0,unknown
033029,719768,01/01/2021,12/31/2021,0.0,0.0,0.0,0.0,0.0,0.0,0.0,0,0,0,0,unknown
341317,719850,01/01/2021,12/31/2021,0.0,0.0,0.0,0.0,0.0,0.0,0.0,0,0,0,0,unknown
381303,719867,01/01/2021,12/31/2021,0.0,0.0,0.0,0.0,0.0,0.0,0.0,0,0,0,0,unknown
431313,719872,01/01/2021,12/31/2021,0.0,0.0,0.0,0.0,0.0,0.0,0.0,0,0,0,0,unknown
521308,719904,01/01/2021,12/31/2021,0.0,0.0,0.0,0.0,0.0,0.0,0.0,0,0,0,0,unknown
051316,719936,01/01/2021,12/31/2021,0.0,0.0,0.0,0.0,0.0,0.0,0.0,0,0,0,0,unknown
271323,719978,01/01/2021,12/31/2021,0.0,0.0,0.0,0.0,0.0,0.0,0.0,0,0,0,0,unknown
271325,719979,01/01/2021,12/31/2021,0.0,0.0,0.0,0.0,0.0,0.0,0.0,0,0,0,0,unknown
444030,720017,01/01/2021,12/31/2021,0.0,0.0,0.0,0.0,0.0,0.0,0.0,0,0,0,0,unknown
501302,720056,01/01/2021,12/31/2021,0.0,0.0,0.0,0.0,0.0,0.0,0.0,0,0,0,0,unknown
501319,720058,01/01/2021,12/31/2021,0.0,0.0,0.0,0.0,0.0,0.0,0.0,0,0,0,0,unknown
514001,720064,01/01/2021,12/31/2021,0.0,0.0,0.0,0.0,0.0,0.0,0.0,0,0,0,0,unknown
051301,720206,01/01/2021,12/31/2021,0.0,0.0,0.0,0.0,0.0,0.0,0.0,0,0,0,0,unknown
051310,720207,01/01/2021,12/31/2021,0.0,0.0,0.0,0.0,0.0,0.0,0.0,0,0,0,0,unknown
051325,720208,01/01/2021,12/31/2021,0.0,0.0,0.0,0.0,0.0,0.0,0.0,0,0,0,0,unknown
101308,720232,01/01/2021,12/31/2021,0.0,0.0,0.0,0.0,0.0,0.0,0.0,0,0,0,0,unknown
313025,720311,01/01/2021,12/31/2021,0.0,0.0,0.0,0.0,0.0,0.0,0.0,0,0,0,0,unknown
341307,720324,10/01/2020,09/30/2021,0.0,0.0,0.0,0.0,0.0,0.0,0.0,0,0,0,0,unknown
650003,720360,01/01/2021,12/31/2021,0.0,0.0,0.0,0.0,0.0,0.0,0.0,0,0,0,0,unknown
101300,720422,01/01/2021,12/31/2021,0.0,0.0,0.0,0.0,0.0,0.0,0.0,0,0,0,0,unknown
103046,720428,01/01/2021,12/31/2021,0.0,0.0,0.0,0.0,0.0,0.0,0.0,0,0,0,0,unknown
331318,720479,01/01/2021,12/31/2021,0.0,0.0,0.0,0.0,0.0,0.0,0.0,0,0,0,0,unknown
363304,720487,01/01/2021,12/31/2021,0.0,0.0,0.0,0.0,0.0,0.0,0.0,0,0,0,0,unknown
013300,720559,01/01/2021,12/31/2021,0.0,0.0,0.0,0.0,0.0,0.0,0.0,0,0,0,0,unknown
021301,720561,01/01/2021,12/31/2021,0.0,0.0,0.0,0.0,0.0,0.0,0.0,0,0,0,0,unknown
031302,720572,07/01/2021,12/31/2021,0.0,0.0,0.0,0.0,0.0,0.0,0.0,0,0,0,0,unknown
031314,720573,01/01/2021,12/31/2021,0.0,0.0,0.0,0.0,0.0,0.0,0.0,0,0,0,0,unknown
033302,720574,01/01/2021,12/31/2021,0.0,0.0,0.0,0.0,0.0,0.0,0.0,0,0,0,0,unknown
051329,720635,01/01/2021,12/31/2021,0.0,0.0,0.0,0.0,0.0,0.0,0.0,0,0,0,0,unknown
052055,720636,01/01/2021,12/31/2021,0.0,0.0,0.0,0.0,0.0,0.0,0.0,0,0,0,0,unknown
121305,720649,01/01/2021,12/31/2021,0.0,0.0,0.0,0.0,0.0,0.0,0.0,0,0,0,0,unknown
131327,720655,01/01/2021,12/31/2021,0.0,0.0,0.0,0.0,0.0,0.0,0.0,0,0,0,0,unknown
141316,720658,01/01/2021,12/31/2021,0.0,0.0,0.0,0.0,0.0,0.0,0.0,0,0,0,0,unknown
271321,720679,01/01/2021,12/31/2021,0.0,0.0,0.0,0.0,0.0,0.0,0.0,0,0,0,0,unknown
271343,720680,01/01/2021,12/31/2021,0.0,0.0,0.0,0.0,0.0,0.0,0.0,0,0,0,0,unknown
271347,720681,01/01/2021,12/31/2021,0.0,0.0,0.0,0.0,0.0,0.0,0.0,0,0,0,0,unknown
363308,720706,01/01/2021,12/31/2021,0.0,0.0,0.0,0.0,0.0,0.0,0.0,0,0,0,0,unknown
461308,720731,01/01/2021,12/31/2021,0.0,0.0,0.0,0.0,0.0,0.0,0.0,0,0,0,0,unknown
461309,720732,01/01/2021,12/31/2021,0.0,0.0,0.0,0.0,0.0,0.0,0.0,0,0,0,0,unknown
501308,720737,01/01/2021,12/31/2021,0.0,0.0,0.0,0.0,0.0,0.0,0.0,0,0,0,0,unknown
501316,720739,01/01/2021,12/31/2021,0.0,0.0,0.0,0.0,0.0,0.0,0.0,0,0,0,0,unknown
501323,720741,01/01/2021,12/31/2021,0.0,0.0,0.0,0.0,0.0,0.0,0.0,0,0,0,0,unknown
501326,720742,01/01/2021,12/31/2021,0.0,0.0,0.0,0.0,0.0,0.0,0.0,0,0,0,0,unknown
504015,720747,01/01/2021,12/31/2021,0.0,0.0,0.0,0.0,0.0,0.0,0.0,0,0,0,0,unknown
051990,720933,01/01/2021,12/31/2021,0.0,0.0,0.0,0.0,0.0,0.0,0.0,0,0,0,0,unknown
271307,721023,01/01/2021,12/31/2021,0.0,0.0,0.0,0.0,0.0,0.0,0.0,0,0,0,0,unknown
381313,721053,01/01/2021,12/31/2021,0.0,0.0,0.0,0.0,0.0,0.0,0.0,0,0,0,0,unknown
381317,721054,01/01/2021,12/31/2021,0.0,0.0,0.0,0.0,0.0,0.0,0.0,0,0,0,0,unknown
431319,721062,01/01/2021,12/31/2021,0.0,0.0,0.0,0.0,0.0,0.0,0.0,0,0,0,0,unknown
501310,721087,01/01/2021,12/31/2021,0.0,0.0,0.0,0.0,0.0,0.0,0.0,0,0,0,0,unknown
501314,721089,01/01/2021,12/31/2021,0.0,0.0,0.0,0.0,0.0,0.0,0.0,0,0,0,0,unknown
501320,721091,01/01/2021,12/31/2021,0.0,0.0,0.0,0.0,0.0,0.0,0.0,0,0,0,0,unknown
501325,721093,01/01/2021,12/31/2021,0.0,0.0,0.0,0.0,0.0,0.0,0.0,0,0,0,0,unknown
501327,721094,01/01/2021,12/31/2021,0.0,0.0,0.0,0.0,0.0,0.0,0.0,0,0,0,0,unknown
501336,721097,01/01/2021,12/31/2021,0.0,0.0,0.0,0.0,0.0,0.0,0.0,0,0,0,0,unknown
344029,721148,01/01/2021,12/31/2021,0.0,0.0,0.0,0.0,0.0,0.0,0.0,0,0,0,0,unknown
400134,721156,01/01/2021,12/31/2021,0.0,0.0,0.0,0.0,0.0,0.0,0.0,0,0,0,0,unknown
443037,721164,07/23/2021,12/31/2021,0.0,0.0,0.0,0.0,0.0,0.0,0.0,0,0,0,0,unknown
263304,721234,01/01/2021,12/31/2021,0.0,0.0,0.0,0.0,0.0,0.0,0.0,0,0,0,0,unknown
374012,721381,01/01/2021,12/31/2021,0.0,0.0,0.0,0.0,0.0,0.0,0.0,0,0,0,0,unknown
014018,721446,01/01/2021,12/31/2021,0.0,0.0,0.0,0.0,0.0,0.0,0.0,0,0,0,0,unknown
444005,721495,01/01/2021,12/31/2021,0.0,0.0,0.0,0.0,0.0,0.0,0.0,0,0,0,0,unknown
444019,721496,01/01/2021,12/31/2021,0.0,0.0,0.0,0.0,0.0,0.0,0.0,0,0,0,0,unknown
444021,721497,01/01/2021,12/31/2021,0.0,0.0,0.0,0.0,0.0,0.0,0.0,0,0,0,0,unknown
444024,721498,01/01/2021,12/31/2021,0.0,0.0,0.0,0.0,0.0,0.0,0.0,0,0,0,0,unknown
494032,721503,01/01/2021,12/31/2021,0.0,0.0,0.0,0.0,0.0,0.0,0.0,0,0,0,0,unknown
374021,721563,01/01/2021,12/31/2021,0.0,0.0,0.0,0.0,0.0,0.0,0.0,0,0,0,0,unknown
014006,721575,01/01/2021,12/31/2021,0.0,0.0,0.0,0.0,0.0,0.0,0.0,0,0,0,0,unknown
053308,721591,04/01/2021,08/31/2021,0.0,0.0,0.0,0.0,0.0,0.0,0.0,0,0,0,0,unknown
423300,721622,01/01/2021,12/31/2021,0.0,0.0,0.0,0.0,0.0,0.0,0.0,0,0,0,0,unknown
461302,721635,01/01/2021,12/31/2021,0.0,0.0,0.0,0.0,0.0,0.0,0.0,0,0,0,0,unknown
184014,721690,01/01/2021,12/31/2021,0.0,0.0,0.0,0.0,0.0,0.0,0.0,0,0,0,0,unknown
194083,721694,01/01/2021,12/31/2021,0.0,0.0,0.0,0.0,0.0,0.0,0.0,0,0,0,0,unknown
254007,721701,01/01/2021,12/31/2021,0.0,0.0,0.0,0.0,0.0,0.0,0.0,0,0,0,0,unknown
364065,721721,07/13/2021,12/31/2021,0.0,0.0,0.0,0.0,0.0,0.0,0.0,0,0,0,0,unknown
394057,721725,01/01/2021,12/31/2021,0.0,0.0,0.0,0.0,0.0,0.0,0.0,0,0,0,0,unknown
381318,721816,01/01/2021,12/31/2021,0.0,0.0,0.0,0.0,0.0,0.0,0.0,0,0,0,0,unknown
394050,721920,01/01/2021,12/31/2021,0.0,0.0,0.0,0.0,0.0,0.0,0.0,0,0,0,0,unknown
464014,721928,01/01/2021,12/31/2021,0.0,0.0,0.0,0.0,0.0,0.0,0.0,0,0,0,0,unknown
501313,721933,01/01/2021,12/31/2021,0.0,0.0,0.0,0.0,0.0,0.0,0.0,0,0,0,0,unknown
110113,722102,06/01/2021,06/21/2021,0.0,0.0,0.0,0.0,0.0,0.0,0.0,0,0,0,0,unknown
393309,722151,01/01/2021,12/31/2021,0.0,0.0,0.0,0.0,0.0,0.0,0.0,0,0,0,0,unknown
024001,722164,01/01/2021,12/31/2021,0.0,0.0,0.0,0.0,0.0,0.0,0.0,0,0,0,0,unknown
184017,722179,01/01/2021,12/31/2021,0.0,0.0,0.0,0.0,0.0,0.0,0.0,0,0,0,0,unknown
193301,722183,01/01/2021,12/31/2021,0.0,0.0,0.0,0.0,0.0,0.0,0.0,0,0,0,0,unknown
054032,722221,02/01/2021,01/31/2022,0.0,0.0,0.0,0.0,0.0,0.0,0.0,0,0,0,0,unknown
184008,722239,01/01/2021,12/31/2021,0.0,0.0,0.0,0.0,0.0,0.0,0.0,0,0,0,0,unknown
224044,722300,01/01/2021,12/31/2021,0.0,0.0,0.0,0.0,0.0,0.0,0.0,0,0,0,0,unknown
453311,722332,01/01/2021,12/31/2021,0.0,0.0,0.0,0.0,0.0,0.0,0.0,0,0,0,0,unknown
464012,722334,01/01/2021,12/31/2021,0.0,0.0,0.0,0.0,0.0,0.0,0.0,0,0,0,0,unknown
670314,722408,08/12/2021,12/31/2021,0.0,0.0,0.0,0.0,0.0,0.0,0.0,0,0,0,0,unknown
290042,722438,01/01/2021,12/31/2021,0.0,0.0,0.0,0.0,0.0,0.0,0.0,0,0,0,0,unknown
670136,722480,01/01/2021,12/31/2021,0.0,0.0,0.0,0.0,0.0,0.0,0.0,0,0,0,0,unknown
361991,722504,01/01/2021,12/31/2021,0.0,0.0,0.0,0.0,0.0,0.0,0.0,0,0,0,0,unknown
154041,722527,01/01/2021,12/31/2021,0.0,0.0,0.0,0.0,0.0,0.0,0.0,0,0,0,0,unknown
244018,722574,01/01/2021,12/31/2021,0.0,0.0,0.0,0.0,0.0,0.0,0.0,0,0,0,0,unknown
320058,722577,10/01/2020,09/30/2021,0.0,0.0,0.0,0.0,0.0,0.0,0.0,0,0,0,0,unknown
453309,722596,01/01/2021,12/31/2021,0.0,0.0,0.0,0.0,0.0,0.0,0.0,0,0,0,0,unknown
454128,722597,01/01/2021,12/31/2021,0.0,0.0,0.0,0.0,0.0,0.0,0.0,0,0,0,0,unknown
143302,722664,01/01/2021,12/31/2021,0.0,0.0,0.0,0.0,0.0,0.0,0.0,0,0,0,0,unknown
154005,722665,01/01/2021,12/31/2021,0.0,0.0,0.0,0.0,0.0,0.0,0.0,0,0,0,0,unknown
194116,722668,02/19/2021,12/31/2021,0.0,0.0,0.0,0.0,0.0,0.0,0.0,0,0,0,0,unknown
044019,722712,01/01/2021,12/31/2021,0.0,0.0,0.0,0.0,0.0,0.0,0.0,0,0,0,0,unknown
143029,722719,08/22/2021,12/31/2021,0.0,0.0,0.0,0.0,0.0,0.0,0.0,0,0,0,0,unknown
144029,722720,01/01/2021,12/31/2021,0.0,0.0,0.0,0.0,0.0,0.0,0.0,0,0,0,0,unknown
224038,722724,01/01/2021,12/31/2021,0.0,0.0,0.0,0.0,0.0,0.0,0.0,0,0,0,0,unknown
244016,722726,01/01/2021,12/31/2021,0.0,0.0,0.0,0.0,0.0,0.0,0.0,0,0,0,0,unknown
164006,722799,01/01/2021,12/31/2021,0.0,0.0,0.0,0.0,0.0,0.0,0.0,0,0,0,0,unknown
251322,722811,01/01/2021,12/31/2021,0.0,0.0,0.0,0.0,0.0,0.0,0.0,0,0,0,0,unknown
054154,722855,01/01/2021,12/31/2021,0.0,0.0,0.0,0.0,0.0,0.0,0.0,0,0,0,0,unknown
351326,722889,01/01/2021,12/31/2021,0.0,0.0,0.0,0.0,0.0,0.0,0.0,0,0,0,0,unknown
452111,722912,12/01/2020,11/30/2021,0.0,0.0,0.0,0.0,0.0,0.0,0.0,0,0,0,0,unknown
511309,723181,01/01/2021,12/31/2021,0.0,0.0,0.0,0.0,0.0,0.0,0.0,0,0,0,0,unknown
511311,723182,01/01/2021,12/31/2021,0.0,0.0,0.0,0.0,0.0,0.0,0.0,0,0,0,0,unknown
324010,723246,01/01/2021,12/31/2021,0.0,0.0,0.0,0.0,0.0,0.0,0.0,0,0,0,0,unknown
364050,723342,01/01/2021,12/31/2021,0.0,0.0,0.0,0.0,0.0,0.0,0.0,0,0,0,0,unknown
250163,723406,01/01/2021,12/31/2021,0.0,0.0,0.0,0.0,0.0,0.0,0.0,0,0,0,0,unknown
194117,723470,07/16/2021,12/31/2021,0.0,0.0,0.0,0.0,0.0,0.0,0.0,0,0,0,0,unknown
264024,723476,01/01/2021,12/31/2021,0.0,0.0,0.0,0.0,0.0,0.0,0.0,0,0,0,0,unknown
491305,723503,01/01/2021,12/31/2021,0.0,0.0,0.0,0.0,0.0,0.0,0.0,0,0,0,0,unknown
491307,723504,01/01/2021,12/31/2021,0.0,0.0,0.0,0.0,0.0,0.0,0.0,0,0,0,0,unknown
403025,723559,01/01/2021,12/31/2021,0.0,0.0,0.0,0.0,0.0,0.0,0.0,0,0,0,0,unknown
454154,723575,03/16/2021,12/31/2021,0.0,0.0,0.0,0.0,0.0,0.0,0.0,0,0,0,0,unknown
053311,723587,01/01/2021,12/31/2021,0.0,0.0,0.0,0.0,0.0,0.0,0.0,0,0,0,0,unknown
112000,723596,01/01/2021,12/31/2021,0.0,0.0,0.0,0.0,0.0,0.0,0.0,0,0,0,0,unknown
524025,723639,01/01/2021,12/31/2021,0.0,0.0,0.0,0.0,0.0,0.0,0.0,0,0,0,0,unknown
524026,723640,01/01/2021,12/31/2021,0.0,0.0,0.0,0.0,0.0,0.0,0.0,0,0,0,0,unknown
074014,723646,03/01/2021,12/31/2021,0.0,0.0,0.0,0.0,0.0,0.0,0.0,0,0,0,0,unknown
174025,723661,07/07/2021,12/31/2021,0.0,0.0,0.0,0.0,0.0,0.0,0.0,0,0,0,0,unknown
304001,723680,01/01/2021,12/31/2021,0.0,0.0,0.0,0.0,0.0,0.0,0.0,0,0,0,0,unknown
454146,723709,01/01/2021,12/31/2021,0.0,0.0,0.0,0.0,0.0,0.0,0.0,0,0,0,0,unknown
524019,723713,01/01/2021,12/31/2021,0.0,0.0,0.0,0.0,0.0,0.0,0.0,0,0,0,0,unknown
064009,723729,01/01/2021,12/31/2021,0.0,0.0,0.0,0.0,0.0,0.0,0.0,0,0,0,0,unknown
320070,723749,10/01/2020,09/30/2021,0.0,0.0,0.0,0.0,0.0,0.0,0.0,0,0,0,0,unknown
054131,723776,01/01/2021,12/31/2021,0.0,0.0,0.0,0.0,0.0,0.0,0.0,0,0,0,0,unknown
123301,723782,01/01/2021,12/31/2021,0.0,0.0,0.0,0.0,0.0,0.0,0.0,0,0,0,0,unknown
362016,723794,03/01/2021,02/28/2022,0.0,0.0,0.0,0.0,0.0,0.0,0.0,0,0,0,0,unknown
223303,723808,01/01/2021,12/31/2021,0.0,0.0,0.0,0.0,0.0,0.0,0.0,0,0,0,0,unknown
223304,723809,01/01/2021,12/31/2021,0.0,0.0,0.0,0.0,0.0,0.0,0.0,0,0,0,0,unknown
333301,723870,01/01/2021,12/31/2021,0.0,0.0,0.0,0.0,0.0,0.0,0.0,0,0,0,0,unknown
224043,723928,01/01/2021,12/31/2021,0.0,0.0,0.0,0.0,0.0,0.0,0.0,0,0,0,0,unknown
294014,723935,01/01/2021,12/31/2021,0.0,0.0,0.0,0.0,0.0,0.0,0.0,0,0,0,0,unknown
524014,723978,01/01/2021,12/31/2021,0.0,0.0,0.0,0.0,0.0,0.0,0.0,0,0,0,0,unknown
034004,723983,01/01/2021,12/31/2021,0.0,0.0,0.0,0.0,0.0,0.0,0.0,0,0,0,0,unknown
103048,723986,09/23/2021,12/31/2021,0.0,0.0,0.0,0.0,0.0,0.0,0.0,0,0,0,0,unknown
521316,724062,01/01/2021,12/31/2021,0.0,0.0,0.0,0.0,0.0,0.0,0.0,0,0,0,0,unknown
141345,724079,04/01/2021,03/31/2022,0.0,0.0,0.0,0.0,0.0,0.0,0.0,0,0,0,0,unknown
174023,724147,01/01/2021,12/31/2021,0.0,0.0,0.0,0.0,0.0,0.0,0.0,0,0,0,0,unknown
154057,724246,01/01/2021,12/31/2021,0.0,0.0,0.0,0.0,0.0,0.0,0.0,0,0,0,0,unknown
154060,724247,01/01/2021,12/31/2021,0.0,0.0,0.0,0.0,0.0,0.0,0.0,0,0,0,0,unknown
034029,724303,01/01/2021,12/31/2021,0.0,0.0,0.0,0.0,0.0,0.0,0.0,0,0,0,0,unknown
104079,724412,01/01/2021,12/31/2021,0.0,0.0,0.0,0.0,0.0,0.0,0.0,0,0,0,0,unknown
154067,724419,03/24/2021,12/31/2021,0.0,0.0,0.0,0.0,0.0,0.0,0.0,0,0,0,0,unknown
330405,724441,04/01/2021,03/31/2022,0.0,0.0,0.0,0.0,0.0,0.0,0.0,0,0,0,0,unknown
494023,724500,02/01/2021,01/31/2022,0.0,0.0,0.0,0.0,0.0,0.0,0.0,0,0,0,0,unknown
713027,724513,05/01/2021,12/31/2021,0.0,0.0,0.0,0.0,0.0,0.0,0.0,0,0,0,0,unknown
174024,724534,01/01/2021,12/31/2021,0.0,0.0,0.0,0.0,0.0,0.0,0.0,0,0,0,0,unknown
334022,724546,01/01/2021,12/31/2021,0.0,0.0,0.0,0.0,0.0,0.0,0.0,0,0,0,0,unknown
034028,724586,01/01/2021,12/31/2021,0.0,0.0,0.0,0.0,0.0,0.0,0.0,0,0,0,0,unknown
383300,724666,01/01/2021,12/31/2021,0.0,0.0,0.0,0.0,0.0,0.0,0.0,0,0,0,0,unknown
503302,724706,01/01/2021,12/31/2021,0.0,0.0,0.0,0.0,0.0,0.0,0.0,0,0,0,0,unknown
044006,724716,01/01/2021,12/31/2021,0.0,0.0,0.0,0.0,0.0,0.0,0.0,0,0,0,0,unknown
154054,724729,01/01/2021,12/31/2021,0.0,0.0,0.0,0.0,0.0,0.0,0.0,0,0,0,0,unknown
194112,724736,01/01/2021,12/31/2021,0.0,0.0,0.0,0.0,0.0,0.0,0.0,0,0,0,0,unknown
064029,724779,07/21/2021,12/31/2021,0.0,0.0,0.0,0.0,0.0,0.0,0.0,0,0,0,0,unknown
194090,724802,01/01/2021,12/31/2021,0.0,0.0,0.0,0.0,0.0,0.0,0.0,0,0,0,0,unknown
241367,724807,07/01/2021,12/31/2021,0.0,0.0,0.0,0.0,0.0,0.0,0.0,0,0,0,0,unknown
324013,724812,01/01/2021,12/31/2021,0.0,0.0,0.0,0.0,0.0,0.0,0.0,0,0,0,0,unknown
034024,724903,01/01/2021,12/31/2021,0.0,0.0,0.0,0.0,0.0,0.0,0.0,0,0,0,0,unknown
054148,724906,01/01/2021,12/31/2021,0.0,0.0,0.0,0.0,0.0,0.0,0.0,0,0,0,0,unknown
454124,724951,01/01/2021,12/31/2021,0.0,0.0,0.0,0.0,0.0,0.0,0.0,0,0,0,0,unknown
371326,725021,04/01/2021,03/31/2022,0.0,0.0,0.0,0.0,0.0,0.0,0.0,0,0,0,0,unknown
040132,725088,01/01/2021,12/31/2021,0.0,0.0,0.0,0.0,0.0,0.0,0.0,0,0,0,0,unknown
334002,725133,01/01/2021,12/31/2021,0.0,0.0,0.0,0.0,0.0,0.0,0.0,0,0,0,0,unknown
034032,725379,01/01/2021,12/31/2021,0.0,0.0,0.0,0.0,0.0,0.0,0.0,0,0,0,0,unknown
124001,725411,01/01/2021,12/31/2021,0.0,0.0,0.0,0.0,0.0,0.0,0.0,0,0,0,0,unknown
141343,725414,05/01/2021,04/30/2022,0.0,0.0,0.0,0.0,0.0,0.0,0.0,0,0,0,0,unknown
171354,725417,04/01/2021,03/31/2022,0.0,0.0,0.0,0.0,0.0,0.0,0.0,0,0,0,0,unknown
194007,725429,01/01/2021,12/31/2021,0.0,0.0,0.0,0.0,0.0,0.0,0.0,0,0,0,0,unknown
291314,725447,04/01/2021,03/31/2022,0.0,0.0,0.0,0.0,0.0,0.0,0.0,0,0,0,0,unknown
440235,725519,01/01/2021,06/29/2021,0.0,0.0,0.0,0.0,0.0,0.0,0.0,0,0,0,0,unknown
054104,725575,02/01/2021,01/31/2022,0.0,0.0,0.0,0.0,0.0,0.0,0.0,0,0,0,0,unknown
054150,725576,01/01/2021,12/31/2021,0.0,0.0,0.0,0.0,0.0,0.0,0.0,0,0,0,0,unknown
334049,725712,01/01/2021,12/31/2021,0.0,0.0,0.0,0.0,0.0,0.0,0.0,0,0,0,0,unknown
381321,725728,05/01/2021,04/30/2022,0.0,0.0,0.0,0.0,0.0,0.0,0.0,0,0,0,0,unknown
164007,725773,05/12/2021,03/31/2022,0.0,0.0,0.0,0.0,0.0,0.0,0.0,0,0,0,0,unknown
320057,725899,10/01/2020,09/30/2021,0.0,0.0,0.0,0.0,0.0,0.0,0.0,0,0,0,0,unknown
371334,725907,05/01/2021,04/30/2022,0.0,0.0,0.0,0.0,0.0,0.0,0.0,0,0,0,0,unknown
670093,725945,01/01/2021,12/31/2021,0.0,0.0,0.0,0.0,0.0,0.0,0.0,0,0,0,0,unknown
254011,726248,04/01/2021,03/31/2022,0.0,0.0,0.0,0.0,0.0,0.0,0.0,0,0,0,0,unknown
351330,726263,04/01/2021,03/31/2022,0.0,0.0,0.0,0.0,0.0,0.0,0.0,0,0,0,0,unknown
493300,726306,06/01/2021,05/31/2022,0.0,0.0,0.0,0.0,0.0,0.0,0.0,0,0,0,0,unknown
251330,726386,05/01/2021,04/30/2022,0.0,0.0,0.0,0.0,0.0,0.0,0.0,0,0,0,0,unknown
034034,726442,01/01/2021,12/31/2021,0.0,0.0,0.0,0.0,0.0,0.0,0.0,0,0,0,0,unknown
392036,726471,04/01/2021,03/31/2022,0.0,0.0,0.0,0.0,0.0,0.0,0.0,0,0,0,0,unknown
364038,726520,05/01/2021,04/30/2022,0.0,0.0,0.0,0.0,0.0,0.0,0.0,0,0,0,0,unknown
464007,726621,07/01/2021,06/30/2022,0.0,0.0,0.0,0.0,0.0,0.0,0.0,0,0,0,0,unknown
241353,726695,04/01/2021,03/31/2022,0.0,0.0,0.0,0.0,0.0,0.0,0.0,0,0,0,0,unknown
044013,726735,06/01/2021,05/31/2022,0.0,0.0,0.0,0.0,0.0,0.0,0.0,0,0,0,0,unknown
144039,726747,07/01/2021,06/30/2022,0.0,0.0,0.0,0.0,0.0,0.0,0.0,0,0,0,0,unknown
403026,726764,06/01/2021,05/31/2022,0.0,0.0,0.0,0.0,0.0,0.0,0.0,0,0,0,0,unknown
194118,726816,08/20/2021,12/31/2021,0.0,0.0,0.0,0.0,0.0,0.0,0.0,0,0,0,0,unknown
014000,726945,07/01/2021,06/30/2022,0.0,0.0,0.0,0.0,0.0,0.0,0.0,0,0,0,0,unknown
014013,726946,07/01/2021,06/30/2022,0.0,0.0,0.0,0.0,0.0,0.0,0.0,0,0,0,0,unknown
224046,726976,09/07/2021,12/31/2021,0.0,0.0,0.0,0.0,0.0,0.0,0.0,0,0,0,0,unknown
241306,726978,01/01/2021,12/31/2021,0.0,0.0,0.0,0.0,0.0,0.0,0.0,0,0,0,0,unknown
521348,727036,10/01/2020,09/30/2021,0.0,0.0,0.0,0.0,0.0,0.0,0.0,0,0,0,0,unknown
133027,727051,06/01/2021,05/31/2022,0.0,0.0,0.0,0.0,0.0,0.0,0.0,0,0,0,0,unknown
190241,727292,01/01/2021,12/31/2021,0.0,0.0,0.0,0.0,0.0,0.0,0.0,0,0,0,0,unknown
330354,727351,04/01/2021,03/31/2022,0.0,0.0,0.0,0.0,0.0,0.0,0.0,0,0,0,0,unknown
424013,727461,07/01/2021,06/30/2022,0.0,0.0,0.0,0.0,0.0,0.0,0.0,0,0,0,0,unknown
100079,727645,06/01/2021,05/31/2022,0.0,0.0,0.0,0.0,0.0,0.0,0.0,0,0,0,0,unknown
034036,727781,01/01/2021,12/31/2021,0.0,0.0,0.0,0.0,0.0,0.0,0.0,0,0,0,0,unknown
373300,728337,07/01/2021,06/30/2022,0.0,0.0,0.0,0.0,0.0,0.0,0.0,0,0,0,0,unknown
051306,728775,07/01/2021,12/31/2021,0.0,0.0,0.0,0.0,0.0,0.0,0.0,0,0,0,0,unknown
334065,729673,04/01/2021,03/31/2022,0.0,0.0,0.0,0.0,0.0,0.0,0.0,0,0,0,0,unknown
492007,729843,06/01/2021,05/31/2022,0.0,0.0,0.0,0.0,0.0,0.0,0.0,0,0,0,0,unknown
350064,730261,10/01/2020,10/28/2021,0.0,0.0,0.0,0.0,0.0,0.0,0.0,0,0,0,0,unknown
431335,730307,07/01/2021,06/30/2022,0.0,0.0,0.0,0.0,0.0,0.0,0.0,0,0,0,0,unknown
501333,730315,01/01/2021,12/31/2021,0.0,0.0,0.0,0.0,0.0,0.0,0.0,0,0,0,0,unknown
031312,730420,07/01/2021,06/30/2022,0.0,0.0,0.0,0.0,0.0,0.0,0.0,0,0,0,0,unknown
051303,730425,07/01/2021,06/30/2022,0.0,0.0,0.0,0.0,0.0,0.0,0.0,0,0,0,0,unknown
111305,730438,07/01/2021,06/30/2022,0.0,0.0,0.0,0.0,0.0,0.0,0.0,0,0,0,0,unknown
403027,730462,01/01/2021,12/31/2021,0.0,0.0,0.0,0.0,0.0,0.0,0.0,0,0,0,0,unknown
452018,730607,04/01/2021,03/31/2022,0.0,0.0,0.0,0.0,0.0,0.0,0.0,0,0,0,0,unknown
031317,730621,10/01/2020,09/30/2021,0.0,0.0,0.0,0.0,0.0,0.0,0.0,0,0,0,0,unknown
051305,730626,07/01/2021,06/30/2022,0.0,0.0,0.0,0.0,0.0,0.0,0.0,0,0,0,0,unknown
052057,730694,04/01/2021,03/31/2022,0.0,0.0,0.0,0.0,0.0,0.0,0.0,0,0,0,0,unknown
301311,730835,07/01/2021,06/30/2022,0.0,0.0,0.0,0.0,0.0,0.0,0.0,0,0,0,0,unknown
344025,730843,07/01/2021,06/30/2022,0.0,0.0,0.0,0.0,0.0,0.0,0.0,0,0,0,0,unknown
241359,731001,07/01/2021,06/30/2022,0.0,0.0,0.0,0.0,0.0,0.0,0.0,0,0,0,0,unknown
264031,731004,01/01/2021,12/31/2021,0.0,0.0,0.0,0.0,0.0,0.0,0.0,0,0,0,0,unknown
443302,731025,07/01/2021,06/30/2022,0.0,0.0,0.0,0.0,0.0,0.0,0.0,0,0,0,0,unknown
053302,731056,07/01/2021,06/30/2022,0.0,0.0,0.0,0.0,0.0,0.0,0.0,0,0,0,0,unknown
100271,731068,07/01/2021,06/30/2022,0.0,0.0,0.0,0.0,0.0,0.0,0.0,0,0,0,0,unknown
271305,731091,07/01/2021,06/30/2022,0.0,0.0,0.0,0.0,0.0,0.0,0.0,0,0,0,0,unknown
271317,731093,07/01/2021,06/30/2022,0.0,0.0,0.0,0.0,0.0,0.0,0.0,0,0,0,0,unknown
381306,731106,07/01/2021,06/30/2022,0.0,0.0,0.0,0.0,0.0,0.0,0.0,0,0,0,0,unknown
381312,731107,07/01/2021,06/30/2022,0.0,0.0,0.0,0.0,0.0,0.0,0.0,0,0,0,0,unknown
431338,731117,07/01/2021,06/30/2022,0.0,0.0,0.0,0.0,0.0,0.0,0.0,0,0,0,0,unknown
511312,731137,07/01/2021,06/30/2022,0.0,0.0,0.0,0.0,0.0,0.0,0.0,0,0,0,0,unknown
051318,731144,07/01/2021,06/30/2022,0.0,0.0,0.0,0.0,0.0,0.0,0.0,0,0,0,0,unknown
334064,731167,04/01/2021,03/31/2022,0.0,0.0,0.0,0.0,0.0,0.0,0.0,0,0,0,0,unknown
341311,731171,07/01/2021,06/30/2022,0.0,0.0,0.0,0.0,0.0,0.0,0.0,0,0,0,0,unknown
291300,731428,07/01/2021,06/30/2022,0.0,0.0,0.0,0.0,0.0,0.0,0.0,0,0,0,0,unknown
344004,731443,07/01/2021,06/30/2022,0.0,0.0,0.0,0.0,0.0,0.0,0.0,0,0,0,0,unknown
511307,731513,07/01/2021,06/30/2022,0.0,0.0,0.0,0.0,0.0,0.0,0.0,0,0,0,0,unknown
511313,731514,07/01/2021,06/30/2022,0.0,0.0,0.0,0.0,0.0,0.0,0.0,0,0,0,0,unknown
511316,731515,07/01/2021,06/30/2022,0.0,0.0,0.0,0.0,0.0,0.0,0.0,0,0,0,0,unknown
531302,731519,07/01/2021,06/30/2022,0.0,0.0,0.0,0.0,0.0,0.0,0.0,0,0,0,0,unknown
201306,731657,07/01/2021,06/30/2022,0.0,0.0,0.0,0.0,0.0,0.0,0.0,0,0,0,0,unknown
201310,731658,07/01/2021,06/30/2022,0.0,0.0,0.0,0.0,0.0,0.0,0.0,0,0,0,0,unknown
271330,731674,07/01/2021,06/30/2022,0.0,0.0,0.0,0.0,0.0,0.0,0.0,0,0,0,0,unknown
301304,731684,07/01/2021,06/30/2022,0.0,0.0,0.0,0.0,0.0,0.0,0.0,0,0,0,0,unknown
344026,731701,07/01/2021,06/30/2022,0.0,0.0,0.0,0.0,0.0,0.0,0.0,0,0,0,0,unknown
381304,731724,07/01/2021,06/30/2022,0.0,0.0,0.0,0.0,0.0,0.0,0.0,0,0,0,0,unknown
443303,731747,07/01/2021,06/30/2022,0.0,0.0,0.0,0.0,0.0,0.0,0.0,0,0,0,0,unknown
531304,731780,07/01/2021,06/30/2022,0.0,0.0,0.0,0.0,0.0,0.0,0.0,0,0,0,0,unknown
531315,731781,07/01/2021,06/30/2022,0.0,0.0,0.0,0.0,0.0,0.0,0.0,0,0,0,0,unknown
051312,731799,07/01/2021,06/30/2022,0.0,0.0,0.0,0.0,0.0,0.0,0.0,0,0,0,0,unknown
291308,731875,07/01/2021,06/30/2022,0.0,0.0,0.0,0.0,0.0,0.0,0.0,0,0,0,0,unknown
361325,731924,07/01/2021,06/30/2022,0.0,0.0,0.0,0.0,0.0,0.0,0.0,0,0,0,0,unknown
381322,731946,07/01/2021,06/30/2022,0.0,0.0,0.0,0.0,0.0,0.0,0.0,0,0,0,0,unknown
051330,732001,07/01/2021,06/30/2022,0.0,0.0,0.0,0.0,0.0,0.0,0.0,0,0,0,0,unknown
051335,732002,07/01/2021,06/30/2022,0.0,0.0,0.0,0.0,0.0,0.0,0.0,0,0,0,0,unknown
271311,732283,07/01/2021,06/30/2022,0.0,0.0,0.0,0.0,0.0,0.0,0.0,0,0,0,0,unknown
271313,732284,07/01/2021,06/30/2022,0.0,0.0,0.0,0.0,0.0,0.0,0.0,0,0,0,0,unknown
271316,732285,07/01/2021,06/30/2022,0.0,0.0,0.0,0.0,0.0,0.0,0.0,0,0,0,0,unknown
351320,732340,07/01/2021,06/30/2022,0.0,0.0,0.0,0.0,0.0,0.0,0.0,0,0,0,0,unknown
354003,732341,07/01/2021,06/30/2022,0.0,0.0,0.0,0.0,0.0,0.0,0.0,0,0,0,0,unknown
381325,732366,07/01/2021,06/30/2022,0.0,0.0,0.0,0.0,0.0,0.0,0.0,0,0,0,0,unknown
501337,732426,07/01/2021,06/30/2022,0.0,0.0,0.0,0.0,0.0,0.0,0.0,0,0,0,0,unknown
521358,732453,07/01/2021,06/30/2022,0.0,0.0,0.0,0.0,0.0,0.0,0.0,0,0,0,0,unknown
053303,732478,07/01/2021,06/30/2022,0.0,0.0,0.0,0.0,0.0,0.0,0.0,0,0,0,0,unknown
161339,732507,07/01/2021,06/30/2022,0.0,0.0,0.0,0.0,0.0,0.0,0.0,0,0,0,0,unknown
241350,732531,07/01/2021,06/30/2022,0.0,0.0,0.0,0.0,0.0,0.0,0.0,0,0,0,0,unknown
271318,732537,07/01/2021,06/30/2022,0.0,0.0,0.0,0.0,0.0,0.0,0.0,0,0,0,0,unknown
291312,732538,07/01/2021,06/30/2022,0.0,0.0,0.0,0.0,0.0,0.0,0.0,0,0,0,0,unknown
241362,732707,07/01/2021,06/30/2022,0.0,0.0,0.0,0.0,0.0,0.0,0.0,0,0,0,0,unknown
500138,732797,07/01/2021,06/30/2022,0.0,0.0,0.0,0.0,0.0,0.0,0.0,0,0,0,0,unknown
213301,733064,07/01/2021,06/30/2022,0.0,0.0,0.0,0.0,0.0,0.0,0.0,0,0,0,0,unknown
271300,733072,07/01/2021,06/30/2022,0.0,0.0,0.0,0.0,0.0,0.0,0.0,0,0,0,0,unknown
334066,733347,04/01/2021,03/31/2022,0.0,0.0,0.0,0.0,0.0,0.0,0.0,0,0,0,0,unknown
264020,733535,07/01/2021,06/30/2022,0.0,0.0,0.0,0.0,0.0,0.0,0.0,0,0,0,0,unknown
201314,733744,07/01/2021,06/30/2022,0.0,0.0,0.0,0.0,0.0,0.0,0.0,0,0,0,0,unknown
341328,733807,07/01/2021,06/30/2022,0.0,0.0,0.0,0.0,0.0,0.0,0.0,0,0,0,0,unknown
454152,734167,06/01/2021,05/31/2022,0.0,0.0,0.0,0.0,0.0,0.0,0.0,0,0,0,0,unknown
263302,734244,07/01/2021,06/30/2022,0.0,0.0,0.0,0.0,0.0,0.0,0.0,0,0,0,0,unknown
501339,734276,01/01/2021,12/31/2021,0.0,0.0,0.0,0.0,0.0,0.0,0.0,0,0,0,0,unknown
650001,734278,10/01/2020,09/30/2021,0.0,0.0,0.0,0.0,0.0,0.0,0.0,0,0,0,0,unknown
263303,734402,07/01/2021,06/30/2022,0.0,0.0,0.0,0.0,0.0,0.0,0.0,0,0,0,0,unknown
521324,734572,07/01/2021,06/30/2022,0.0,0.0,0.0,0.0,0.0,0.0,0.0,0,0,0,0,unknown
264028,734689,07/01/2021,06/30/2022,0.0,0.0,0.0,0.0,0.0,0.0,0.0,0,0,0,0,unknown
531301,735023,07/01/2021,06/30/2022,0.0,0.0,0.0,0.0,0.0,0.0,0.0,0,0,0,0,unknown
144034,735086,07/01/2021,06/30/2022,0.0,0.0,0.0,0.0,0.0,0.0,0.0,0,0,0,0,unknown
394038,735123,07/01/2021,06/30/2022,0.0,0.0,0.0,0.0,0.0,0.0,0.0,0,0,0,0,unknown
314013,735179,07/01/2021,06/30/2022,0.0,0.0,0.0,0.0,0.0,0.0,0.0,0,0,0,0,unknown
444001,735191,07/01/2021,06/30/2022,0.0,0.0,0.0,0.0,0.0,0.0,0.0,0,0,0,0,unknown
444003,735192,07/01/2021,06/30/2022,0.0,0.0,0.0,0.0,0.0,0.0,0.0,0,0,0,0,unknown
444008,735193,07/01/2021,06/30/2022,0.0,0.0,0.0,0.0,0.0,0.0,0.0,0,0,0,0,unknown
444010,735195,07/01/2021,06/30/2022,0.0,0.0,0.0,0.0,0.0,0.0,0.0,0,0,0,0,unknown
444014,735196,07/01/2021,06/30/2022,0.0,0.0,0.0,0.0,0.0,0.0,0.0,0,0,0,0,unknown
154050,735243,07/01/2021,06/30/2022,0.0,0.0,0.0,0.0,0.0,0.0,0.0,0,0,0,0,unknown
224040,735253,07/01/2021,06/30/2022,0.0,0.0,0.0,0.0,0.0,0.0,0.0,0,0,0,0,unknown
241991,735254,08/01/2021,07/31/2022,0.0,0.0,0.0,0.0,0.0,0.0,0.0,0,0,0,0,unknown
341305,735270,08/01/2021,07/31/2022,0.0,0.0,0.0,0.0,0.0,0.0,0.0,0,0,0,0,unknown
451393,735291,01/01/2021,12/31/2021,0.0,0.0,0.0,0.0,0.0,0.0,0.0,0,0,0,0,unknown
014016,735302,07/01/2021,06/30/2022,0.0,0.0,0.0,0.0,0.0,0.0,0.0,0,0,0,0,unknown
154011,735314,07/01/2021,06/30/2022,0.0,0.0,0.0,0.0,0.0,0.0,0.0,0,0,0,0,unknown
222003,735317,07/01/2021,06/30/2022,0.0,0.0,0.0,0.0,0.0,0.0,0.0,0,0,0,0,unknown
344016,735324,07/01/2021,06/30/2022,0.0,0.0,0.0,0.0,0.0,0.0,0.0,0,0,0,0,unknown
344023,735325,07/01/2021,06/30/2022,0.0,0.0,0.0,0.0,0.0,0.0,0.0,0,0,0,0,unknown
344027,735326,07/01/2021,06/30/2022,0.0,0.0,0.0,0.0,0.0,0.0,0.0,0,0,0,0,unknown
344033,735327,07/01/2021,06/30/2022,0.0,0.0,0.0,0.0,0.0,0.0,0.0,0,0,0,0,unknown
521357,735346,07/01/2021,06/30/2022,0.0,0.0,0.0,0.0,0.0,0.0,0.0,0,0,0,0,unknown
102019,735367,09/01/2021,08/31/2022,0.0,0.0,0.0,0.0,0.0,0.0,0.0,0,0,0,0,unknown
114013,735371,07/01/2021,06/30/2022,0.0,0.0,0.0,0.0,0.0,0.0,0.0,0,0,0,0,unknown
114019,735372,07/01/2021,06/30/2022,0.0,0.0,0.0,0.0,0.0,0.0,0.0,0,0,0,0,unknown
494017,735405,07/01/2021,06/30/2022,0.0,0.0,0.0,0.0,0.0,0.0,0.0,0,0,0,0,unknown
494029,735406,07/01/2021,06/30/2022,0.0,0.0,0.0,0.0,0.0,0.0,0.0,0,0,0,0,unknown
494033,735407,07/01/2021,06/30/2022,0.0,0.0,0.0,0.0,0.0,0.0,0.0,0,0,0,0,unknown
514009,735410,07/01/2021,06/30/2022,0.0,0.0,0.0,0.0,0.0,0.0,0.0,0,0,0,0,unknown
514012,735411,07/01/2021,06/30/2022,0.0,0.0,0.0,0.0,0.0,0.0,0.0,0,0,0,0,unknown
034031,735418,06/01/2021,05/31/2022,0.0,0.0,0.0,0.0,0.0,0.0,0.0,0,0,0,0,unknown
154014,735426,07/01/2021,06/30/2022,0.0,0.0,0.0,0.0,0.0,0.0,0.0,0,0,0,0,unknown
154024,735427,08/01/2021,07/31/2022,0.0,0.0,0.0,0.0,0.0,0.0,0.0,0,0,0,0,unknown
212002,735437,07/01/2021,06/30/2022,0.0,0.0,0.0,0.0,0.0,0.0,0.0,0,0,0,0,unknown
212003,735438,07/01/2021,06/30/2022,0.0,0.0,0.0,0.0,0.0,0.0,0.0,0,0,0,0,unknown
214002,735439,07/01/2021,06/30/2022,0.0,0.0,0.0,0.0,0.0,0.0,0.0,0,0,0,0,unknown
214012,735440,07/01/2021,06/30/2022,0.0,0.0,0.0,0.0,0.0,0.0,0.0,0,0,0,0,unknown
394040,735450,07/01/2021,06/30/2022,0.0,0.0,0.0,0.0,0.0,0.0,0.0,0,0,0,0,unknown
104007,735486,07/01/2021,06/30/2022,0.0,0.0,0.0,0.0,0.0,0.0,0.0,0,0,0,0,unknown
104059,735487,07/01/2021,06/30/2022,0.0,0.0,0.0,0.0,0.0,0.0,0.0,0,0,0,0,unknown
154035,735493,07/01/2021,06/30/2022,0.0,0.0,0.0,0.0,0.0,0.0,0.0,0,0,0,0,unknown
224001,735505,07/01/2021,06/30/2022,0.0,0.0,0.0,0.0,0.0,0.0,0.0,0,0,0,0,unknown
394055,735526,07/01/2021,06/30/2022,0.0,0.0,0.0,0.0,0.0,0.0,0.0,0,0,0,0,unknown
444028,735530,07/01/2021,06/30/2022,0.0,0.0,0.0,0.0,0.0,0.0,0.0,0,0,0,0,unknown
154008,735570,07/01/2021,06/30/2022,0.0,0.0,0.0,0.0,0.0,0.0,0.0,0,0,0,0,unknown
154018,735571,07/01/2021,06/30/2022,0.0,0.0,0.0,0.0,0.0,0.0,0.0,0,0,0,0,unknown
154019,735572,07/01/2021,06/30/2022,0.0,0.0,0.0,0.0,0.0,0.0,0.0,0,0,0,0,unknown
154009,735633,07/01/2021,06/30/2022,0.0,0.0,0.0,0.0,0.0,0.0,0.0,0,0,0,0,unknown
154020,735634,07/01/2021,06/30/2022,0.0,0.0,0.0,0.0,0.0,0.0,0.0,0,0,0,0,unknown
154052,735635,07/01/2021,06/30/2022,0.0,0.0,0.0,0.0,0.0,0.0,0.0,0,0,0,0,unknown
174016,735641,07/01/2021,06/30/2022,0.0,0.0,0.0,0.0,0.0,0.0,0.0,0,0,0,0,unknown
224028,735645,07/01/2021,06/30/2022,0.0,0.0,0.0,0.0,0.0,0.0,0.0,0,0,0,0,unknown
224031,735646,07/01/2021,06/30/2022,0.0,0.0,0.0,0.0,0.0,0.0,0.0,0,0,0,0,unknown
224032,735647,07/01/2021,06/30/2022,0.0,0.0,0.0,0.0,0.0,0.0,0.0,0,0,0,0,unknown
074012,735764,07/01/2021,06/30/2022,0.0,0.0,0.0,0.0,0.0,0.0,0.0,0,0,0,0,unknown
074015,735765,07/01/2021,06/30/2022,0.0,0.0,0.0,0.0,0.0,0.0,0.0,0,0,0,0,unknown
114028,735769,07/01/2021,06/30/2022,0.0,0.0,0.0,0.0,0.0,0.0,0.0,0,0,0,0,unknown
144010,735771,07/01/2021,06/30/2022,0.0,0.0,0.0,0.0,0.0,0.0,0.0,0,0,0,0,unknown
144016,735772,07/01/2021,06/30/2022,0.0,0.0,0.0,0.0,0.0,0.0,0.0,0,0,0,0,unknown
154056,735773,07/01/2021,06/30/2022,0.0,0.0,0.0,0.0,0.0,0.0,0.0,0,0,0,0,unknown
403301,735791,07/01/2021,06/30/2022,0.0,0.0,0.0,0.0,0.0,0.0,0.0,0,0,0,0,unknown
444029,735792,08/01/2021,07/31/2022,0.0,0.0,0.0,0.0,0.0,0.0,0.0,0,0,0,0,unknown
144021,735824,07/01/2021,06/30/2022,0.0,0.0,0.0,0.0,0.0,0.0,0.0,0,0,0,0,unknown
144028,735825,07/01/2021,06/30/2022,0.0,0.0,0.0,0.0,0.0,0.0,0.0,0,0,0,0,unknown
144037,735826,07/01/2021,06/30/2022,0.0,0.0,0.0,0.0,0.0,0.0,0.0,0,0,0,0,unknown
144038,735827,07/01/2021,06/30/2022,0.0,0.0,0.0,0.0,0.0,0.0,0.0,0,0,0,0,unknown
412001,735850,07/01/2021,06/30/2022,0.0,0.0,0.0,0.0,0.0,0.0,0.0,0,0,0,0,unknown
134009,735875,07/01/2021,06/30/2022,0.0,0.0,0.0,0.0,0.0,0.0,0.0,0,0,0,0,unknown
154021,735914,07/01/2021,06/30/2022,0.0,0.0,0.0,0.0,0.0,0.0,0.0,0,0,0,0,unknown
154031,735915,07/01/2021,06/30/2022,0.0,0.0,0.0,0.0,0.0,0.0,0.0,0,0,0,0,unknown
164003,735917,07/01/2021,06/30/2022,0.0,0.0,0.0,0.0,0.0,0.0,0.0,0,0,0,0,unknown
204004,735971,07/01/2021,06/30/2022,0.0,0.0,0.0,0.0,0.0,0.0,0.0,0,0,0,0,unknown
213300,735972,07/01/2021,06/30/2022,0.0,0.0,0.0,0.0,0.0,0.0,0.0,0,0,0,0,unknown
222023,735973,07/01/2021,06/30/2022,0.0,0.0,0.0,0.0,0.0,0.0,0.0,0,0,0,0,unknown
374001,735997,07/01/2021,06/30/2022,0.0,0.0,0.0,0.0,0.0,0.0,0.0,0,0,0,0,unknown
034013,736031,06/01/2021,05/31/2022,0.0,0.0,0.0,0.0,0.0,0.0,0.0,0,0,0,0,unknown
054157,736037,01/01/2021,06/16/2021,0.0,0.0,0.0,0.0,0.0,0.0,0.0,0,0,0,0,unknown
054149,736104,07/01/2021,06/30/2022,0.0,0.0,0.0,0.0,0.0,0.0,0.0,0,0,0,0,unknown
111314,736109,10/01/2020,12/31/2020,0.0,0.0,0.0,0.0,0.0,0.0,0.0,0,0,0,0,unknown
204008,736118,07/01/2021,06/30/2022,0.0,0.0,0.0,0.0,0.0,0.0,0.0,0,0,0,0,unknown
364040,736134,07/01/2021,06/30/2022,0.0,0.0,0.0,0.0,0.0,0.0,0.0,0,0,0,0,unknown
144035,736170,07/01/2021,06/30/2022,0.0,0.0,0.0,0.0,0.0,0.0,0.0,0,0,0,0,unknown
064003,736220,07/01/2021,06/30/2022,0.0,0.0,0.0,0.0,0.0,0.0,0.0,0,0,0,0,unknown
104001,736222,07/01/2021,06/30/2022,0.0,0.0,0.0,0.0,0.0,0.0,0.0,0,0,0,0,unknown
194025,736232,07/01/2021,06/30/2022,0.0,0.0,0.0,0.0,0.0,0.0,0.0,0,0,0,0,unknown
384008,736252,07/01/2021,06/30/2022,0.0,0.0,0.0,0.0,0.0,0.0,0.0,0,0,0,0,unknown
021313,736285,07/01/2021,06/30/2022,0.0,0.0,0.0,0.0,0.0,0.0,0.0,0,0,0,0,unknown
194008,736359,07/01/2021,06/30/2022,0.0,0.0,0.0,0.0,0.0,0.0,0.0,0,0,0,0,unknown
244005,736467,07/01/2021,06/30/2022,0.0,0.0,0.0,0.0,0.0,0.0,0.0,0,0,0,0,unknown
244011,736468,07/01/2021,06/30/2022,0.0,0.0,0.0,0.0,0.0,0.0,0.0,0,0,0,0,unknown
244017,736469,07/01/2021,06/30/2022,0.0,0.0,0.0,0.0,0.0,0.0,0.0,0,0,0,0,unknown
450076,736517,09/01/2021,08/31/2022,0.0,0.0,0.0,0.0,0.0,0.0,0.0,0,0,0,0,unknown
521354,736529,07/01/2021,06/30/2022,0.0,0.0,0.0,0.0,0.0,0.0,0.0,0,0,0,0,unknown
271332,736568,07/01/2021,06/30/2022,0.0,0.0,0.0,0.0,0.0,0.0,0.0,0,0,0,0,unknown
452067,736676,09/01/2021,08/31/2022,0.0,0.0,0.0,0.0,0.0,0.0,0.0,0,0,0,0,unknown
074011,736695,07/01/2021,06/30/2022,0.0,0.0,0.0,0.0,0.0,0.0,0.0,0,0,0,0,unknown
284003,736719,07/01/2021,06/30/2022,0.0,0.0,0.0,0.0,0.0,0.0,0.0,0,0,0,0,unknown
511300,736766,01/01/2021,12/31/2021,0.0,0.0,0.0,0.0,0.0,0.0,0.0,0,0,0,0,unknown
053305,736777,09/01/2021,08/31/2022,0.0,0.0,0.0,0.0,0.0,0.0,0.0,0,0,0,0,unknown
041324,736842,07/01/2021,06/30/2022,0.0,0.0,0.0,0.0,0.0,0.0,0.0,0,0,0,0,unknown
184013,736882,07/01/2021,06/30/2022,0.0,0.0,0.0,0.0,0.0,0.0,0.0,0,0,0,0,unknown
393304,736920,07/01/2021,06/30/2022,0.0,0.0,0.0,0.0,0.0,0.0,0.0,0,0,0,0,unknown
034033,736936,09/01/2021,08/31/2022,0.0,0.0,0.0,0.0,0.0,0.0,0.0,0,0,0,0,unknown
204006,737068,10/01/2020,09/30/2021,0.0,0.0,0.0,0.0,0.0,0.0,0.0,0,0,0,0,unknown
254009,737116,07/01/2021,06/30/2022,0.0,0.0,0.0,0.0,0.0,0.0,0.0,0,0,0,0,unknown
054122,737213,07/01/2021,06/30/2022,0.0,0.0,0.0,0.0,0.0,0.0,0.0,0,0,0,0,unknown
054146,737214,07/01/2021,06/30/2022,0.0,0.0,0.0,0.0,0.0,0.0,0.0,0,0,0,0,unknown
054152,737215,07/01/2021,06/30/2022,0.0,0.0,0.0,0.0,0.0,0.0,0.0,0,0,0,0,unknown
521328,737272,10/01/2020,12/31/2020,0.0,0.0,0.0,0.0,0.0,0.0,0.0,0,0,0,0,unknown
051326,737291,07/01/2021,06/30/2022,0.0,0.0,0.0,0.0,0.0,0.0,0.0,0,0,0,0,unknown
143026,737296,09/01/2021,08/31/2022,0.0,0.0,0.0,0.0,0.0,0.0,0.0,0,0,0,0,unknown
271340,737314,07/01/2021,06/30/2022,0.0,0.0,0.0,0.0,0.0,0.0,0.0,0,0,0,0,unknown
381309,737323,07/01/2021,06/30/2022,0.0,0.0,0.0,0.0,0.0,0.0,0.0,0,0,0,0,unknown
054133,737353,07/01/2021,06/30/2022,0.0,0.0,0.0,0.0,0.0,0.0,0.0,0,0,0,0,unknown
214004,737416,07/01/2021,06/30/2022,0.0,0.0,0.0,0.0,0.0,0.0,0.0,0,0,0,0,unknown
244012,737423,07/01/2021,06/30/2022,0.0,0.0,0.0,0.0,0.0,0.0,0.0,0,0,0,0,unknown
244013,737424,07/01/2021,06/30/2022,0.0,0.0,0.0,0.0,0.0,0.0,0.0,0,0,0,0,unknown
244014,737425,07/01/2021,06/30/2022,0.0,0.0,0.0,0.0,0.0,0.0,0.0,0,0,0,0,unknown
244015,737426,07/01/2021,06/30/2022,0.0,0.0,0.0,0.0,0.0,0.0,0.0,0,0,0,0,unknown
274004,737428,07/01/2021,06/30/2022,0.0,0.0,0.0,0.0,0.0,0.0,0.0,0,0,0,0,unknown
341314,737435,10/01/2020,12/31/2020,0.0,0.0,0.0,0.0,0.0,0.0,0.0,0,0,0,0,unknown
374008,737438,07/01/2021,06/30/2022,0.0,0.0,0.0,0.0,0.0,0.0,0.0,0,0,0,0,unknown
374006,737550,07/01/2021,06/30/2022,0.0,0.0,0.0,0.0,0.0,0.0,0.0,0,0,0,0,unknown
051328,737592,07/01/2021,06/30/2022,0.0,0.0,0.0,0.0,0.0,0.0,0.0,0,0,0,0,unknown
454014,737645,09/01/2021,08/31/2022,0.0,0.0,0.0,0.0,0.0,0.0,0.0,0,0,0,0,unknown
072003,737656,10/01/2020,09/30/2021,0.0,0.0,0.0,0.0,0.0,0.0,0.0,0,0,0,0,unknown
152013,737667,06/01/2021,08/31/2021,0.0,0.0,0.0,0.0,0.0,0.0,0.0,0,0,0,0,unknown
224039,737675,01/01/2021,12/31/2021,0.0,0.0,0.0,0.0,0.0,0.0,0.0,0,0,0,0,unknown
301306,737679,10/01/2020,04/30/2021,0.0,0.0,0.0,0.0,0.0,0.0,0.0,0,0,0,0,unknown
054083,737726,07/01/2021,06/30/2022,0.0,0.0,0.0,0.0,0.0,0.0,0.0,0,0,0,0,unknown
122001,737747,07/01/2021,06/30/2022,0.0,0.0,0.0,0.0,0.0,0.0,0.0,0,0,0,0,unknown
222007,737786,10/01/2020,09/30/2021,0.0,0.0,0.0,0.0,0.0,0.0,0.0,0,0,0,0,unknown
294000,737904,07/01/2021,06/30/2022,0.0,0.0,0.0,0.0,0.0,0.0,0.0,0,0,0,0,unknown
294002,737905,07/01/2021,06/30/2022,0.0,0.0,0.0,0.0,0.0,0.0,0.0,0,0,0,0,unknown
504008,737939,07/01/2021,06/30/2022,0.0,0.0,0.0,0.0,0.0,0.0,0.0,0,0,0,0,unknown
054114,737955,07/01/2021,06/30/2022,0.0,0.0,0.0,0.0,0.0,0.0,0.0,0,0,0,0,unknown
224007,738129,10/01/2020,09/30/2021,0.0,0.0,0.0,0.0,0.0,0.0,0.0,0,0,0,0,unknown
194044,738202,01/01/2021,12/31/2021,0.0,0.0,0.0,0.0,0.0,0.0,0.0,0,0,0,0,unknown
214003,738208,07/01/2021,06/30/2022,0.0,0.0,0.0,0.0,0.0,0.0,0.0,0,0,0,0,unknown
312014,738245,07/01/2021,06/30/2022,0.0,0.0,0.0,0.0,0.0,0.0,0.0,0,0,0,0,unknown
394043,738254,07/01/2021,06/30/2022,0.0,0.0,0.0,0.0,0.0,0.0,0.0,0,0,0,0,unknown
433300,738259,07/01/2021,06/30/2022,0.0,0.0,0.0,0.0,0.0,0.0,0.0,0,0,0,0,unknown
454148,738286,01/01/2021,12/31/2021,0.0,0.0,0.0,0.0,0.0,0.0,0.0,0,0,0,0,unknown
214020,738312,07/01/2021,06/30/2022,0.0,0.0,0.0,0.0,0.0,0.0,0.0,0,0,0,0,unknown
394033,738329,07/01/2021,06/30/2022,0.0,0.0,0.0,0.0,0.0,0.0,0.0,0,0,0,0,unknown
394056,738330,07/01/2021,06/30/2022,0.0,0.0,0.0,0.0,0.0,0.0,0.0,0,0,0,0,unknown
034030,738353,09/01/2021,08/31/2022,0.0,0.0,0.0,0.0,0.0,0.0,0.0,0,0,0,0,unknown
264004,738398,07/01/2021,06/30/2022,0.0,0.0,0.0,0.0,0.0,0.0,0.0,0,0,0,0,unknown
053306,738448,07/01/2021,06/30/2022,0.0,0.0,0.0,0.0,0.0,0.0,0.0,0,0,0,0,unknown
054028,738449,07/01/2021,06/30/2022,0.0,0.0,0.0,0.0,0.0,0.0,0.0,0,0,0,0,unknown
054125,738450,07/01/2021,06/30/2022,0.0,0.0,0.0,0.0,0.0,0.0,0.0,0,0,0,0,unknown
390196,738505,07/01/2021,06/30/2022,0.0,0.0,0.0,0.0,0.0,0.0,0.0,0,0,0,0,unknown
454084,738521,09/01/2021,08/31/2022,0.0,0.0,0.0,0.0,0.0,0.0,0.0,0,0,0,0,unknown
352004,738569,08/01/2021,07/31/2022,0.0,0.0,0.0,0.0,0.0,0.0,0.0,0,0,0,0,unknown
251324,738663,10/01/2020,09/30/2021,0.0,0.0,0.0,0.0,0.0,0.0,0.0,0,0,0,0,unknown
264034,738668,09/01/2021,08/31/2022,0.0,0.0,0.0,0.0,0.0,0.0,0.0,0,0,0,0,unknown
474004,738714,07/01/2021,06/30/2022,0.0,0.0,0.0,0.0,0.0,0.0,0.0,0,0,0,0,unknown
222047,738796,10/01/2020,09/30/2021,0.0,0.0,0.0,0.0,0.0,0.0,0.0,0,0,0,0,unknown
224022,738797,01/01/2021,12/31/2021,0.0,0.0,0.0,0.0,0.0,0.0,0.0,0,0,0,0,unknown
154047,738885,09/01/2021,08/31/2022,0.0,0.0,0.0,0.0,0.0,0.0,0.0,0,0,0,0,unknown
241305,739054,10/01/2020,09/30/2021,0.0,0.0,0.0,0.0,0.0,0.0,0.0,0,0,0,0,unknown
331305,739092,01/01/2021,12/31/2021,0.0,0.0,0.0,0.0,0.0,0.0,0.0,0,0,0,0,unknown
331311,739093,01/01/2021,12/31/2021,0.0,0.0,0.0,0.0,0.0,0.0,0.0,0,0,0,0,unknown
342021,739109,07/01/2021,03/14/2022,0.0,0.0,0.0,0.0,0.0,0.0,0.0,0,0,0,0,unknown
394020,739112,07/01/2021,06/30/2022,0.0,0.0,0.0,0.0,0.0,0.0,0.0,0,0,0,0,unknown
204005,739278,10/01/2020,09/30/2021,0.0,0.0,0.0,0.0,0.0,0.0,0.0,0,0,0,0,unknown
361331,739368,01/01/2021,05/01/2021,0.0,0.0,0.0,0.0,0.0,0.0,0.0,0,0,0,0,unknown
271336,739427,04/01/2021,03/31/2022,0.0,0.0,0.0,0.0,0.0,0.0,0.0,0,0,0,0,unknown
334027,739434,01/01/2021,12/31/2021,0.0,0.0,0.0,0.0,0.0,0.0,0.0,0,0,0,0,unknown
453302,739463,01/01/2021,12/31/2021,0.0,0.0,0.0,0.0,0.0,0.0,0.0,0,0,0,0,unknown
352005,739509,08/01/2021,07/31/2022,0.0,0.0,0.0,0.0,0.0,0.0,0.0,0,0,0,0,unknown
524041,739636,01/01/2021,12/31/2021,0.0,0.0,0.0,0.0,0.0,0.0,0.0,0,0,0,0,unknown
141324,739716,04/01/2021,03/31/2022,0.0,0.0,0.0,0.0,0.0,0.0,0.0,0,0,0,0,unknown
142009,739717,12/17/2020,08/31/2021,0.0,0.0,0.0,0.0,0.0,0.0,0.0,0,0,0,0,unknown
221300,739725,10/01/2020,09/30/2021,0.0,0.0,0.0,0.0,0.0,0.0,0.0,0,0,0,0,unknown
240063,739734,01/01/2021,12/31/2021,0.0,0.0,0.0,0.0,0.0,0.0,0.0,0,0,0,0,unknown
501332,739774,01/01/2021,12/31/2021,0.0,0.0,0.0,0.0,0.0,0.0,0.0,0,0,0,0,unknown
051324,739799,07/01/2021,06/30/2022,0.0,0.0,0.0,0.0,0.0,0.0,0.0,0,0,0,0,unknown
172005,739820,11/01/2020,10/31/2021,0.0,0.0,0.0,0.0,0.0,0.0,0.0,0,0,0,0,unknown
374023,739844,01/01/2021,12/31/2021,0.0,0.0,0.0,0.0,0.0,0.0,0.0,0,0,0,0,unknown
044007,739922,01/01/2021,12/31/2021,0.0,0.0,0.0,0.0,0.0,0.0,0.0,0,0,0,0,unknown
064026,739997,01/01/2021,12/31/2021,0.0,0.0,0.0,0.0,0.0,0.0,0.0,0,0,0,0,unknown
104078,740040,11/01/2020,10/31/2021,0.0,0.0,0.0,0.0,0.0,0.0,0.0,0,0,0,0,unknown
142006,740081,12/16/2020,08/31/2021,0.0,0.0,0.0,0.0,0.0,0.0,0.0,0,0,0,0,unknown
182005,740127,02/01/2021,01/31/2022,0.0,0.0,0.0,0.0,0.0,0.0,0.0,0,0,0,0,unknown
341326,740274,11/01/2020,10/31/2021,0.0,0.0,0.0,0.0,0.0,0.0,0.0,0,0,0,0,unknown
364049,740297,01/01/2021,12/31/2021,0.0,0.0,0.0,0.0,0.0,0.0,0.0,0,0,0,0,unknown
364056,740298,01/01/2021,12/31/2021,0.0,0.0,0.0,0.0,0.0,0.0,0.0,0,0,0,0,unknown
372012,740315,01/01/2021,12/31/2021,0.0,0.0,0.0,0.0,0.0,0.0,0.0,0,0,0,0,unknown
381302,740323,01/01/2021,12/31/2021,0.0,0.0,0.0,0.0,0.0,0.0,0.0,0,0,0,0,unknown
381314,740324,01/01/2021,12/31/2021,0.0,0.0,0.0,0.0,0.0,0.0,0.0,0,0,0,0,unknown
381323,740325,01/01/2021,12/31/2021,0.0,0.0,0.0,0.0,0.0,0.0,0.0,0,0,0,0,unknown
394053,740332,01/01/2021,12/31/2021,0.0,0.0,0.0,0.0,0.0,0.0,0.0,0,0,0,0,unknown
521350,740465,07/01/2021,06/30/2022,0.0,0.0,0.0,0.0,0.0,0.0,0.0,0,0,0,0,unknown
200021,740546,10/01/2020,12/31/2020,0.0,0.0,0.0,0.0,0.0,0.0,0.0,0,0,0,0,unknown
073025,740583,10/01/2020,09/30/2021,0.0,0.0,0.0,0.0,0.0,0.0,0.0,0,0,0,0,unknown
222043,740600,01/01/2021,12/31/2021,0.0,0.0,0.0,0.0,0.0,0.0,0.0,0,0,0,0,unknown
361304,740611,01/01/2021,12/31/2021,0.0,0.0,0.0,0.0,0.0,0.0,0.0,0,0,0,0,unknown
441322,740655,07/01/2021,07/31/2022,0.0,0.0,0.0,0.0,0.0,0.0,0.0,0,0,0,0,unknown
454108,740669,01/01/2021,12/31/2021,0.0,0.0,0.0,0.0,0.0,0.0,0.0,0,0,0,0,unknown
042011,740680,10/01/2020,09/30/2021,0.0,0.0,0.0,0.0,0.0,0.0,0.0,0,0,0,0,unknown
164002,740695,07/01/2021,06/30/2022,0.0,0.0,0.0,0.0,0.0,0.0,0.0,0,0,0,0,unknown
181308,740699,03/01/2021,02/28/2022,0.0,0.0,0.0,0.0,0.0,0.0,0.0,0,0,0,0,unknown
234043,740703,09/01/2021,08/31/2022,0.0,0.0,0.0,0.0,0.0,0.0,0.0,0,0,0,0,unknown
454009,740730,09/01/2021,08/31/2022,0.0,0.0,0.0,0.0,0.0,0.0,0.0,0,0,0,0,unknown
454100,740841,09/01/2021,08/31/2022,0.0,0.0,0.0,0.0,0.0,0.0,0.0,0,0,0,0,unknown
142008,740875,12/16/2020,08/31/2021,0.0,0.0,0.0,0.0,0.0,0.0,0.0,0,0,0,0,unknown
181311,740884,01/01/2021,12/31/2021,0.0,0.0,0.0,0.0,0.0,0.0,0.0,0,0,0,0,unknown
014012,740940,10/01/2020,09/30/2021,0.0,0.0,0.0,0.0,0.0,0.0,0.0,0,0,0,0,unknown
054147,740947,09/01/2021,08/31/2022,0.0,0.0,0.0,0.0,0.0,0.0,0.0,0,0,0,0,unknown
353026,740969,10/01/2020,12/31/2020,0.0,0.0,0.0,0.0,0.0,0.0,0.0,0,0,0,0,unknown
511306,740992,10/01/2020,09/30/2021,0.0,0.0,0.0,0.0,0.0,0.0,0.0,0,0,0,0,unknown
194113,741023,01/01/2021,12/31/2021,0.0,0.0,0.0,0.0,0.0,0.0,0.0,0,0,0,0,unknown
334048,741074,01/01/2021,12/31/2021,0.0,0.0,0.0,0.0,0.0,0.0,0.0,0,0,0,0,unknown
064023,741105,07/01/2021,06/30/2022,0.0,0.0,0.0,0.0,0.0,0.0,0.0,0,0,0,0,unknown
351335,741138,07/01/2021,06/30/2022,0.0,0.0,0.0,0.0,0.0,0.0,0.0,0,0,0,0,unknown
044004,741174,01/01/2021,12/31/2021,0.0,0.0,0.0,0.0,0.0,0.0,0.0,0,0,0,0,unknown
224045,741205,01/01/2021,12/31/2021,0.0,0.0,0.0,0.0,0.0,0.0,0.0,0,0,0,0,unknown
454103,741251,01/01/2021,12/31/2021,0.0,0.0,0.0,0.0,0.0,0.0,0.0,0,0,0,0,unknown
073300,741312,10/01/2020,09/30/2021,0.0,0.0,0.0,0.0,0.0,0.0,0.0,0,0,0,0,unknown
294011,741326,01/01/2021,12/31/2021,0.0,0.0,0.0,0.0,0.0,0.0,0.0,0,0,0,0,unknown
053308,741583,09/01/2021,08/31/2022,0.0,0.0,0.0,0.0,0.0,0.0,0.0,0,0,0,0,unknown
322002,741623,09/01/2021,08/31/2022,0.0,0.0,0.0,0.0,0.0,0.0,0.0,0,0,0,0,unknown
333030,741635,01/01/2021,12/31/2021,0.0,0.0,0.0,0.0,0.0,0.0,0.0,0,0,0,0,unknown
114010,742113,01/01/2021,12/31/2021,0.0,0.0,0.0,0.0,0.0,0.0,0.0,0,0,0,0,unknown
330154,742149,01/01/2021,12/31/2021,0.0,0.0,0.0,0.0,0.0,0.0,0.0,0,0,0,0,unknown
084003,742183,01/01/2021,12/31/2021,0.0,0.0,0.0,0.0,0.0,0.0,0.0,0,0,0,0,unknown
172007,742320,01/01/2021,12/31/2021,0.0,0.0,0.0,0.0,0.0,0.0,0.0,0,0,0,0,unknown
201305,742326,01/01/2021,06/30/2021,0.0,0.0,0.0,0.0,0.0,0.0,0.0,0,0,0,0,unknown
442006,742355,09/01/2021,08/31/2022,0.0,0.0,0.0,0.0,0.0,0.0,0.0,0,0,0,0,unknown
334060,742420,04/01/2021,03/31/2022,0.0,0.0,0.0,0.0,0.0,0.0,0.0,0,0,0,0,unknown
390324,742430,11/01/2020,06/30/2021,0.0,0.0,0.0,0.0,0.0,0.0,0.0,0,0,0,0,unknown
281339,742486,10/01/2020,09/30/2021,0.0,0.0,0.0,0.0,0.0,0.0,0.0,0,0,0,0,unknown
334021,742645,04/01/2021,03/31/2022,0.0,0.0,0.0,0.0,0.0,0.0,0.0,0,0,0,0,unknown
334026,742646,01/01/2021,12/31/2021,0.0,0.0,0.0,0.0,0.0,0.0,0.0,0,0,0,0,unknown
334061,742648,04/01/2021,03/31/2022,0.0,0.0,0.0,0.0,0.0,0.0,0.0,0,0,0,0,unknown
171328,742712,10/01/2020,09/30/2021,0.0,0.0,0.0,0.0,0.0,0.0,0.0,0,0,0,0,unknown
104057,742753,10/01/2020,09/30/2021,0.0,0.0,0.0,0.0,0.0,0.0,0.0,0,0,0,0,unknown
181310,742759,01/01/2021,12/31/2021,0.0,0.0,0.0,0.0,0.0,0.0,0.0,0,0,0,0,unknown
181321,742760,11/01/2020,10/31/2021,0.0,0.0,0.0,0.0,0.0,0.0,0.0,0,0,0,0,unknown
361322,742784,01/01/2021,12/31/2021,0.0,0.0,0.0,0.0,0.0,0.0,0.0,0,0,0,0,unknown
451390,742885,10/01/2020,09/30/2021,0.0,0.0,0.0,0.0,0.0,0.0,0.0,0,0,0,0,unknown
201315,742899,10/01/2020,09/30/2021,0.0,0.0,0.0,0.0,0.0,0.0,0.0,0,0,0,0,unknown
223300,742960,10/01/2020,09/30/2021,0.0,0.0,0.0,0.0,0.0,0.0,0.0,0,0,0,0,unknown
371301,743307,10/01/2020,12/31/2020,0.0,0.0,0.0,0.0,0.0,0.0,0.0,0,0,0,0,unknown
074003,743333,07/01/2021,06/30/2022,0.0,0.0,0.0,0.0,0.0,0.0,0.0,0,0,0,0,unknown
104072,743465,01/01/2021,12/31/2021,0.0,0.0,0.0,0.0,0.0,0.0,0.0,0,0,0,0,unknown
241317,743494,01/01/2021,12/31/2021,0.0,0.0,0.0,0.0,0.0,0.0,0.0,0,0,0,0,unknown
241327,743495,01/01/2021,12/31/2021,0.0,0.0,0.0,0.0,0.0,0.0,0.0,0,0,0,0,unknown
072004,743660,04/01/2021,03/31/2022,0.0,0.0,0.0,0.0,0.0,0.0,0.0,0,0,0,0,unknown
281334,743855,10/01/2020,09/30/2021,0.0,0.0,0.0,0.0,0.0,0.0,0.0,0,0,0,0,unknown
314019,743960,01/01/2021,12/31/2021,0.0,0.0,0.0,0.0,0.0,0.0,0.0,0,0,0,0,unknown
371323,744096,10/01/2020,09/30/2021,0.0,0.0,0.0,0.0,0.0,0.0,0.0,0,0,0,0,unknown
182008,744166,04/01/2021,03/31/2022,0.0,0.0,0.0,0.0,0.0,0.0,0.0,0,0,0,0,unknown
251305,744179,10/01/2020,09/30/2021,0.0,0.0,0.0,0.0,0.0,0.0,0.0,0,0,0,0,unknown
261302,744435,10/01/2020,09/30/2021,0.0,0.0,0.0,0.0,0.0,0.0,0.0,0,0,0,0,unknown
414000,744457,10/01/2020,09/30/2021,0.0,0.0,0.0,0.0,0.0,0.0,0.0,0,0,0,0,unknown
050546,744579,07/01/2021,06/30/2022,0.0,0.0,0.0,0.0,0.0,0.0,0.0,0,0,0,0,unknown
241379,744745,10/01/2020,09/30/2021,0.0,0.0,0.0,0.0,0.0,0.0,0.0,0,0,0,0,unknown
171344,744889,01/01/2021,12/31/2021,0.0,0.0,0.0,0.0,0.0,0.0,0.0,0,0,0,0,unknown
132001,745097,10/01/2020,09/30/2021,0.0,0.0,0.0,0.0,0.0,0.0,0.0,0,0,0,0,unknown
151302,745299,01/01/2021,12/31/2021,0.0,0.0,0.0,0.0,0.0,0.0,0.0,0,0,0,0,unknown
131324,745472,10/01/2020,09/30/2021,0.0,0.0,0.0,0.0,0.0,0.0,0.0,0,0,0,0,unknown
341322,745547,10/01/2020,09/30/2021,0.0,0.0,0.0,0.0,0.0,0.0,0.0,0,0,0,0,unknown
181323,745710,10/01/2020,09/30/2021,0.0,0.0,0.0,0.0,0.0,0.0,0.0,0,0,0,0,unknown
182006,745712,03/01/2021,02/28/2022,0.0,0.0,0.0,0.0,0.0,0.0,0.0,0,0,0,0,unknown
241322,745729,01/01/2021,12/31/2021,0.0,0.0,0.0,0.0,0.0,0.0,0.0,0,0,0,0,unknown
241342,745730,10/01/2020,09/30/2021,0.0,0.0,0.0,0.0,0.0,0.0,0.0,0,0,0,0,unknown
364047,745787,10/01/2020,09/30/2021,0.0,0.0,0.0,0.0,0.0,0.0,0.0,0,0,0,0,unknown
364054,745788,01/01/2021,12/31/2021,0.0,0.0,0.0,0.0,0.0,0.0,0.0,0,0,0,0,unknown
181302,745961,10/01/2020,09/30/2021,0.0,0.0,0.0,0.0,0.0,0.0,0.0,0,0,0,0,unknown
231326,745972,01/01/2021,12/31/2021,0.0,0.0,0.0,0.0,0.0,0.0,0.0,0,0,0,0,unknown
241372,745974,10/01/2020,09/30/2021,0.0,0.0,0.0,0.0,0.0,0.0,0.0,0,0,0,0,unknown
231307,746214,10/01/2020,09/30/2021,0.0,0.0,0.0,0.0,0.0,0.0,0.0,0,0,0,0,unknown
241304,746216,01/01/2021,12/31/2021,0.0,0.0,0.0,0.0,0.0,0.0,0.0,0,0,0,0,unknown
171370,746430,01/01/2021,12/31/2021,0.0,0.0,0.0,0.0,0.0,0.0,0.0,0,0,0,0,unknown
231339,746460,01/01/2021,12/31/2021,0.0,0.0,0.0,0.0,0.0,0.0,0.0,0,0,0,0,unknown
420073,746482,10/01/2020,01/31/2021,0.0,0.0,0.0,0.0,0.0,0.0,0.0,0,0,0,0,unknown
511319,746501,01/01/2021,12/31/2021,0.0,0.0,0.0,0.0,0.0,0.0,0.0,0,0,0,0,unknown
511320,746502,01/01/2021,12/31/2021,0.0,0.0,0.0,0.0,0.0,0.0,0.0,0,0,0,0,unknown
144041,746508,01/01/2021,12/31/2021,0.0,0.0,0.0,0.0,0.0,0.0,0.0,0,0,0,0,unknown
171359,746562,01/01/2021,12/31/2021,0.0,0.0,0.0,0.0,0.0,0.0,0.0,0,0,0,0,unknown
261325,746585,10/01/2020,09/30/2021,0.0,0.0,0.0,0.0,0.0,0.0,0.0,0,0,0,0,unknown
524000,746607,01/01/2021,12/31/2021,0.0,0.0,0.0,0.0,0.0,0.0,0.0,0,0,0,0,unknown
223302,746652,10/01/2020,09/30/2021,0.0,0.0,0.0,0.0,0.0,0.0,0.0,0,0,0,0,unknown
171358,746747,10/01/2020,09/30/2021,0.0,0.0,0.0,0.0,0.0,0.0,0.0,0,0,0,0,unknown
112016,746973,11/01/2020,10/31/2021,0.0,0.0,0.0,0.0,0.0,0.0,0.0,0,0,0,0,unknown
141322,746977,10/01/2020,09/30/2021,0.0,0.0,0.0,0.0,0.0,0.0,0.0,0,0,0,0,unknown
152028,746981,11/01/2020,10/31/2021,0.0,0.0,0.0,0.0,0.0,0.0,0.0,0,0,0,0,unknown
182009,746990,04/01/2021,03/31/2022,0.0,0.0,0.0,0.0,0.0,0.0,0.0,0,0,0,0,unknown
184007,746991,01/01/2021,12/31/2021,0.0,0.0,0.0,0.0,0.0,0.0,0.0,0,0,0,0,unknown
301300,747008,10/01/2020,09/30/2021,0.0,0.0,0.0,0.0,0.0,0.0,0.0,0,0,0,0,unknown
361319,747012,10/01/2020,09/30/2021,0.0,0.0,0.0,0.0,0.0,0.0,0.0,0,0,0,0,unknown
361323,747013,01/01/2021,12/31/2021,0.0,0.0,0.0,0.0,0.0,0.0,0.0,0,0,0,0,unknown
361329,747014,01/01/2021,12/31/2021,0.0,0.0,0.0,0.0,0.0,0.0,0.0,0,0,0,0,unknown
362023,747015,11/01/2020,10/31/2021,0.0,0.0,0.0,0.0,0.0,0.0,0.0,0,0,0,0,unknown
364036,747018,01/01/2021,12/31/2021,0.0,0.0,0.0,0.0,0.0,0.0,0.0,0,0,0,0,unknown
364062,747020,01/01/2021,12/31/2021,0.0,0.0,0.0,0.0,0.0,0.0,0.0,0,0,0,0,unknown
171301,747111,10/01/2020,09/30/2021,0.0,0.0,0.0,0.0,0.0,0.0,0.0,0,0,0,0,unknown
342014,747193,10/01/2020,09/30/2021,0.0,0.0,0.0,0.0,0.0,0.0,0.0,0,0,0,0,unknown
422004,747201,10/01/2020,09/30/2021,0.0,0.0,0.0,0.0,0.0,0.0,0.0,0,0,0,0,unknown
134002,747226,10/01/2020,09/30/2021,0.0,0.0,0.0,0.0,0.0,0.0,0.0,0,0,0,0,unknown
171339,747229,10/01/2020,09/30/2021,0.0,0.0,0.0,0.0,0.0,0.0,0.0,0,0,0,0,unknown
171356,747230,10/01/2020,09/30/2021,0.0,0.0,0.0,0.0,0.0,0.0,0.0,0,0,0,0,unknown
364029,747256,01/01/2021,12/31/2021,0.0,0.0,0.0,0.0,0.0,0.0,0.0,0,0,0,0,unknown
194102,747303,01/01/2021,12/31/2021,0.0,0.0,0.0,0.0,0.0,0.0,0.0,0,0,0,0,unknown
061303,747328,01/01/2021,12/31/2021,0.0,0.0,0.0,0.0,0.0,0.0,0.0,0,0,0,0,unknown
141302,747368,10/01/2020,09/30/2021,0.0,0.0,0.0,0.0,0.0,0.0,0.0,0,0,0,0,unknown
192023,747375,01/01/2021,08/31/2021,0.0,0.0,0.0,0.0,0.0,0.0,0.0,0,0,0,0,unknown
491303,747406,10/01/2020,09/30/2021,0.0,0.0,0.0,0.0,0.0,0.0,0.0,0,0,0,0,unknown
032001,747411,12/01/2020,11/30/2021,0.0,0.0,0.0,0.0,0.0,0.0,0.0,0,0,0,0,unknown
114004,747419,01/01/2021,12/31/2021,0.0,0.0,0.0,0.0,0.0,0.0,0.0,0,0,0,0,unknown
171309,747424,01/01/2021,12/31/2021,0.0,0.0,0.0,0.0,0.0,0.0,0.0,0,0,0,0,unknown
261306,747435,11/01/2020,10/31/2021,0.0,0.0,0.0,0.0,0.0,0.0,0.0,0,0,0,0,unknown
491302,747451,10/01/2020,09/30/2021,0.0,0.0,0.0,0.0,0.0,0.0,0.0,0,0,0,0,unknown
491304,747452,10/01/2020,09/30/2021,0.0,0.0,0.0,0.0,0.0,0.0,0.0,0,0,0,0,unknown
144042,747468,10/01/2020,09/30/2021,0.0,0.0,0.0,0.0,0.0,0.0,0.0,0,0,0,0,unknown
154066,747470,01/01/2021,12/31/2021,0.0,0.0,0.0,0.0,0.0,0.0,0.0,0,0,0,0,unknown
171303,747471,01/01/2021,12/31/2021,0.0,0.0,0.0,0.0,0.0,0.0,0.0,0,0,0,0,unknown
171334,747472,01/01/2021,12/31/2021,0.0,0.0,0.0,0.0,0.0,0.0,0.0,0,0,0,0,unknown
241344,747481,10/01/2020,09/30/2021,0.0,0.0,0.0,0.0,0.0,0.0,0.0,0,0,0,0,unknown
262017,747486,11/01/2020,10/31/2021,0.0,0.0,0.0,0.0,0.0,0.0,0.0,0,0,0,0,unknown
281355,747487,01/01/2021,12/31/2021,0.0,0.0,0.0,0.0,0.0,0.0,0.0,0,0,0,0,unknown
141325,747536,10/01/2020,09/30/2021,0.0,0.0,0.0,0.0,0.0,0.0,0.0,0,0,0,0,unknown
181306,747540,10/01/2020,09/30/2021,0.0,0.0,0.0,0.0,0.0,0.0,0.0,0,0,0,0,unknown
181315,747541,10/01/2020,09/30/2021,0.0,0.0,0.0,0.0,0.0,0.0,0.0,0,0,0,0,unknown
304000,747546,07/01/2021,06/30/2022,0.0,0.0,0.0,0.0,0.0,0.0,0.0,0,0,0,0,unknown
341319,747551,11/01/2020,10/31/2021,0.0,0.0,0.0,0.0,0.0,0.0,0.0,0,0,0,0,unknown
361311,747553,01/01/2021,12/31/2021,0.0,0.0,0.0,0.0,0.0,0.0,0.0,0,0,0,0,unknown
361312,747554,01/01/2021,12/31/2021,0.0,0.0,0.0,0.0,0.0,0.0,0.0,0,0,0,0,unknown
361321,747555,01/01/2021,12/31/2021,0.0,0.0,0.0,0.0,0.0,0.0,0.0,0,0,0,0,unknown
362036,747556,01/01/2021,12/31/2021,0.0,0.0,0.0,0.0,0.0,0.0,0.0,0,0,0,0,unknown
364041,747557,01/01/2021,12/31/2021,0.0,0.0,0.0,0.0,0.0,0.0,0.0,0,0,0,0,unknown
364053,747558,01/01/2021,12/31/2021,0.0,0.0,0.0,0.0,0.0,0.0,0.0,0,0,0,0,unknown
452106,747569,10/01/2020,09/30/2021,0.0,0.0,0.0,0.0,0.0,0.0,0.0,0,0,0,0,unknown
131309,747601,10/01/2020,07/31/2021,0.0,0.0,0.0,0.0,0.0,0.0,0.0,0,0,0,0,unknown
171361,747607,10/01/2020,09/30/2021,0.0,0.0,0.0,0.0,0.0,0.0,0.0,0,0,0,0,unknown
234035,747612,10/01/2020,09/30/2021,0.0,0.0,0.0,0.0,0.0,0.0,0.0,0,0,0,0,unknown
171374,747653,01/01/2021,12/31/2021,0.0,0.0,0.0,0.0,0.0,0.0,0.0,0,0,0,0,unknown
251307,747660,10/01/2020,09/30/2021,0.0,0.0,0.0,0.0,0.0,0.0,0.0,0,0,0,0,unknown
251329,747661,10/01/2020,09/30/2021,0.0,0.0,0.0,0.0,0.0,0.0,0.0,0,0,0,0,unknown
342017,747673,10/01/2020,09/30/2021,0.0,0.0,0.0,0.0,0.0,0.0,0.0,0,0,0,0,unknown
011302,747687,10/01/2020,09/30/2021,0.0,0.0,0.0,0.0,0.0,0.0,0.0,0,0,0,0,unknown
111318,747696,10/01/2020,09/30/2021,0.0,0.0,0.0,0.0,0.0,0.0,0.0,0,0,0,0,unknown
111332,747697,10/01/2020,09/30/2021,0.0,0.0,0.0,0.0,0.0,0.0,0.0,0,0,0,0,unknown
151305,747714,10/01/2020,09/30/2021,0.0,0.0,0.0,0.0,0.0,0.0,0.0,0,0,0,0,unknown
454064,747750,01/01/2021,12/31/2021,0.0,0.0,0.0,0.0,0.0,0.0,0.0,0,0,0,0,unknown
151319,747758,10/01/2020,09/30/2021,0.0,0.0,0.0,0.0,0.0,0.0,0.0,0,0,0,0,unknown
184009,747762,01/01/2021,12/31/2021,0.0,0.0,0.0,0.0,0.0,0.0,0.0,0,0,0,0,unknown
251326,747768,10/01/2020,09/30/2021,0.0,0.0,0.0,0.0,0.0,0.0,0.0,0,0,0,0,unknown
301306,747769,05/01/2021,09/30/2021,0.0,0.0,0.0,0.0,0.0,0.0,0.0,0,0,0,0,unknown
141318,747792,10/01/2020,09/30/2021,0.0,0.0,0.0,0.0,0.0,0.0,0.0,0,0,0,0,unknown
152014,747794,01/01/2021,12/31/2021,0.0,0.0,0.0,0.0,0.0,0.0,0.0,0,0,0,0,unknown
161324,747795,10/01/2020,09/30/2021,0.0,0.0,0.0,0.0,0.0,0.0,0.0,0,0,0,0,unknown
222048,747803,10/01/2020,09/30/2021,0.0,0.0,0.0,0.0,0.0,0.0,0.0,0,0,0,0,unknown
241337,747808,01/01/2021,12/31/2021,0.0,0.0,0.0,0.0,0.0,0.0,0.0,0,0,0,0,unknown
451358,747825,10/01/2020,09/30/2021,0.0,0.0,0.0,0.0,0.0,0.0,0.0,0,0,0,0,unknown
454133,747828,01/01/2021,12/31/2021,0.0,0.0,0.0,0.0,0.0,0.0,0.0,0,0,0,0,unknown
531306,747829,01/01/2021,12/31/2021,0.0,0.0,0.0,0.0,0.0,0.0,0.0,0,0,0,0,unknown
104073,747842,11/01/2020,10/31/2021,0.0,0.0,0.0,0.0,0.0,0.0,0.0,0,0,0,0,unknown
131302,747845,10/01/2020,09/30/2021,0.0,0.0,0.0,0.0,0.0,0.0,0.0,0,0,0,0,unknown
194069,747856,01/01/2021,12/31/2021,0.0,0.0,0.0,0.0,0.0,0.0,0.0,0,0,0,0,unknown
222027,747857,01/01/2021,12/31/2021,0.0,0.0,0.0,0.0,0.0,0.0,0.0,0,0,0,0,unknown
234025,747859,10/01/2020,09/30/2021,0.0,0.0,0.0,0.0,0.0,0.0,0.0,0,0,0,0,unknown
234026,747860,10/01/2020,09/30/2021,0.0,0.0,0.0,0.0,0.0,0.0,0.0,0,0,0,0,unknown
234038,747861,01/01/2021,12/31/2021,0.0,0.0,0.0,0.0,0.0,0.0,0.0,0,0,0,0,unknown
281354,747865,01/01/2021,12/31/2021,0.0,0.0,0.0,0.0,0.0,0.0,0.0,0,0,0,0,unknown
361327,747870,10/01/2020,09/30/2021,0.0,0.0,0.0,0.0,0.0,0.0,0.0,0,0,0,0,unknown
451306,747886,10/01/2020,09/30/2021,0.0,0.0,0.0,0.0,0.0,0.0,0.0,0,0,0,0,unknown
451351,747887,10/01/2020,09/30/2021,0.0,0.0,0.0,0.0,0.0,0.0,0.0,0,0,0,0,unknown
451372,747888,10/01/2020,09/30/2021,0.0,0.0,0.0,0.0,0.0,0.0,0.0,0,0,0,0,unknown
194103,747905,10/01/2020,09/30/2021,0.0,0.0,0.0,0.0,0.0,0.0,0.0,0,0,0,0,unknown
231340,747907,01/30/2021,09/30/2021,0.0,0.0,0.0,0.0,0.0,0.0,0.0,0,0,0,0,unknown
251333,747909,10/01/2020,09/30/2021,0.0,0.0,0.0,0.0,0.0,0.0,0.0,0,0,0,0,unknown
451309,747925,10/01/2020,09/30/2021,0.0,0.0,0.0,0.0,0.0,0.0,0.0,0,0,0,0,unknown
451355,747926,10/01/2020,09/30/2021,0.0,0.0,0.0,0.0,0.0,0.0,0.0,0,0,0,0,unknown
031305,747929,10/01/2020,09/30/2021,0.0,0.0,0.0,0.0,0.0,0.0,0.0,0,0,0,0,unknown
031307,747930,10/01/2020,09/30/2021,0.0,0.0,0.0,0.0,0.0,0.0,0.0,0,0,0,0,unknown
041311,747931,10/01/2020,09/30/2021,0.0,0.0,0.0,0.0,0.0,0.0,0.0,0,0,0,0,unknown
054145,747936,10/01/2020,09/30/2021,0.0,0.0,0.0,0.0,0.0,0.0,0.0,0,0,0,0,unknown
131313,747942,10/01/2020,09/30/2021,0.0,0.0,0.0,0.0,0.0,0.0,0.0,0,0,0,0,unknown
131315,747943,10/01/2020,09/30/2021,0.0,0.0,0.0,0.0,0.0,0.0,0.0,0,0,0,0,unknown
231317,747947,01/01/2021,12/31/2021,0.0,0.0,0.0,0.0,0.0,0.0,0.0,0,0,0,0,unknown
241314,747953,10/01/2020,09/30/2021,0.0,0.0,0.0,0.0,0.0,0.0,0.0,0,0,0,0,unknown
371324,747964,10/01/2020,09/30/2021,0.0,0.0,0.0,0.0,0.0,0.0,0.0,0,0,0,0,unknown
422006,747965,10/01/2020,09/30/2021,0.0,0.0,0.0,0.0,0.0,0.0,0.0,0,0,0,0,unknown
441301,747967,10/01/2020,09/30/2021,0.0,0.0,0.0,0.0,0.0,0.0,0.0,0,0,0,0,unknown
451330,747972,10/01/2020,09/30/2021,0.0,0.0,0.0,0.0,0.0,0.0,0.0,0,0,0,0,unknown
451343,747973,10/01/2020,09/30/2021,0.0,0.0,0.0,0.0,0.0,0.0,0.0,0,0,0,0,unknown
521331,747977,10/01/2020,09/30/2021,0.0,0.0,0.0,0.0,0.0,0.0,0.0,0,0,0,0,unknown
111303,747989,10/01/2020,09/30/2021,0.0,0.0,0.0,0.0,0.0,0.0,0.0,0,0,0,0,unknown
144026,747994,01/01/2021,12/31/2021,0.0,0.0,0.0,0.0,0.0,0.0,0.0,0,0,0,0,unknown
151317,747995,01/01/2021,12/31/2021,0.0,0.0,0.0,0.0,0.0,0.0,0.0,0,0,0,0,unknown
171310,747999,01/01/2021,12/31/2021,0.0,0.0,0.0,0.0,0.0,0.0,0.0,0,0,0,0,unknown
191317,748003,10/01/2020,09/30/2021,0.0,0.0,0.0,0.0,0.0,0.0,0.0,0,0,0,0,unknown
281330,748011,10/01/2020,09/30/2021,0.0,0.0,0.0,0.0,0.0,0.0,0.0,0,0,0,0,unknown
281364,748012,10/01/2020,09/30/2021,0.0,0.0,0.0,0.0,0.0,0.0,0.0,0,0,0,0,unknown
521347,748027,10/01/2020,09/30/2021,0.0,0.0,0.0,0.0,0.0,0.0,0.0,0,0,0,0,unknown
021305,748030,10/01/2020,09/30/2021,0.0,0.0,0.0,0.0,0.0,0.0,0.0,0,0,0,0,unknown
031311,748031,10/01/2020,09/30/2021,0.0,0.0,0.0,0.0,0.0,0.0,0.0,0,0,0,0,unknown
054077,748036,01/01/2021,12/31/2021,0.0,0.0,0.0,0.0,0.0,0.0,0.0,0,0,0,0,unknown
054078,748037,01/01/2021,12/31/2021,0.0,0.0,0.0,0.0,0.0,0.0,0.0,0,0,0,0,unknown
171314,748048,01/01/2021,12/31/2021,0.0,0.0,0.0,0.0,0.0,0.0,0.0,0,0,0,0,unknown
171331,748049,01/01/2021,12/31/2021,0.0,0.0,0.0,0.0,0.0,0.0,0.0,0,0,0,0,unknown
171335,748050,01/01/2021,12/31/2021,0.0,0.0,0.0,0.0,0.0,0.0,0.0,0,0,0,0,unknown
241341,748058,10/01/2020,09/30/2021,0.0,0.0,0.0,0.0,0.0,0.0,0.0,0,0,0,0,unknown
261322,748061,10/01/2020,09/30/2021,0.0,0.0,0.0,0.0,0.0,0.0,0.0,0,0,0,0,unknown
283300,748063,01/01/2021,12/31/2021,0.0,0.0,0.0,0.0,0.0,0.0,0.0,0,0,0,0,unknown
451344,748071,10/01/2020,09/30/2021,0.0,0.0,0.0,0.0,0.0,0.0,0.0,0,0,0,0,unknown
451363,748072,10/01/2020,09/30/2021,0.0,0.0,0.0,0.0,0.0,0.0,0.0,0,0,0,0,unknown
451378,748073,10/01/2020,09/30/2021,0.0,0.0,0.0,0.0,0.0,0.0,0.0,0,0,0,0,unknown
452114,748075,10/01/2020,09/30/2021,0.0,0.0,0.0,0.0,0.0,0.0,0.0,0,0,0,0,unknown
131319,748098,10/01/2020,09/30/2021,0.0,0.0,0.0,0.0,0.0,0.0,0.0,0,0,0,0,unknown
171336,748102,01/01/2021,12/31/2021,0.0,0.0,0.0,0.0,0.0,0.0,0.0,0,0,0,0,unknown
171355,748103,01/01/2021,12/31/2021,0.0,0.0,0.0,0.0,0.0,0.0,0.0,0,0,0,0,unknown
171382,748104,10/01/2020,09/30/2021,0.0,0.0,0.0,0.0,0.0,0.0,0.0,0,0,0,0,unknown
191310,748107,10/01/2020,09/30/2021,0.0,0.0,0.0,0.0,0.0,0.0,0.0,0,0,0,0,unknown
194031,748108,01/01/2021,12/31/2021,0.0,0.0,0.0,0.0,0.0,0.0,0.0,0,0,0,0,unknown
224018,748109,01/01/2021,12/31/2021,0.0,0.0,0.0,0.0,0.0,0.0,0.0,0,0,0,0,unknown
241318,748110,10/01/2020,09/30/2021,0.0,0.0,0.0,0.0,0.0,0.0,0.0,0,0,0,0,unknown
281341,748114,10/01/2020,09/30/2021,0.0,0.0,0.0,0.0,0.0,0.0,0.0,0,0,0,0,unknown
281365,748115,10/01/2020,09/30/2021,0.0,0.0,0.0,0.0,0.0,0.0,0.0,0,0,0,0,unknown
354004,748120,10/01/2020,09/30/2021,0.0,0.0,0.0,0.0,0.0,0.0,0.0,0,0,0,0,unknown
361318,748125,01/01/2021,12/31/2021,0.0,0.0,0.0,0.0,0.0,0.0,0.0,0,0,0,0,unknown
361332,748126,01/01/2021,12/31/2021,0.0,0.0,0.0,0.0,0.0,0.0,0.0,0,0,0,0,unknown
451301,748136,10/01/2020,09/30/2021,0.0,0.0,0.0,0.0,0.0,0.0,0.0,0,0,0,0,unknown
451362,748137,10/01/2020,09/30/2021,0.0,0.0,0.0,0.0,0.0,0.0,0.0,0,0,0,0,unknown
451375,748138,10/01/2020,09/30/2021,0.0,0.0,0.0,0.0,0.0,0.0,0.0,0,0,0,0,unknown
451394,748139,10/01/2020,09/30/2021,0.0,0.0,0.0,0.0,0.0,0.0,0.0,0,0,0,0,unknown
171337,748164,10/01/2020,09/30/2021,0.0,0.0,0.0,0.0,0.0,0.0,0.0,0,0,0,0,unknown
171349,748166,10/01/2020,09/30/2021,0.0,0.0,0.0,0.0,0.0,0.0,0.0,0,0,0,0,unknown
451311,748193,10/01/2020,09/30/2021,0.0,0.0,0.0,0.0,0.0,0.0,0.0,0,0,0,0,unknown
451323,748195,10/01/2020,09/30/2021,0.0,0.0,0.0,0.0,0.0,0.0,0.0,0,0,0,0,unknown
451340,748196,10/01/2020,09/30/2021,0.0,0.0,0.0,0.0,0.0,0.0,0.0,0,0,0,0,unknown
054124,748208,07/01/2021,06/30/2022,0.0,0.0,0.0,0.0,0.0,0.0,0.0,0,0,0,0,unknown
131304,748214,10/01/2020,09/30/2021,0.0,0.0,0.0,0.0,0.0,0.0,0.0,0,0,0,0,unknown
151315,748215,10/01/2020,09/30/2021,0.0,0.0,0.0,0.0,0.0,0.0,0.0,0,0,0,0,unknown
231329,748222,10/01/2020,09/30/2021,0.0,0.0,0.0,0.0,0.0,0.0,0.0,0,0,0,0,unknown
431325,748238,10/01/2020,09/30/2021,0.0,0.0,0.0,0.0,0.0,0.0,0.0,0,0,0,0,unknown
673077,748249,02/16/2021,12/31/2021,0.0,0.0,0.0,0.0,0.0,0.0,0.0,0,0,0,0,unknown
141313,748260,10/01/2020,09/30/2021,0.0,0.0,0.0,0.0,0.0,0.0,0.0,0,0,0,0,unknown
394052,748284,01/01/2021,12/31/2021,0.0,0.0,0.0,0.0,0.0,0.0,0.0,0,0,0,0,unknown
101311,748320,10/01/2020,09/30/2021,0.0,0.0,0.0,0.0,0.0,0.0,0.0,0,0,0,0,unknown
131305,748321,10/01/2020,09/30/2021,0.0,0.0,0.0,0.0,0.0,0.0,0.0,0,0,0,0,unknown
131310,748322,10/01/2020,09/30/2021,0.0,0.0,0.0,0.0,0.0,0.0,0.0,0,0,0,0,unknown
232039,748342,10/01/2020,09/30/2021,0.0,0.0,0.0,0.0,0.0,0.0,0.0,0,0,0,0,unknown
241336,748344,10/01/2020,09/30/2021,0.0,0.0,0.0,0.0,0.0,0.0,0.0,0,0,0,0,unknown
241358,748345,10/01/2020,09/30/2021,0.0,0.0,0.0,0.0,0.0,0.0,0.0,0,0,0,0,unknown
241376,748346,10/01/2020,09/30/2021,0.0,0.0,0.0,0.0,0.0,0.0,0.0,0,0,0,0,unknown
264032,748348,01/01/2021,12/31/2021,0.0,0.0,0.0,0.0,0.0,0.0,0.0,0,0,0,0,unknown
271315,748349,10/01/2020,09/30/2021,0.0,0.0,0.0,0.0,0.0,0.0,0.0,0,0,0,0,unknown
281319,748350,10/01/2020,09/30/2021,0.0,0.0,0.0,0.0,0.0,0.0,0.0,0,0,0,0,unknown
351327,748355,10/01/2020,09/30/2021,0.0,0.0,0.0,0.0,0.0,0.0,0.0,0,0,0,0,unknown
492008,748364,01/01/2021,12/31/2021,0.0,0.0,0.0,0.0,0.0,0.0,0.0,0,0,0,0,unknown
521338,748366,10/01/2020,09/30/2021,0.0,0.0,0.0,0.0,0.0,0.0,0.0,0,0,0,0,unknown
052043,748370,07/01/2021,06/30/2022,0.0,0.0,0.0,0.0,0.0,0.0,0.0,0,0,0,0,unknown
062014,748372,09/01/2021,08/31/2022,0.0,0.0,0.0,0.0,0.0,0.0,0.0,0,0,0,0,unknown
094004,748374,01/01/2021,12/31/2021,0.0,0.0,0.0,0.0,0.0,0.0,0.0,0,0,0,0,unknown
161381,748383,01/01/2021,12/31/2021,0.0,0.0,0.0,0.0,0.0,0.0,0.0,0,0,0,0,unknown
171312,748384,01/01/2021,12/31/2021,0.0,0.0,0.0,0.0,0.0,0.0,0.0,0,0,0,0,unknown
171363,748386,01/01/2021,12/31/2021,0.0,0.0,0.0,0.0,0.0,0.0,0.0,0,0,0,0,unknown
182002,748389,07/01/2021,06/30/2022,0.0,0.0,0.0,0.0,0.0,0.0,0.0,0,0,0,0,unknown
194082,748393,01/01/2021,12/31/2021,0.0,0.0,0.0,0.0,0.0,0.0,0.0,0,0,0,0,unknown
241312,748396,01/01/2021,12/31/2021,0.0,0.0,0.0,0.0,0.0,0.0,0.0,0,0,0,0,unknown
251336,748400,10/01/2020,09/30/2021,0.0,0.0,0.0,0.0,0.0,0.0,0.0,0,0,0,0,unknown
261313,748406,01/01/2021,12/31/2021,0.0,0.0,0.0,0.0,0.0,0.0,0.0,0,0,0,0,unknown
281322,748407,01/01/2021,12/31/2021,0.0,0.0,0.0,0.0,0.0,0.0,0.0,0,0,0,0,unknown
283301,748408,01/01/2021,12/31/2021,0.0,0.0,0.0,0.0,0.0,0.0,0.0,0,0,0,0,unknown
351316,748416,10/01/2020,09/30/2021,0.0,0.0,0.0,0.0,0.0,0.0,0.0,0,0,0,0,unknown
361309,748429,11/01/2020,10/31/2021,0.0,0.0,0.0,0.0,0.0,0.0,0.0,0,0,0,0,unknown
361310,748430,01/01/2021,12/31/2021,0.0,0.0,0.0,0.0,0.0,0.0,0.0,0,0,0,0,unknown
361334,748431,01/01/2021,12/31/2021,0.0,0.0,0.0,0.0,0.0,0.0,0.0,0,0,0,0,unknown
363305,748435,01/01/2021,12/31/2021,0.0,0.0,0.0,0.0,0.0,0.0,0.0,0,0,0,0,unknown
364007,748436,07/01/2021,06/30/2022,0.0,0.0,0.0,0.0,0.0,0.0,0.0,0,0,0,0,unknown
364011,748437,07/01/2021,06/30/2022,0.0,0.0,0.0,0.0,0.0,0.0,0.0,0,0,0,0,unknown
364051,748438,01/01/2021,12/31/2021,0.0,0.0,0.0,0.0,0.0,0.0,0.0,0,0,0,0,unknown
364060,748439,01/01/2021,12/31/2021,0.0,0.0,0.0,0.0,0.0,0.0,0.0,0,0,0,0,unknown
452097,748448,08/01/2021,07/31/2022,0.0,0.0,0.0,0.0,0.0,0.0,0.0,0,0,0,0,unknown
454151,748449,12/22/2020,12/31/2021,0.0,0.0,0.0,0.0,0.0,0.0,0.0,0,0,0,0,unknown
064007,748461,01/01/2021,12/31/2021,0.0,0.0,0.0,0.0,0.0,0.0,0.0,0,0,0,0,unknown
232020,748470,10/01/2020,09/30/2021,0.0,0.0,0.0,0.0,0.0,0.0,0.0,0,0,0,0,unknown
454012,748488,01/01/2021,12/31/2021,0.0,0.0,0.0,0.0,0.0,0.0,0.0,0,0,0,0,unknown
054069,748503,01/01/2021,12/31/2021,0.0,0.0,0.0,0.0,0.0,0.0,0.0,0,0,0,0,unknown
054095,748504,01/01/2021,12/31/2021,0.0,0.0,0.0,0.0,0.0,0.0,0.0,0,0,0,0,unknown
131311,748516,10/01/2020,09/30/2021,0.0,0.0,0.0,0.0,0.0,0.0,0.0,0,0,0,0,unknown
131323,748517,10/01/2020,09/30/2021,0.0,0.0,0.0,0.0,0.0,0.0,0.0,0,0,0,0,unknown
231323,748555,01/01/2021,12/31/2021,0.0,0.0,0.0,0.0,0.0,0.0,0.0,0,0,0,0,unknown
451350,748584,10/01/2020,09/30/2021,0.0,0.0,0.0,0.0,0.0,0.0,0.0,0,0,0,0,unknown
451353,748585,10/01/2020,09/30/2021,0.0,0.0,0.0,0.0,0.0,0.0,0.0,0,0,0,0,unknown
451359,748586,10/01/2020,09/30/2021,0.0,0.0,0.0,0.0,0.0,0.0,0.0,0,0,0,0,unknown
474001,748592,01/01/2021,12/31/2021,0.0,0.0,0.0,0.0,0.0,0.0,0.0,0,0,0,0,unknown
114032,748612,01/01/2021,12/31/2021,0.0,0.0,0.0,0.0,0.0,0.0,0.0,0,0,0,0,unknown
231316,748626,10/01/2020,09/30/2021,0.0,0.0,0.0,0.0,0.0,0.0,0.0,0,0,0,0,unknown
281300,748630,01/01/2021,12/31/2021,0.0,0.0,0.0,0.0,0.0,0.0,0.0,0,0,0,0,unknown
281336,748631,10/01/2020,09/30/2021,0.0,0.0,0.0,0.0,0.0,0.0,0.0,0,0,0,0,unknown
392037,748656,06/01/2021,05/31/2022,0.0,0.0,0.0,0.0,0.0,0.0,0.0,0,0,0,0,unknown
444004,748658,01/01/2021,12/31/2021,0.0,0.0,0.0,0.0,0.0,0.0,0.0,0,0,0,0,unknown
461310,748660,10/01/2020,09/30/2021,0.0,0.0,0.0,0.0,0.0,0.0,0.0,0,0,0,0,unknown
021314,748668,10/01/2020,09/30/2021,0.0,0.0,0.0,0.0,0.0,0.0,0.0,0,0,0,0,unknown
053300,748669,10/01/2020,09/30/2021,0.0,0.0,0.0,0.0,0.0,0.0,0.0,0,0,0,0,unknown
101309,748677,10/01/2020,09/30/2021,0.0,0.0,0.0,0.0,0.0,0.0,0.0,0,0,0,0,unknown
181331,748684,07/01/2021,06/30/2022,0.0,0.0,0.0,0.0,0.0,0.0,0.0,0,0,0,0,unknown
191318,748686,10/01/2020,09/30/2021,0.0,0.0,0.0,0.0,0.0,0.0,0.0,0,0,0,0,unknown
194086,748688,01/01/2021,12/31/2021,0.0,0.0,0.0,0.0,0.0,0.0,0.0,0,0,0,0,unknown
231314,748695,10/01/2020,09/30/2021,0.0,0.0,0.0,0.0,0.0,0.0,0.0,0,0,0,0,unknown
271339,748706,10/01/2020,09/30/2021,0.0,0.0,0.0,0.0,0.0,0.0,0.0,0,0,0,0,unknown
362037,748716,07/01/2021,06/30/2022,0.0,0.0,0.0,0.0,0.0,0.0,0.0,0,0,0,0,unknown
364055,748720,07/01/2021,06/30/2022,0.0,0.0,0.0,0.0,0.0,0.0,0.0,0,0,0,0,unknown
371309,748723,10/01/2020,09/30/2021,0.0,0.0,0.0,0.0,0.0,0.0,0.0,0,0,0,0,unknown
451392,748732,10/01/2020,09/30/2021,0.0,0.0,0.0,0.0,0.0,0.0,0.0,0,0,0,0,unknown
492001,748734,07/01/2021,06/30/2022,0.0,0.0,0.0,0.0,0.0,0.0,0.0,0,0,0,0,unknown
131308,748748,10/01/2020,09/30/2021,0.0,0.0,0.0,0.0,0.0,0.0,0.0,0,0,0,0,unknown
191309,748755,10/01/2020,09/30/2021,0.0,0.0,0.0,0.0,0.0,0.0,0.0,0,0,0,0,unknown
281320,748760,10/01/2020,09/30/2021,0.0,0.0,0.0,0.0,0.0,0.0,0.0,0,0,0,0,unknown
451310,748787,10/01/2020,09/30/2021,0.0,0.0,0.0,0.0,0.0,0.0,0.0,0,0,0,0,unknown
451314,748788,10/01/2020,09/30/2021,0.0,0.0,0.0,0.0,0.0,0.0,0.0,0,0,0,0,unknown
451329,748789,10/01/2020,09/30/2021,0.0,0.0,0.0,0.0,0.0,0.0,0.0,0,0,0,0,unknown
451347,748790,10/01/2020,09/30/2021,0.0,0.0,0.0,0.0,0.0,0.0,0.0,0,0,0,0,unknown
494025,748792,01/01/2021,12/31/2021,0.0,0.0,0.0,0.0,0.0,0.0,0.0,0,0,0,0,unknown
021308,748799,10/01/2020,09/30/2021,0.0,0.0,0.0,0.0,0.0,0.0,0.0,0,0,0,0,unknown
171311,748811,01/01/2021,12/31/2021,0.0,0.0,0.0,0.0,0.0,0.0,0.0,0,0,0,0,unknown
224023,748813,01/01/2021,12/31/2021,0.0,0.0,0.0,0.0,0.0,0.0,0.0,0,0,0,0,unknown
261327,748817,11/01/2020,10/31/2021,0.0,0.0,0.0,0.0,0.0,0.0,0.0,0,0,0,0,unknown
371335,748835,01/01/2021,12/31/2021,0.0,0.0,0.0,0.0,0.0,0.0,0.0,0,0,0,0,unknown
041310,748846,10/01/2020,09/30/2021,0.0,0.0,0.0,0.0,0.0,0.0,0.0,0,0,0,0,unknown
054053,748848,01/01/2021,12/31/2021,0.0,0.0,0.0,0.0,0.0,0.0,0.0,0,0,0,0,unknown
061304,748850,01/01/2021,12/31/2021,0.0,0.0,0.0,0.0,0.0,0.0,0.0,0,0,0,0,unknown
144009,748858,01/01/2021,12/31/2021,0.0,0.0,0.0,0.0,0.0,0.0,0.0,0,0,0,0,unknown
451303,748897,10/01/2020,09/30/2021,0.0,0.0,0.0,0.0,0.0,0.0,0.0,0,0,0,0,unknown
521312,748903,01/01/2021,12/31/2021,0.0,0.0,0.0,0.0,0.0,0.0,0.0,0,0,0,0,unknown
101305,748908,10/01/2020,09/30/2021,0.0,0.0,0.0,0.0,0.0,0.0,0.0,0,0,0,0,unknown
194100,748916,01/01/2021,12/31/2021,0.0,0.0,0.0,0.0,0.0,0.0,0.0,0,0,0,0,unknown
231308,748918,04/01/2021,03/31/2022,0.0,0.0,0.0,0.0,0.0,0.0,0.0,0,0,0,0,unknown
231312,748919,04/01/2021,03/31/2022,0.0,0.0,0.0,0.0,0.0,0.0,0.0,0,0,0,0,unknown
313300,748925,01/01/2021,12/31/2021,0.0,0.0,0.0,0.0,0.0,0.0,0.0,0,0,0,0,unknown
394051,748932,07/01/2021,06/30/2022,0.0,0.0,0.0,0.0,0.0,0.0,0.0,0,0,0,0,unknown
451300,748936,10/01/2020,09/30/2021,0.0,0.0,0.0,0.0,0.0,0.0,0.0,0,0,0,0,unknown
453313,748939,10/01/2020,09/30/2021,0.0,0.0,0.0,0.0,0.0,0.0,0.0,0,0,0,0,unknown
512003,748942,11/01/2020,10/31/2021,0.0,0.0,0.0,0.0,0.0,0.0,0.0,0,0,0,0,unknown
031304,748948,01/01/2021,12/31/2021,0.0,0.0,0.0,0.0,0.0,0.0,0.0,0,0,0,0,unknown
181319,748965,01/01/2021,12/31/2021,0.0,0.0,0.0,0.0,0.0,0.0,0.0,0,0,0,0,unknown
181324,748966,04/01/2021,03/31/2022,0.0,0.0,0.0,0.0,0.0,0.0,0.0,0,0,0,0,unknown
271329,748972,10/01/2020,09/30/2021,0.0,0.0,0.0,0.0,0.0,0.0,0.0,0,0,0,0,unknown
361303,748988,01/01/2021,12/31/2021,0.0,0.0,0.0,0.0,0.0,0.0,0.0,0,0,0,0,unknown
364031,748989,07/01/2021,06/30/2022,0.0,0.0,0.0,0.0,0.0,0.0,0.0,0,0,0,0,unknown
454069,748997,01/01/2021,12/31/2021,0.0,0.0,0.0,0.0,0.0,0.0,0.0,0,0,0,0,unknown
021309,749011,10/01/2020,09/30/2021,0.0,0.0,0.0,0.0,0.0,0.0,0.0,0,0,0,0,unknown
131322,749021,10/01/2020,09/30/2021,0.0,0.0,0.0,0.0,0.0,0.0,0.0,0,0,0,0,unknown
161338,749025,07/01/2021,06/30/2022,0.0,0.0,0.0,0.0,0.0,0.0,0.0,0,0,0,0,unknown
234044,749029,01/01/2021,12/31/2021,0.0,0.0,0.0,0.0,0.0,0.0,0.0,0,0,0,0,unknown
281311,749032,07/01/2021,06/30/2022,0.0,0.0,0.0,0.0,0.0,0.0,0.0,0,0,0,0,unknown
351307,749036,10/01/2020,09/30/2021,0.0,0.0,0.0,0.0,0.0,0.0,0.0,0,0,0,0,unknown
351309,749037,01/01/2021,12/31/2021,0.0,0.0,0.0,0.0,0.0,0.0,0.0,0,0,0,0,unknown
131318,749056,10/01/2020,09/30/2021,0.0,0.0,0.0,0.0,0.0,0.0,0.0,0,0,0,0,unknown
161320,749059,01/01/2021,12/31/2021,0.0,0.0,0.0,0.0,0.0,0.0,0.0,0,0,0,0,unknown
234041,749061,10/01/2020,09/30/2021,0.0,0.0,0.0,0.0,0.0,0.0,0.0,0,0,0,0,unknown
451325,749082,10/01/2020,09/30/2021,0.0,0.0,0.0,0.0,0.0,0.0,0.0,0,0,0,0,unknown
454119,749083,01/01/2021,12/31/2021,0.0,0.0,0.0,0.0,0.0,0.0,0.0,0,0,0,0,unknown
171365,749106,01/01/2021,12/31/2021,0.0,0.0,0.0,0.0,0.0,0.0,0.0,0,0,0,0,unknown
191322,749108,10/01/2020,09/30/2021,0.0,0.0,0.0,0.0,0.0,0.0,0.0,0,0,0,0,unknown
281310,749110,01/01/2021,12/31/2021,0.0,0.0,0.0,0.0,0.0,0.0,0.0,0,0,0,0,unknown
051323,749138,01/01/2021,12/31/2021,0.0,0.0,0.0,0.0,0.0,0.0,0.0,0,0,0,0,unknown
141342,749154,01/01/2021,12/31/2021,0.0,0.0,0.0,0.0,0.0,0.0,0.0,0,0,0,0,unknown
171329,749156,01/01/2021,12/31/2021,0.0,0.0,0.0,0.0,0.0,0.0,0.0,0,0,0,0,unknown
171342,749157,01/01/2021,12/31/2021,0.0,0.0,0.0,0.0,0.0,0.0,0.0,0,0,0,0,unknown
262013,749164,11/01/2020,10/31/2021,0.0,0.0,0.0,0.0,0.0,0.0,0.0,0,0,0,0,unknown
312019,749167,11/01/2020,10/31/2021,0.0,0.0,0.0,0.0,0.0,0.0,0.0,0,0,0,0,unknown
442016,749194,11/01/2020,10/31/2021,0.0,0.0,0.0,0.0,0.0,0.0,0.0,0,0,0,0,unknown
051319,749209,07/01/2021,06/30/2022,0.0,0.0,0.0,0.0,0.0,0.0,0.0,0,0,0,0,unknown
181309,749224,07/01/2021,06/30/2022,0.0,0.0,0.0,0.0,0.0,0.0,0.0,0,0,0,0,unknown
184002,749228,07/01/2021,06/30/2022,0.0,0.0,0.0,0.0,0.0,0.0,0.0,0,0,0,0,unknown
184015,749229,07/01/2021,06/30/2022,0.0,0.0,0.0,0.0,0.0,0.0,0.0,0,0,0,0,unknown
361306,749257,01/01/2021,12/31/2021,0.0,0.0,0.0,0.0,0.0,0.0,0.0,0,0,0,0,unknown
361330,749258,01/01/2021,12/31/2021,0.0,0.0,0.0,0.0,0.0,0.0,0.0,0,0,0,0,unknown
442010,749270,10/01/2020,09/30/2021,0.0,0.0,0.0,0.0,0.0,0.0,0.0,0,0,0,0,unknown
511321,749285,01/01/2021,12/31/2021,0.0,0.0,0.0,0.0,0.0,0.0,0.0,0,0,0,0,unknown
191306,749325,11/01/2020,10/31/2021,0.0,0.0,0.0,0.0,0.0,0.0,0.0,0,0,0,0,unknown
312024,749332,04/01/2021,03/31/2022,0.0,0.0,0.0,0.0,0.0,0.0,0.0,0,0,0,0,unknown
451385,749448,07/01/2021,06/30/2022,0.0,0.0,0.0,0.0,0.0,0.0,0.0,0,0,0,0,unknown
171369,749478,01/01/2021,12/31/2021,0.0,0.0,0.0,0.0,0.0,0.0,0.0,0,0,0,0,unknown
171376,749479,01/01/2021,12/31/2021,0.0,0.0,0.0,0.0,0.0,0.0,0.0,0,0,0,0,unknown
191300,749480,11/01/2020,10/31/2021,0.0,0.0,0.0,0.0,0.0,0.0,0.0,0,0,0,0,unknown
331314,749489,01/01/2021,12/31/2021,0.0,0.0,0.0,0.0,0.0,0.0,0.0,0,0,0,0,unknown
522006,749508,11/01/2020,10/31/2021,0.0,0.0,0.0,0.0,0.0,0.0,0.0,0,0,0,0,unknown
061319,749526,01/01/2021,12/31/2021,0.0,0.0,0.0,0.0,0.0,0.0,0.0,0,0,0,0,unknown
241308,749557,01/01/2021,12/31/2021,0.0,0.0,0.0,0.0,0.0,0.0,0.0,0,0,0,0,unknown
241335,749558,01/01/2021,12/31/2021,0.0,0.0,0.0,0.0,0.0,0.0,0.0,0,0,0,0,unknown
521326,749611,01/01/2021,12/31/2021,0.0,0.0,0.0,0.0,0.0,0.0,0.0,0,0,0,0,unknown
182004,749644,09/01/2021,08/31/2022,0.0,0.0,0.0,0.0,0.0,0.0,0.0,0,0,0,0,unknown
314027,749661,01/01/2021,12/31/2021,0.0,0.0,0.0,0.0,0.0,0.0,0.0,0,0,0,0,unknown
364014,749667,07/01/2021,06/30/2022,0.0,0.0,0.0,0.0,0.0,0.0,0.0,0,0,0,0,unknown
381308,749675,07/01/2021,06/30/2022,0.0,0.0,0.0,0.0,0.0,0.0,0.0,0,0,0,0,unknown
454114,749710,01/01/2021,12/31/2021,0.0,0.0,0.0,0.0,0.0,0.0,0.0,0,0,0,0,unknown
531307,749713,01/01/2021,12/31/2021,0.0,0.0,0.0,0.0,0.0,0.0,0.0,0,0,0,0,unknown
054153,749727,01/01/2021,12/31/2021,0.0,0.0,0.0,0.0,0.0,0.0,0.0,0,0,0,0,unknown
464015,749801,01/01/2021,12/31/2021,0.0,0.0,0.0,0.0,0.0,0.0,0.0,0,0,0,0,unknown
503301,749803,01/01/2021,12/31/2021,0.0,0.0,0.0,0.0,0.0,0.0,0.0,0,0,0,0,unknown
114016,749823,01/01/2021,12/31/2021,0.0,0.0,0.0,0.0,0.0,0.0,0.0,0,0,0,0,unknown
114035,749824,01/01/2021,12/31/2021,0.0,0.0,0.0,0.0,0.0,0.0,0.0,0,0,0,0,unknown
194096,749841,01/01/2021,12/31/2021,0.0,0.0,0.0,0.0,0.0,0.0,0.0,0,0,0,0,unknown
241375,749844,01/01/2021,12/31/2021,0.0,0.0,0.0,0.0,0.0,0.0,0.0,0,0,0,0,unknown
344014,749857,01/01/2021,12/31/2021,0.0,0.0,0.0,0.0,0.0,0.0,0.0,0,0,0,0,unknown
444025,749871,01/01/2021,12/31/2021,0.0,0.0,0.0,0.0,0.0,0.0,0.0,0,0,0,0,unknown
444026,749872,01/01/2021,12/31/2021,0.0,0.0,0.0,0.0,0.0,0.0,0.0,0,0,0,0,unknown
151329,749915,01/01/2021,12/31/2021,0.0,0.0,0.0,0.0,0.0,0.0,0.0,0,0,0,0,unknown
371311,749928,07/01/2021,06/30/2022,0.0,0.0,0.0,0.0,0.0,0.0,0.0,0,0,0,0,unknown
141323,749996,04/01/2021,03/31/2022,0.0,0.0,0.0,0.0,0.0,0.0,0.0,0,0,0,0,unknown
151323,749998,01/01/2021,12/31/2021,0.0,0.0,0.0,0.0,0.0,0.0,0.0,0,0,0,0,unknown
271319,750007,11/01/2020,10/31/2021,0.0,0.0,0.0,0.0,0.0,0.0,0.0,0,0,0,0,unknown
363043,750011,12/29/2020,03/31/2021,0.0,0.0,0.0,0.0,0.0,0.0,0.0,0,0,0,0,unknown
521335,750038,01/01/2021,12/31/2021,0.0,0.0,0.0,0.0,0.0,0.0,0.0,0,0,0,0,unknown
021310,750045,10/01/2020,09/30/2021,0.0,0.0,0.0,0.0,0.0,0.0,0.0,0,0,0,0,unknown
151311,750067,01/01/2021,12/31/2021,0.0,0.0,0.0,0.0,0.0,0.0,0.0,0,0,0,0,unknown
194114,750073,01/01/2021,12/31/2021,0.0,0.0,0.0,0.0,0.0,0.0,0.0,0,0,0,0,unknown
281308,750080,07/01/2021,06/30/2022,0.0,0.0,0.0,0.0,0.0,0.0,0.0,0,0,0,0,unknown
362027,750087,12/01/2020,11/30/2021,0.0,0.0,0.0,0.0,0.0,0.0,0.0,0,0,0,0,unknown
101307,750135,10/01/2020,09/30/2021,0.0,0.0,0.0,0.0,0.0,0.0,0.0,0,0,0,0,unknown
424002,750168,01/01/2021,12/31/2021,0.0,0.0,0.0,0.0,0.0,0.0,0.0,0,0,0,0,unknown
424008,750169,01/01/2021,12/31/2021,0.0,0.0,0.0,0.0,0.0,0.0,0.0,0,0,0,0,unknown
431314,750170,01/01/2021,12/31/2021,0.0,0.0,0.0,0.0,0.0,0.0,0.0,0,0,0,0,unknown
451334,750186,06/01/2021,05/31/2022,0.0,0.0,0.0,0.0,0.0,0.0,0.0,0,0,0,0,unknown
453300,750187,10/01/2020,09/30/2021,0.0,0.0,0.0,0.0,0.0,0.0,0.0,0,0,0,0,unknown
511314,750192,07/01/2021,06/30/2022,0.0,0.0,0.0,0.0,0.0,0.0,0.0,0,0,0,0,unknown
171306,750204,01/01/2021,12/31/2021,0.0,0.0,0.0,0.0,0.0,0.0,0.0,0,0,0,0,unknown
194073,750208,01/01/2021,12/31/2021,0.0,0.0,0.0,0.0,0.0,0.0,0.0,0,0,0,0,unknown
344032,750302,01/01/2021,12/31/2021,0.0,0.0,0.0,0.0,0.0,0.0,0.0,0,0,0,0,unknown
424005,750310,07/01/2021,06/30/2022,0.0,0.0,0.0,0.0,0.0,0.0,0.0,0,0,0,0,unknown
424007,750311,01/01/2021,12/31/2021,0.0,0.0,0.0,0.0,0.0,0.0,0.0,0,0,0,0,unknown
424014,750312,01/01/2021,12/31/2021,0.0,0.0,0.0,0.0,0.0,0.0,0.0,0,0,0,0,unknown
041323,750346,10/01/2020,09/30/2021,0.0,0.0,0.0,0.0,0.0,0.0,0.0,0,0,0,0,unknown
042009,750347,06/01/2021,05/31/2022,0.0,0.0,0.0,0.0,0.0,0.0,0.0,0,0,0,0,unknown
050742,750352,01/01/2021,08/09/2021,0.0,0.0,0.0,0.0,0.0,0.0,0.0,0,0,0,0,unknown
102023,750358,12/01/2020,11/30/2021,0.0,0.0,0.0,0.0,0.0,0.0,0.0,0,0,0,0,unknown
141341,750361,01/01/2021,12/31/2021,0.0,0.0,0.0,0.0,0.0,0.0,0.0,0,0,0,0,unknown
181301,750366,01/01/2021,12/31/2021,0.0,0.0,0.0,0.0,0.0,0.0,0.0,0,0,0,0,unknown
361300,750388,01/01/2021,12/31/2021,0.0,0.0,0.0,0.0,0.0,0.0,0.0,0,0,0,0,unknown
361307,750389,01/01/2021,12/31/2021,0.0,0.0,0.0,0.0,0.0,0.0,0.0,0,0,0,0,unknown
361328,750390,01/01/2021,12/31/2021,0.0,0.0,0.0,0.0,0.0,0.0,0.0,0,0,0,0,unknown
363303,750391,01/01/2021,12/31/2021,0.0,0.0,0.0,0.0,0.0,0.0,0.0,0,0,0,0,unknown
364059,750392,01/01/2021,12/31/2021,0.0,0.0,0.0,0.0,0.0,0.0,0.0,0,0,0,0,unknown
670115,750424,01/01/2021,12/31/2021,0.0,0.0,0.0,0.0,0.0,0.0,0.0,0,0,0,0,unknown
131314,750439,12/01/2020,11/30/2021,0.0,0.0,0.0,0.0,0.0,0.0,0.0,0,0,0,0,unknown
154064,750442,01/01/2021,12/31/2021,0.0,0.0,0.0,0.0,0.0,0.0,0.0,0,0,0,0,unknown
171316,750446,01/01/2021,12/31/2021,0.0,0.0,0.0,0.0,0.0,0.0,0.0,0,0,0,0,unknown
192036,750451,01/01/2021,12/31/2021,0.0,0.0,0.0,0.0,0.0,0.0,0.0,0,0,0,0,unknown
424010,750469,01/01/2021,12/31/2021,0.0,0.0,0.0,0.0,0.0,0.0,0.0,0,0,0,0,unknown
462003,750477,01/01/2021,12/31/2021,0.0,0.0,0.0,0.0,0.0,0.0,0.0,0,0,0,0,unknown
194020,750502,01/01/2021,12/31/2021,0.0,0.0,0.0,0.0,0.0,0.0,0.0,0,0,0,0,unknown
442014,750534,12/01/2020,11/30/2021,0.0,0.0,0.0,0.0,0.0,0.0,0.0,0,0,0,0,unknown
201301,750559,10/01/2020,09/30/2021,0.0,0.0,0.0,0.0,0.0,0.0,0.0,0,0,0,0,unknown
464013,750592,01/01/2021,12/31/2021,0.0,0.0,0.0,0.0,0.0,0.0,0.0,0,0,0,0,unknown
521303,750594,01/01/2021,12/31/2021,0.0,0.0,0.0,0.0,0.0,0.0,0.0,0,0,0,0,unknown
041304,750601,01/01/2021,12/31/2021,0.0,0.0,0.0,0.0,0.0,0.0,0.0,0,0,0,0,unknown
104026,750609,01/01/2021,12/31/2021,0.0,0.0,0.0,0.0,0.0,0.0,0.0,0,0,0,0,unknown
104076,750610,01/01/2021,12/31/2021,0.0,0.0,0.0,0.0,0.0,0.0,0.0,0,0,0,0,unknown
111335,750615,12/01/2020,11/30/2021,0.0,0.0,0.0,0.0,0.0,0.0,0.0,0,0,0,0,unknown
171371,750616,01/01/2021,12/31/2021,0.0,0.0,0.0,0.0,0.0,0.0,0.0,0,0,0,0,unknown
241303,750617,01/01/2021,12/31/2021,0.0,0.0,0.0,0.0,0.0,0.0,0.0,0,0,0,0,unknown
251300,750618,01/01/2021,12/31/2021,0.0,0.0,0.0,0.0,0.0,0.0,0.0,0,0,0,0,unknown
454104,750636,01/01/2021,12/31/2021,0.0,0.0,0.0,0.0,0.0,0.0,0.0,0,0,0,0,unknown
111311,750644,01/01/2021,06/30/2021,0.0,0.0,0.0,0.0,0.0,0.0,0.0,0,0,0,0,unknown
111311,750645,07/01/2021,12/31/2021,0.0,0.0,0.0,0.0,0.0,0.0,0.0,0,0,0,0,unknown
131326,750646,01/01/2021,12/31/2021,0.0,0.0,0.0,0.0,0.0,0.0,0.0,0,0,0,0,unknown
251313,750660,10/01/2020,09/30/2021,0.0,0.0,0.0,0.0,0.0,0.0,0.0,0,0,0,0,unknown
052047,750674,01/01/2021,12/31/2021,0.0,0.0,0.0,0.0,0.0,0.0,0.0,0,0,0,0,unknown
174020,750686,01/01/2021,12/31/2021,0.0,0.0,0.0,0.0,0.0,0.0,0.0,0,0,0,0,unknown
184004,750689,07/01/2021,06/30/2022,0.0,0.0,0.0,0.0,0.0,0.0,0.0,0,0,0,0,unknown
361313,750706,01/01/2021,12/31/2021,0.0,0.0,0.0,0.0,0.0,0.0,0.0,0,0,0,0,unknown
364035,750710,07/01/2021,06/30/2022,0.0,0.0,0.0,0.0,0.0,0.0,0.0,0,0,0,0,unknown
451318,750713,10/01/2020,09/30/2021,0.0,0.0,0.0,0.0,0.0,0.0,0.0,0,0,0,0,unknown
521334,750715,01/01/2021,12/31/2021,0.0,0.0,0.0,0.0,0.0,0.0,0.0,0,0,0,0,unknown
102030,750731,12/01/2020,11/30/2021,0.0,0.0,0.0,0.0,0.0,0.0,0.0,0,0,0,0,unknown
114036,750735,01/01/2021,12/31/2021,0.0,0.0,0.0,0.0,0.0,0.0,0.0,0,0,0,0,unknown
241315,750739,01/01/2021,12/31/2021,0.0,0.0,0.0,0.0,0.0,0.0,0.0,0,0,0,0,unknown
344007,750745,01/01/2021,12/31/2021,0.0,0.0,0.0,0.0,0.0,0.0,0.0,0,0,0,0,unknown
344028,750746,01/01/2021,12/31/2021,0.0,0.0,0.0,0.0,0.0,0.0,0.0,0,0,0,0,unknown
384012,750750,01/01/2021,12/31/2021,0.0,0.0,0.0,0.0,0.0,0.0,0.0,0,0,0,0,unknown
424006,750752,01/01/2021,12/31/2021,0.0,0.0,0.0,0.0,0.0,0.0,0.0,0,0,0,0,unknown
451337,750757,10/01/2020,09/30/2021,0.0,0.0,0.0,0.0,0.0,0.0,0.0,0,0,0,0,unknown
452122,750758,01/01/2021,12/31/2021,0.0,0.0,0.0,0.0,0.0,0.0,0.0,0,0,0,0,unknown
524017,750759,01/01/2021,12/31/2021,0.0,0.0,0.0,0.0,0.0,0.0,0.0,0,0,0,0,unknown
031319,750760,09/28/2021,12/31/2021,0.0,0.0,0.0,0.0,0.0,0.0,0.0,0,0,0,0,unknown
103304,750769,01/01/2021,12/31/2021,0.0,0.0,0.0,0.0,0.0,0.0,0.0,0,0,0,0,unknown
114008,750771,01/01/2021,12/31/2021,0.0,0.0,0.0,0.0,0.0,0.0,0.0,0,0,0,0,unknown
190315,750778,01/01/2021,12/31/2021,0.0,0.0,0.0,0.0,0.0,0.0,0.0,0,0,0,0,unknown
224013,750781,01/01/2021,12/31/2021,0.0,0.0,0.0,0.0,0.0,0.0,0.0,0,0,0,0,unknown
234030,750783,01/01/2021,12/31/2021,0.0,0.0,0.0,0.0,0.0,0.0,0.0,0,0,0,0,unknown
241328,750784,01/01/2021,12/31/2021,0.0,0.0,0.0,0.0,0.0,0.0,0.0,0,0,0,0,unknown
451341,750806,10/01/2020,09/30/2021,0.0,0.0,0.0,0.0,0.0,0.0,0.0,0,0,0,0,unknown
451366,750807,10/01/2020,09/30/2021,0.0,0.0,0.0,0.0,0.0,0.0,0.0,0,0,0,0,unknown
454060,750809,01/01/2021,12/31/2021,0.0,0.0,0.0,0.0,0.0,0.0,0.0,0,0,0,0,unknown
111316,750817,01/01/2021,12/31/2021,0.0,0.0,0.0,0.0,0.0,0.0,0.0,0,0,0,0,unknown
171362,750820,01/01/2021,12/31/2021,0.0,0.0,0.0,0.0,0.0,0.0,0.0,0,0,0,0,unknown
194074,750824,01/01/2021,12/31/2021,0.0,0.0,0.0,0.0,0.0,0.0,0.0,0,0,0,0,unknown
221990,750826,01/01/2021,12/31/2021,0.0,0.0,0.0,0.0,0.0,0.0,0.0,0,0,0,0,unknown
241302,750829,01/01/2021,12/31/2021,0.0,0.0,0.0,0.0,0.0,0.0,0.0,0,0,0,0,unknown
294010,750835,01/01/2021,12/31/2021,0.0,0.0,0.0,0.0,0.0,0.0,0.0,0,0,0,0,unknown
331990,750837,01/01/2021,12/31/2021,0.0,0.0,0.0,0.0,0.0,0.0,0.0,0,0,0,0,unknown
362025,750840,01/01/2021,12/31/2021,0.0,0.0,0.0,0.0,0.0,0.0,0.0,0,0,0,0,unknown
444027,750854,01/01/2021,12/31/2021,0.0,0.0,0.0,0.0,0.0,0.0,0.0,0,0,0,0,unknown
491991,750866,01/01/2021,12/31/2021,0.0,0.0,0.0,0.0,0.0,0.0,0.0,0,0,0,0,unknown
044005,750871,01/01/2021,12/31/2021,0.0,0.0,0.0,0.0,0.0,0.0,0.0,0,0,0,0,unknown
112012,750877,01/01/2021,12/31/2021,0.0,0.0,0.0,0.0,0.0,0.0,0.0,0,0,0,0,unknown
114037,750878,01/01/2021,12/31/2021,0.0,0.0,0.0,0.0,0.0,0.0,0.0,0,0,0,0,unknown
171304,750888,01/01/2021,12/31/2021,0.0,0.0,0.0,0.0,0.0,0.0,0.0,0,0,0,0,unknown
241345,750895,01/01/2021,12/31/2021,0.0,0.0,0.0,0.0,0.0,0.0,0.0,0,0,0,0,unknown
314023,750902,01/01/2021,12/31/2021,0.0,0.0,0.0,0.0,0.0,0.0,0.0,0,0,0,0,unknown
362015,750904,07/01/2021,06/30/2022,0.0,0.0,0.0,0.0,0.0,0.0,0.0,0,0,0,0,unknown
444007,750908,03/01/2021,02/28/2022,0.0,0.0,0.0,0.0,0.0,0.0,0.0,0,0,0,0,unknown
454026,750910,01/01/2021,12/31/2021,0.0,0.0,0.0,0.0,0.0,0.0,0.0,0,0,0,0,unknown
154051,750924,01/01/2021,12/31/2021,0.0,0.0,0.0,0.0,0.0,0.0,0.0,0,0,0,0,unknown
454050,750953,01/01/2021,12/31/2021,0.0,0.0,0.0,0.0,0.0,0.0,0.0,0,0,0,0,unknown
344030,750976,01/01/2021,12/31/2021,0.0,0.0,0.0,0.0,0.0,0.0,0.0,0,0,0,0,unknown
044011,750984,07/01/2021,06/30/2022,0.0,0.0,0.0,0.0,0.0,0.0,0.0,0,0,0,0,unknown
064024,750989,01/01/2021,12/31/2021,0.0,0.0,0.0,0.0,0.0,0.0,0.0,0,0,0,0,unknown
084004,750992,01/01/2021,12/31/2021,0.0,0.0,0.0,0.0,0.0,0.0,0.0,0,0,0,0,unknown
102021,751006,01/01/2021,12/31/2021,0.0,0.0,0.0,0.0,0.0,0.0,0.0,0,0,0,0,unknown
104074,751007,01/01/2021,12/31/2021,0.0,0.0,0.0,0.0,0.0,0.0,0.0,0,0,0,0,unknown
231303,751036,01/01/2021,12/31/2021,0.0,0.0,0.0,0.0,0.0,0.0,0.0,0,0,0,0,unknown
241354,751040,01/01/2021,12/31/2021,0.0,0.0,0.0,0.0,0.0,0.0,0.0,0,0,0,0,unknown
241363,751041,01/01/2021,12/31/2021,0.0,0.0,0.0,0.0,0.0,0.0,0.0,0,0,0,0,unknown
404004,751051,01/01/2021,12/31/2021,0.0,0.0,0.0,0.0,0.0,0.0,0.0,0,0,0,0,unknown
451342,751060,10/01/2020,09/30/2021,0.0,0.0,0.0,0.0,0.0,0.0,0.0,0,0,0,0,unknown
521304,751063,01/01/2021,12/31/2021,0.0,0.0,0.0,0.0,0.0,0.0,0.0,0,0,0,0,unknown
521356,751064,10/01/2020,09/30/2021,0.0,0.0,0.0,0.0,0.0,0.0,0.0,0,0,0,0,unknown
171383,751079,01/01/2021,12/31/2021,0.0,0.0,0.0,0.0,0.0,0.0,0.0,0,0,0,0,unknown
224021,751082,01/01/2021,12/31/2021,0.0,0.0,0.0,0.0,0.0,0.0,0.0,0,0,0,0,unknown
232012,751085,02/01/2021,01/31/2022,0.0,0.0,0.0,0.0,0.0,0.0,0.0,0,0,0,0,unknown
241333,751086,01/01/2021,12/31/2021,0.0,0.0,0.0,0.0,0.0,0.0,0.0,0,0,0,0,unknown
331312,751088,01/01/2021,12/31/2021,0.0,0.0,0.0,0.0,0.0,0.0,0.0,0,0,0,0,unknown
151334,751107,01/01/2021,12/31/2021,0.0,0.0,0.0,0.0,0.0,0.0,0.0,0,0,0,0,unknown
241347,751116,01/01/2021,12/31/2021,0.0,0.0,0.0,0.0,0.0,0.0,0.0,0,0,0,0,unknown
313302,751121,01/01/2021,12/31/2021,0.0,0.0,0.0,0.0,0.0,0.0,0.0,0,0,0,0,unknown
361331,751128,05/02/2021,12/31/2021,0.0,0.0,0.0,0.0,0.0,0.0,0.0,0,0,0,0,unknown
374016,751129,01/01/2021,12/31/2021,0.0,0.0,0.0,0.0,0.0,0.0,0.0,0,0,0,0,unknown
452031,751137,07/01/2021,11/30/2021,0.0,0.0,0.0,0.0,0.0,0.0,0.0,0,0,0,0,unknown
454134,751138,01/01/2021,12/31/2021,0.0,0.0,0.0,0.0,0.0,0.0,0.0,0,0,0,0,unknown
521309,751140,01/01/2021,12/31/2021,0.0,0.0,0.0,0.0,0.0,0.0,0.0,0,0,0,0,unknown
523302,751141,01/01/2021,12/31/2021,0.0,0.0,0.0,0.0,0.0,0.0,0.0,0,0,0,0,unknown
094001,751153,10/01/2020,09/30/2021,0.0,0.0,0.0,0.0,0.0,0.0,0.0,0,0,0,0,unknown
112017,751162,01/01/2021,12/31/2021,0.0,0.0,0.0,0.0,0.0,0.0,0.0,0,0,0,0,unknown
314021,751175,01/01/2021,12/31/2021,0.0,0.0,0.0,0.0,0.0,0.0,0.0,0,0,0,0,unknown
441303,751202,01/01/2021,12/31/2021,0.0,0.0,0.0,0.0,0.0,0.0,0.0,0,0,0,0,unknown
504011,751209,01/01/2021,12/31/2021,0.0,0.0,0.0,0.0,0.0,0.0,0.0,0,0,0,0,unknown
534004,751210,01/01/2021,12/31/2021,0.0,0.0,0.0,0.0,0.0,0.0,0.0,0,0,0,0,unknown
031318,751212,01/01/2021,12/31/2021,0.0,0.0,0.0,0.0,0.0,0.0,0.0,0,0,0,0,unknown
194094,751227,01/01/2021,12/31/2021,0.0,0.0,0.0,0.0,0.0,0.0,0.0,0,0,0,0,unknown
281328,751236,01/01/2021,12/31/2021,0.0,0.0,0.0,0.0,0.0,0.0,0.0,0,0,0,0,unknown
431309,751241,01/01/2021,12/31/2021,0.0,0.0,0.0,0.0,0.0,0.0,0.0,0,0,0,0,unknown
431328,751242,01/01/2021,12/31/2021,0.0,0.0,0.0,0.0,0.0,0.0,0.0,0,0,0,0,unknown
521344,751247,01/01/2021,12/31/2021,0.0,0.0,0.0,0.0,0.0,0.0,0.0,0,0,0,0,unknown
054087,751256,01/01/2021,12/31/2021,0.0,0.0,0.0,0.0,0.0,0.0,0.0,0,0,0,0,unknown
171385,751270,01/01/2021,12/31/2021,0.0,0.0,0.0,0.0,0.0,0.0,0.0,0,0,0,0,unknown
254005,751282,01/01/2021,12/31/2021,0.0,0.0,0.0,0.0,0.0,0.0,0.0,0,0,0,0,unknown
370192,751290,01/01/2021,12/31/2021,0.0,0.0,0.0,0.0,0.0,0.0,0.0,0,0,0,0,unknown
404005,751299,01/01/2021,12/31/2021,0.0,0.0,0.0,0.0,0.0,0.0,0.0,0,0,0,0,unknown
113301,751327,01/01/2021,12/31/2021,0.0,0.0,0.0,0.0,0.0,0.0,0.0,0,0,0,0,unknown
114012,751328,01/01/2021,12/31/2021,0.0,0.0,0.0,0.0,0.0,0.0,0.0,0,0,0,0,unknown
210068,751344,07/01/2021,06/30/2022,0.0,0.0,0.0,0.0,0.0,0.0,0.0,0,0,0,0,unknown
420107,751374,10/01/2020,09/30/2021,0.0,0.0,0.0,0.0,0.0,0.0,0.0,0,0,0,0,unknown
454107,751381,01/01/2021,12/31/2021,0.0,0.0,0.0,0.0,0.0,0.0,0.0,0,0,0,0,unknown
454129,751382,01/01/2021,12/31/2021,0.0,0.0,0.0,0.0,0.0,0.0,0.0,0,0,0,0,unknown
034022,751389,01/01/2021,12/31/2021,0.0,0.0,0.0,0.0,0.0,0.0,0.0,0,0,0,0,unknown
044020,751392,01/01/2021,12/31/2021,0.0,0.0,0.0,0.0,0.0,0.0,0.0,0,0,0,0,unknown
061300,751396,01/01/2021,12/31/2021,0.0,0.0,0.0,0.0,0.0,0.0,0.0,0,0,0,0,unknown
161366,751408,01/01/2021,12/31/2021,0.0,0.0,0.0,0.0,0.0,0.0,0.0,0,0,0,0,unknown
201305,751412,07/01/2021,12/31/2021,0.0,0.0,0.0,0.0,0.0,0.0,0.0,0,0,0,0,unknown
241371,751416,01/01/2021,12/31/2021,0.0,0.0,0.0,0.0,0.0,0.0,0.0,0,0,0,0,unknown
271337,751419,10/01/2020,05/31/2021,0.0,0.0,0.0,0.0,0.0,0.0,0.0,0,0,0,0,unknown
351329,751425,01/01/2021,12/31/2021,0.0,0.0,0.0,0.0,0.0,0.0,0.0,0,0,0,0,unknown
452096,751439,02/01/2021,01/31/2022,0.0,0.0,0.0,0.0,0.0,0.0,0.0,0,0,0,0,unknown
501307,751445,01/01/2021,12/31/2021,0.0,0.0,0.0,0.0,0.0,0.0,0.0,0,0,0,0,unknown
171373,751477,01/01/2021,12/31/2021,0.0,0.0,0.0,0.0,0.0,0.0,0.0,0,0,0,0,unknown
190005,751478,01/01/2021,12/31/2021,0.0,0.0,0.0,0.0,0.0,0.0,0.0,0,0,0,0,unknown
251335,751493,01/01/2021,12/31/2021,0.0,0.0,0.0,0.0,0.0,0.0,0.0,0,0,0,0,unknown
261337,751497,01/01/2021,12/31/2021,0.0,0.0,0.0,0.0,0.0,0.0,0.0,0,0,0,0,unknown
271345,751498,07/01/2021,06/30/2022,0.0,0.0,0.0,0.0,0.0,0.0,0.0,0,0,0,0,unknown
390192,751518,07/01/2021,09/30/2021,0.0,0.0,0.0,0.0,0.0,0.0,0.0,0,0,0,0,unknown
390333,751523,01/01/2021,12/31/2021,0.0,0.0,0.0,0.0,0.0,0.0,0.0,0,0,0,0,unknown
670054,751534,01/01/2021,12/31/2021,0.0,0.0,0.0,0.0,0.0,0.0,0.0,0,0,0,0,unknown
021307,751538,01/01/2021,12/31/2021,0.0,0.0,0.0,0.0,0.0,0.0,0.0,0,0,0,0,unknown
061343,751549,01/01/2021,12/31/2021,0.0,0.0,0.0,0.0,0.0,0.0,0.0,0,0,0,0,unknown
294003,751569,11/01/2020,12/19/2021,0.0,0.0,0.0,0.0,0.0,0.0,0.0,0,0,0,0,unknown
394008,751573,01/01/2021,12/31/2021,0.0,0.0,0.0,0.0,0.0,0.0,0.0,0,0,0,0,unknown
431339,751577,01/01/2021,12/31/2021,0.0,0.0,0.0,0.0,0.0,0.0,0.0,0,0,0,0,unknown
100022,751626,10/01/2020,09/30/2021,0.0,0.0,0.0,0.0,0.0,0.0,0.0,0,0,0,0,unknown
142010,751670,06/01/2021,05/31/2022,0.0,0.0,0.0,0.0,0.0,0.0,0.0,0,0,0,0,unknown
144040,751671,01/01/2021,12/31/2021,0.0,0.0,0.0,0.0,0.0,0.0,0.0,0,0,0,0,unknown
151328,751720,01/01/2021,12/31/2021,0.0,0.0,0.0,0.0,0.0,0.0,0.0,0,0,0,0,unknown
180088,751752,01/01/2021,12/31/2021,0.0,0.0,0.0,0.0,0.0,0.0,0.0,0,0,0,0,unknown
194084,751770,01/01/2021,12/31/2021,0.0,0.0,0.0,0.0,0.0,0.0,0.0,0,0,0,0,unknown
231338,751826,01/01/2021,12/31/2021,0.0,0.0,0.0,0.0,0.0,0.0,0.0,0,0,0,0,unknown
232033,751827,03/01/2021,02/28/2022,0.0,0.0,0.0,0.0,0.0,0.0,0.0,0,0,0,0,unknown
351336,751886,07/01/2021,06/30/2022,0.0,0.0,0.0,0.0,0.0,0.0,0.0,0,0,0,0,unknown
400016,751913,10/01/2020,09/30/2021,0.0,0.0,0.0,0.0,0.0,0.0,0.0,0,0,0,0,unknown
670109,751954,01/01/2021,12/31/2021,0.0,0.0,0.0,0.0,0.0,0.0,0.0,0,0,0,0,unknown
100118,751975,01/01/2021,12/31/2021,0.0,0.0,0.0,0.0,0.0,0.0,0.0,0,0,0,0,unknown
171332,751983,01/01/2021,12/31/2021,0.0,0.0,0.0,0.0,0.0,0.0,0.0,0,0,0,0,unknown
192041,751985,01/01/2021,12/31/2021,0.0,0.0,0.0,0.0,0.0,0.0,0.0,0,0,0,0,unknown
194091,751986,01/01/2021,12/31/2021,0.0,0.0,0.0,0.0,0.0,0.0,0.0,0,0,0,0,unknown
360367,752014,01/01/2021,12/31/2021,0.0,0.0,0.0,0.0,0.0,0.0,0.0,0,0,0,0,unknown
061313,752051,01/01/2021,12/31/2021,0.0,0.0,0.0,0.0,0.0,0.0,0.0,0,0,0,0,unknown
181327,752087,01/01/2021,12/31/2021,0.0,0.0,0.0,0.0,0.0,0.0,0.0,0,0,0,0,unknown
184006,752088,01/01/2021,12/31/2021,0.0,0.0,0.0,0.0,0.0,0.0,0.0,0,0,0,0,unknown
184012,752089,05/01/2021,04/30/2022,0.0,0.0,0.0,0.0,0.0,0.0,0.0,0,0,0,0,unknown
331310,752115,01/01/2021,12/31/2021,0.0,0.0,0.0,0.0,0.0,0.0,0.0,0,0,0,0,unknown
361314,752129,01/01/2021,12/31/2021,0.0,0.0,0.0,0.0,0.0,0.0,0.0,0,0,0,0,unknown
364048,752131,01/01/2021,12/31/2021,0.0,0.0,0.0,0.0,0.0,0.0,0.0,0,0,0,0,unknown
450200,752169,01/01/2021,12/31/2021,0.0,0.0,0.0,0.0,0.0,0.0,0.0,0,0,0,0,unknown
452062,752177,01/01/2021,12/31/2021,0.0,0.0,0.0,0.0,0.0,0.0,0.0,0,0,0,0,unknown
454141,752179,01/01/2021,12/31/2021,0.0,0.0,0.0,0.0,0.0,0.0,0.0,0,0,0,0,unknown
531309,752182,07/01/2021,06/30/2022,0.0,0.0,0.0,0.0,0.0,0.0,0.0,0,0,0,0,unknown
161306,752205,01/01/2021,12/31/2021,0.0,0.0,0.0,0.0,0.0,0.0,0.0,0,0,0,0,unknown
171352,752208,01/01/2021,12/31/2021,0.0,0.0,0.0,0.0,0.0,0.0,0.0,0,0,0,0,unknown
171367,752209,01/01/2021,12/31/2021,0.0,0.0,0.0,0.0,0.0,0.0,0.0,0,0,0,0,unknown
261314,752214,01/01/2021,12/31/2021,0.0,0.0,0.0,0.0,0.0,0.0,0.0,0,0,0,0,unknown
351312,752223,01/01/2021,12/31/2021,0.0,0.0,0.0,0.0,0.0,0.0,0.0,0,0,0,0,unknown
360048,752228,07/01/2021,06/30/2022,0.0,0.0,0.0,0.0,0.0,0.0,0.0,0,0,0,0,unknown
360079,752235,01/01/2021,12/31/2021,0.0,0.0,0.0,0.0,0.0,0.0,0.0,0,0,0,0,unknown
452100,752247,06/01/2021,05/31/2022,0.0,0.0,0.0,0.0,0.0,0.0,0.0,0,0,0,0,unknown
454132,752248,01/01/2021,12/31/2021,0.0,0.0,0.0,0.0,0.0,0.0,0.0,0,0,0,0,unknown
031315,752250,01/01/2021,12/31/2021,0.0,0.0,0.0,0.0,0.0,0.0,0.0,0,0,0,0,unknown
161305,752259,07/01/2021,06/30/2022,0.0,0.0,0.0,0.0,0.0,0.0,0.0,0,0,0,0,unknown
171380,752261,01/01/2021,12/31/2021,0.0,0.0,0.0,0.0,0.0,0.0,0.0,0,0,0,0,unknown
243300,752271,01/01/2021,12/31/2021,0.0,0.0,0.0,0.0,0.0,0.0,0.0,0,0,0,0,unknown
281345,752275,01/01/2021,12/31/2021,0.0,0.0,0.0,0.0,0.0,0.0,0.0,0,0,0,0,unknown
422007,752298,01/01/2021,12/31/2021,0.0,0.0,0.0,0.0,0.0,0.0,0.0,0,0,0,0,unknown
454109,752304,01/01/2021,12/31/2021,0.0,0.0,0.0,0.0,0.0,0.0,0.0,0,0,0,0,unknown
171338,752337,01/01/2021,12/31/2021,0.0,0.0,0.0,0.0,0.0,0.0,0.0,0,0,0,0,unknown
171351,752338,01/01/2021,12/31/2021,0.0,0.0,0.0,0.0,0.0,0.0,0.0,0,0,0,0,unknown
171368,752339,01/01/2021,12/31/2021,0.0,0.0,0.0,0.0,0.0,0.0,0.0,0,0,0,0,unknown
252013,752355,11/01/2020,10/31/2021,0.0,0.0,0.0,0.0,0.0,0.0,0.0,0,0,0,0,unknown
310010,752362,07/01/2021,06/30/2022,0.0,0.0,0.0,0.0,0.0,0.0,0.0,0,0,0,0,unknown
331315,752371,01/01/2021,12/31/2021,0.0,0.0,0.0,0.0,0.0,0.0,0.0,0,0,0,0,unknown
360123,752389,01/01/2021,12/31/2021,0.0,0.0,0.0,0.0,0.0,0.0,0.0,0,0,0,0,unknown
370243,752401,08/10/2021,12/31/2021,0.0,0.0,0.0,0.0,0.0,0.0,0.0,0,0,0,0,unknown
371330,752402,01/01/2021,12/31/2021,0.0,0.0,0.0,0.0,0.0,0.0,0.0,0,0,0,0,unknown
390316,752412,01/01/2021,12/31/2021,0.0,0.0,0.0,0.0,0.0,0.0,0.0,0,0,0,0,unknown
420087,752418,01/01/2021,12/31/2021,0.0,0.0,0.0,0.0,0.0,0.0,0.0,0,0,0,0,unknown
451377,752451,01/01/2021,12/31/2021,0.0,0.0,0.0,0.0,0.0,0.0,0.0,0,0,0,0,unknown
511322,752453,01/01/2021,12/31/2021,0.0,0.0,0.0,0.0,0.0,0.0,0.0,0,0,0,0,unknown
111310,752468,01/01/2021,12/31/2021,0.0,0.0,0.0,0.0,0.0,0.0,0.0,0,0,0,0,unknown
152024,752469,02/01/2021,01/31/2022,0.0,0.0,0.0,0.0,0.0,0.0,0.0,0,0,0,0,unknown
324012,752497,01/01/2021,12/31/2021,0.0,0.0,0.0,0.0,0.0,0.0,0.0,0,0,0,0,unknown
340183,752511,01/01/2021,12/31/2021,0.0,0.0,0.0,0.0,0.0,0.0,0.0,0,0,0,0,unknown
450015,752537,10/01/2020,09/30/2021,0.0,0.0,0.0,0.0,0.0,0.0,0.0,0,0,0,0,unknown
450035,752538,11/01/2020,10/31/2021,0.0,0.0,0.0,0.0,0.0,0.0,0.0,0,0,0,0,unknown
451349,752552,01/01/2021,12/31/2021,0.0,0.0,0.0,0.0,0.0,0.0,0.0,0,0,0,0,unknown
454126,752553,01/01/2021,12/31/2021,0.0,0.0,0.0,0.0,0.0,0.0,0.0,0,0,0,0,unknown
490052,752563,01/01/2021,12/31/2021,0.0,0.0,0.0,0.0,0.0,0.0,0.0,0,0,0,0,unknown
061316,752586,01/01/2021,12/31/2021,0.0,0.0,0.0,0.0,0.0,0.0,0.0,0,0,0,0,unknown
100183,752590,08/01/2021,04/30/2022,0.0,0.0,0.0,0.0,0.0,0.0,0.0,0,0,0,0,unknown
171322,752605,01/01/2021,12/31/2021,0.0,0.0,0.0,0.0,0.0,0.0,0.0,0,0,0,0,unknown
180013,752607,04/01/2021,03/31/2022,0.0,0.0,0.0,0.0,0.0,0.0,0.0,0,0,0,0,unknown
190302,752613,01/01/2021,12/31/2021,0.0,0.0,0.0,0.0,0.0,0.0,0.0,0,0,0,0,unknown
210039,752620,07/01/2021,06/30/2022,0.0,0.0,0.0,0.0,0.0,0.0,0.0,0,0,0,0,unknown
331309,752643,01/01/2021,12/31/2021,0.0,0.0,0.0,0.0,0.0,0.0,0.0,0,0,0,0,unknown
364058,752658,01/01/2021,12/31/2021,0.0,0.0,0.0,0.0,0.0,0.0,0.0,0,0,0,0,unknown
390323,752679,01/01/2021,12/31/2021,0.0,0.0,0.0,0.0,0.0,0.0,0.0,0,0,0,0,unknown
420057,752689,10/01/2020,12/31/2020,0.0,0.0,0.0,0.0,0.0,0.0,0.0,0,0,0,0,unknown
521315,752711,01/01/2021,12/31/2021,0.0,0.0,0.0,0.0,0.0,0.0,0.0,0,0,0,0,unknown
010018,752722,10/01/2020,09/30/2021,0.0,0.0,0.0,0.0,0.0,0.0,0.0,0,0,0,0,unknown
010033,752728,10/01/2020,09/30/2021,0.0,0.0,0.0,0.0,0.0,0.0,0.0,0,0,0,0,unknown
010039,752732,07/01/2021,06/30/2022,0.0,0.0,0.0,0.0,0.0,0.0,0.0,0,0,0,0,unknown
010168,752781,01/01/2021,12/31/2021,0.0,0.0,0.0,0.0,0.0,0.0,0.0,0,0,0,0,unknown
034026,752787,01/01/2021,12/31/2021,0.0,0.0,0.0,0.0,0.0,0.0,0.0,0,0,0,0,unknown
040026,752790,07/01/2021,06/30/2022,0.0,0.0,0.0,0.0,0.0,0.0,0.0,0,0,0,0,unknown
044022,752792,01/01/2021,12/31/2021,0.0,0.0,0.0,0.0,0.0,0.0,0.0,0,0,0,0,unknown
060015,752798,07/01/2021,06/30/2022,0.0,0.0,0.0,0.0,0.0,0.0,0.0,0,0,0,0,unknown
061302,752804,01/01/2021,12/31/2021,0.0,0.0,0.0,0.0,0.0,0.0,0.0,0,0,0,0,unknown
092002,752808,01/01/2021,12/31/2021,0.0,0.0,0.0,0.0,0.0,0.0,0.0,0,0,0,0,unknown
100052,752812,01/01/2021,12/31/2021,0.0,0.0,0.0,0.0,0.0,0.0,0.0,0,0,0,0,unknown
104075,752821,01/01/2021,12/31/2021,0.0,0.0,0.0,0.0,0.0,0.0,0.0,0,0,0,0,unknown
110035,752841,07/01/2021,06/30/2022,0.0,0.0,0.0,0.0,0.0,0.0,0.0,0,0,0,0,unknown
110054,752851,07/01/2021,12/31/2021,0.0,0.0,0.0,0.0,0.0,0.0,0.0,0,0,0,0,unknown
110074,752856,07/01/2021,06/30/2022,0.0,0.0,0.0,0.0,0.0,0.0,0.0,0,0,0,0,unknown
110082,752860,09/01/2021,08/31/2022,0.0,0.0,0.0,0.0,0.0,0.0,0.0,0,0,0,0,unknown
110129,752881,01/01/2021,12/31/2021,0.0,0.0,0.0,0.0,0.0,0.0,0.0,0,0,0,0,unknown
131328,752906,01/01/2021,12/31/2021,0.0,0.0,0.0,0.0,0.0,0.0,0.0,0,0,0,0,unknown
151331,752915,01/01/2021,12/31/2021,0.0,0.0,0.0,0.0,0.0,0.0,0.0,0,0,0,0,unknown
161354,752916,01/01/2021,12/31/2021,0.0,0.0,0.0,0.0,0.0,0.0,0.0,0,0,0,0,unknown
171325,752919,01/01/2021,12/31/2021,0.0,0.0,0.0,0.0,0.0,0.0,0.0,0,0,0,0,unknown
194089,752933,01/01/2021,12/31/2021,0.0,0.0,0.0,0.0,0.0,0.0,0.0,0,0,0,0,unknown
194105,752934,01/01/2021,12/31/2021,0.0,0.0,0.0,0.0,0.0,0.0,0.0,0,0,0,0,unknown
261324,752949,01/01/2021,12/31/2021,0.0,0.0,0.0,0.0,0.0,0.0,0.0,0,0,0,0,unknown
281340,752950,03/01/2021,02/28/2022,0.0,0.0,0.0,0.0,0.0,0.0,0.0,0,0,0,0,unknown
310050,752959,01/01/2021,12/31/2021,0.0,0.0,0.0,0.0,0.0,0.0,0.0,0,0,0,0,unknown
340071,752974,10/01/2020,09/30/2021,0.0,0.0,0.0,0.0,0.0,0.0,0.0,0,0,0,0,unknown
360075,752993,01/01/2021,12/31/2021,0.0,0.0,0.0,0.0,0.0,0.0,0.0,0,0,0,0,unknown
370240,753000,01/01/2021,12/31/2021,0.0,0.0,0.0,0.0,0.0,0.0,0.0,0,0,0,0,unknown
420023,753016,09/01/2021,08/31/2022,0.0,0.0,0.0,0.0,0.0,0.0,0.0,0,0,0,0,unknown
420066,753019,07/01/2021,06/30/2022,0.0,0.0,0.0,0.0,0.0,0.0,0.0,0,0,0,0,unknown
430015,753025,07/01/2021,06/30/2022,0.0,0.0,0.0,0.0,0.0,0.0,0.0,0,0,0,0,unknown
440007,753031,01/01/2021,12/31/2021,0.0,0.0,0.0,0.0,0.0,0.0,0.0,0,0,0,0,unknown
440010,753033,07/01/2021,06/30/2022,0.0,0.0,0.0,0.0,0.0,0.0,0.0,0,0,0,0,unknown
452105,753107,01/01/2021,12/31/2021,0.0,0.0,0.0,0.0,0.0,0.0,0.0,0,0,0,0,unknown
454110,753108,01/01/2021,12/31/2021,0.0,0.0,0.0,0.0,0.0,0.0,0.0,0,0,0,0,unknown
490145,753123,11/01/2020,10/31/2021,0.0,0.0,0.0,0.0,0.0,0.0,0.0,0,0,0,0,unknown
501315,753124,01/01/2021,12/31/2021,0.0,0.0,0.0,0.0,0.0,0.0,0.0,0,0,0,0,unknown
510038,753126,07/01/2021,06/30/2022,0.0,0.0,0.0,0.0,0.0,0.0,0.0,0,0,0,0,unknown
511317,753131,01/01/2021,12/31/2021,0.0,0.0,0.0,0.0,0.0,0.0,0.0,0,0,0,0,unknown
050697,753232,01/01/2021,12/31/2021,0.0,0.0,0.0,0.0,0.0,0.0,0.0,0,0,0,0,unknown
054130,753255,01/01/2021,12/31/2021,0.0,0.0,0.0,0.0,0.0,0.0,0.0,0,0,0,0,unknown
061322,753258,01/01/2021,12/31/2021,0.0,0.0,0.0,0.0,0.0,0.0,0.0,0,0,0,0,unknown
100189,753271,01/01/2021,12/31/2021,0.0,0.0,0.0,0.0,0.0,0.0,0.0,0,0,0,0,unknown
100314,753280,10/01/2020,09/30/2021,0.0,0.0,0.0,0.0,0.0,0.0,0.0,0,0,0,0,unknown
162001,753289,02/01/2021,01/31/2022,0.0,0.0,0.0,0.0,0.0,0.0,0.0,0,0,0,0,unknown
314020,753323,01/01/2021,12/31/2021,0.0,0.0,0.0,0.0,0.0,0.0,0.0,0,0,0,0,unknown
314024,753324,01/01/2021,12/31/2021,0.0,0.0,0.0,0.0,0.0,0.0,0.0,0,0,0,0,unknown
371300,753336,01/01/2021,12/31/2021,0.0,0.0,0.0,0.0,0.0,0.0,0.0,0,0,0,0,unknown
400127,753359,07/01/2021,06/30/2022,0.0,0.0,0.0,0.0,0.0,0.0,0.0,0,0,0,0,unknown
450253,753367,07/01/2021,06/30/2022,0.0,0.0,0.0,0.0,0.0,0.0,0.0,0,0,0,0,unknown
452091,753377,01/01/2021,12/31/2021,0.0,0.0,0.0,0.0,0.0,0.0,0.0,0,0,0,0,unknown
670124,753397,01/01/2021,12/31/2021,0.0,0.0,0.0,0.0,0.0,0.0,0.0,0,0,0,0,unknown
100298,753476,07/01/2021,06/30/2022,0.0,0.0,0.0,0.0,0.0,0.0,0.0,0,0,0,0,unknown
102003,753477,01/01/2021,12/31/2021,0.0,0.0,0.0,0.0,0.0,0.0,0.0,0,0,0,0,unknown
151318,753497,01/01/2021,12/31/2021,0.0,0.0,0.0,0.0,0.0,0.0,0.0,0,0,0,0,unknown
151327,753498,01/01/2021,12/31/2021,0.0,0.0,0.0,0.0,0.0,0.0,0.0,0,0,0,0,unknown
190300,753520,01/01/2021,12/31/2021,0.0,0.0,0.0,0.0,0.0,0.0,0.0,0,0,0,0,unknown
192048,753521,01/01/2021,12/31/2021,0.0,0.0,0.0,0.0,0.0,0.0,0.0,0,0,0,0,unknown
241319,753539,01/01/2021,12/31/2021,0.0,0.0,0.0,0.0,0.0,0.0,0.0,0,0,0,0,unknown
241338,753540,01/01/2021,12/31/2021,0.0,0.0,0.0,0.0,0.0,0.0,0.0,0,0,0,0,unknown
251306,753553,01/01/2021,12/31/2021,0.0,0.0,0.0,0.0,0.0,0.0,0.0,0,0,0,0,unknown
340002,753578,10/01/2020,09/30/2021,0.0,0.0,0.0,0.0,0.0,0.0,0.0,0,0,0,0,unknown
340053,753580,01/01/2021,12/31/2021,0.0,0.0,0.0,0.0,0.0,0.0,0.0,0,0,0,0,unknown
360112,753601,01/01/2021,12/31/2021,0.0,0.0,0.0,0.0,0.0,0.0,0.0,0,0,0,0,unknown
360262,753617,01/01/2021,12/31/2021,0.0,0.0,0.0,0.0,0.0,0.0,0.0,0,0,0,0,unknown
360276,753619,01/01/2021,12/31/2021,0.0,0.0,0.0,0.0,0.0,0.0,0.0,0,0,0,0,unknown
430093,753665,07/01/2021,06/30/2022,0.0,0.0,0.0,0.0,0.0,0.0,0.0,0,0,0,0,unknown
450078,753671,04/01/2021,03/31/2022,0.0,0.0,0.0,0.0,0.0,0.0,0.0,0,0,0,0,unknown
450324,753682,01/01/2021,12/31/2021,0.0,0.0,0.0,0.0,0.0,0.0,0.0,0,0,0,0,unknown
452022,753713,01/01/2021,12/31/2021,0.0,0.0,0.0,0.0,0.0,0.0,0.0,0,0,0,0,unknown
454018,753714,01/01/2021,12/31/2021,0.0,0.0,0.0,0.0,0.0,0.0,0.0,0,0,0,0,unknown
490053,753730,07/01/2021,06/30/2022,0.0,0.0,0.0,0.0,0.0,0.0,0.0,0,0,0,0,unknown
490084,753733,07/01/2021,06/30/2022,0.0,0.0,0.0,0.0,0.0,0.0,0.0,0,0,0,0,unknown
490112,753739,09/01/2021,08/31/2022,0.0,0.0,0.0,0.0,0.0,0.0,0.0,0,0,0,0,unknown
490115,753741,10/01/2020,09/30/2021,0.0,0.0,0.0,0.0,0.0,0.0,0.0,0,0,0,0,unknown
510029,753756,10/01/2020,09/30/2021,0.0,0.0,0.0,0.0,0.0,0.0,0.0,0,0,0,0,unknown
521328,753760,01/01/2021,12/31/2021,0.0,0.0,0.0,0.0,0.0,0.0,0.0,0,0,0,0,unknown
670062,753774,01/01/2021,12/31/2021,0.0,0.0,0.0,0.0,0.0,0.0,0.0,0,0,0,0,unknown
670143,753779,07/01/2021,06/30/2022,0.0,0.0,0.0,0.0,0.0,0.0,0.0,0,0,0,0,unknown
030103,753795,01/01/2021,12/31/2021,0.0,0.0,0.0,0.0,0.0,0.0,0.0,0,0,0,0,unknown
050096,753822,01/01/2021,12/31/2021,0.0,0.0,0.0,0.0,0.0,0.0,0.0,0,0,0,0,unknown
060012,753880,07/01/2021,06/30/2022,0.0,0.0,0.0,0.0,0.0,0.0,0.0,0,0,0,0,unknown
070038,753918,10/01/2020,09/30/2021,0.0,0.0,0.0,0.0,0.0,0.0,0.0,0,0,0,0,unknown
092003,753920,01/01/2021,12/31/2021,0.0,0.0,0.0,0.0,0.0,0.0,0.0,0,0,0,0,unknown
100002,753921,10/01/2020,09/30/2021,0.0,0.0,0.0,0.0,0.0,0.0,0.0,0,0,0,0,unknown
100012,753923,10/01/2020,09/30/2021,0.0,0.0,0.0,0.0,0.0,0.0,0.0,0,0,0,0,unknown
100039,753928,07/01/2021,06/30/2022,0.0,0.0,0.0,0.0,0.0,0.0,0.0,0,0,0,0,unknown
100135,753945,10/01/2020,09/30/2021,0.0,0.0,0.0,0.0,0.0,0.0,0.0,0,0,0,0,unknown
100151,753946,01/01/2021,12/31/2021,0.0,0.0,0.0,0.0,0.0,0.0,0.0,0,0,0,0,unknown
100200,753952,07/01/2021,06/30/2022,0.0,0.0,0.0,0.0,0.0,0.0,0.0,0,0,0,0,unknown
100290,753963,07/01/2021,06/30/2022,0.0,0.0,0.0,0.0,0.0,0.0,0.0,0,0,0,0,unknown
130074,753982,01/01/2021,12/31/2021,0.0,0.0,0.0,0.0,0.0,0.0,0.0,0,0,0,0,unknown
140062,754011,09/01/2021,08/31/2022,0.0,0.0,0.0,0.0,0.0,0.0,0.0,0,0,0,0,unknown
140065,754013,01/01/2021,12/31/2021,0.0,0.0,0.0,0.0,0.0,0.0,0.0,0,0,0,0,unknown
151312,754085,01/01/2021,12/31/2021,0.0,0.0,0.0,0.0,0.0,0.0,0.0,0,0,0,0,unknown
154059,754086,01/01/2021,12/31/2021,0.0,0.0,0.0,0.0,0.0,0.0,0.0,0,0,0,0,unknown
210013,754122,09/01/2021,02/28/2022,0.0,0.0,0.0,0.0,0.0,0.0,0.0,0,0,0,0,unknown
220171,754169,10/01/2020,09/30/2021,0.0,0.0,0.0,0.0,0.0,0.0,0.0,0,0,0,0,unknown
231313,754180,01/01/2021,12/31/2021,0.0,0.0,0.0,0.0,0.0,0.0,0.0,0,0,0,0,unknown
241311,754227,01/01/2021,12/31/2021,0.0,0.0,0.0,0.0,0.0,0.0,0.0,0,0,0,0,unknown
252005,754242,01/01/2021,12/31/2021,0.0,0.0,0.0,0.0,0.0,0.0,0.0,0,0,0,0,unknown
294015,754258,01/01/2021,12/31/2021,0.0,0.0,0.0,0.0,0.0,0.0,0.0,0,0,0,0,unknown
310031,754275,01/01/2021,12/31/2021,0.0,0.0,0.0,0.0,0.0,0.0,0.0,0,0,0,0,unknown
320067,754285,07/01/2021,06/30/2022,0.0,0.0,0.0,0.0,0.0,0.0,0.0,0,0,0,0,unknown
330166,754350,01/01/2021,12/31/2021,0.0,0.0,0.0,0.0,0.0,0.0,0.0,0,0,0,0,unknown
330182,754355,01/01/2021,12/31/2021,0.0,0.0,0.0,0.0,0.0,0.0,0.0,0,0,0,0,unknown
330411,754421,03/02/2021,12/31/2021,0.0,0.0,0.0,0.0,0.0,0.0,0.0,0,0,0,0,unknown
340023,754424,01/01/2021,12/31/2021,0.0,0.0,0.0,0.0,0.0,0.0,0.0,0,0,0,0,unknown
400061,754467,07/01/2021,06/30/2022,0.0,0.0,0.0,0.0,0.0,0.0,0.0,0,0,0,0,unknown
430008,754491,01/01/2021,12/31/2021,0.0,0.0,0.0,0.0,0.0,0.0,0.0,0,0,0,0,unknown
431333,754497,01/01/2021,12/31/2021,0.0,0.0,0.0,0.0,0.0,0.0,0.0,0,0,0,0,unknown
450021,754500,07/01/2021,06/30/2022,0.0,0.0,0.0,0.0,0.0,0.0,0.0,0,0,0,0,unknown
450451,754534,10/01/2020,09/30/2021,0.0,0.0,0.0,0.0,0.0,0.0,0.0,0,0,0,0,unknown
450469,754537,01/01/2021,12/31/2021,0.0,0.0,0.0,0.0,0.0,0.0,0.0,0,0,0,0,unknown
450860,754564,01/01/2021,12/31/2021,0.0,0.0,0.0,0.0,0.0,0.0,0.0,0,0,0,0,unknown
451352,754566,01/01/2021,12/31/2021,0.0,0.0,0.0,0.0,0.0,0.0,0.0,0,0,0,0,unknown
451361,754567,01/01/2021,12/31/2021,0.0,0.0,0.0,0.0,0.0,0.0,0.0,0,0,0,0,unknown
454130,754569,01/01/2021,12/31/2021,0.0,0.0,0.0,0.0,0.0,0.0,0.0,0,0,0,0,unknown
454135,754570,01/01/2021,12/31/2021,0.0,0.0,0.0,0.0,0.0,0.0,0.0,0,0,0,0,unknown
514008,754607,01/01/2021,12/31/2021,0.0,0.0,0.0,0.0,0.0,0.0,0.0,0,0,0,0,unknown
520160,754660,01/01/2021,12/31/2021,0.0,0.0,0.0,0.0,0.0,0.0,0.0,0,0,0,0,unknown
520213,754674,07/01/2021,06/30/2022,0.0,0.0,0.0,0.0,0.0,0.0,0.0,0,0,0,0,unknown
670131,754694,09/01/2021,08/31/2022,0.0,0.0,0.0,0.0,0.0,0.0,0.0,0,0,0,0,unknown
670132,754695,10/01/2020,05/31/2021,0.0,0.0,0.0,0.0,0.0,0.0,0.0,0,0,0,0,unknown
670266,754699,01/01/2021,12/31/2021,0.0,0.0,0.0,0.0,0.0,0.0,0.0,0,0,0,0,unknown
670267,754700,01/01/2021,12/31/2021,0.0,0.0,0.0,0.0,0.0,0.0,0.0,0,0,0,0,unknown
670285,754701,11/16/2020,12/31/2021,0.0,0.0,0.0,0.0,0.0,0.0,0.0,0,0,0,0,unknown
670309,754702,12/01/2020,12/31/2021,0.0,0.0,0.0,0.0,0.0,0.0,0.0,0,0,0,0,unknown
670310,754703,02/01/2021,01/31/2022,0.0,0.0,0.0,0.0,0.0,0.0,0.0,0,0,0,0,unknown
050357,754795,01/01/2021,12/31/2021,0.0,0.0,0.0,0.0,0.0,0.0,0.0,0,0,0,0,unknown
050424,754797,10/01/2020,09/30/2021,0.0,0.0,0.0,0.0,0.0,0.0,0.0,0,0,0,0,unknown
100084,754834,07/01/2021,06/30/2022,0.0,0.0,0.0,0.0,0.0,0.0,0.0,0,0,0,0,unknown
140239,754916,07/01/2021,06/30/2022,0.0,0.0,0.0,0.0,0.0,0.0,0.0,0,0,0,0,unknown
150056,754954,01/01/2021,12/31/2021,0.0,0.0,0.0,0.0,0.0,0.0,0.0,0,0,0,0,unknown
150125,754981,07/01/2021,06/30/2022,0.0,0.0,0.0,0.0,0.0,0.0,0.0,0,0,0,0,unknown
150191,755005,03/24/2021,12/31/2021,0.0,0.0,0.0,0.0,0.0,0.0,0.0,0,0,0,0,unknown
160058,755020,07/01/2021,06/30/2022,0.0,0.0,0.0,0.0,0.0,0.0,0.0,0,0,0,0,unknown
160082,755026,01/01/2021,12/31/2021,0.0,0.0,0.0,0.0,0.0,0.0,0.0,0,0,0,0,unknown
160083,755027,07/01/2021,06/30/2022,0.0,0.0,0.0,0.0,0.0,0.0,0.0,0,0,0,0,unknown
170075,755050,10/01/2020,09/30/2021,0.0,0.0,0.0,0.0,0.0,0.0,0.0,0,0,0,0,unknown
170198,755075,01/01/2021,12/31/2021,0.0,0.0,0.0,0.0,0.0,0.0,0.0,0,0,0,0,unknown
170199,755076,01/01/2021,12/31/2021,0.0,0.0,0.0,0.0,0.0,0.0,0.0,0,0,0,0,unknown
171357,755081,01/01/2021,12/31/2021,0.0,0.0,0.0,0.0,0.0,0.0,0.0,0,0,0,0,unknown
171379,755083,01/01/2021,12/31/2021,0.0,0.0,0.0,0.0,0.0,0.0,0.0,0,0,0,0,unknown
190307,755114,01/01/2021,12/31/2021,0.0,0.0,0.0,0.0,0.0,0.0,0.0,0,0,0,0,unknown
194095,755119,01/01/2021,12/31/2021,0.0,0.0,0.0,0.0,0.0,0.0,0.0,0,0,0,0,unknown
194106,755120,01/01/2021,12/31/2021,0.0,0.0,0.0,0.0,0.0,0.0,0.0,0,0,0,0,unknown
194109,755121,01/01/2021,12/31/2021,0.0,0.0,0.0,0.0,0.0,0.0,0.0,0,0,0,0,unknown
220101,755137,10/01/2020,09/30/2021,0.0,0.0,0.0,0.0,0.0,0.0,0.0,0,0,0,0,unknown
230002,755141,07/01/2021,06/30/2022,0.0,0.0,0.0,0.0,0.0,0.0,0.0,0,0,0,0,unknown
230029,755152,07/01/2021,06/30/2022,0.0,0.0,0.0,0.0,0.0,0.0,0.0,0,0,0,0,unknown
230047,755160,01/01/2021,12/31/2021,0.0,0.0,0.0,0.0,0.0,0.0,0.0,0,0,0,0,unknown
230070,755166,07/01/2021,06/30/2022,0.0,0.0,0.0,0.0,0.0,0.0,0.0,0,0,0,0,unknown
230142,755189,07/01/2021,06/30/2022,0.0,0.0,0.0,0.0,0.0,0.0,0.0,0,0,0,0,unknown
230146,755190,01/01/2021,12/31/2021,0.0,0.0,0.0,0.0,0.0,0.0,0.0,0,0,0,0,unknown
230156,755192,07/01/2021,06/30/2022,0.0,0.0,0.0,0.0,0.0,0.0,0.0,0,0,0,0,unknown
230227,755205,10/01/2020,09/30/2021,0.0,0.0,0.0,0.0,0.0,0.0,0.0,0,0,0,0,unknown
230279,755217,07/01/2021,06/30/2022,0.0,0.0,0.0,0.0,0.0,0.0,0.0,0,0,0,0,unknown
260096,755271,07/01/2021,06/30/2022,0.0,0.0,0.0,0.0,0.0,0.0,0.0,0,0,0,0,unknown
260141,755281,07/01/2021,06/30/2022,0.0,0.0,0.0,0.0,0.0,0.0,0.0,0,0,0,0,unknown
260179,755287,07/01/2021,06/30/2022,0.0,0.0,0.0,0.0,0.0,0.0,0.0,0,0,0,0,unknown
350015,755346,01/01/2021,12/31/2021,0.0,0.0,0.0,0.0,0.0,0.0,0.0,0,0,0,0,unknown
391306,755399,01/01/2021,12/31/2021,0.0,0.0,0.0,0.0,0.0,0.0,0.0,0,0,0,0,unknown
450056,755438,07/01/2021,06/30/2022,0.0,0.0,0.0,0.0,0.0,0.0,0.0,0,0,0,0,unknown
451313,755458,01/01/2021,12/31/2021,0.0,0.0,0.0,0.0,0.0,0.0,0.0,0,0,0,0,unknown
451324,755459,01/01/2021,12/31/2021,0.0,0.0,0.0,0.0,0.0,0.0,0.0,0,0,0,0,unknown
452041,755460,01/01/2021,12/31/2021,0.0,0.0,0.0,0.0,0.0,0.0,0.0,0,0,0,0,unknown
454131,755461,01/01/2021,12/31/2021,0.0,0.0,0.0,0.0,0.0,0.0,0.0,0,0,0,0,unknown
521340,755514,01/01/2021,12/31/2021,0.0,0.0,0.0,0.0,0.0,0.0,0.0,0,0,0,0,unknown
521342,755515,01/01/2021,12/31/2021,0.0,0.0,0.0,0.0,0.0,0.0,0.0,0,0,0,0,unknown
061309,755526,01/01/2021,12/31/2021,0.0,0.0,0.0,0.0,0.0,0.0,0.0,0,0,0,0,unknown
151313,755532,01/01/2021,12/31/2021,0.0,0.0,0.0,0.0,0.0,0.0,0.0,0,0,0,0,unknown
151316,755533,01/01/2021,12/31/2021,0.0,0.0,0.0,0.0,0.0,0.0,0.0,0,0,0,0,unknown
161362,755534,01/01/2021,12/31/2021,0.0,0.0,0.0,0.0,0.0,0.0,0.0,0,0,0,0,unknown
161367,755535,01/01/2021,12/31/2021,0.0,0.0,0.0,0.0,0.0,0.0,0.0,0,0,0,0,unknown
171323,755537,01/01/2021,12/31/2021,0.0,0.0,0.0,0.0,0.0,0.0,0.0,0,0,0,0,unknown
194098,755539,01/01/2021,12/31/2021,0.0,0.0,0.0,0.0,0.0,0.0,0.0,0,0,0,0,unknown
314022,755543,01/01/2021,12/31/2021,0.0,0.0,0.0,0.0,0.0,0.0,0.0,0,0,0,0,unknown
321309,755544,01/01/2021,12/31/2021,0.0,0.0,0.0,0.0,0.0,0.0,0.0,0,0,0,0,unknown
331304,755545,01/01/2021,12/31/2021,0.0,0.0,0.0,0.0,0.0,0.0,0.0,0,0,0,0,unknown
371320,755548,01/01/2021,12/31/2021,0.0,0.0,0.0,0.0,0.0,0.0,0.0,0,0,0,0,unknown
431316,755552,01/01/2021,12/31/2021,0.0,0.0,0.0,0.0,0.0,0.0,0.0,0,0,0,0,unknown
452094,755553,01/01/2021,12/31/2021,0.0,0.0,0.0,0.0,0.0,0.0,0.0,0,0,0,0,unknown
452118,755554,01/01/2021,12/31/2021,0.0,0.0,0.0,0.0,0.0,0.0,0.0,0,0,0,0,unknown
054155,755563,01/01/2021,12/31/2021,0.0,0.0,0.0,0.0,0.0,0.0,0.0,0,0,0,0,unknown
154055,755569,01/01/2021,12/31/2021,0.0,0.0,0.0,0.0,0.0,0.0,0.0,0,0,0,0,unknown
161350,755570,01/01/2021,12/31/2021,0.0,0.0,0.0,0.0,0.0,0.0,0.0,0,0,0,0,unknown
210016,755573,01/01/2021,12/31/2021,0.0,0.0,0.0,0.0,0.0,0.0,0.0,0,0,0,0,unknown
233300,755578,01/01/2021,12/31/2021,0.0,0.0,0.0,0.0,0.0,0.0,0.0,0,0,0,0,unknown
251320,755579,01/01/2021,12/31/2021,0.0,0.0,0.0,0.0,0.0,0.0,0.0,0,0,0,0,unknown
261321,755582,01/01/2021,12/31/2021,0.0,0.0,0.0,0.0,0.0,0.0,0.0,0,0,0,0,unknown
294013,755584,01/01/2021,12/31/2021,0.0,0.0,0.0,0.0,0.0,0.0,0.0,0,0,0,0,unknown
424011,755599,07/01/2021,06/30/2022,0.0,0.0,0.0,0.0,0.0,0.0,0.0,0,0,0,0,unknown
431307,755600,01/01/2021,12/31/2021,0.0,0.0,0.0,0.0,0.0,0.0,0.0,0,0,0,0,unknown
431311,755601,01/01/2021,12/31/2021,0.0,0.0,0.0,0.0,0.0,0.0,0.0,0,0,0,0,unknown
431329,755602,01/01/2021,12/31/2021,0.0,0.0,0.0,0.0,0.0,0.0,0.0,0,0,0,0,unknown
451312,755605,01/01/2021,12/31/2021,0.0,0.0,0.0,0.0,0.0,0.0,0.0,0,0,0,0,unknown
521325,755607,01/01/2021,12/31/2021,0.0,0.0,0.0,0.0,0.0,0.0,0.0,0,0,0,0,unknown
531305,755608,01/01/2021,12/31/2021,0.0,0.0,0.0,0.0,0.0,0.0,0.0,0,0,0,0,unknown
051320,755614,01/01/2021,12/31/2021,0.0,0.0,0.0,0.0,0.0,0.0,0.0,0,0,0,0,unknown
104063,755619,01/01/2021,12/31/2021,0.0,0.0,0.0,0.0,0.0,0.0,0.0,0,0,0,0,unknown
151306,755626,01/01/2021,12/31/2021,0.0,0.0,0.0,0.0,0.0,0.0,0.0,0,0,0,0,unknown
151333,755627,01/01/2021,12/31/2021,0.0,0.0,0.0,0.0,0.0,0.0,0.0,0,0,0,0,unknown
191314,755631,01/01/2021,12/31/2021,0.0,0.0,0.0,0.0,0.0,0.0,0.0,0,0,0,0,unknown
194085,755632,01/01/2021,12/31/2021,0.0,0.0,0.0,0.0,0.0,0.0,0.0,0,0,0,0,unknown
263301,755644,01/01/2021,12/31/2021,0.0,0.0,0.0,0.0,0.0,0.0,0.0,0,0,0,0,unknown
264012,755645,01/01/2021,12/31/2021,0.0,0.0,0.0,0.0,0.0,0.0,0.0,0,0,0,0,unknown
314012,755647,01/01/2021,12/31/2021,0.0,0.0,0.0,0.0,0.0,0.0,0.0,0,0,0,0,unknown
331313,755662,01/01/2021,12/31/2021,0.0,0.0,0.0,0.0,0.0,0.0,0.0,0,0,0,0,unknown
360085,755669,07/01/2021,06/30/2022,0.0,0.0,0.0,0.0,0.0,0.0,0.0,0,0,0,0,unknown
360234,755671,01/01/2021,12/31/2021,0.0,0.0,0.0,0.0,0.0,0.0,0.0,0,0,0,0,unknown
392039,755678,02/01/2021,01/31/2022,0.0,0.0,0.0,0.0,0.0,0.0,0.0,0,0,0,0,unknown
442015,755684,01/01/2021,12/31/2021,0.0,0.0,0.0,0.0,0.0,0.0,0.0,0,0,0,0,unknown
521319,755693,01/01/2021,12/31/2021,0.0,0.0,0.0,0.0,0.0,0.0,0.0,0,0,0,0,unknown
010092,755701,10/01/2020,09/30/2021,0.0,0.0,0.0,0.0,0.0,0.0,0.0,0,0,0,0,unknown
041316,755706,01/01/2021,12/31/2021,0.0,0.0,0.0,0.0,0.0,0.0,0.0,0,0,0,0,unknown
061323,755719,01/01/2021,12/31/2021,0.0,0.0,0.0,0.0,0.0,0.0,0.0,0,0,0,0,unknown
064028,755720,01/01/2021,12/31/2021,0.0,0.0,0.0,0.0,0.0,0.0,0.0,0,0,0,0,unknown
084005,755721,01/01/2021,12/31/2021,0.0,0.0,0.0,0.0,0.0,0.0,0.0,0,0,0,0,unknown
100302,755726,01/01/2021,09/30/2021,0.0,0.0,0.0,0.0,0.0,0.0,0.0,0,0,0,0,unknown
101303,755727,01/01/2021,12/31/2021,0.0,0.0,0.0,0.0,0.0,0.0,0.0,0,0,0,0,unknown
101304,755728,01/01/2021,12/31/2021,0.0,0.0,0.0,0.0,0.0,0.0,0.0,0,0,0,0,unknown
104070,755731,01/01/2021,12/31/2021,0.0,0.0,0.0,0.0,0.0,0.0,0.0,0,0,0,0,unknown
110143,755739,07/01/2021,06/30/2022,0.0,0.0,0.0,0.0,0.0,0.0,0.0,0,0,0,0,unknown
171321,755748,01/01/2021,12/31/2021,0.0,0.0,0.0,0.0,0.0,0.0,0.0,0,0,0,0,unknown
191313,755749,01/01/2021,12/31/2021,0.0,0.0,0.0,0.0,0.0,0.0,0.0,0,0,0,0,unknown
192007,755750,01/01/2021,12/31/2021,0.0,0.0,0.0,0.0,0.0,0.0,0.0,0,0,0,0,unknown
192029,755751,01/01/2021,12/31/2021,0.0,0.0,0.0,0.0,0.0,0.0,0.0,0,0,0,0,unknown
194022,755752,01/01/2021,12/31/2021,0.0,0.0,0.0,0.0,0.0,0.0,0.0,0,0,0,0,unknown
210060,755753,01/01/2021,12/31/2021,0.0,0.0,0.0,0.0,0.0,0.0,0.0,0,0,0,0,unknown
231304,755759,01/01/2021,12/31/2021,0.0,0.0,0.0,0.0,0.0,0.0,0.0,0,0,0,0,unknown
234040,755760,01/01/2021,12/31/2021,0.0,0.0,0.0,0.0,0.0,0.0,0.0,0,0,0,0,unknown
234042,755761,01/01/2021,12/31/2021,0.0,0.0,0.0,0.0,0.0,0.0,0.0,0,0,0,0,unknown
251327,755762,01/01/2021,12/31/2021,0.0,0.0,0.0,0.0,0.0,0.0,0.0,0,0,0,0,unknown
254012,755763,01/01/2021,12/31/2021,0.0,0.0,0.0,0.0,0.0,0.0,0.0,0,0,0,0,unknown
261309,755764,01/01/2021,12/31/2021,0.0,0.0,0.0,0.0,0.0,0.0,0.0,0,0,0,0,unknown
264030,755765,01/01/2021,12/31/2021,0.0,0.0,0.0,0.0,0.0,0.0,0.0,0,0,0,0,unknown
271335,755767,01/01/2021,12/31/2021,0.0,0.0,0.0,0.0,0.0,0.0,0.0,0,0,0,0,unknown
291311,755770,01/01/2021,12/31/2021,0.0,0.0,0.0,0.0,0.0,0.0,0.0,0,0,0,0,unknown
340147,755788,07/01/2021,06/30/2022,0.0,0.0,0.0,0.0,0.0,0.0,0.0,0,0,0,0,unknown
351313,755789,01/01/2021,12/31/2021,0.0,0.0,0.0,0.0,0.0,0.0,0.0,0,0,0,0,unknown
362024,755790,01/01/2021,12/31/2021,0.0,0.0,0.0,0.0,0.0,0.0,0.0,0,0,0,0,unknown
371307,755792,01/01/2021,12/31/2021,0.0,0.0,0.0,0.0,0.0,0.0,0.0,0,0,0,0,unknown
374025,755793,01/01/2021,12/31/2021,0.0,0.0,0.0,0.0,0.0,0.0,0.0,0,0,0,0,unknown
451369,755808,01/01/2021,12/31/2021,0.0,0.0,0.0,0.0,0.0,0.0,0.0,0,0,0,0,unknown
451376,755809,01/01/2021,12/31/2021,0.0,0.0,0.0,0.0,0.0,0.0,0.0,0,0,0,0,unknown
451391,755810,01/01/2021,12/31/2021,0.0,0.0,0.0,0.0,0.0,0.0,0.0,0,0,0,0,unknown
452038,755811,01/01/2021,12/31/2021,0.0,0.0,0.0,0.0,0.0,0.0,0.0,0,0,0,0,unknown
452087,755812,01/01/2021,12/31/2021,0.0,0.0,0.0,0.0,0.0,0.0,0.0,0,0,0,0,unknown
454083,755813,01/01/2021,12/31/2021,0.0,0.0,0.0,0.0,0.0,0.0,0.0,0,0,0,0,unknown
454118,755814,01/01/2021,12/31/2021,0.0,0.0,0.0,0.0,0.0,0.0,0.0,0,0,0,0,unknown
454139,755815,01/01/2021,12/31/2021,0.0,0.0,0.0,0.0,0.0,0.0,0.0,0,0,0,0,unknown
521307,755819,01/01/2021,12/31/2021,0.0,0.0,0.0,0.0,0.0,0.0,0.0,0,0,0,0,unknown
522005,755820,01/01/2021,12/31/2021,0.0,0.0,0.0,0.0,0.0,0.0,0.0,0,0,0,0,unknown
054096,755823,01/01/2021,12/31/2021,0.0,0.0,0.0,0.0,0.0,0.0,0.0,0,0,0,0,unknown
061301,755825,01/01/2021,12/31/2021,0.0,0.0,0.0,0.0,0.0,0.0,0.0,0,0,0,0,unknown
061318,755826,01/01/2021,12/31/2021,0.0,0.0,0.0,0.0,0.0,0.0,0.0,0,0,0,0,unknown
061320,755827,01/01/2021,12/31/2021,0.0,0.0,0.0,0.0,0.0,0.0,0.0,0,0,0,0,unknown
061321,755828,01/01/2021,12/31/2021,0.0,0.0,0.0,0.0,0.0,0.0,0.0,0,0,0,0,unknown
102026,755831,01/01/2021,12/31/2021,0.0,0.0,0.0,0.0,0.0,0.0,0.0,0,0,0,0,unknown
151324,755835,01/01/2021,12/31/2021,0.0,0.0,0.0,0.0,0.0,0.0,0.0,0,0,0,0,unknown
191326,755838,01/01/2021,12/31/2021,0.0,0.0,0.0,0.0,0.0,0.0,0.0,0,0,0,0,unknown
194081,755839,01/01/2021,12/31/2021,0.0,0.0,0.0,0.0,0.0,0.0,0.0,0,0,0,0,unknown
194088,755840,01/01/2021,12/31/2021,0.0,0.0,0.0,0.0,0.0,0.0,0.0,0,0,0,0,unknown
210057,755841,01/01/2021,12/31/2021,0.0,0.0,0.0,0.0,0.0,0.0,0.0,0,0,0,0,unknown
234011,755842,01/01/2021,12/31/2021,0.0,0.0,0.0,0.0,0.0,0.0,0.0,0,0,0,0,unknown
251312,755844,10/01/2020,09/30/2021,0.0,0.0,0.0,0.0,0.0,0.0,0.0,0,0,0,0,unknown
281324,755846,05/01/2021,04/30/2022,0.0,0.0,0.0,0.0,0.0,0.0,0.0,0,0,0,0,unknown
314018,755847,01/01/2021,12/31/2021,0.0,0.0,0.0,0.0,0.0,0.0,0.0,0,0,0,0,unknown
431334,755853,01/01/2021,12/31/2021,0.0,0.0,0.0,0.0,0.0,0.0,0.0,0,0,0,0,unknown
451304,755855,01/01/2021,12/31/2021,0.0,0.0,0.0,0.0,0.0,0.0,0.0,0,0,0,0,unknown
451308,755856,01/01/2021,12/31/2021,0.0,0.0,0.0,0.0,0.0,0.0,0.0,0,0,0,0,unknown
451374,755857,01/01/2021,12/31/2021,0.0,0.0,0.0,0.0,0.0,0.0,0.0,0,0,0,0,unknown
451384,755858,01/01/2021,12/31/2021,0.0,0.0,0.0,0.0,0.0,0.0,0.0,0,0,0,0,unknown
454122,755859,01/01/2021,12/31/2021,0.0,0.0,0.0,0.0,0.0,0.0,0.0,0,0,0,0,unknown
454127,755860,01/01/2021,12/31/2021,0.0,0.0,0.0,0.0,0.0,0.0,0.0,0,0,0,0,unknown
454144,755861,01/01/2021,12/31/2021,0.0,0.0,0.0,0.0,0.0,0.0,0.0,0,0,0,0,unknown
461303,755862,01/01/2021,12/31/2021,0.0,0.0,0.0,0.0,0.0,0.0,0.0,0,0,0,0,unknown
501317,755864,01/01/2021,12/31/2021,0.0,0.0,0.0,0.0,0.0,0.0,0.0,0,0,0,0,unknown
504016,755865,01/01/2021,12/31/2021,0.0,0.0,0.0,0.0,0.0,0.0,0.0,0,0,0,0,unknown
100055,755868,01/01/2021,12/31/2021,0.0,0.0,0.0,0.0,0.0,0.0,0.0,0,0,0,0,unknown
110023,755869,01/01/2021,12/31/2021,0.0,0.0,0.0,0.0,0.0,0.0,0.0,0,0,0,0,unknown
181320,755870,01/01/2021,12/31/2021,0.0,0.0,0.0,0.0,0.0,0.0,0.0,0,0,0,0,unknown
151326,755911,01/01/2021,12/31/2021,0.0,0.0,0.0,0.0,0.0,0.0,0.0,0,0,0,0,unknown
161303,755912,07/01/2021,06/30/2022,0.0,0.0,0.0,0.0,0.0,0.0,0.0,0,0,0,0,unknown
171300,755914,01/01/2021,12/31/2021,0.0,0.0,0.0,0.0,0.0,0.0,0.0,0,0,0,0,unknown
171324,755915,01/01/2021,12/31/2021,0.0,0.0,0.0,0.0,0.0,0.0,0.0,0,0,0,0,unknown
171343,755916,01/01/2021,12/31/2021,0.0,0.0,0.0,0.0,0.0,0.0,0.0,0,0,0,0,unknown
194115,755922,01/01/2021,12/31/2021,0.0,0.0,0.0,0.0,0.0,0.0,0.0,0,0,0,0,unknown
222000,755931,10/01/2020,09/30/2021,0.0,0.0,0.0,0.0,0.0,0.0,0.0,0,0,0,0,unknown
250100,755935,10/01/2020,09/30/2021,0.0,0.0,0.0,0.0,0.0,0.0,0.0,0,0,0,0,unknown
250141,755936,10/01/2020,09/30/2021,0.0,0.0,0.0,0.0,0.0,0.0,0.0,0,0,0,0,unknown
262020,755939,01/01/2021,12/31/2021,0.0,0.0,0.0,0.0,0.0,0.0,0.0,0,0,0,0,unknown
360013,755947,01/01/2021,12/31/2021,0.0,0.0,0.0,0.0,0.0,0.0,0.0,0,0,0,0,unknown
371331,755953,01/01/2021,12/31/2021,0.0,0.0,0.0,0.0,0.0,0.0,0.0,0,0,0,0,unknown
381324,755956,01/01/2021,12/31/2021,0.0,0.0,0.0,0.0,0.0,0.0,0.0,0,0,0,0,unknown
420009,755958,10/01/2020,09/30/2021,0.0,0.0,0.0,0.0,0.0,0.0,0.0,0,0,0,0,unknown
440063,755968,07/01/2021,06/30/2022,0.0,0.0,0.0,0.0,0.0,0.0,0.0,0,0,0,0,unknown
440082,755969,07/01/2021,06/30/2022,0.0,0.0,0.0,0.0,0.0,0.0,0.0,0,0,0,0,unknown
451345,755982,01/01/2021,12/31/2021,0.0,0.0,0.0,0.0,0.0,0.0,0.0,0,0,0,0,unknown
454136,755984,01/01/2021,12/31/2021,0.0,0.0,0.0,0.0,0.0,0.0,0.0,0,0,0,0,unknown
454147,755985,01/01/2021,12/31/2021,0.0,0.0,0.0,0.0,0.0,0.0,0.0,0,0,0,0,unknown
490019,755992,01/01/2021,12/31/2021,0.0,0.0,0.0,0.0,0.0,0.0,0.0,0,0,0,0,unknown
022001,756001,01/01/2021,12/31/2021,0.0,0.0,0.0,0.0,0.0,0.0,0.0,0,0,0,0,unknown
054156,756011,01/01/2021,12/31/2021,0.0,0.0,0.0,0.0,0.0,0.0,0.0,0,0,0,0,unknown
151322,756038,01/01/2021,12/31/2021,0.0,0.0,0.0,0.0,0.0,0.0,0.0,0,0,0,0,unknown
230020,756055,01/01/2021,12/31/2021,0.0,0.0,0.0,0.0,0.0,0.0,0.0,0,0,0,0,unknown
341314,756088,01/01/2021,12/31/2021,0.0,0.0,0.0,0.0,0.0,0.0,0.0,0,0,0,0,unknown
451317,756116,01/01/2021,12/31/2021,0.0,0.0,0.0,0.0,0.0,0.0,0.0,0,0,0,0,unknown
454117,756118,01/01/2021,12/31/2021,0.0,0.0,0.0,0.0,0.0,0.0,0.0,0,0,0,0,unknown
454123,756119,01/01/2021,12/31/2021,0.0,0.0,0.0,0.0,0.0,0.0,0.0,0,0,0,0,unknown
454150,756120,01/01/2021,12/31/2021,0.0,0.0,0.0,0.0,0.0,0.0,0.0,0,0,0,0,unknown
021302,756138,01/01/2021,12/31/2021,0.0,0.0,0.0,0.0,0.0,0.0,0.0,0,0,0,0,unknown
051331,756151,01/01/2021,12/31/2021,0.0,0.0,0.0,0.0,0.0,0.0,0.0,0,0,0,0,unknown
061311,756153,01/01/2021,12/31/2021,0.0,0.0,0.0,0.0,0.0,0.0,0.0,0,0,0,0,unknown
061315,756154,01/01/2021,12/31/2021,0.0,0.0,0.0,0.0,0.0,0.0,0.0,0,0,0,0,unknown
100093,756161,10/01/2020,09/30/2021,0.0,0.0,0.0,0.0,0.0,0.0,0.0,0,0,0,0,unknown
103301,756163,01/01/2021,12/31/2021,0.0,0.0,0.0,0.0,0.0,0.0,0.0,0,0,0,0,unknown
131309,756165,08/01/2021,12/31/2021,0.0,0.0,0.0,0.0,0.0,0.0,0.0,0,0,0,0,unknown
151304,756176,01/01/2021,12/31/2021,0.0,0.0,0.0,0.0,0.0,0.0,0.0,0,0,0,0,unknown
161343,756178,07/01/2021,06/30/2022,0.0,0.0,0.0,0.0,0.0,0.0,0.0,0,0,0,0,unknown
171319,756184,04/01/2021,03/31/2022,0.0,0.0,0.0,0.0,0.0,0.0,0.0,0,0,0,0,unknown
171353,756185,04/01/2021,03/31/2022,0.0,0.0,0.0,0.0,0.0,0.0,0.0,0,0,0,0,unknown
261331,756202,04/01/2021,03/31/2022,0.0,0.0,0.0,0.0,0.0,0.0,0.0,0,0,0,0,unknown
262016,756203,01/01/2021,12/31/2021,0.0,0.0,0.0,0.0,0.0,0.0,0.0,0,0,0,0,unknown
362038,756214,03/01/2021,02/28/2022,0.0,0.0,0.0,0.0,0.0,0.0,0.0,0,0,0,0,unknown
461305,756242,01/01/2021,12/31/2021,0.0,0.0,0.0,0.0,0.0,0.0,0.0,0,0,0,0,unknown
501303,756243,01/01/2021,12/31/2021,0.0,0.0,0.0,0.0,0.0,0.0,0.0,0,0,0,0,unknown
504012,756244,01/01/2021,12/31/2021,0.0,0.0,0.0,0.0,0.0,0.0,0.0,0,0,0,0,unknown
034035,756253,01/01/2021,12/31/2021,0.0,0.0,0.0,0.0,0.0,0.0,0.0,0,0,0,0,unknown
041317,756258,01/01/2021,12/31/2021,0.0,0.0,0.0,0.0,0.0,0.0,0.0,0,0,0,0,unknown
042012,756259,01/01/2021,12/31/2021,0.0,0.0,0.0,0.0,0.0,0.0,0.0,0,0,0,0,unknown
061305,756277,01/01/2021,12/31/2021,0.0,0.0,0.0,0.0,0.0,0.0,0.0,0,0,0,0,unknown
111326,756299,10/01/2020,09/30/2021,0.0,0.0,0.0,0.0,0.0,0.0,0.0,0,0,0,0,unknown
121308,756305,01/01/2021,12/31/2021,0.0,0.0,0.0,0.0,0.0,0.0,0.0,0,0,0,0,unknown
134017,756306,01/01/2021,12/31/2021,0.0,0.0,0.0,0.0,0.0,0.0,0.0,0,0,0,0,unknown
193300,756336,01/01/2021,12/31/2021,0.0,0.0,0.0,0.0,0.0,0.0,0.0,0,0,0,0,unknown
194080,756337,01/01/2021,12/31/2021,0.0,0.0,0.0,0.0,0.0,0.0,0.0,0,0,0,0,unknown
251331,756342,10/01/2020,09/30/2021,0.0,0.0,0.0,0.0,0.0,0.0,0.0,0,0,0,0,unknown
490013,756425,01/01/2021,12/31/2021,0.0,0.0,0.0,0.0,0.0,0.0,0.0,0,0,0,0,unknown
490024,756429,10/01/2020,09/30/2021,0.0,0.0,0.0,0.0,0.0,0.0,0.0,0,0,0,0,unknown
490048,756434,01/01/2021,12/31/2021,0.0,0.0,0.0,0.0,0.0,0.0,0.0,0,0,0,0,unknown
490050,756435,01/01/2021,12/31/2021,0.0,0.0,0.0,0.0,0.0,0.0,0.0,0,0,0,0,unknown
490075,756439,01/01/2021,12/31/2021,0.0,0.0,0.0,0.0,0.0,0.0,0.0,0,0,0,0,unknown
490118,756444,04/01/2021,03/31/2022,0.0,0.0,0.0,0.0,0.0,0.0,0.0,0,0,0,0,unknown
501309,756449,01/01/2021,12/31/2021,0.0,0.0,0.0,0.0,0.0,0.0,0.0,0,0,0,0,unknown
501321,756450,01/01/2021,12/31/2021,0.0,0.0,0.0,0.0,0.0,0.0,0.0,0,0,0,0,unknown
504013,756452,01/01/2021,12/31/2021,0.0,0.0,0.0,0.0,0.0,0.0,0.0,0,0,0,0,unknown
041312,756472,01/01/2021,12/31/2021,0.0,0.0,0.0,0.0,0.0,0.0,0.0,0,0,0,0,unknown
051334,756475,01/01/2021,12/31/2021,0.0,0.0,0.0,0.0,0.0,0.0,0.0,0,0,0,0,unknown
054075,756477,01/01/2021,12/31/2021,0.0,0.0,0.0,0.0,0.0,0.0,0.0,0,0,0,0,unknown
131317,756497,01/01/2021,12/31/2021,0.0,0.0,0.0,0.0,0.0,0.0,0.0,0,0,0,0,unknown
171378,756517,05/01/2021,04/30/2022,0.0,0.0,0.0,0.0,0.0,0.0,0.0,0,0,0,0,unknown
292008,756536,01/01/2021,12/31/2021,0.0,0.0,0.0,0.0,0.0,0.0,0.0,0,0,0,0,unknown
382004,756543,02/01/2021,01/31/2022,0.0,0.0,0.0,0.0,0.0,0.0,0.0,0,0,0,0,unknown
501312,756572,01/01/2021,12/31/2021,0.0,0.0,0.0,0.0,0.0,0.0,0.0,0,0,0,0,unknown
501334,756574,01/01/2021,12/31/2021,0.0,0.0,0.0,0.0,0.0,0.0,0.0,0,0,0,0,unknown
180019,756620,12/01/2020,11/30/2021,0.0,0.0,0.0,0.0,0.0,0.0,0.0,0,0,0,0,unknown
252004,756652,01/01/2021,12/31/2021,0.0,0.0,0.0,0.0,0.0,0.0,0.0,0,0,0,0,unknown
340032,756671,07/01/2021,06/30/2022,0.0,0.0,0.0,0.0,0.0,0.0,0.0,0,0,0,0,unknown
420068,756712,10/01/2020,09/30/2021,0.0,0.0,0.0,0.0,0.0,0.0,0.0,0,0,0,0,unknown
250094,756844,04/01/2021,03/31/2022,0.0,0.0,0.0,0.0,0.0,0.0,0.0,0,0,0,0,unknown
281327,756853,05/01/2021,04/30/2022,0.0,0.0,0.0,0.0,0.0,0.0,0.0,0,0,0,0,unknown
310032,756856,01/01/2021,12/31/2021,0.0,0.0,0.0,0.0,0.0,0.0,0.0,0,0,0,0,unknown
451395,756931,06/01/2021,12/31/2021,0.0,0.0,0.0,0.0,0.0,0.0,0.0,0,0,0,0,unknown
452121,756932,02/01/2021,01/31/2022,0.0,0.0,0.0,0.0,0.0,0.0,0.0,0,0,0,0,unknown
670135,756947,01/01/2021,12/31/2021,0.0,0.0,0.0,0.0,0.0,0.0,0.0,0,0,0,0,unknown
060132,756966,07/01/2021,06/30/2022,0.0,0.0,0.0,0.0,0.0,0.0,0.0,0,0,0,0,unknown
062017,756967,03/01/2021,02/28/2022,0.0,0.0,0.0,0.0,0.0,0.0,0.0,0,0,0,0,unknown
111314,756977,01/01/2021,12/31/2021,0.0,0.0,0.0,0.0,0.0,0.0,0.0,0,0,0,0,unknown
310025,757022,01/01/2021,12/31/2021,0.0,0.0,0.0,0.0,0.0,0.0,0.0,0,0,0,0,unknown
322004,757023,03/01/2021,02/28/2022,0.0,0.0,0.0,0.0,0.0,0.0,0.0,0,0,0,0,unknown
451307,757053,01/01/2021,12/31/2021,0.0,0.0,0.0,0.0,0.0,0.0,0.0,0,0,0,0,unknown
512004,757068,08/01/2021,07/31/2022,0.0,0.0,0.0,0.0,0.0,0.0,0.0,0,0,0,0,unknown
524001,757077,01/01/2021,12/31/2021,0.0,0.0,0.0,0.0,0.0,0.0,0.0,0,0,0,0,unknown
060049,757099,07/01/2021,06/30/2022,0.0,0.0,0.0,0.0,0.0,0.0,0.0,0,0,0,0,unknown
241300,757156,01/01/2021,12/31/2021,0.0,0.0,0.0,0.0,0.0,0.0,0.0,0,0,0,0,unknown
281301,757164,07/01/2021,06/30/2022,0.0,0.0,0.0,0.0,0.0,0.0,0.0,0,0,0,0,unknown
281316,757165,07/01/2021,06/30/2022,0.0,0.0,0.0,0.0,0.0,0.0,0.0,0,0,0,0,unknown
281357,757167,01/01/2021,12/31/2021,0.0,0.0,0.0,0.0,0.0,0.0,0.0,0,0,0,0,unknown
342018,757181,02/01/2021,01/31/2022,0.0,0.0,0.0,0.0,0.0,0.0,0.0,0,0,0,0,unknown
364057,757221,04/01/2021,03/31/2022,0.0,0.0,0.0,0.0,0.0,0.0,0.0,0,0,0,0,unknown
372009,757224,02/01/2021,01/31/2022,0.0,0.0,0.0,0.0,0.0,0.0,0.0,0,0,0,0,unknown
420011,757234,01/01/2021,12/31/2021,0.0,0.0,0.0,0.0,0.0,0.0,0.0,0,0,0,0,unknown
141312,757320,05/01/2021,04/30/2022,0.0,0.0,0.0,0.0,0.0,0.0,0.0,0,0,0,0,unknown
161363,757334,07/01/2021,06/30/2022,0.0,0.0,0.0,0.0,0.0,0.0,0.0,0,0,0,0,unknown
171341,757338,01/01/2021,12/31/2021,0.0,0.0,0.0,0.0,0.0,0.0,0.0,0,0,0,0,unknown
261305,757361,07/01/2021,06/30/2022,0.0,0.0,0.0,0.0,0.0,0.0,0.0,0,0,0,0,unknown
261323,757362,02/01/2021,01/31/2022,0.0,0.0,0.0,0.0,0.0,0.0,0.0,0,0,0,0,unknown
281314,757364,07/01/2021,06/30/2022,0.0,0.0,0.0,0.0,0.0,0.0,0.0,0,0,0,0,unknown
390307,757401,01/01/2021,12/31/2021,0.0,0.0,0.0,0.0,0.0,0.0,0.0,0,0,0,0,unknown
392047,757404,02/01/2021,01/31/2022,0.0,0.0,0.0,0.0,0.0,0.0,0.0,0,0,0,0,unknown
400135,757405,07/01/2021,06/30/2022,0.0,0.0,0.0,0.0,0.0,0.0,0.0,0,0,0,0,unknown
490005,757417,10/01/2020,09/30/2021,0.0,0.0,0.0,0.0,0.0,0.0,0.0,0,0,0,0,unknown
510030,757428,01/01/2021,12/31/2021,0.0,0.0,0.0,0.0,0.0,0.0,0.0,0,0,0,0,unknown
670090,757434,01/01/2021,12/31/2021,0.0,0.0,0.0,0.0,0.0,0.0,0.0,0,0,0,0,unknown
110029,757482,10/01/2020,09/30/2021,0.0,0.0,0.0,0.0,0.0,0.0,0.0,0,0,0,0,unknown
150048,757512,01/01/2021,12/31/2021,0.0,0.0,0.0,0.0,0.0,0.0,0.0,0,0,0,0,unknown
180070,757549,01/01/2021,05/31/2021,0.0,0.0,0.0,0.0,0.0,0.0,0.0,0,0,0,0,unknown
180106,757550,04/01/2021,03/31/2022,0.0,0.0,0.0,0.0,0.0,0.0,0.0,0,0,0,0,unknown
260020,757565,07/01/2021,06/30/2022,0.0,0.0,0.0,0.0,0.0,0.0,0.0,0,0,0,0,unknown
331303,757588,01/01/2021,12/31/2021,0.0,0.0,0.0,0.0,0.0,0.0,0.0,0,0,0,0,unknown
340114,757592,07/01/2021,06/30/2022,0.0,0.0,0.0,0.0,0.0,0.0,0.0,0,0,0,0,unknown
501322,757620,01/01/2021,12/31/2021,0.0,0.0,0.0,0.0,0.0,0.0,0.0,0,0,0,0,unknown
521302,757627,01/01/2021,12/31/2021,0.0,0.0,0.0,0.0,0.0,0.0,0.0,0,0,0,0,unknown
110006,757659,07/01/2021,06/30/2022,0.0,0.0,0.0,0.0,0.0,0.0,0.0,0,0,0,0,unknown
110198,757662,07/01/2021,06/30/2022,0.0,0.0,0.0,0.0,0.0,0.0,0.0,0,0,0,0,unknown
161364,757684,07/01/2021,06/30/2022,0.0,0.0,0.0,0.0,0.0,0.0,0.0,0,0,0,0,unknown
190312,757688,07/01/2021,06/30/2022,0.0,0.0,0.0,0.0,0.0,0.0,0.0,0,0,0,0,unknown
334067,757733,04/01/2021,03/31/2022,0.0,0.0,0.0,0.0,0.0,0.0,0.0,0,0,0,0,unknown
340017,757736,07/01/2021,06/30/2022,0.0,0.0,0.0,0.0,0.0,0.0,0.0,0,0,0,0,unknown
100181,757828,01/01/2021,12/31/2021,0.0,0.0,0.0,0.0,0.0,0.0,0.0,0,0,0,0,unknown
141328,757841,04/01/2021,03/31/2022,0.0,0.0,0.0,0.0,0.0,0.0,0.0,0,0,0,0,unknown
150012,757845,07/01/2021,06/30/2022,0.0,0.0,0.0,0.0,0.0,0.0,0.0,0,0,0,0,unknown
190036,757866,01/01/2021,12/31/2021,0.0,0.0,0.0,0.0,0.0,0.0,0.0,0,0,0,0,unknown
190314,757871,09/01/2021,08/31/2022,0.0,0.0,0.0,0.0,0.0,0.0,0.0,0,0,0,0,unknown
260048,757901,07/01/2021,06/30/2022,0.0,0.0,0.0,0.0,0.0,0.0,0.0,0,0,0,0,unknown
120022,758069,07/01/2021,06/30/2022,0.0,0.0,0.0,0.0,0.0,0.0,0.0,0,0,0,0,unknown
120026,758070,07/01/2021,06/30/2022,0.0,0.0,0.0,0.0,0.0,0.0,0.0,0,0,0,0,unknown
151301,758083,07/01/2021,06/30/2022,0.0,0.0,0.0,0.0,0.0,0.0,0.0,0,0,0,0,unknown
251325,758123,10/01/2020,09/30/2021,0.0,0.0,0.0,0.0,0.0,0.0,0.0,0,0,0,0,unknown
370106,758161,07/01/2021,06/30/2022,0.0,0.0,0.0,0.0,0.0,0.0,0.0,0,0,0,0,unknown
454121,758193,08/01/2021,07/31/2022,0.0,0.0,0.0,0.0,0.0,0.0,0.0,0,0,0,0,unknown
490140,758199,01/01/2021,12/31/2021,0.0,0.0,0.0,0.0,0.0,0.0,0.0,0,0,0,0,unknown
510048,758204,10/01/2020,09/30/2021,0.0,0.0,0.0,0.0,0.0,0.0,0.0,0,0,0,0,unknown
510070,758205,06/01/2021,05/31/2022,0.0,0.0,0.0,0.0,0.0,0.0,0.0,0,0,0,0,unknown
031300,758413,01/01/2021,12/31/2021,0.0,0.0,0.0,0.0,0.0,0.0,0.0,0,0,0,0,unknown
050047,758430,01/01/2021,12/31/2021,0.0,0.0,0.0,0.0,0.0,0.0,0.0,0,0,0,0,unknown
050696,758443,01/01/2021,09/30/2021,0.0,0.0,0.0,0.0,0.0,0.0,0.0,0,0,0,0,unknown
050717,758444,07/01/2021,06/30/2022,0.0,0.0,0.0,0.0,0.0,0.0,0.0,0,0,0,0,unknown
050782,758445,04/01/2021,03/31/2022,0.0,0.0,0.0,0.0,0.0,0.0,0.0,0,0,0,0,unknown
100179,758455,01/01/2021,12/31/2021,0.0,0.0,0.0,0.0,0.0,0.0,0.0,0,0,0,0,unknown
110001,758458,10/01/2020,09/30/2021,0.0,0.0,0.0,0.0,0.0,0.0,0.0,0,0,0,0,unknown
110034,758461,07/01/2021,06/30/2022,0.0,0.0,0.0,0.0,0.0,0.0,0.0,0,0,0,0,unknown
160124,758472,07/01/2021,06/30/2022,0.0,0.0,0.0,0.0,0.0,0.0,0.0,0,0,0,0,unknown
170074,758473,05/01/2021,04/30/2022,0.0,0.0,0.0,0.0,0.0,0.0,0.0,0,0,0,0,unknown
330125,758523,01/01/2021,12/31/2021,0.0,0.0,0.0,0.0,0.0,0.0,0.0,0,0,0,0,unknown
370034,758536,07/01/2021,06/30/2022,0.0,0.0,0.0,0.0,0.0,0.0,0.0,0,0,0,0,unknown
510050,758602,10/01/2020,09/30/2021,0.0,0.0,0.0,0.0,0.0,0.0,0.0,0,0,0,0,unknown
054151,758630,01/01/2021,12/31/2021,0.0,0.0,0.0,0.0,0.0,0.0,0.0,0,0,0,0,unknown
060028,758631,01/01/2021,12/31/2021,0.0,0.0,0.0,0.0,0.0,0.0,0.0,0,0,0,0,unknown
160005,758650,07/01/2021,06/30/2022,0.0,0.0,0.0,0.0,0.0,0.0,0.0,0,0,0,0,unknown
160032,758651,07/01/2021,06/30/2022,0.0,0.0,0.0,0.0,0.0,0.0,0.0,0,0,0,0,unknown
201303,758663,01/01/2021,12/31/2021,0.0,0.0,0.0,0.0,0.0,0.0,0.0,0,0,0,0,unknown
232029,758674,07/01/2021,06/30/2022,0.0,0.0,0.0,0.0,0.0,0.0,0.0,0,0,0,0,unknown
310069,758696,01/01/2021,12/31/2021,0.0,0.0,0.0,0.0,0.0,0.0,0.0,0,0,0,0,unknown
370028,758711,07/01/2021,06/30/2022,0.0,0.0,0.0,0.0,0.0,0.0,0.0,0,0,0,0,unknown
390042,758716,07/01/2021,06/30/2022,0.0,0.0,0.0,0.0,0.0,0.0,0.0,0,0,0,0,unknown
450675,758754,06/01/2021,05/31/2022,0.0,0.0,0.0,0.0,0.0,0.0,0.0,0,0,0,0,unknown
450869,758758,01/01/2021,12/31/2021,0.0,0.0,0.0,0.0,0.0,0.0,0.0,0,0,0,0,unknown
040055,758776,01/01/2021,12/31/2021,0.0,0.0,0.0,0.0,0.0,0.0,0.0,0,0,0,0,unknown
050040,758781,07/01/2021,06/30/2022,0.0,0.0,0.0,0.0,0.0,0.0,0.0,0,0,0,0,unknown
050133,758786,01/01/2021,12/31/2021,0.0,0.0,0.0,0.0,0.0,0.0,0.0,0,0,0,0,unknown
050192,758787,01/01/2021,12/31/2021,0.0,0.0,0.0,0.0,0.0,0.0,0.0,0,0,0,0,unknown
050238,758790,01/01/2021,12/31/2021,0.0,0.0,0.0,0.0,0.0,0.0,0.0,0,0,0,0,unknown
050292,758794,07/01/2021,06/30/2022,0.0,0.0,0.0,0.0,0.0,0.0,0.0,0,0,0,0,unknown
050301,758796,01/01/2021,12/31/2021,0.0,0.0,0.0,0.0,0.0,0.0,0.0,0,0,0,0,unknown
050327,758797,07/01/2021,06/30/2022,0.0,0.0,0.0,0.0,0.0,0.0,0.0,0,0,0,0,unknown
050737,758806,07/01/2021,06/30/2022,0.0,0.0,0.0,0.0,0.0,0.0,0.0,0,0,0,0,unknown
050738,758808,07/01/2021,06/30/2022,0.0,0.0,0.0,0.0,0.0,0.0,0.0,0,0,0,0,unknown
050770,758812,07/01/2021,06/30/2022,0.0,0.0,0.0,0.0,0.0,0.0,0.0,0,0,0,0,unknown
070010,758828,10/01/2020,09/30/2021,0.0,0.0,0.0,0.0,0.0,0.0,0.0,0,0,0,0,unknown
100032,758835,10/01/2020,09/30/2021,0.0,0.0,0.0,0.0,0.0,0.0,0.0,0,0,0,0,unknown
130071,758855,10/01/2020,09/30/2021,0.0,0.0,0.0,0.0,0.0,0.0,0.0,0,0,0,0,unknown
140001,758856,07/01/2021,06/30/2022,0.0,0.0,0.0,0.0,0.0,0.0,0.0,0,0,0,0,unknown
150084,758882,07/01/2021,06/30/2022,0.0,0.0,0.0,0.0,0.0,0.0,0.0,0,0,0,0,unknown
220070,758910,10/01/2020,09/30/2021,0.0,0.0,0.0,0.0,0.0,0.0,0.0,0,0,0,0,unknown
220071,758911,10/01/2020,09/30/2021,0.0,0.0,0.0,0.0,0.0,0.0,0.0,0,0,0,0,unknown
220110,758913,10/01/2020,09/30/2021,0.0,0.0,0.0,0.0,0.0,0.0,0.0,0,0,0,0,unknown
220116,758914,10/01/2020,09/30/2021,0.0,0.0,0.0,0.0,0.0,0.0,0.0,0,0,0,0,unknown
230019,758919,07/01/2021,06/30/2022,0.0,0.0,0.0,0.0,0.0,0.0,0.0,0,0,0,0,unknown
230092,758925,01/01/2021,12/31/2021,0.0,0.0,0.0,0.0,0.0,0.0,0.0,0,0,0,0,unknown
230117,758927,07/01/2021,06/30/2022,0.0,0.0,0.0,0.0,0.0,0.0,0.0,0,0,0,0,unknown
231325,758932,07/01/2021,06/30/2022,0.0,0.0,0.0,0.0,0.0,0.0,0.0,0,0,0,0,unknown
240059,758939,01/01/2021,12/31/2021,0.0,0.0,0.0,0.0,0.0,0.0,0.0,0,0,0,0,unknown
262015,758955,01/01/2021,12/31/2021,0.0,0.0,0.0,0.0,0.0,0.0,0.0,0,0,0,0,unknown
270003,758957,06/01/2021,05/31/2022,0.0,0.0,0.0,0.0,0.0,0.0,0.0,0,0,0,0,unknown
290007,758969,07/01/2021,06/30/2022,0.0,0.0,0.0,0.0,0.0,0.0,0.0,0,0,0,0,unknown
310040,758976,01/01/2021,12/31/2021,0.0,0.0,0.0,0.0,0.0,0.0,0.0,0,0,0,0,unknown
360107,759005,01/01/2021,12/31/2021,0.0,0.0,0.0,0.0,0.0,0.0,0.0,0,0,0,0,unknown
390111,759019,07/01/2021,06/30/2022,0.0,0.0,0.0,0.0,0.0,0.0,0.0,0,0,0,0,unknown
390195,759023,07/01/2021,06/30/2022,0.0,0.0,0.0,0.0,0.0,0.0,0.0,0,0,0,0,unknown
410007,759027,10/01/2020,09/30/2021,0.0,0.0,0.0,0.0,0.0,0.0,0.0,0,0,0,0,unknown
420038,759030,10/01/2020,09/30/2021,0.0,0.0,0.0,0.0,0.0,0.0,0.0,0,0,0,0,unknown
440227,759041,04/01/2021,03/31/2022,0.0,0.0,0.0,0.0,0.0,0.0,0.0,0,0,0,0,unknown
441323,759042,06/30/2021,12/31/2021,0.0,0.0,0.0,0.0,0.0,0.0,0.0,0,0,0,0,unknown
460061,759062,01/01/2021,12/31/2021,0.0,0.0,0.0,0.0,0.0,0.0,0.0,0,0,0,0,unknown
500008,759067,07/01/2021,06/30/2022,0.0,0.0,0.0,0.0,0.0,0.0,0.0,0,0,0,0,unknown
500033,759069,01/01/2021,12/31/2021,0.0,0.0,0.0,0.0,0.0,0.0,0.0,0,0,0,0,unknown
050043,759102,01/01/2021,12/31/2021,0.0,0.0,0.0,0.0,0.0,0.0,0.0,0,0,0,0,unknown
050599,759119,07/01/2021,06/30/2022,0.0,0.0,0.0,0.0,0.0,0.0,0.0,0,0,0,0,unknown
050735,759124,07/01/2021,06/30/2022,0.0,0.0,0.0,0.0,0.0,0.0,0.0,0,0,0,0,unknown
050763,759127,01/01/2021,12/31/2021,0.0,0.0,0.0,0.0,0.0,0.0,0.0,0,0,0,0,unknown
100073,759142,07/01/2021,06/30/2022,0.0,0.0,0.0,0.0,0.0,0.0,0.0,0,0,0,0,unknown
140091,759175,01/01/2021,12/31/2021,0.0,0.0,0.0,0.0,0.0,0.0,0.0,0,0,0,0,unknown
140095,759177,07/01/2021,06/30/2022,0.0,0.0,0.0,0.0,0.0,0.0,0.0,0,0,0,0,unknown
140101,759178,01/01/2021,12/31/2021,0.0,0.0,0.0,0.0,0.0,0.0,0.0,0,0,0,0,unknown
140147,759185,01/01/2021,12/31/2021,0.0,0.0,0.0,0.0,0.0,0.0,0.0,0,0,0,0,unknown
140208,759194,01/01/2021,12/31/2021,0.0,0.0,0.0,0.0,0.0,0.0,0.0,0,0,0,0,unknown
151309,759204,07/01/2021,06/30/2022,0.0,0.0,0.0,0.0,0.0,0.0,0.0,0,0,0,0,unknown
220100,759222,10/01/2020,09/30/2021,0.0,0.0,0.0,0.0,0.0,0.0,0.0,0,0,0,0,unknown
220163,759223,10/01/2020,09/30/2021,0.0,0.0,0.0,0.0,0.0,0.0,0.0,0,0,0,0,unknown
240057,759232,01/01/2021,12/31/2021,0.0,0.0,0.0,0.0,0.0,0.0,0.0,0,0,0,0,unknown
261336,759244,07/01/2021,06/30/2022,0.0,0.0,0.0,0.0,0.0,0.0,0.0,0,0,0,0,unknown
360009,759269,01/01/2021,12/31/2021,0.0,0.0,0.0,0.0,0.0,0.0,0.0,0,0,0,0,unknown
360156,759272,01/01/2021,12/31/2021,0.0,0.0,0.0,0.0,0.0,0.0,0.0,0,0,0,0,unknown
390027,759288,07/01/2021,06/30/2022,0.0,0.0,0.0,0.0,0.0,0.0,0.0,0,0,0,0,unknown
394049,759304,03/01/2021,02/28/2022,0.0,0.0,0.0,0.0,0.0,0.0,0.0,0,0,0,0,unknown
420015,759305,10/01/2020,09/30/2021,0.0,0.0,0.0,0.0,0.0,0.0,0.0,0,0,0,0,unknown
450651,759331,04/01/2021,03/31/2022,0.0,0.0,0.0,0.0,0.0,0.0,0.0,0,0,0,0,unknown
450713,759335,11/01/2020,10/31/2021,0.0,0.0,0.0,0.0,0.0,0.0,0.0,0,0,0,0,unknown
500024,759349,01/01/2021,12/31/2021,0.0,0.0,0.0,0.0,0.0,0.0,0.0,0,0,0,0,unknown
500148,759353,01/01/2021,12/31/2021,0.0,0.0,0.0,0.0,0.0,0.0,0.0,0,0,0,0,unknown
520019,759356,07/01/2021,06/30/2022,0.0,0.0,0.0,0.0,0.0,0.0,0.0,0,0,0,0,unknown
520049,759362,10/01/2020,09/30/2021,0.0,0.0,0.0,0.0,0.0,0.0,0.0,0,0,0,0,unknown
520066,759366,07/01/2021,06/30/2022,0.0,0.0,0.0,0.0,0.0,0.0,0.0,0,0,0,0,unknown
520139,759373,01/01/2021,12/31/2021,0.0,0.0,0.0,0.0,0.0,0.0,0.0,0,0,0,0,unknown
520210,759380,10/01/2020,09/30/2021,0.0,0.0,0.0,0.0,0.0,0.0,0.0,0,0,0,0,unknown
030062,759389,01/01/2021,12/31/2021,0.0,0.0,0.0,0.0,0.0,0.0,0.0,0,0,0,0,unknown
030146,759395,01/01/2021,12/31/2021,0.0,0.0,0.0,0.0,0.0,0.0,0.0,0,0,0,0,unknown
050063,759404,01/01/2021,12/31/2021,0.0,0.0,0.0,0.0,0.0,0.0,0.0,0,0,0,0,unknown
050108,759407,01/01/2021,12/31/2021,0.0,0.0,0.0,0.0,0.0,0.0,0.0,0,0,0,0,unknown
050121,759408,01/01/2021,12/31/2021,0.0,0.0,0.0,0.0,0.0,0.0,0.0,0,0,0,0,unknown
050168,759412,07/01/2021,06/30/2022,0.0,0.0,0.0,0.0,0.0,0.0,0.0,0,0,0,0,unknown
050262,759418,07/01/2021,06/30/2022,0.0,0.0,0.0,0.0,0.0,0.0,0.0,0,0,0,0,unknown
050390,759422,01/01/2021,12/31/2021,0.0,0.0,0.0,0.0,0.0,0.0,0.0,0,0,0,0,unknown
050426,759425,01/01/2021,12/31/2021,0.0,0.0,0.0,0.0,0.0,0.0,0.0,0,0,0,0,unknown
050523,759430,01/01/2021,12/31/2021,0.0,0.0,0.0,0.0,0.0,0.0,0.0,0,0,0,0,unknown
050740,759437,07/01/2021,06/30/2022,0.0,0.0,0.0,0.0,0.0,0.0,0.0,0,0,0,0,unknown
050758,759438,01/01/2021,12/31/2021,0.0,0.0,0.0,0.0,0.0,0.0,0.0,0,0,0,0,unknown
054111,759442,02/01/2021,01/31/2022,0.0,0.0,0.0,0.0,0.0,0.0,0.0,0,0,0,0,unknown
060031,759444,07/01/2021,06/30/2022,0.0,0.0,0.0,0.0,0.0,0.0,0.0,0,0,0,0,unknown
110105,759459,10/01/2020,09/30/2021,0.0,0.0,0.0,0.0,0.0,0.0,0.0,0,0,0,0,unknown
130006,759467,10/01/2020,09/30/2021,0.0,0.0,0.0,0.0,0.0,0.0,0.0,0,0,0,0,unknown
130007,759468,07/01/2021,06/30/2022,0.0,0.0,0.0,0.0,0.0,0.0,0.0,0,0,0,0,unknown
192035,759497,09/01/2021,08/31/2022,0.0,0.0,0.0,0.0,0.0,0.0,0.0,0,0,0,0,unknown
220011,759498,07/01/2021,06/30/2022,0.0,0.0,0.0,0.0,0.0,0.0,0.0,0,0,0,0,unknown
220086,759503,10/01/2020,09/30/2021,0.0,0.0,0.0,0.0,0.0,0.0,0.0,0,0,0,0,unknown
310002,759520,01/01/2021,12/31/2021,0.0,0.0,0.0,0.0,0.0,0.0,0.0,0,0,0,0,unknown
330202,759538,07/01/2021,06/30/2022,0.0,0.0,0.0,0.0,0.0,0.0,0.0,0,0,0,0,unknown
370091,759549,07/01/2021,06/30/2022,0.0,0.0,0.0,0.0,0.0,0.0,0.0,0,0,0,0,unknown
390046,759558,07/01/2021,06/30/2022,0.0,0.0,0.0,0.0,0.0,0.0,0.0,0,0,0,0,unknown
390332,759570,07/01/2021,06/30/2022,0.0,0.0,0.0,0.0,0.0,0.0,0.0,0,0,0,0,unknown
410005,759572,01/01/2021,12/31/2021,0.0,0.0,0.0,0.0,0.0,0.0,0.0,0,0,0,0,unknown
450128,759591,01/01/2021,12/31/2021,0.0,0.0,0.0,0.0,0.0,0.0,0.0,0,0,0,0,unknown
490022,759609,01/01/2021,12/31/2021,0.0,0.0,0.0,0.0,0.0,0.0,0.0,0,0,0,0,unknown
492010,759612,01/01/2021,12/31/2021,0.0,0.0,0.0,0.0,0.0,0.0,0.0,0,0,0,0,unknown
030024,759626,07/01/2021,06/30/2022,0.0,0.0,0.0,0.0,0.0,0.0,0.0,0,0,0,0,unknown
040020,759629,10/01/2020,09/30/2021,0.0,0.0,0.0,0.0,0.0,0.0,0.0,0,0,0,0,unknown
040114,759634,01/01/2021,12/31/2021,0.0,0.0,0.0,0.0,0.0,0.0,0.0,0,0,0,0,unknown
050006,759636,07/01/2021,06/30/2022,0.0,0.0,0.0,0.0,0.0,0.0,0.0,0,0,0,0,unknown
050036,759638,01/01/2021,12/31/2021,0.0,0.0,0.0,0.0,0.0,0.0,0.0,0,0,0,0,unknown
050082,759643,07/01/2021,06/30/2022,0.0,0.0,0.0,0.0,0.0,0.0,0.0,0,0,0,0,unknown
050084,759644,07/01/2021,06/30/2022,0.0,0.0,0.0,0.0,0.0,0.0,0.0,0,0,0,0,unknown
050089,759645,01/01/2021,12/31/2021,0.0,0.0,0.0,0.0,0.0,0.0,0.0,0,0,0,0,unknown
050116,759651,01/01/2021,12/31/2021,0.0,0.0,0.0,0.0,0.0,0.0,0.0,0,0,0,0,unknown
050129,759654,07/01/2021,06/30/2022,0.0,0.0,0.0,0.0,0.0,0.0,0.0,0,0,0,0,unknown
050149,759657,01/01/2021,12/31/2021,0.0,0.0,0.0,0.0,0.0,0.0,0.0,0,0,0,0,unknown
050152,759658,01/01/2021,12/31/2021,0.0,0.0,0.0,0.0,0.0,0.0,0.0,0,0,0,0,unknown
050158,759659,01/01/2021,12/31/2021,0.0,0.0,0.0,0.0,0.0,0.0,0.0,0,0,0,0,unknown
050224,759662,01/01/2021,12/31/2021,0.0,0.0,0.0,0.0,0.0,0.0,0.0,0,0,0,0,unknown
050242,759665,07/01/2021,06/30/2022,0.0,0.0,0.0,0.0,0.0,0.0,0.0,0,0,0,0,unknown
050280,759667,07/01/2021,06/30/2022,0.0,0.0,0.0,0.0,0.0,0.0,0.0,0,0,0,0,unknown
050444,759674,07/01/2021,06/30/2022,0.0,0.0,0.0,0.0,0.0,0.0,0.0,0,0,0,0,unknown
050454,759675,07/01/2021,06/30/2022,0.0,0.0,0.0,0.0,0.0,0.0,0.0,0,0,0,0,unknown
050744,759685,09/01/2021,08/31/2022,0.0,0.0,0.0,0.0,0.0,0.0,0.0,0,0,0,0,unknown
061327,759696,01/01/2021,12/31/2021,0.0,0.0,0.0,0.0,0.0,0.0,0.0,0,0,0,0,unknown
090004,759700,07/01/2021,06/30/2022,0.0,0.0,0.0,0.0,0.0,0.0,0.0,0,0,0,0,unknown
100025,759701,07/01/2021,06/30/2022,0.0,0.0,0.0,0.0,0.0,0.0,0.0,0,0,0,0,unknown
100128,759704,10/01/2020,09/30/2021,0.0,0.0,0.0,0.0,0.0,0.0,0.0,0,0,0,0,unknown
120005,759716,07/01/2021,06/30/2022,0.0,0.0,0.0,0.0,0.0,0.0,0.0,0,0,0,0,unknown
140114,759720,10/01/2020,09/30/2021,0.0,0.0,0.0,0.0,0.0,0.0,0.0,0,0,0,0,unknown
140124,759721,12/01/2020,11/30/2021,0.0,0.0,0.0,0.0,0.0,0.0,0.0,0,0,0,0,unknown
140158,759722,06/01/2021,12/31/2021,0.0,0.0,0.0,0.0,0.0,0.0,0.0,0,0,0,0,unknown
230236,759746,07/01/2021,06/30/2022,0.0,0.0,0.0,0.0,0.0,0.0,0.0,0,0,0,0,unknown
231327,759757,01/01/2021,12/31/2021,0.0,0.0,0.0,0.0,0.0,0.0,0.0,0,0,0,0,unknown
240036,759761,07/01/2021,06/30/2022,0.0,0.0,0.0,0.0,0.0,0.0,0.0,0,0,0,0,unknown
240047,759764,01/01/2021,12/31/2021,0.0,0.0,0.0,0.0,0.0,0.0,0.0,0,0,0,0,unknown
240053,759765,01/01/2021,12/31/2021,0.0,0.0,0.0,0.0,0.0,0.0,0.0,0,0,0,0,unknown
240101,759769,07/01/2021,06/30/2022,0.0,0.0,0.0,0.0,0.0,0.0,0.0,0,0,0,0,unknown
270051,759787,04/01/2021,03/31/2022,0.0,0.0,0.0,0.0,0.0,0.0,0.0,0,0,0,0,unknown
290057,759793,01/01/2021,12/31/2021,0.0,0.0,0.0,0.0,0.0,0.0,0.0,0,0,0,0,unknown
310029,759798,01/01/2021,12/31/2021,0.0,0.0,0.0,0.0,0.0,0.0,0.0,0,0,0,0,unknown
310086,759803,07/01/2021,06/30/2022,0.0,0.0,0.0,0.0,0.0,0.0,0.0,0,0,0,0,unknown
330055,759811,01/01/2021,12/31/2021,0.0,0.0,0.0,0.0,0.0,0.0,0.0,0,0,0,0,unknown
330073,759816,01/01/2021,12/31/2021,0.0,0.0,0.0,0.0,0.0,0.0,0.0,0,0,0,0,unknown
330219,759822,01/01/2021,12/31/2021,0.0,0.0,0.0,0.0,0.0,0.0,0.0,0,0,0,0,unknown
380004,759842,01/01/2021,12/31/2021,0.0,0.0,0.0,0.0,0.0,0.0,0.0,0,0,0,0,unknown
380007,759843,04/01/2021,03/31/2022,0.0,0.0,0.0,0.0,0.0,0.0,0.0,0,0,0,0,unknown
380050,759847,10/01/2020,09/30/2021,0.0,0.0,0.0,0.0,0.0,0.0,0.0,0,0,0,0,unknown
390006,759851,07/01/2021,06/30/2022,0.0,0.0,0.0,0.0,0.0,0.0,0.0,0,0,0,0,unknown
390050,759857,07/01/2021,06/30/2022,0.0,0.0,0.0,0.0,0.0,0.0,0.0,0,0,0,0,unknown
390110,759864,07/01/2021,06/30/2022,0.0,0.0,0.0,0.0,0.0,0.0,0.0,0,0,0,0,unknown
450431,759901,01/01/2021,12/31/2021,0.0,0.0,0.0,0.0,0.0,0.0,0.0,0,0,0,0,unknown
450775,759905,10/01/2020,09/30/2021,0.0,0.0,0.0,0.0,0.0,0.0,0.0,0,0,0,0,unknown
490004,759914,01/01/2021,12/31/2021,0.0,0.0,0.0,0.0,0.0,0.0,0.0,0,0,0,0,unknown
490066,759917,01/01/2021,12/31/2021,0.0,0.0,0.0,0.0,0.0,0.0,0.0,0,0,0,0,unknown
520037,759929,01/01/2021,12/31/2021,0.0,0.0,0.0,0.0,0.0,0.0,0.0,0,0,0,0,unknown
520087,759933,01/01/2021,12/31/2021,0.0,0.0,0.0,0.0,0.0,0.0,0.0,0,0,0,0,unknown
050195,759944,07/01/2021,06/30/2022,0.0,0.0,0.0,0.0,0.0,0.0,0.0,0,0,0,0,unknown
140018,759952,07/01/2021,06/30/2022,0.0,0.0,0.0,0.0,0.0,0.0,0.0,0,0,0,0,unknown
140186,759957,01/01/2021,12/31/2021,0.0,0.0,0.0,0.0,0.0,0.0,0.0,0,0,0,0,unknown
140251,759959,01/01/2021,12/31/2021,0.0,0.0,0.0,0.0,0.0,0.0,0.0,0,0,0,0,unknown
140276,759960,07/01/2021,06/30/2022,0.0,0.0,0.0,0.0,0.0,0.0,0.0,0,0,0,0,unknown
200034,759966,01/01/2021,12/31/2021,0.0,0.0,0.0,0.0,0.0,0.0,0.0,0,0,0,0,unknown
220002,759969,10/01/2020,09/30/2021,0.0,0.0,0.0,0.0,0.0,0.0,0.0,0,0,0,0,unknown
220015,759970,10/01/2020,09/30/2021,0.0,0.0,0.0,0.0,0.0,0.0,0.0,0,0,0,0,unknown
220029,759972,10/01/2020,09/30/2021,0.0,0.0,0.0,0.0,0.0,0.0,0.0,0,0,0,0,unknown
220052,759975,10/01/2020,09/30/2021,0.0,0.0,0.0,0.0,0.0,0.0,0.0,0,0,0,0,unknown
220074,759977,10/01/2020,09/30/2021,0.0,0.0,0.0,0.0,0.0,0.0,0.0,0,0,0,0,unknown
230058,759980,07/01/2021,06/30/2022,0.0,0.0,0.0,0.0,0.0,0.0,0.0,0,0,0,0,unknown
230059,759981,07/01/2021,06/30/2022,0.0,0.0,0.0,0.0,0.0,0.0,0.0,0,0,0,0,unknown
240002,759984,07/01/2021,06/30/2022,0.0,0.0,0.0,0.0,0.0,0.0,0.0,0,0,0,0,unknown
240004,759985,01/01/2021,12/31/2021,0.0,0.0,0.0,0.0,0.0,0.0,0.0,0,0,0,0,unknown
240010,759987,01/01/2021,12/31/2021,0.0,0.0,0.0,0.0,0.0,0.0,0.0,0,0,0,0,unknown
240019,759990,07/01/2021,06/30/2022,0.0,0.0,0.0,0.0,0.0,0.0,0.0,0,0,0,0,unknown
290054,759996,01/01/2021,12/31/2021,0.0,0.0,0.0,0.0,0.0,0.0,0.0,0,0,0,0,unknown
300001,759999,10/01/2020,09/30/2021,0.0,0.0,0.0,0.0,0.0,0.0,0.0,0,0,0,0,unknown
300003,760001,07/01/2021,06/30/2022,0.0,0.0,0.0,0.0,0.0,0.0,0.0,0,0,0,0,unknown
330013,760006,01/01/2021,12/31/2021,0.0,0.0,0.0,0.0,0.0,0.0,0.0,0,0,0,0,unknown
330028,760009,01/01/2021,12/31/2021,0.0,0.0,0.0,0.0,0.0,0.0,0.0,0,0,0,0,unknown
330059,760010,01/01/2021,12/31/2021,0.0,0.0,0.0,0.0,0.0,0.0,0.0,0,0,0,0,unknown
330090,760013,01/01/2021,12/31/2021,0.0,0.0,0.0,0.0,0.0,0.0,0.0,0,0,0,0,unknown
330224,760021,01/01/2021,12/31/2021,0.0,0.0,0.0,0.0,0.0,0.0,0.0,0,0,0,0,unknown
330233,760023,01/01/2021,12/31/2021,0.0,0.0,0.0,0.0,0.0,0.0,0.0,0,0,0,0,unknown
330234,760024,01/01/2021,12/31/2021,0.0,0.0,0.0,0.0,0.0,0.0,0.0,0,0,0,0,unknown
330246,760028,01/01/2021,12/31/2021,0.0,0.0,0.0,0.0,0.0,0.0,0.0,0,0,0,0,unknown
330250,760029,10/01/2020,09/30/2021,0.0,0.0,0.0,0.0,0.0,0.0,0.0,0,0,0,0,unknown
330259,760030,01/01/2021,12/31/2021,0.0,0.0,0.0,0.0,0.0,0.0,0.0,0,0,0,0,unknown
330396,760042,07/01/2021,06/30/2022,0.0,0.0,0.0,0.0,0.0,0.0,0.0,0,0,0,0,unknown
410009,760043,10/01/2020,09/30/2021,0.0,0.0,0.0,0.0,0.0,0.0,0.0,0,0,0,0,unknown
520033,760047,07/01/2021,06/30/2022,0.0,0.0,0.0,0.0,0.0,0.0,0.0,0,0,0,0,unknown
030121,760056,07/01/2021,06/30/2022,0.0,0.0,0.0,0.0,0.0,0.0,0.0,0,0,0,0,unknown
050136,760063,07/01/2021,06/30/2022,0.0,0.0,0.0,0.0,0.0,0.0,0.0,0,0,0,0,unknown
050588,760066,01/01/2021,12/31/2021,0.0,0.0,0.0,0.0,0.0,0.0,0.0,0,0,0,0,unknown
100088,760081,10/01/2020,09/30/2021,0.0,0.0,0.0,0.0,0.0,0.0,0.0,0,0,0,0,unknown
140182,760094,01/01/2021,12/31/2021,0.0,0.0,0.0,0.0,0.0,0.0,0.0,0,0,0,0,unknown
200009,760102,10/01/2020,09/30/2021,0.0,0.0,0.0,0.0,0.0,0.0,0.0,0,0,0,0,unknown
230130,760113,01/01/2021,12/31/2021,0.0,0.0,0.0,0.0,0.0,0.0,0.0,0,0,0,0,unknown
240080,760115,01/01/2021,12/31/2021,0.0,0.0,0.0,0.0,0.0,0.0,0.0,0,0,0,0,unknown
240207,760118,01/01/2021,12/31/2021,0.0,0.0,0.0,0.0,0.0,0.0,0.0,0,0,0,0,unknown
270004,760121,07/01/2021,06/30/2022,0.0,0.0,0.0,0.0,0.0,0.0,0.0,0,0,0,0,unknown
380027,760137,07/01/2021,06/30/2022,0.0,0.0,0.0,0.0,0.0,0.0,0.0,0,0,0,0,unknown
430027,760148,01/01/2021,12/31/2021,0.0,0.0,0.0,0.0,0.0,0.0,0.0,0,0,0,0,unknown
450697,760155,10/01/2020,09/30/2021,0.0,0.0,0.0,0.0,0.0,0.0,0.0,0,0,0,0,unknown
500064,760162,07/01/2021,06/30/2022,0.0,0.0,0.0,0.0,0.0,0.0,0.0,0,0,0,0,unknown
500077,760163,01/01/2021,12/31/2021,0.0,0.0,0.0,0.0,0.0,0.0,0.0,0,0,0,0,unknown
030022,760173,07/01/2021,06/30/2022,0.0,0.0,0.0,0.0,0.0,0.0,0.0,0,0,0,0,unknown
050104,760184,01/01/2021,12/31/2021,0.0,0.0,0.0,0.0,0.0,0.0,0.0,0,0,0,0,unknown
050350,760187,01/01/2021,12/31/2021,0.0,0.0,0.0,0.0,0.0,0.0,0.0,0,0,0,0,unknown
050739,760193,01/01/2021,12/31/2021,0.0,0.0,0.0,0.0,0.0,0.0,0.0,0,0,0,0,unknown
100023,760198,11/01/2020,10/31/2021,0.0,0.0,0.0,0.0,0.0,0.0,0.0,0,0,0,0,unknown
100213,760200,05/01/2021,04/30/2022,0.0,0.0,0.0,0.0,0.0,0.0,0.0,0,0,0,0,unknown
102020,760203,03/01/2021,02/28/2022,0.0,0.0,0.0,0.0,0.0,0.0,0.0,0,0,0,0,unknown
231310,760217,07/01/2021,06/30/2022,0.0,0.0,0.0,0.0,0.0,0.0,0.0,0,0,0,0,unknown
310038,760230,01/01/2021,12/31/2021,0.0,0.0,0.0,0.0,0.0,0.0,0.0,0,0,0,0,unknown
310064,760233,01/01/2021,12/31/2021,0.0,0.0,0.0,0.0,0.0,0.0,0.0,0,0,0,0,unknown
350002,760236,07/01/2021,06/30/2022,0.0,0.0,0.0,0.0,0.0,0.0,0.0,0,0,0,0,unknown
451382,760267,01/01/2021,12/31/2021,0.0,0.0,0.0,0.0,0.0,0.0,0.0,0,0,0,0,unknown
040039,760284,07/01/2021,06/30/2022,0.0,0.0,0.0,0.0,0.0,0.0,0.0,0,0,0,0,unknown
050054,760301,07/01/2021,06/30/2022,0.0,0.0,0.0,0.0,0.0,0.0,0.0,0,0,0,0,unknown
050167,760312,07/01/2021,06/30/2022,0.0,0.0,0.0,0.0,0.0,0.0,0.0,0,0,0,0,unknown
050324,760320,10/01/2020,09/30/2021,0.0,0.0,0.0,0.0,0.0,0.0,0.0,0,0,0,0,unknown
050503,760329,10/01/2020,09/30/2021,0.0,0.0,0.0,0.0,0.0,0.0,0.0,0,0,0,0,unknown
050543,760331,01/01/2021,12/31/2021,0.0,0.0,0.0,0.0,0.0,0.0,0.0,0,0,0,0,unknown
050549,760332,01/01/2021,12/31/2021,0.0,0.0,0.0,0.0,0.0,0.0,0.0,0,0,0,0,unknown
050624,760336,10/01/2020,09/30/2021,0.0,0.0,0.0,0.0,0.0,0.0,0.0,0,0,0,0,unknown
070007,760347,10/01/2020,09/30/2021,0.0,0.0,0.0,0.0,0.0,0.0,0.0,0,0,0,0,unknown
070033,760349,10/01/2020,09/30/2021,0.0,0.0,0.0,0.0,0.0,0.0,0.0,0,0,0,0,unknown
100007,760358,01/01/2021,12/31/2021,0.0,0.0,0.0,0.0,0.0,0.0,0.0,0,0,0,0,unknown
100034,760360,01/01/2021,12/31/2021,0.0,0.0,0.0,0.0,0.0,0.0,0.0,0,0,0,0,unknown
100062,760361,10/01/2020,09/30/2021,0.0,0.0,0.0,0.0,0.0,0.0,0.0,0,0,0,0,unknown
100086,760362,07/01/2021,06/30/2022,0.0,0.0,0.0,0.0,0.0,0.0,0.0,0,0,0,0,unknown
100281,760367,05/01/2021,04/30/2022,0.0,0.0,0.0,0.0,0.0,0.0,0.0,0,0,0,0,unknown
140049,760380,05/01/2021,04/30/2022,0.0,0.0,0.0,0.0,0.0,0.0,0.0,0,0,0,0,unknown
140119,760390,07/01/2021,06/30/2022,0.0,0.0,0.0,0.0,0.0,0.0,0.0,0,0,0,0,unknown
140200,760393,07/01/2021,06/30/2022,0.0,0.0,0.0,0.0,0.0,0.0,0.0,0,0,0,0,unknown
200024,760416,07/01/2021,06/30/2022,0.0,0.0,0.0,0.0,0.0,0.0,0.0,0,0,0,0,unknown
223027,760434,07/01/2021,06/30/2022,0.0,0.0,0.0,0.0,0.0,0.0,0.0,0,0,0,0,unknown
224041,760435,01/01/2021,12/31/2021,0.0,0.0,0.0,0.0,0.0,0.0,0.0,0,0,0,0,unknown
240078,760443,01/01/2021,12/31/2021,0.0,0.0,0.0,0.0,0.0,0.0,0.0,0,0,0,0,unknown
250097,760454,10/01/2020,09/30/2021,0.0,0.0,0.0,0.0,0.0,0.0,0.0,0,0,0,0,unknown
300020,760466,07/01/2021,06/30/2022,0.0,0.0,0.0,0.0,0.0,0.0,0.0,0,0,0,0,unknown
310014,760469,01/01/2021,12/31/2021,0.0,0.0,0.0,0.0,0.0,0.0,0.0,0,0,0,0,unknown
330078,760487,01/01/2021,12/31/2021,0.0,0.0,0.0,0.0,0.0,0.0,0.0,0,0,0,0,unknown
330136,760497,01/01/2021,12/31/2021,0.0,0.0,0.0,0.0,0.0,0.0,0.0,0,0,0,0,unknown
330153,760501,01/01/2021,12/31/2021,0.0,0.0,0.0,0.0,0.0,0.0,0.0,0,0,0,0,unknown
330158,760503,01/01/2021,12/31/2021,0.0,0.0,0.0,0.0,0.0,0.0,0.0,0,0,0,0,unknown
330180,760505,07/01/2021,06/30/2022,0.0,0.0,0.0,0.0,0.0,0.0,0.0,0,0,0,0,unknown
330191,760510,01/01/2021,12/31/2021,0.0,0.0,0.0,0.0,0.0,0.0,0.0,0,0,0,0,unknown
330193,760511,01/01/2021,12/31/2021,0.0,0.0,0.0,0.0,0.0,0.0,0.0,0,0,0,0,unknown
330194,760512,01/01/2021,12/31/2021,0.0,0.0,0.0,0.0,0.0,0.0,0.0,0,0,0,0,unknown
330196,760514,07/01/2021,06/30/2022,0.0,0.0,0.0,0.0,0.0,0.0,0.0,0,0,0,0,unknown
330204,760518,07/01/2021,06/30/2022,0.0,0.0,0.0,0.0,0.0,0.0,0.0,0,0,0,0,unknown
330222,760521,01/01/2021,12/31/2021,0.0,0.0,0.0,0.0,0.0,0.0,0.0,0,0,0,0,unknown
330240,760524,07/01/2021,06/30/2022,0.0,0.0,0.0,0.0,0.0,0.0,0.0,0,0,0,0,unknown
340075,760530,01/01/2021,12/31/2021,0.0,0.0,0.0,0.0,0.0,0.0,0.0,0,0,0,0,unknown
380021,760545,07/01/2021,06/30/2022,0.0,0.0,0.0,0.0,0.0,0.0,0.0,0,0,0,0,unknown
390049,760550,07/01/2021,06/30/2022,0.0,0.0,0.0,0.0,0.0,0.0,0.0,0,0,0,0,unknown
390329,760564,07/01/2021,06/30/2022,0.0,0.0,0.0,0.0,0.0,0.0,0.0,0,0,0,0,unknown
404007,760570,01/01/2021,12/31/2021,0.0,0.0,0.0,0.0,0.0,0.0,0.0,0,0,0,0,unknown
410011,760575,01/01/2021,12/31/2021,0.0,0.0,0.0,0.0,0.0,0.0,0.0,0,0,0,0,unknown
450672,760609,02/01/2021,01/31/2022,0.0,0.0,0.0,0.0,0.0,0.0,0.0,0,0,0,0,unknown
470003,760619,10/01/2020,09/30/2021,0.0,0.0,0.0,0.0,0.0,0.0,0.0,0,0,0,0,unknown
500054,760629,01/01/2021,12/31/2021,0.0,0.0,0.0,0.0,0.0,0.0,0.0,0,0,0,0,unknown
500108,760630,07/01/2021,06/30/2022,0.0,0.0,0.0,0.0,0.0,0.0,0.0,0,0,0,0,unknown
520030,760642,07/01/2021,06/30/2022,0.0,0.0,0.0,0.0,0.0,0.0,0.0,0,0,0,0,unknown
520103,760644,07/01/2021,06/30/2022,0.0,0.0,0.0,0.0,0.0,0.0,0.0,0,0,0,0,unknown
030013,760649,10/01/2020,09/30/2021,0.0,0.0,0.0,0.0,0.0,0.0,0.0,0,0,0,0,unknown
050045,760665,07/01/2021,06/30/2022,0.0,0.0,0.0,0.0,0.0,0.0,0.0,0,0,0,0,unknown
050191,760676,07/01/2021,06/30/2022,0.0,0.0,0.0,0.0,0.0,0.0,0.0,0,0,0,0,unknown
050228,760677,07/01/2021,06/30/2022,0.0,0.0,0.0,0.0,0.0,0.0,0.0,0,0,0,0,unknown
050245,760679,07/01/2021,06/30/2022,0.0,0.0,0.0,0.0,0.0,0.0,0.0,0,0,0,0,unknown
050276,760680,07/01/2021,06/30/2022,0.0,0.0,0.0,0.0,0.0,0.0,0.0,0,0,0,0,unknown
050291,760683,01/01/2021,12/31/2021,0.0,0.0,0.0,0.0,0.0,0.0,0.0,0,0,0,0,unknown
050315,760686,07/01/2021,06/30/2022,0.0,0.0,0.0,0.0,0.0,0.0,0.0,0,0,0,0,unknown
050516,760697,07/01/2021,06/30/2022,0.0,0.0,0.0,0.0,0.0,0.0,0.0,0,0,0,0,unknown
050724,760705,01/01/2021,12/31/2021,0.0,0.0,0.0,0.0,0.0,0.0,0.0,0,0,0,0,unknown
050746,760707,09/01/2021,08/31/2022,0.0,0.0,0.0,0.0,0.0,0.0,0.0,0,0,0,0,unknown
100038,760716,05/01/2021,04/30/2022,0.0,0.0,0.0,0.0,0.0,0.0,0.0,0,0,0,0,unknown
100230,760722,05/01/2021,04/30/2022,0.0,0.0,0.0,0.0,0.0,0.0,0.0,0,0,0,0,unknown
130028,760725,01/01/2021,12/31/2021,0.0,0.0,0.0,0.0,0.0,0.0,0.0,0,0,0,0,unknown
190017,760737,07/01/2021,06/30/2022,0.0,0.0,0.0,0.0,0.0,0.0,0.0,0,0,0,0,unknown
190176,760741,01/01/2021,12/31/2021,0.0,0.0,0.0,0.0,0.0,0.0,0.0,0,0,0,0,unknown
250134,760747,07/01/2021,06/30/2022,0.0,0.0,0.0,0.0,0.0,0.0,0.0,0,0,0,0,unknown
290001,760763,07/01/2021,06/30/2022,0.0,0.0,0.0,0.0,0.0,0.0,0.0,0,0,0,0,unknown
290003,760764,02/01/2021,01/31/2022,0.0,0.0,0.0,0.0,0.0,0.0,0.0,0,0,0,0,unknown
290039,760767,01/01/2021,12/31/2021,0.0,0.0,0.0,0.0,0.0,0.0,0.0,0,0,0,0,unknown
330127,760776,07/01/2021,06/30/2022,0.0,0.0,0.0,0.0,0.0,0.0,0.0,0,0,0,0,unknown
330231,760780,07/01/2021,06/30/2022,0.0,0.0,0.0,0.0,0.0,0.0,0.0,0,0,0,0,unknown
380090,760794,07/01/2021,06/30/2022,0.0,0.0,0.0,0.0,0.0,0.0,0.0,0,0,0,0,unknown
430016,760804,07/01/2021,06/30/2022,0.0,0.0,0.0,0.0,0.0,0.0,0.0,0,0,0,0,unknown
460019,760819,07/01/2021,06/30/2022,0.0,0.0,0.0,0.0,0.0,0.0,0.0,0,0,0,0,unknown
500005,760826,01/01/2021,12/31/2021,0.0,0.0,0.0,0.0,0.0,0.0,0.0,0,0,0,0,unknown
510006,760841,01/01/2021,12/31/2021,0.0,0.0,0.0,0.0,0.0,0.0,0.0,0,0,0,0,unknown
261330,760887,05/01/2021,04/30/2022,0.0,0.0,0.0,0.0,0.0,0.0,0.0,0,0,0,0,unknown
360189,760897,01/01/2021,12/31/2021,0.0,0.0,0.0,0.0,0.0,0.0,0.0,0,0,0,0,unknown
440048,760905,10/01/2020,09/30/2021,0.0,0.0,0.0,0.0,0.0,0.0,0.0,0,0,0,0,unknown
451379,760910,08/01/2021,07/31/2022,0.0,0.0,0.0,0.0,0.0,0.0,0.0,0,0,0,0,unknown
050496,760923,01/01/2021,12/31/2021,0.0,0.0,0.0,0.0,0.0,0.0,0.0,0,0,0,0,unknown
100040,760928,07/01/2021,06/30/2022,0.0,0.0,0.0,0.0,0.0,0.0,0.0,0,0,0,0,unknown
100109,760929,01/01/2021,12/31/2021,0.0,0.0,0.0,0.0,0.0,0.0,0.0,0,0,0,0,unknown
232037,760949,01/01/2021,12/31/2021,0.0,0.0,0.0,0.0,0.0,0.0,0.0,0,0,0,0,unknown
361320,760992,07/01/2021,06/30/2022,0.0,0.0,0.0,0.0,0.0,0.0,0.0,0,0,0,0,unknown
453086,761006,01/01/2021,11/30/2021,0.0,0.0,0.0,0.0,0.0,0.0,0.0,0,0,0,0,unknown
154063,761053,01/01/2021,12/31/2021,0.0,0.0,0.0,0.0,0.0,0.0,0.0,0,0,0,0,unknown
261301,761070,06/01/2021,05/31/2022,0.0,0.0,0.0,0.0,0.0,0.0,0.0,0,0,0,0,unknown
501311,761114,01/01/2021,12/31/2021,0.0,0.0,0.0,0.0,0.0,0.0,0.0,0,0,0,0,unknown
670107,761115,01/01/2021,12/31/2021,0.0,0.0,0.0,0.0,0.0,0.0,0.0,0,0,0,0,unknown
041308,761125,07/01/2021,06/30/2022,0.0,0.0,0.0,0.0,0.0,0.0,0.0,0,0,0,0,unknown
281306,761156,07/01/2021,06/30/2022,0.0,0.0,0.0,0.0,0.0,0.0,0.0,0,0,0,0,unknown
501301,761190,01/01/2021,12/31/2021,0.0,0.0,0.0,0.0,0.0,0.0,0.0,0,0,0,0,unknown
100029,761199,08/01/2021,04/30/2022,0.0,0.0,0.0,0.0,0.0,0.0,0.0,0,0,0,0,unknown
154065,761208,01/01/2021,12/31/2021,0.0,0.0,0.0,0.0,0.0,0.0,0.0,0,0,0,0,unknown
241365,761218,01/01/2021,12/31/2021,0.0,0.0,0.0,0.0,0.0,0.0,0.0,0,0,0,0,unknown
331307,761229,01/01/2021,12/31/2021,0.0,0.0,0.0,0.0,0.0,0.0,0.0,0,0,0,0,unknown
360132,761235,01/01/2021,12/31/2021,0.0,0.0,0.0,0.0,0.0,0.0,0.0,0,0,0,0,unknown
360266,761238,07/01/2021,06/30/2022,0.0,0.0,0.0,0.0,0.0,0.0,0.0,0,0,0,0,unknown
451373,761249,01/01/2021,12/31/2021,0.0,0.0,0.0,0.0,0.0,0.0,0.0,0,0,0,0,unknown
521327,761253,01/01/2021,12/31/2021,0.0,0.0,0.0,0.0,0.0,0.0,0.0,0,0,0,0,unknown
171330,761280,05/01/2021,04/30/2022,0.0,0.0,0.0,0.0,0.0,0.0,0.0,0,0,0,0,unknown
192028,761281,01/01/2021,12/31/2021,0.0,0.0,0.0,0.0,0.0,0.0,0.0,0,0,0,0,unknown
280013,761302,07/01/2021,06/30/2022,0.0,0.0,0.0,0.0,0.0,0.0,0.0,0,0,0,0,unknown
281307,761303,07/01/2021,06/30/2022,0.0,0.0,0.0,0.0,0.0,0.0,0.0,0,0,0,0,unknown
390204,761320,07/01/2021,06/30/2022,0.0,0.0,0.0,0.0,0.0,0.0,0.0,0,0,0,0,unknown
061312,761354,01/01/2021,12/31/2021,0.0,0.0,0.0,0.0,0.0,0.0,0.0,0,0,0,0,unknown
141333,761367,03/01/2021,02/28/2022,0.0,0.0,0.0,0.0,0.0,0.0,0.0,0,0,0,0,unknown
171317,761370,01/01/2021,12/31/2021,0.0,0.0,0.0,0.0,0.0,0.0,0.0,0,0,0,0,unknown
171318,761371,07/01/2021,06/30/2022,0.0,0.0,0.0,0.0,0.0,0.0,0.0,0,0,0,0,unknown
231311,761378,07/01/2021,06/30/2022,0.0,0.0,0.0,0.0,0.0,0.0,0.0,0,0,0,0,unknown
251316,761382,01/01/2021,12/31/2021,0.0,0.0,0.0,0.0,0.0,0.0,0.0,0,0,0,0,unknown
251323,761383,01/01/2021,12/31/2021,0.0,0.0,0.0,0.0,0.0,0.0,0.0,0,0,0,0,unknown
011304,761419,01/01/2021,12/31/2021,0.0,0.0,0.0,0.0,0.0,0.0,0.0,0,0,0,0,unknown
100050,761435,01/01/2021,12/31/2021,0.0,0.0,0.0,0.0,0.0,0.0,0.0,0,0,0,0,unknown
181330,761442,07/01/2021,06/30/2022,0.0,0.0,0.0,0.0,0.0,0.0,0.0,0,0,0,0,unknown
252007,761447,03/01/2021,02/28/2022,0.0,0.0,0.0,0.0,0.0,0.0,0.0,0,0,0,0,unknown
364061,761467,04/01/2021,03/31/2022,0.0,0.0,0.0,0.0,0.0,0.0,0.0,0,0,0,0,unknown
371336,761470,01/01/2021,12/31/2021,0.0,0.0,0.0,0.0,0.0,0.0,0.0,0,0,0,0,unknown
451389,761482,01/01/2021,12/31/2021,0.0,0.0,0.0,0.0,0.0,0.0,0.0,0,0,0,0,unknown
154058,761518,01/01/2021,12/31/2021,0.0,0.0,0.0,0.0,0.0,0.0,0.0,0,0,0,0,unknown
154061,761519,01/01/2021,12/31/2021,0.0,0.0,0.0,0.0,0.0,0.0,0.0,0,0,0,0,unknown
231331,761531,01/01/2021,12/31/2021,0.0,0.0,0.0,0.0,0.0,0.0,0.0,0,0,0,0,unknown
501328,761564,01/01/2021,12/31/2021,0.0,0.0,0.0,0.0,0.0,0.0,0.0,0,0,0,0,unknown
012006,761567,04/01/2021,03/31/2022,0.0,0.0,0.0,0.0,0.0,0.0,0.0,0,0,0,0,unknown
051993,761571,04/01/2021,03/31/2022,0.0,0.0,0.0,0.0,0.0,0.0,0.0,0,0,0,0,unknown
131301,761575,01/01/2021,12/31/2021,0.0,0.0,0.0,0.0,0.0,0.0,0.0,0,0,0,0,unknown
360072,761602,01/01/2021,12/31/2021,0.0,0.0,0.0,0.0,0.0,0.0,0.0,0,0,0,0,unknown
360125,761604,01/01/2021,12/31/2021,0.0,0.0,0.0,0.0,0.0,0.0,0.0,0,0,0,0,unknown
360218,761608,01/01/2021,12/31/2021,0.0,0.0,0.0,0.0,0.0,0.0,0.0,0,0,0,0,unknown
034038,761619,12/02/2020,12/31/2021,0.0,0.0,0.0,0.0,0.0,0.0,0.0,0,0,0,0,unknown
112013,761637,04/01/2021,03/31/2022,0.0,0.0,0.0,0.0,0.0,0.0,0.0,0,0,0,0,unknown
161336,761652,07/01/2021,06/30/2022,0.0,0.0,0.0,0.0,0.0,0.0,0.0,0,0,0,0,unknown
161348,761653,07/01/2021,06/30/2022,0.0,0.0,0.0,0.0,0.0,0.0,0.0,0,0,0,0,unknown
231309,761672,07/01/2021,06/30/2022,0.0,0.0,0.0,0.0,0.0,0.0,0.0,0,0,0,0,unknown
271389,761682,01/01/2021,12/31/2021,0.0,0.0,0.0,0.0,0.0,0.0,0.0,0,0,0,0,unknown
314001,761684,03/01/2021,02/28/2022,0.0,0.0,0.0,0.0,0.0,0.0,0.0,0,0,0,0,unknown
330199,761689,07/01/2021,06/30/2022,0.0,0.0,0.0,0.0,0.0,0.0,0.0,0,0,0,0,unknown
371328,761705,01/01/2021,12/31/2021,0.0,0.0,0.0,0.0,0.0,0.0,0.0,0,0,0,0,unknown
454101,761718,01/01/2021,12/31/2021,0.0,0.0,0.0,0.0,0.0,0.0,0.0,0,0,0,0,unknown
032005,761728,06/01/2021,05/31/2022,0.0,0.0,0.0,0.0,0.0,0.0,0.0,0,0,0,0,unknown
050320,761743,07/01/2021,06/30/2022,0.0,0.0,0.0,0.0,0.0,0.0,0.0,0,0,0,0,unknown
050348,761745,07/01/2021,06/30/2022,0.0,0.0,0.0,0.0,0.0,0.0,0.0,0,0,0,0,unknown
104080,761754,06/01/2021,05/31/2022,0.0,0.0,0.0,0.0,0.0,0.0,0.0,0,0,0,0,unknown
111312,761755,01/01/2021,12/31/2021,0.0,0.0,0.0,0.0,0.0,0.0,0.0,0,0,0,0,unknown
140015,761757,10/01/2020,09/30/2021,0.0,0.0,0.0,0.0,0.0,0.0,0.0,0,0,0,0,unknown
140046,761758,01/01/2021,12/31/2021,0.0,0.0,0.0,0.0,0.0,0.0,0.0,0,0,0,0,unknown
140054,761759,07/01/2021,06/30/2022,0.0,0.0,0.0,0.0,0.0,0.0,0.0,0,0,0,0,unknown
140197,761761,07/01/2021,06/30/2022,0.0,0.0,0.0,0.0,0.0,0.0,0.0,0,0,0,0,unknown
192055,761801,09/01/2021,08/31/2022,0.0,0.0,0.0,0.0,0.0,0.0,0.0,0,0,0,0,unknown
281343,761822,07/01/2021,06/30/2022,0.0,0.0,0.0,0.0,0.0,0.0,0.0,0,0,0,0,unknown
371304,761835,07/01/2021,06/30/2022,0.0,0.0,0.0,0.0,0.0,0.0,0.0,0,0,0,0,unknown
451332,761853,01/01/2021,12/31/2021,0.0,0.0,0.0,0.0,0.0,0.0,0.0,0,0,0,0,unknown
451356,761854,01/01/2021,12/31/2021,0.0,0.0,0.0,0.0,0.0,0.0,0.0,0,0,0,0,unknown
521359,761861,10/01/2020,09/30/2021,0.0,0.0,0.0,0.0,0.0,0.0,0.0,0,0,0,0,unknown
050072,761866,01/01/2021,12/31/2021,0.0,0.0,0.0,0.0,0.0,0.0,0.0,0,0,0,0,unknown
061307,761879,01/01/2021,12/31/2021,0.0,0.0,0.0,0.0,0.0,0.0,0.0,0,0,0,0,unknown
112003,761888,04/01/2021,03/31/2022,0.0,0.0,0.0,0.0,0.0,0.0,0.0,0,0,0,0,unknown
281331,761907,07/01/2021,06/30/2022,0.0,0.0,0.0,0.0,0.0,0.0,0.0,0,0,0,0,unknown
290009,761908,01/01/2021,12/31/2021,0.0,0.0,0.0,0.0,0.0,0.0,0.0,0,0,0,0,unknown
331301,761918,01/01/2021,12/31/2021,0.0,0.0,0.0,0.0,0.0,0.0,0.0,0,0,0,0,unknown
452051,761941,05/01/2021,04/30/2022,0.0,0.0,0.0,0.0,0.0,0.0,0.0,0,0,0,0,unknown
500026,761954,01/01/2021,12/31/2021,0.0,0.0,0.0,0.0,0.0,0.0,0.0,0,0,0,0,unknown
050093,761969,07/01/2021,06/30/2022,0.0,0.0,0.0,0.0,0.0,0.0,0.0,0,0,0,0,unknown
191307,761985,01/01/2021,12/31/2021,0.0,0.0,0.0,0.0,0.0,0.0,0.0,0,0,0,0,unknown
404009,762003,04/01/2021,03/31/2022,0.0,0.0,0.0,0.0,0.0,0.0,0.0,0,0,0,0,unknown
441314,762011,10/01/2020,12/31/2020,0.0,0.0,0.0,0.0,0.0,0.0,0.0,0,0,0,0,unknown
051333,762030,01/01/2021,12/31/2021,0.0,0.0,0.0,0.0,0.0,0.0,0.0,0,0,0,0,unknown
111302,762034,04/01/2021,03/31/2022,0.0,0.0,0.0,0.0,0.0,0.0,0.0,0,0,0,0,unknown
180095,762044,01/01/2021,12/31/2021,0.0,0.0,0.0,0.0,0.0,0.0,0.0,0,0,0,0,unknown
194087,762053,01/01/2021,12/31/2021,0.0,0.0,0.0,0.0,0.0,0.0,0.0,0,0,0,0,unknown
241356,762065,10/01/2020,09/30/2021,0.0,0.0,0.0,0.0,0.0,0.0,0.0,0,0,0,0,unknown
261338,762076,07/01/2021,06/30/2022,0.0,0.0,0.0,0.0,0.0,0.0,0.0,0,0,0,0,unknown
331320,762085,01/01/2021,12/31/2021,0.0,0.0,0.0,0.0,0.0,0.0,0.0,0,0,0,0,unknown
451320,762124,10/01/2020,09/30/2021,0.0,0.0,0.0,0.0,0.0,0.0,0.0,0,0,0,0,unknown
453308,762126,01/01/2021,12/31/2021,0.0,0.0,0.0,0.0,0.0,0.0,0.0,0,0,0,0,unknown
031308,762136,10/01/2020,09/30/2021,0.0,0.0,0.0,0.0,0.0,0.0,0.0,0,0,0,0,unknown
161359,762163,07/01/2021,06/30/2022,0.0,0.0,0.0,0.0,0.0,0.0,0.0,0,0,0,0,unknown
171308,762164,07/01/2021,06/30/2022,0.0,0.0,0.0,0.0,0.0,0.0,0.0,0,0,0,0,unknown
171315,762165,07/01/2021,06/30/2022,0.0,0.0,0.0,0.0,0.0,0.0,0.0,0,0,0,0,unknown
261317,762179,07/01/2021,06/30/2022,0.0,0.0,0.0,0.0,0.0,0.0,0.0,0,0,0,0,unknown
451396,762217,01/01/2021,12/31/2021,0.0,0.0,0.0,0.0,0.0,0.0,0.0,0,0,0,0,unknown
521346,762234,01/01/2021,12/31/2021,0.0,0.0,0.0,0.0,0.0,0.0,0.0,0,0,0,0,unknown
161333,762262,07/01/2021,06/30/2022,0.0,0.0,0.0,0.0,0.0,0.0,0.0,0,0,0,0,unknown
161360,762263,07/01/2021,06/30/2022,0.0,0.0,0.0,0.0,0.0,0.0,0.0,0,0,0,0,unknown
181314,762264,04/01/2021,03/31/2022,0.0,0.0,0.0,0.0,0.0,0.0,0.0,0,0,0,0,unknown
201304,762269,05/01/2021,04/30/2022,0.0,0.0,0.0,0.0,0.0,0.0,0.0,0,0,0,0,unknown
231330,762278,07/01/2021,06/30/2022,0.0,0.0,0.0,0.0,0.0,0.0,0.0,0,0,0,0,unknown
361301,762290,01/01/2021,12/31/2021,0.0,0.0,0.0,0.0,0.0,0.0,0.0,0,0,0,0,unknown
364064,762292,04/01/2021,03/31/2022,0.0,0.0,0.0,0.0,0.0,0.0,0.0,0,0,0,0,unknown
521332,762310,04/01/2021,03/31/2022,0.0,0.0,0.0,0.0,0.0,0.0,0.0,0,0,0,0,unknown
673078,762315,04/16/2021,06/30/2022,0.0,0.0,0.0,0.0,0.0,0.0,0.0,0,0,0,0,unknown
144031,762330,07/01/2021,06/30/2022,0.0,0.0,0.0,0.0,0.0,0.0,0.0,0,0,0,0,unknown
234023,762343,07/01/2021,06/30/2022,0.0,0.0,0.0,0.0,0.0,0.0,0.0,0,0,0,0,unknown
321302,762351,01/01/2021,12/31/2021,0.0,0.0,0.0,0.0,0.0,0.0,0.0,0,0,0,0,unknown
351332,762357,04/01/2021,03/31/2022,0.0,0.0,0.0,0.0,0.0,0.0,0.0,0,0,0,0,unknown
151308,762406,07/01/2021,06/30/2022,0.0,0.0,0.0,0.0,0.0,0.0,0.0,0,0,0,0,unknown
501324,762446,01/01/2021,12/31/2021,0.0,0.0,0.0,0.0,0.0,0.0,0.0,0,0,0,0,unknown
050305,762466,01/01/2021,12/31/2021,0.0,0.0,0.0,0.0,0.0,0.0,0.0,0,0,0,0,unknown
050567,762469,07/01/2021,06/30/2022,0.0,0.0,0.0,0.0,0.0,0.0,0.0,0,0,0,0,unknown
050573,762470,07/01/2021,06/30/2022,0.0,0.0,0.0,0.0,0.0,0.0,0.0,0,0,0,0,unknown
054110,762471,08/01/2021,07/31/2022,0.0,0.0,0.0,0.0,0.0,0.0,0.0,0,0,0,0,unknown
191305,762517,04/01/2021,03/31/2022,0.0,0.0,0.0,0.0,0.0,0.0,0.0,0,0,0,0,unknown
504014,762559,04/01/2021,03/31/2022,0.0,0.0,0.0,0.0,0.0,0.0,0.0,0,0,0,0,unknown
670134,762561,01/01/2021,12/31/2021,0.0,0.0,0.0,0.0,0.0,0.0,0.0,0,0,0,0,unknown
161322,762577,07/01/2021,06/30/2022,0.0,0.0,0.0,0.0,0.0,0.0,0.0,0,0,0,0,unknown
281326,762585,07/01/2021,06/30/2022,0.0,0.0,0.0,0.0,0.0,0.0,0.0,0,0,0,0,unknown
151335,762664,07/01/2021,06/30/2022,0.0,0.0,0.0,0.0,0.0,0.0,0.0,0,0,0,0,unknown
321301,762692,01/01/2021,12/31/2021,0.0,0.0,0.0,0.0,0.0,0.0,0.0,0,0,0,0,unknown
362031,762707,04/01/2021,03/31/2022,0.0,0.0,0.0,0.0,0.0,0.0,0.0,0,0,0,0,unknown
014007,762779,07/01/2021,06/30/2022,0.0,0.0,0.0,0.0,0.0,0.0,0.0,0,0,0,0,unknown
181318,762811,04/01/2021,03/31/2022,0.0,0.0,0.0,0.0,0.0,0.0,0.0,0,0,0,0,unknown
261993,762820,09/01/2021,03/31/2022,0.0,0.0,0.0,0.0,0.0,0.0,0.0,0,0,0,0,unknown
342020,762830,05/01/2021,04/30/2022,0.0,0.0,0.0,0.0,0.0,0.0,0.0,0,0,0,0,unknown
381319,762837,07/01/2021,06/30/2022,0.0,0.0,0.0,0.0,0.0,0.0,0.0,0,0,0,0,unknown
442017,762843,07/01/2021,06/30/2022,0.0,0.0,0.0,0.0,0.0,0.0,0.0,0,0,0,0,unknown
112011,762887,05/01/2021,04/30/2022,0.0,0.0,0.0,0.0,0.0,0.0,0.0,0,0,0,0,unknown
141303,762974,05/01/2021,04/30/2022,0.0,0.0,0.0,0.0,0.0,0.0,0.0,0,0,0,0,unknown
151307,762981,07/01/2021,06/30/2022,0.0,0.0,0.0,0.0,0.0,0.0,0.0,0,0,0,0,unknown
151325,762982,07/01/2021,06/30/2022,0.0,0.0,0.0,0.0,0.0,0.0,0.0,0,0,0,0,unknown
330185,763010,01/01/2021,12/31/2021,0.0,0.0,0.0,0.0,0.0,0.0,0.0,0,0,0,0,unknown
360080,763032,01/01/2021,12/31/2021,0.0,0.0,0.0,0.0,0.0,0.0,0.0,0,0,0,0,unknown
371329,763047,07/01/2021,06/30/2022,0.0,0.0,0.0,0.0,0.0,0.0,0.0,0,0,0,0,unknown
451338,763065,04/01/2021,03/31/2022,0.0,0.0,0.0,0.0,0.0,0.0,0.0,0,0,0,0,unknown
451354,763066,03/01/2021,02/28/2022,0.0,0.0,0.0,0.0,0.0,0.0,0.0,0,0,0,0,unknown
471300,763072,10/01/2020,09/30/2021,0.0,0.0,0.0,0.0,0.0,0.0,0.0,0,0,0,0,unknown
050604,763094,01/01/2021,12/31/2021,0.0,0.0,0.0,0.0,0.0,0.0,0.0,0,0,0,0,unknown
104069,763104,07/01/2021,06/30/2022,0.0,0.0,0.0,0.0,0.0,0.0,0.0,0,0,0,0,unknown
161318,763118,07/01/2021,06/30/2022,0.0,0.0,0.0,0.0,0.0,0.0,0.0,0,0,0,0,unknown
161329,763119,07/01/2021,06/30/2022,0.0,0.0,0.0,0.0,0.0,0.0,0.0,0,0,0,0,unknown
281351,763125,07/01/2021,06/30/2022,0.0,0.0,0.0,0.0,0.0,0.0,0.0,0,0,0,0,unknown
052044,763179,04/01/2021,03/31/2022,0.0,0.0,0.0,0.0,0.0,0.0,0.0,0,0,0,0,unknown
102031,763188,04/01/2021,03/31/2022,0.0,0.0,0.0,0.0,0.0,0.0,0.0,0,0,0,0,unknown
281318,763213,07/01/2021,06/30/2022,0.0,0.0,0.0,0.0,0.0,0.0,0.0,0,0,0,0,unknown
360025,763233,01/01/2021,12/31/2021,0.0,0.0,0.0,0.0,0.0,0.0,0.0,0,0,0,0,unknown
394034,763254,07/01/2021,06/30/2022,0.0,0.0,0.0,0.0,0.0,0.0,0.0,0,0,0,0,unknown
461333,763272,01/01/2021,12/31/2021,0.0,0.0,0.0,0.0,0.0,0.0,0.0,0,0,0,0,unknown
501305,763278,01/01/2021,12/31/2021,0.0,0.0,0.0,0.0,0.0,0.0,0.0,0,0,0,0,unknown
312018,763351,01/01/2021,12/31/2021,0.0,0.0,0.0,0.0,0.0,0.0,0.0,0,0,0,0,unknown
330119,763353,01/01/2021,12/31/2021,0.0,0.0,0.0,0.0,0.0,0.0,0.0,0,0,0,0,unknown
371325,763361,07/01/2021,06/30/2022,0.0,0.0,0.0,0.0,0.0,0.0,0.0,0,0,0,0,unknown
051317,763399,01/01/2021,12/31/2021,0.0,0.0,0.0,0.0,0.0,0.0,0.0,0,0,0,0,unknown
161369,763407,07/01/2021,06/30/2022,0.0,0.0,0.0,0.0,0.0,0.0,0.0,0,0,0,0,unknown
371305,763420,07/01/2021,06/30/2022,0.0,0.0,0.0,0.0,0.0,0.0,0.0,0,0,0,0,unknown
394023,763435,07/01/2021,06/30/2022,0.0,0.0,0.0,0.0,0.0,0.0,0.0,0,0,0,0,unknown
141311,763477,07/01/2021,06/30/2022,0.0,0.0,0.0,0.0,0.0,0.0,0.0,0,0,0,0,unknown
360002,763517,01/01/2021,12/31/2021,0.0,0.0,0.0,0.0,0.0,0.0,0.0,0,0,0,0,unknown
360144,763522,01/01/2021,12/31/2021,0.0,0.0,0.0,0.0,0.0,0.0,0.0,0,0,0,0,unknown
061336,763575,04/01/2021,03/31/2022,0.0,0.0,0.0,0.0,0.0,0.0,0.0,0,0,0,0,unknown
141310,763586,10/01/2020,09/30/2021,0.0,0.0,0.0,0.0,0.0,0.0,0.0,0,0,0,0,unknown
171307,763592,07/01/2021,06/30/2022,0.0,0.0,0.0,0.0,0.0,0.0,0.0,0,0,0,0,unknown
231301,763608,07/01/2021,06/30/2022,0.0,0.0,0.0,0.0,0.0,0.0,0.0,0,0,0,0,unknown
281315,763618,05/01/2021,04/30/2022,0.0,0.0,0.0,0.0,0.0,0.0,0.0,0,0,0,0,unknown
052054,763668,05/01/2021,04/30/2022,0.0,0.0,0.0,0.0,0.0,0.0,0.0,0,0,0,0,unknown
181304,763691,05/01/2021,04/30/2022,0.0,0.0,0.0,0.0,0.0,0.0,0.0,0,0,0,0,unknown
181322,763693,07/01/2021,06/30/2022,0.0,0.0,0.0,0.0,0.0,0.0,0.0,0,0,0,0,unknown
241332,763710,05/01/2021,04/30/2022,0.0,0.0,0.0,0.0,0.0,0.0,0.0,0,0,0,0,unknown
271320,763716,04/01/2021,03/31/2022,0.0,0.0,0.0,0.0,0.0,0.0,0.0,0,0,0,0,unknown
363302,763772,01/01/2021,12/31/2021,0.0,0.0,0.0,0.0,0.0,0.0,0.0,0,0,0,0,unknown
451348,763786,04/01/2021,03/31/2022,0.0,0.0,0.0,0.0,0.0,0.0,0.0,0,0,0,0,unknown
100113,763813,07/01/2021,06/30/2022,0.0,0.0,0.0,0.0,0.0,0.0,0.0,0,0,0,0,unknown
232035,763828,06/01/2021,05/31/2022,0.0,0.0,0.0,0.0,0.0,0.0,0.0,0,0,0,0,unknown
241323,763829,06/01/2021,05/31/2022,0.0,0.0,0.0,0.0,0.0,0.0,0.0,0,0,0,0,unknown
454008,763850,09/01/2021,08/31/2022,0.0,0.0,0.0,0.0,0.0,0.0,0.0,0,0,0,0,unknown
041328,763871,04/01/2021,03/31/2022,0.0,0.0,0.0,0.0,0.0,0.0,0.0,0,0,0,0,unknown
171375,763892,04/01/2021,03/31/2022,0.0,0.0,0.0,0.0,0.0,0.0,0.0,0,0,0,0,unknown
192037,763894,06/01/2021,05/31/2022,0.0,0.0,0.0,0.0,0.0,0.0,0.0,0,0,0,0,unknown
231306,763901,04/01/2021,03/31/2022,0.0,0.0,0.0,0.0,0.0,0.0,0.0,0,0,0,0,unknown
362019,763914,08/01/2021,07/31/2022,0.0,0.0,0.0,0.0,0.0,0.0,0.0,0,0,0,0,unknown
140062,763977,01/01/2021,08/31/2021,0.0,0.0,0.0,0.0,0.0,0.0,0.0,0,0,0,0,unknown
141315,763978,10/01/2020,09/30/2021,0.0,0.0,0.0,0.0,0.0,0.0,0.0,0,0,0,0,unknown
241373,763991,10/01/2020,09/30/2021,0.0,0.0,0.0,0.0,0.0,0.0,0.0,0,0,0,0,unknown
330160,763997,01/01/2021,12/31/2021,0.0,0.0,0.0,0.0,0.0,0.0,0.0,0,0,0,0,unknown
360077,764027,01/01/2021,12/31/2021,0.0,0.0,0.0,0.0,0.0,0.0,0.0,0,0,0,0,unknown
192016,764109,06/01/2021,05/31/2022,0.0,0.0,0.0,0.0,0.0,0.0,0.0,0,0,0,0,unknown
310034,764119,01/01/2021,12/31/2021,0.0,0.0,0.0,0.0,0.0,0.0,0.0,0,0,0,0,unknown
441311,764141,06/01/2021,05/31/2022,0.0,0.0,0.0,0.0,0.0,0.0,0.0,0,0,0,0,unknown
241339,764192,07/01/2021,06/30/2022,0.0,0.0,0.0,0.0,0.0,0.0,0.0,0,0,0,0,unknown
241360,764193,07/01/2021,06/30/2022,0.0,0.0,0.0,0.0,0.0,0.0,0.0,0,0,0,0,unknown
330195,764201,01/01/2021,12/31/2021,0.0,0.0,0.0,0.0,0.0,0.0,0.0,0,0,0,0,unknown
351300,764212,07/01/2021,06/30/2022,0.0,0.0,0.0,0.0,0.0,0.0,0.0,0,0,0,0,unknown
012014,764235,05/01/2021,04/30/2022,0.0,0.0,0.0,0.0,0.0,0.0,0.0,0,0,0,0,unknown
052035,764244,09/01/2021,08/31/2022,0.0,0.0,0.0,0.0,0.0,0.0,0.0,0,0,0,0,unknown
054157,764245,06/17/2021,12/31/2021,0.0,0.0,0.0,0.0,0.0,0.0,0.0,0,0,0,0,unknown
104071,764254,07/01/2021,06/30/2022,0.0,0.0,0.0,0.0,0.0,0.0,0.0,0,0,0,0,unknown
111325,764257,05/01/2021,04/30/2022,0.0,0.0,0.0,0.0,0.0,0.0,0.0,0,0,0,0,unknown
191301,764273,07/01/2021,06/30/2022,0.0,0.0,0.0,0.0,0.0,0.0,0.0,0,0,0,0,unknown
261312,764281,04/01/2021,03/31/2022,0.0,0.0,0.0,0.0,0.0,0.0,0.0,0,0,0,0,unknown
281344,764283,04/01/2021,03/31/2022,0.0,0.0,0.0,0.0,0.0,0.0,0.0,0,0,0,0,unknown
330181,764287,01/01/2021,12/31/2021,0.0,0.0,0.0,0.0,0.0,0.0,0.0,0,0,0,0,unknown
364044,764293,07/01/2021,06/30/2022,0.0,0.0,0.0,0.0,0.0,0.0,0.0,0,0,0,0,unknown
522008,764314,06/01/2021,05/31/2022,0.0,0.0,0.0,0.0,0.0,0.0,0.0,0,0,0,0,unknown
192013,764336,09/01/2021,08/31/2022,0.0,0.0,0.0,0.0,0.0,0.0,0.0,0,0,0,0,unknown
371303,764349,05/01/2021,04/30/2022,0.0,0.0,0.0,0.0,0.0,0.0,0.0,0,0,0,0,unknown
442011,764359,05/01/2021,04/30/2022,0.0,0.0,0.0,0.0,0.0,0.0,0.0,0,0,0,0,unknown
180016,764395,07/01/2021,06/30/2022,0.0,0.0,0.0,0.0,0.0,0.0,0.0,0,0,0,0,unknown
321300,764426,07/01/2021,06/30/2022,0.0,0.0,0.0,0.0,0.0,0.0,0.0,0,0,0,0,unknown
351328,764435,04/01/2021,03/31/2022,0.0,0.0,0.0,0.0,0.0,0.0,0.0,0,0,0,0,unknown
360029,764437,07/01/2021,06/30/2022,0.0,0.0,0.0,0.0,0.0,0.0,0.0,0,0,0,0,unknown
360230,764440,01/01/2021,12/31/2021,0.0,0.0,0.0,0.0,0.0,0.0,0.0,0,0,0,0,unknown
531310,764476,07/01/2021,06/30/2022,0.0,0.0,0.0,0.0,0.0,0.0,0.0,0,0,0,0,unknown
151300,764508,01/01/2021,12/31/2021,0.0,0.0,0.0,0.0,0.0,0.0,0.0,0,0,0,0,unknown
152007,764509,09/01/2021,08/31/2022,0.0,0.0,0.0,0.0,0.0,0.0,0.0,0,0,0,0,unknown
232024,764525,05/01/2021,04/30/2022,0.0,0.0,0.0,0.0,0.0,0.0,0.0,0,0,0,0,unknown
271337,764531,06/01/2021,03/31/2022,0.0,0.0,0.0,0.0,0.0,0.0,0.0,0,0,0,0,unknown
281302,764535,07/01/2021,06/30/2022,0.0,0.0,0.0,0.0,0.0,0.0,0.0,0,0,0,0,unknown
321305,764537,07/01/2021,06/30/2022,0.0,0.0,0.0,0.0,0.0,0.0,0.0,0,0,0,0,unknown
390325,764545,07/01/2021,06/30/2022,0.0,0.0,0.0,0.0,0.0,0.0,0.0,0,0,0,0,unknown
461300,764562,01/01/2021,12/31/2021,0.0,0.0,0.0,0.0,0.0,0.0,0.0,0,0,0,0,unknown
010001,764567,10/01/2020,09/30/2021,0.0,0.0,0.0,0.0,0.0,0.0,0.0,0,0,0,0,unknown
232031,764606,05/01/2021,04/30/2022,0.0,0.0,0.0,0.0,0.0,0.0,0.0,0,0,0,0,unknown
252006,764612,08/01/2021,07/31/2022,0.0,0.0,0.0,0.0,0.0,0.0,0.0,0,0,0,0,unknown
271309,764617,07/01/2021,06/30/2022,0.0,0.0,0.0,0.0,0.0,0.0,0.0,0,0,0,0,unknown
281332,764621,07/01/2021,06/30/2022,0.0,0.0,0.0,0.0,0.0,0.0,0.0,0,0,0,0,unknown
282000,764622,07/01/2021,06/30/2022,0.0,0.0,0.0,0.0,0.0,0.0,0.0,0,0,0,0,unknown
291306,764623,01/01/2021,12/31/2021,0.0,0.0,0.0,0.0,0.0,0.0,0.0,0,0,0,0,unknown
330261,764632,01/01/2021,12/31/2021,0.0,0.0,0.0,0.0,0.0,0.0,0.0,0,0,0,0,unknown
431308,764657,07/01/2021,06/30/2022,0.0,0.0,0.0,0.0,0.0,0.0,0.0,0,0,0,0,unknown
440053,764659,07/01/2021,06/30/2022,0.0,0.0,0.0,0.0,0.0,0.0,0.0,0,0,0,0,unknown
190274,764717,05/01/2021,04/30/2022,0.0,0.0,0.0,0.0,0.0,0.0,0.0,0,0,0,0,unknown
260105,764734,01/01/2021,12/31/2021,0.0,0.0,0.0,0.0,0.0,0.0,0.0,0,0,0,0,unknown
271304,764736,07/01/2021,06/30/2022,0.0,0.0,0.0,0.0,0.0,0.0,0.0,0,0,0,0,unknown
271308,764737,05/01/2021,04/30/2022,0.0,0.0,0.0,0.0,0.0,0.0,0.0,0,0,0,0,unknown
171345,764819,07/01/2021,06/30/2022,0.0,0.0,0.0,0.0,0.0,0.0,0.0,0,0,0,0,unknown
231315,764825,07/01/2021,06/30/2022,0.0,0.0,0.0,0.0,0.0,0.0,0.0,0,0,0,0,unknown
242004,764827,09/01/2021,08/31/2022,0.0,0.0,0.0,0.0,0.0,0.0,0.0,0,0,0,0,unknown
330106,764967,01/01/2021,12/31/2021,0.0,0.0,0.0,0.0,0.0,0.0,0.0,0,0,0,0,unknown
360054,764979,07/01/2021,06/30/2022,0.0,0.0,0.0,0.0,0.0,0.0,0.0,0,0,0,0,unknown
420089,764988,01/01/2021,12/31/2021,0.0,0.0,0.0,0.0,0.0,0.0,0.0,0,0,0,0,unknown
034037,765031,07/01/2021,06/30/2022,0.0,0.0,0.0,0.0,0.0,0.0,0.0,0,0,0,0,unknown
100167,765052,09/01/2021,08/31/2022,0.0,0.0,0.0,0.0,0.0,0.0,0.0,0,0,0,0,unknown
102009,765063,09/01/2021,08/31/2022,0.0,0.0,0.0,0.0,0.0,0.0,0.0,0,0,0,0,unknown
110087,765068,10/01/2020,09/30/2021,0.0,0.0,0.0,0.0,0.0,0.0,0.0,0,0,0,0,unknown
161349,765086,07/01/2021,06/30/2022,0.0,0.0,0.0,0.0,0.0,0.0,0.0,0,0,0,0,unknown
161371,765087,07/01/2021,06/30/2022,0.0,0.0,0.0,0.0,0.0,0.0,0.0,0,0,0,0,unknown
174006,765091,07/01/2021,06/30/2022,0.0,0.0,0.0,0.0,0.0,0.0,0.0,0,0,0,0,unknown
271312,765106,05/01/2021,04/30/2022,0.0,0.0,0.0,0.0,0.0,0.0,0.0,0,0,0,0,unknown
281358,765110,07/01/2021,06/30/2022,0.0,0.0,0.0,0.0,0.0,0.0,0.0,0,0,0,0,unknown
452039,765151,09/01/2021,08/31/2022,0.0,0.0,0.0,0.0,0.0,0.0,0.0,0,0,0,0,unknown
524008,765156,07/01/2021,06/30/2022,0.0,0.0,0.0,0.0,0.0,0.0,0.0,0,0,0,0,unknown
110122,765171,10/01/2020,09/30/2021,0.0,0.0,0.0,0.0,0.0,0.0,0.0,0,0,0,0,unknown
181317,765183,07/01/2021,06/30/2022,0.0,0.0,0.0,0.0,0.0,0.0,0.0,0,0,0,0,unknown
392031,765263,05/01/2021,04/30/2022,0.0,0.0,0.0,0.0,0.0,0.0,0.0,0,0,0,0,unknown
451380,765279,06/01/2021,05/31/2022,0.0,0.0,0.0,0.0,0.0,0.0,0.0,0,0,0,0,unknown
054135,765309,05/01/2021,04/30/2022,0.0,0.0,0.0,0.0,0.0,0.0,0.0,0,0,0,0,unknown
182003,765338,06/01/2021,05/31/2022,0.0,0.0,0.0,0.0,0.0,0.0,0.0,0,0,0,0,unknown
210061,765347,07/01/2021,06/30/2022,0.0,0.0,0.0,0.0,0.0,0.0,0.0,0,0,0,0,unknown
321310,765373,06/01/2021,05/31/2022,0.0,0.0,0.0,0.0,0.0,0.0,0.0,0,0,0,0,unknown
362004,765389,07/01/2021,06/30/2022,0.0,0.0,0.0,0.0,0.0,0.0,0.0,0,0,0,0,unknown
450058,765418,07/01/2021,06/30/2022,0.0,0.0,0.0,0.0,0.0,0.0,0.0,0,0,0,0,unknown
450193,765423,07/01/2021,06/30/2022,0.0,0.0,0.0,0.0,0.0,0.0,0.0,0,0,0,0,unknown
451333,765436,05/01/2021,04/30/2022,0.0,0.0,0.0,0.0,0.0,0.0,0.0,0,0,0,0,unknown
110007,765493,08/01/2021,07/31/2022,0.0,0.0,0.0,0.0,0.0,0.0,0.0,0,0,0,0,unknown
111330,765496,07/01/2021,12/31/2021,0.0,0.0,0.0,0.0,0.0,0.0,0.0,0,0,0,0,unknown
151303,765502,07/01/2021,06/30/2022,0.0,0.0,0.0,0.0,0.0,0.0,0.0,0,0,0,0,unknown
271342,765534,07/01/2021,06/30/2022,0.0,0.0,0.0,0.0,0.0,0.0,0.0,0,0,0,0,unknown
292003,765537,06/01/2021,05/31/2022,0.0,0.0,0.0,0.0,0.0,0.0,0.0,0,0,0,0,unknown
310115,765546,01/01/2021,12/31/2021,0.0,0.0,0.0,0.0,0.0,0.0,0.0,0,0,0,0,unknown
322003,765547,06/01/2021,05/31/2022,0.0,0.0,0.0,0.0,0.0,0.0,0.0,0,0,0,0,unknown
431305,765610,06/01/2021,05/31/2022,0.0,0.0,0.0,0.0,0.0,0.0,0.0,0,0,0,0,unknown
440039,765612,07/01/2021,06/30/2022,0.0,0.0,0.0,0.0,0.0,0.0,0.0,0,0,0,0,unknown
440091,765613,07/01/2021,06/30/2022,0.0,0.0,0.0,0.0,0.0,0.0,0.0,0,0,0,0,unknown
110028,765686,01/01/2021,12/31/2021,0.0,0.0,0.0,0.0,0.0,0.0,0.0,0,0,0,0,unknown
360012,765775,07/01/2021,06/30/2022,0.0,0.0,0.0,0.0,0.0,0.0,0.0,0,0,0,0,unknown
372005,765785,06/01/2021,05/31/2022,0.0,0.0,0.0,0.0,0.0,0.0,0.0,0,0,0,0,unknown
381310,765786,07/01/2021,06/30/2022,0.0,0.0,0.0,0.0,0.0,0.0,0.0,0,0,0,0,unknown
431300,765825,07/01/2021,06/30/2022,0.0,0.0,0.0,0.0,0.0,0.0,0.0,0,0,0,0,unknown
452035,765849,04/01/2021,03/31/2022,0.0,0.0,0.0,0.0,0.0,0.0,0.0,0,0,0,0,unknown
050022,765863,05/01/2021,04/30/2022,0.0,0.0,0.0,0.0,0.0,0.0,0.0,0,0,0,0,unknown
161330,765897,07/01/2021,06/30/2022,0.0,0.0,0.0,0.0,0.0,0.0,0.0,0,0,0,0,unknown
161376,765898,07/01/2021,06/30/2022,0.0,0.0,0.0,0.0,0.0,0.0,0.0,0,0,0,0,unknown
431323,765986,07/01/2021,06/30/2022,0.0,0.0,0.0,0.0,0.0,0.0,0.0,0,0,0,0,unknown
493301,766016,07/01/2021,06/30/2022,0.0,0.0,0.0,0.0,0.0,0.0,0.0,0,0,0,0,unknown
102027,766043,09/01/2021,08/31/2022,0.0,0.0,0.0,0.0,0.0,0.0,0.0,0,0,0,0,unknown
104016,766044,07/01/2021,06/30/2022,0.0,0.0,0.0,0.0,0.0,0.0,0.0,0,0,0,0,unknown
210002,766076,07/01/2021,06/30/2022,0.0,0.0,0.0,0.0,0.0,0.0,0.0,0,0,0,0,unknown
210024,766077,07/01/2021,06/30/2022,0.0,0.0,0.0,0.0,0.0,0.0,0.0,0,0,0,0,unknown
222006,766079,07/01/2021,06/30/2022,0.0,0.0,0.0,0.0,0.0,0.0,0.0,0,0,0,0,unknown
281305,766104,07/01/2021,06/30/2022,0.0,0.0,0.0,0.0,0.0,0.0,0.0,0,0,0,0,unknown
360068,766114,01/01/2021,12/31/2021,0.0,0.0,0.0,0.0,0.0,0.0,0.0,0,0,0,0,unknown
364063,766125,07/01/2021,06/30/2022,0.0,0.0,0.0,0.0,0.0,0.0,0.0,0,0,0,0,unknown
420078,766135,10/01/2020,09/30/2021,0.0,0.0,0.0,0.0,0.0,0.0,0.0,0,0,0,0,unknown
161301,766186,07/01/2021,06/30/2022,0.0,0.0,0.0,0.0,0.0,0.0,0.0,0,0,0,0,unknown
161344,766187,07/01/2021,06/30/2022,0.0,0.0,0.0,0.0,0.0,0.0,0.0,0,0,0,0,unknown
180045,766191,01/01/2021,12/31/2021,0.0,0.0,0.0,0.0,0.0,0.0,0.0,0,0,0,0,unknown
201307,766198,07/01/2021,06/30/2022,0.0,0.0,0.0,0.0,0.0,0.0,0.0,0,0,0,0,unknown
210003,766200,07/01/2021,06/30/2022,0.0,0.0,0.0,0.0,0.0,0.0,0.0,0,0,0,0,unknown
210035,766201,07/01/2021,06/30/2022,0.0,0.0,0.0,0.0,0.0,0.0,0.0,0,0,0,0,unknown
291302,766223,07/01/2021,06/30/2022,0.0,0.0,0.0,0.0,0.0,0.0,0.0,0,0,0,0,unknown
534001,766260,07/01/2021,06/30/2022,0.0,0.0,0.0,0.0,0.0,0.0,0.0,0,0,0,0,unknown
010113,766267,04/01/2021,03/31/2022,0.0,0.0,0.0,0.0,0.0,0.0,0.0,0,0,0,0,unknown
041302,766272,07/01/2021,12/31/2021,0.0,0.0,0.0,0.0,0.0,0.0,0.0,0,0,0,0,unknown
041313,766273,07/01/2021,06/30/2022,0.0,0.0,0.0,0.0,0.0,0.0,0.0,0,0,0,0,unknown
241309,766305,07/01/2021,06/30/2022,0.0,0.0,0.0,0.0,0.0,0.0,0.0,0,0,0,0,unknown
271346,766314,07/01/2021,06/30/2022,0.0,0.0,0.0,0.0,0.0,0.0,0.0,0,0,0,0,unknown
351310,766320,07/01/2021,06/30/2022,0.0,0.0,0.0,0.0,0.0,0.0,0.0,0,0,0,0,unknown
351331,766321,07/01/2021,06/30/2022,0.0,0.0,0.0,0.0,0.0,0.0,0.0,0,0,0,0,unknown
360076,766322,01/01/2021,12/31/2021,0.0,0.0,0.0,0.0,0.0,0.0,0.0,0,0,0,0,unknown
381307,766327,07/01/2021,06/30/2022,0.0,0.0,0.0,0.0,0.0,0.0,0.0,0,0,0,0,unknown
392033,766333,07/01/2021,06/30/2022,0.0,0.0,0.0,0.0,0.0,0.0,0.0,0,0,0,0,unknown
394027,766336,07/01/2021,06/30/2022,0.0,0.0,0.0,0.0,0.0,0.0,0.0,0,0,0,0,unknown
010024,766363,01/01/2021,12/31/2021,0.0,0.0,0.0,0.0,0.0,0.0,0.0,0,0,0,0,unknown
011306,766364,07/01/2021,06/30/2022,0.0,0.0,0.0,0.0,0.0,0.0,0.0,0,0,0,0,unknown
040029,766369,01/01/2021,12/31/2021,0.0,0.0,0.0,0.0,0.0,0.0,0.0,0,0,0,0,unknown
050243,766377,06/01/2021,05/31/2022,0.0,0.0,0.0,0.0,0.0,0.0,0.0,0,0,0,0,unknown
050376,766382,07/01/2021,06/30/2022,0.0,0.0,0.0,0.0,0.0,0.0,0.0,0,0,0,0,unknown
050380,766383,02/01/2021,01/31/2022,0.0,0.0,0.0,0.0,0.0,0.0,0.0,0,0,0,0,unknown
050441,766385,09/01/2021,08/31/2022,0.0,0.0,0.0,0.0,0.0,0.0,0.0,0,0,0,0,unknown
050677,766399,01/01/2021,12/31/2021,0.0,0.0,0.0,0.0,0.0,0.0,0.0,0,0,0,0,unknown
050778,766404,07/01/2021,06/30/2022,0.0,0.0,0.0,0.0,0.0,0.0,0.0,0,0,0,0,unknown
050779,766405,07/01/2021,06/30/2022,0.0,0.0,0.0,0.0,0.0,0.0,0.0,0,0,0,0,unknown
052036,766407,09/01/2021,08/31/2022,0.0,0.0,0.0,0.0,0.0,0.0,0.0,0,0,0,0,unknown
111320,766430,07/01/2021,06/30/2022,0.0,0.0,0.0,0.0,0.0,0.0,0.0,0,0,0,0,unknown
112007,766431,07/01/2021,06/30/2022,0.0,0.0,0.0,0.0,0.0,0.0,0.0,0,0,0,0,unknown
120001,766433,07/01/2021,06/30/2022,0.0,0.0,0.0,0.0,0.0,0.0,0.0,0,0,0,0,unknown
161346,766447,07/01/2021,06/30/2022,0.0,0.0,0.0,0.0,0.0,0.0,0.0,0,0,0,0,unknown
210011,766454,07/01/2021,06/30/2022,0.0,0.0,0.0,0.0,0.0,0.0,0.0,0,0,0,0,unknown
210030,766455,07/01/2021,06/30/2022,0.0,0.0,0.0,0.0,0.0,0.0,0.0,0,0,0,0,unknown
290012,766473,07/01/2021,06/30/2022,0.0,0.0,0.0,0.0,0.0,0.0,0.0,0,0,0,0,unknown
290045,766474,07/01/2021,06/30/2022,0.0,0.0,0.0,0.0,0.0,0.0,0.0,0,0,0,0,unknown
312020,766476,09/01/2021,08/31/2022,0.0,0.0,0.0,0.0,0.0,0.0,0.0,0,0,0,0,unknown
340001,766484,01/01/2021,12/31/2021,0.0,0.0,0.0,0.0,0.0,0.0,0.0,0,0,0,0,unknown
340008,766486,10/01/2020,09/30/2021,0.0,0.0,0.0,0.0,0.0,0.0,0.0,0,0,0,0,unknown
340030,766487,07/01/2021,06/30/2022,0.0,0.0,0.0,0.0,0.0,0.0,0.0,0,0,0,0,unknown
340073,766490,07/01/2021,06/30/2022,0.0,0.0,0.0,0.0,0.0,0.0,0.0,0,0,0,0,unknown
340098,766492,01/01/2021,12/31/2021,0.0,0.0,0.0,0.0,0.0,0.0,0.0,0,0,0,0,unknown
340113,766493,01/01/2021,12/31/2021,0.0,0.0,0.0,0.0,0.0,0.0,0.0,0,0,0,0,unknown
340130,766495,01/01/2021,12/31/2021,0.0,0.0,0.0,0.0,0.0,0.0,0.0,0,0,0,0,unknown
351321,766501,01/01/2021,12/31/2021,0.0,0.0,0.0,0.0,0.0,0.0,0.0,0,0,0,0,unknown
360020,766503,01/01/2021,12/31/2021,0.0,0.0,0.0,0.0,0.0,0.0,0.0,0,0,0,0,unknown
381311,766508,07/01/2021,06/30/2022,0.0,0.0,0.0,0.0,0.0,0.0,0.0,0,0,0,0,unknown
431312,766522,07/01/2021,06/30/2022,0.0,0.0,0.0,0.0,0.0,0.0,0.0,0,0,0,0,unknown
431315,766523,07/01/2021,06/30/2022,0.0,0.0,0.0,0.0,0.0,0.0,0.0,0,0,0,0,unknown
440015,766525,01/01/2021,12/31/2021,0.0,0.0,0.0,0.0,0.0,0.0,0.0,0,0,0,0,unknown
450213,766531,01/01/2021,12/31/2021,0.0,0.0,0.0,0.0,0.0,0.0,0.0,0,0,0,0,unknown
450241,766533,06/01/2021,05/31/2022,0.0,0.0,0.0,0.0,0.0,0.0,0.0,0,0,0,0,unknown
490063,766551,01/01/2021,12/31/2021,0.0,0.0,0.0,0.0,0.0,0.0,0.0,0,0,0,0,unknown
490088,766552,01/01/2021,12/31/2021,0.0,0.0,0.0,0.0,0.0,0.0,0.0,0,0,0,0,unknown
511320,766563,10/01/2020,12/31/2020,0.0,0.0,0.0,0.0,0.0,0.0,0.0,0,0,0,0,unknown
670125,766570,09/01/2021,08/31/2022,0.0,0.0,0.0,0.0,0.0,0.0,0.0,0,0,0,0,unknown
010100,766575,04/01/2021,03/31/2022,0.0,0.0,0.0,0.0,0.0,0.0,0.0,0,0,0,0,unknown
010103,766576,01/01/2021,12/31/2021,0.0,0.0,0.0,0.0,0.0,0.0,0.0,0,0,0,0,unknown
041307,766590,10/01/2020,09/30/2021,0.0,0.0,0.0,0.0,0.0,0.0,0.0,0,0,0,0,unknown
050038,766594,07/01/2021,06/30/2022,0.0,0.0,0.0,0.0,0.0,0.0,0.0,0,0,0,0,unknown
050058,766596,01/01/2021,12/31/2021,0.0,0.0,0.0,0.0,0.0,0.0,0.0,0,0,0,0,unknown
050103,766599,01/01/2021,12/31/2021,0.0,0.0,0.0,0.0,0.0,0.0,0.0,0,0,0,0,unknown
050169,766602,10/01/2020,09/30/2021,0.0,0.0,0.0,0.0,0.0,0.0,0.0,0,0,0,0,unknown
050300,766605,07/01/2021,06/30/2022,0.0,0.0,0.0,0.0,0.0,0.0,0.0,0,0,0,0,unknown
050353,766607,01/01/2021,12/31/2021,0.0,0.0,0.0,0.0,0.0,0.0,0.0,0,0,0,0,unknown
050455,766608,01/01/2021,12/31/2021,0.0,0.0,0.0,0.0,0.0,0.0,0.0,0,0,0,0,unknown
050471,766610,10/01/2020,09/30/2021,0.0,0.0,0.0,0.0,0.0,0.0,0.0,0,0,0,0,unknown
050764,766617,01/01/2021,12/31/2021,0.0,0.0,0.0,0.0,0.0,0.0,0.0,0,0,0,0,unknown
070036,766624,07/01/2021,06/30/2022,0.0,0.0,0.0,0.0,0.0,0.0,0.0,0,0,0,0,unknown
110078,766638,09/01/2021,08/31/2022,0.0,0.0,0.0,0.0,0.0,0.0,0.0,0,0,0,0,unknown
111327,766641,07/01/2021,06/30/2022,0.0,0.0,0.0,0.0,0.0,0.0,0.0,0,0,0,0,unknown
140010,766643,10/01/2020,09/30/2021,0.0,0.0,0.0,0.0,0.0,0.0,0.0,0,0,0,0,unknown
140289,766652,01/01/2021,12/31/2021,0.0,0.0,0.0,0.0,0.0,0.0,0.0,0,0,0,0,unknown
142006,766653,09/01/2021,08/31/2022,0.0,0.0,0.0,0.0,0.0,0.0,0.0,0,0,0,0,unknown
200033,766667,10/01/2020,09/30/2021,0.0,0.0,0.0,0.0,0.0,0.0,0.0,0,0,0,0,unknown
200050,766669,10/01/2020,09/30/2021,0.0,0.0,0.0,0.0,0.0,0.0,0.0,0,0,0,0,unknown
220063,766670,10/01/2020,09/30/2021,0.0,0.0,0.0,0.0,0.0,0.0,0.0,0,0,0,0,unknown
230075,766680,01/01/2021,12/31/2021,0.0,0.0,0.0,0.0,0.0,0.0,0.0,0,0,0,0,unknown
230104,766683,01/01/2021,12/31/2021,0.0,0.0,0.0,0.0,0.0,0.0,0.0,0,0,0,0,unknown
230195,766684,07/01/2021,06/30/2022,0.0,0.0,0.0,0.0,0.0,0.0,0.0,0,0,0,0,unknown
240038,766687,01/01/2021,12/31/2021,0.0,0.0,0.0,0.0,0.0,0.0,0.0,0,0,0,0,unknown
240071,766689,01/01/2021,12/31/2021,0.0,0.0,0.0,0.0,0.0,0.0,0.0,0,0,0,0,unknown
330045,766708,01/01/2021,12/31/2021,0.0,0.0,0.0,0.0,0.0,0.0,0.0,0,0,0,0,unknown
330126,766712,01/01/2021,12/31/2021,0.0,0.0,0.0,0.0,0.0,0.0,0.0,0,0,0,0,unknown
330188,766714,01/01/2021,12/31/2021,0.0,0.0,0.0,0.0,0.0,0.0,0.0,0,0,0,0,unknown
330214,766715,09/01/2021,08/31/2022,0.0,0.0,0.0,0.0,0.0,0.0,0.0,0,0,0,0,unknown
330279,766718,01/01/2021,12/31/2021,0.0,0.0,0.0,0.0,0.0,0.0,0.0,0,0,0,0,unknown
330331,766721,01/01/2021,12/31/2021,0.0,0.0,0.0,0.0,0.0,0.0,0.0,0,0,0,0,unknown
330350,766722,01/01/2021,12/31/2021,0.0,0.0,0.0,0.0,0.0,0.0,0.0,0,0,0,0,unknown
330394,766724,01/01/2021,12/31/2021,0.0,0.0,0.0,0.0,0.0,0.0,0.0,0,0,0,0,unknown
330401,766726,01/01/2021,12/31/2021,0.0,0.0,0.0,0.0,0.0,0.0,0.0,0,0,0,0,unknown
340040,766728,10/01/2020,09/30/2021,0.0,0.0,0.0,0.0,0.0,0.0,0.0,0,0,0,0,unknown
340141,766732,02/01/2021,12/31/2021,0.0,0.0,0.0,0.0,0.0,0.0,0.0,0,0,0,0,unknown
380009,766739,07/01/2021,06/30/2022,0.0,0.0,0.0,0.0,0.0,0.0,0.0,0,0,0,0,unknown
420101,766759,01/01/2021,12/31/2021,0.0,0.0,0.0,0.0,0.0,0.0,0.0,0,0,0,0,unknown
430077,766761,07/01/2021,06/30/2022,0.0,0.0,0.0,0.0,0.0,0.0,0.0,0,0,0,0,unknown
440049,766762,01/01/2021,12/31/2021,0.0,0.0,0.0,0.0,0.0,0.0,0.0,0,0,0,0,unknown
450033,766771,09/01/2021,08/31/2022,0.0,0.0,0.0,0.0,0.0,0.0,0.0,0,0,0,0,unknown
451371,766793,07/01/2021,06/30/2022,0.0,0.0,0.0,0.0,0.0,0.0,0.0,0,0,0,0,unknown
460004,766797,01/01/2021,12/31/2021,0.0,0.0,0.0,0.0,0.0,0.0,0.0,0,0,0,0,unknown
460010,766799,01/01/2021,12/31/2021,0.0,0.0,0.0,0.0,0.0,0.0,0.0,0,0,0,0,unknown
490021,766810,01/01/2021,12/31/2021,0.0,0.0,0.0,0.0,0.0,0.0,0.0,0,0,0,0,unknown
490104,766812,07/01/2021,06/30/2022,0.0,0.0,0.0,0.0,0.0,0.0,0.0,0,0,0,0,unknown
500011,766814,07/01/2021,06/30/2022,0.0,0.0,0.0,0.0,0.0,0.0,0.0,0,0,0,0,unknown
500129,766819,01/01/2021,12/31/2021,0.0,0.0,0.0,0.0,0.0,0.0,0.0,0,0,0,0,unknown
510012,766821,10/01/2020,09/30/2021,0.0,0.0,0.0,0.0,0.0,0.0,0.0,0,0,0,0,unknown
520083,766828,01/01/2021,12/31/2021,0.0,0.0,0.0,0.0,0.0,0.0,0.0,0,0,0,0,unknown
520095,766831,01/01/2021,12/31/2021,0.0,0.0,0.0,0.0,0.0,0.0,0.0,0,0,0,0,unknown
050025,766852,07/01/2021,06/30/2022,0.0,0.0,0.0,0.0,0.0,0.0,0.0,0,0,0,0,unknown
130049,766868,01/01/2021,12/31/2021,0.0,0.0,0.0,0.0,0.0,0.0,0.0,0,0,0,0,unknown
181307,766884,07/01/2021,06/30/2022,0.0,0.0,0.0,0.0,0.0,0.0,0.0,0,0,0,0,unknown
181316,766885,07/01/2021,06/30/2022,0.0,0.0,0.0,0.0,0.0,0.0,0.0,0,0,0,0,unknown
181328,766886,07/01/2021,06/30/2022,0.0,0.0,0.0,0.0,0.0,0.0,0.0,0,0,0,0,unknown
241380,766908,07/01/2021,06/30/2022,0.0,0.0,0.0,0.0,0.0,0.0,0.0,0,0,0,0,unknown
242005,766909,07/01/2021,06/30/2022,0.0,0.0,0.0,0.0,0.0,0.0,0.0,0,0,0,0,unknown
361315,766946,07/01/2021,06/30/2022,0.0,0.0,0.0,0.0,0.0,0.0,0.0,0,0,0,0,unknown
363039,766947,01/01/2021,12/31/2021,0.0,0.0,0.0,0.0,0.0,0.0,0.0,0,0,0,0,unknown
392050,766956,07/01/2021,06/30/2022,0.0,0.0,0.0,0.0,0.0,0.0,0.0,0,0,0,0,unknown
420004,766957,07/01/2021,06/30/2022,0.0,0.0,0.0,0.0,0.0,0.0,0.0,0,0,0,0,unknown
420026,766958,08/01/2021,06/30/2022,0.0,0.0,0.0,0.0,0.0,0.0,0.0,0,0,0,0,unknown
434003,766964,07/01/2021,06/30/2022,0.0,0.0,0.0,0.0,0.0,0.0,0.0,0,0,0,0,unknown
450647,766973,06/01/2021,05/31/2022,0.0,0.0,0.0,0.0,0.0,0.0,0.0,0,0,0,0,unknown
452108,766979,09/01/2021,08/31/2022,0.0,0.0,0.0,0.0,0.0,0.0,0.0,0,0,0,0,unknown
490090,766985,01/01/2021,12/31/2021,0.0,0.0,0.0,0.0,0.0,0.0,0.0,0,0,0,0,unknown
491309,766990,08/26/2021,06/30/2022,0.0,0.0,0.0,0.0,0.0,0.0,0.0,0,0,0,0,unknown
500036,766992,01/01/2021,12/31/2021,0.0,0.0,0.0,0.0,0.0,0.0,0.0,0,0,0,0,unknown
500079,766993,01/01/2021,12/31/2021,0.0,0.0,0.0,0.0,0.0,0.0,0.0,0,0,0,0,unknown
511310,766996,07/01/2021,06/30/2022,0.0,0.0,0.0,0.0,0.0,0.0,0.0,0,0,0,0,unknown
052046,767020,09/01/2021,08/31/2022,0.0,0.0,0.0,0.0,0.0,0.0,0.0,0,0,0,0,unknown
161315,767040,07/01/2021,06/30/2022,0.0,0.0,0.0,0.0,0.0,0.0,0.0,0,0,0,0,unknown
231322,767057,07/01/2021,06/30/2022,0.0,0.0,0.0,0.0,0.0,0.0,0.0,0,0,0,0,unknown
351302,767085,07/01/2021,06/30/2022,0.0,0.0,0.0,0.0,0.0,0.0,0.0,0,0,0,0,unknown
390322,767096,01/01/2021,12/31/2021,0.0,0.0,0.0,0.0,0.0,0.0,0.0,0,0,0,0,unknown
431320,767106,07/01/2021,06/30/2022,0.0,0.0,0.0,0.0,0.0,0.0,0.0,0,0,0,0,unknown
461306,767132,07/01/2021,06/30/2022,0.0,0.0,0.0,0.0,0.0,0.0,0.0,0,0,0,0,unknown
041329,767148,07/01/2021,06/30/2022,0.0,0.0,0.0,0.0,0.0,0.0,0.0,0,0,0,0,unknown
134010,767167,07/01/2021,06/30/2022,0.0,0.0,0.0,0.0,0.0,0.0,0.0,0,0,0,0,unknown
141301,767168,07/01/2021,06/30/2022,0.0,0.0,0.0,0.0,0.0,0.0,0.0,0,0,0,0,unknown
161358,767170,07/01/2021,06/30/2022,0.0,0.0,0.0,0.0,0.0,0.0,0.0,0,0,0,0,unknown
161372,767171,07/01/2021,06/30/2022,0.0,0.0,0.0,0.0,0.0,0.0,0.0,0,0,0,0,unknown
210019,767180,07/01/2021,06/30/2022,0.0,0.0,0.0,0.0,0.0,0.0,0.0,0,0,0,0,unknown
351301,767200,07/01/2021,06/30/2022,0.0,0.0,0.0,0.0,0.0,0.0,0.0,0,0,0,0,unknown
351325,767201,07/01/2021,06/30/2022,0.0,0.0,0.0,0.0,0.0,0.0,0.0,0,0,0,0,unknown
374026,767202,07/01/2021,06/30/2022,0.0,0.0,0.0,0.0,0.0,0.0,0.0,0,0,0,0,unknown
431306,767221,07/01/2021,06/30/2022,0.0,0.0,0.0,0.0,0.0,0.0,0.0,0,0,0,0,unknown
452079,767229,09/01/2021,08/31/2022,0.0,0.0,0.0,0.0,0.0,0.0,0.0,0,0,0,0,unknown
494010,767237,07/01/2021,06/30/2022,0.0,0.0,0.0,0.0,0.0,0.0,0.0,0,0,0,0,unknown
494021,767238,07/01/2021,06/30/2022,0.0,0.0,0.0,0.0,0.0,0.0,0.0,0,0,0,0,unknown
042013,767250,07/01/2021,06/30/2022,0.0,0.0,0.0,0.0,0.0,0.0,0.0,0,0,0,0,unknown
180050,767298,07/01/2021,06/30/2022,0.0,0.0,0.0,0.0,0.0,0.0,0.0,0,0,0,0,unknown
210006,767305,07/01/2021,06/30/2022,0.0,0.0,0.0,0.0,0.0,0.0,0.0,0,0,0,0,unknown
210018,767306,07/01/2021,06/30/2022,0.0,0.0,0.0,0.0,0.0,0.0,0.0,0,0,0,0,unknown
210038,767307,07/01/2021,06/30/2022,0.0,0.0,0.0,0.0,0.0,0.0,0.0,0,0,0,0,unknown
254008,767316,07/01/2021,06/30/2022,0.0,0.0,0.0,0.0,0.0,0.0,0.0,0,0,0,0,unknown
281325,767320,07/01/2021,06/30/2022,0.0,0.0,0.0,0.0,0.0,0.0,0.0,0,0,0,0,unknown
351314,767337,07/01/2021,06/30/2022,0.0,0.0,0.0,0.0,0.0,0.0,0.0,0,0,0,0,unknown
450119,767362,01/01/2021,12/31/2021,0.0,0.0,0.0,0.0,0.0,0.0,0.0,0,0,0,0,unknown
034020,767403,07/01/2021,06/30/2022,0.0,0.0,0.0,0.0,0.0,0.0,0.0,0,0,0,0,unknown
041320,767404,07/01/2021,06/30/2022,0.0,0.0,0.0,0.0,0.0,0.0,0.0,0,0,0,0,unknown
111337,767448,07/01/2021,06/30/2022,0.0,0.0,0.0,0.0,0.0,0.0,0.0,0,0,0,0,unknown
161314,767455,07/01/2021,06/30/2022,0.0,0.0,0.0,0.0,0.0,0.0,0.0,0,0,0,0,unknown
220095,767467,10/01/2020,09/30/2021,0.0,0.0,0.0,0.0,0.0,0.0,0.0,0,0,0,0,unknown
390331,767518,07/01/2021,06/30/2022,0.0,0.0,0.0,0.0,0.0,0.0,0.0,0,0,0,0,unknown
441313,767543,07/01/2021,06/30/2022,0.0,0.0,0.0,0.0,0.0,0.0,0.0,0,0,0,0,unknown
061326,767633,07/01/2021,06/30/2022,0.0,0.0,0.0,0.0,0.0,0.0,0.0,0,0,0,0,unknown
141344,767662,07/01/2021,06/30/2022,0.0,0.0,0.0,0.0,0.0,0.0,0.0,0,0,0,0,unknown
241357,767691,07/01/2021,06/30/2022,0.0,0.0,0.0,0.0,0.0,0.0,0.0,0,0,0,0,unknown
244002,767692,07/01/2021,06/30/2022,0.0,0.0,0.0,0.0,0.0,0.0,0.0,0,0,0,0,unknown
310108,767722,01/01/2021,06/30/2021,0.0,0.0,0.0,0.0,0.0,0.0,0.0,0,0,0,0,unknown
320065,767724,01/01/2021,06/30/2021,0.0,0.0,0.0,0.0,0.0,0.0,0.0,0,0,0,0,unknown
351322,767746,07/01/2021,06/30/2022,0.0,0.0,0.0,0.0,0.0,0.0,0.0,0,0,0,0,unknown
364015,767749,07/01/2021,06/30/2022,0.0,0.0,0.0,0.0,0.0,0.0,0.0,0,0,0,0,unknown
372022,767758,07/01/2021,06/30/2022,0.0,0.0,0.0,0.0,0.0,0.0,0.0,0,0,0,0,unknown
374000,767759,07/01/2021,06/30/2022,0.0,0.0,0.0,0.0,0.0,0.0,0.0,0,0,0,0,unknown
441304,767797,07/01/2021,06/30/2022,0.0,0.0,0.0,0.0,0.0,0.0,0.0,0,0,0,0,unknown
451346,767820,07/01/2021,06/30/2022,0.0,0.0,0.0,0.0,0.0,0.0,0.0,0,0,0,0,unknown
454029,767825,07/01/2021,06/30/2022,0.0,0.0,0.0,0.0,0.0,0.0,0.0,0,0,0,0,unknown
462005,767831,07/01/2021,06/30/2022,0.0,0.0,0.0,0.0,0.0,0.0,0.0,0,0,0,0,unknown
061344,767889,07/01/2021,06/30/2022,0.0,0.0,0.0,0.0,0.0,0.0,0.0,0,0,0,0,unknown
141329,767937,07/01/2021,06/30/2022,0.0,0.0,0.0,0.0,0.0,0.0,0.0,0,0,0,0,unknown
161345,767955,07/01/2021,06/30/2022,0.0,0.0,0.0,0.0,0.0,0.0,0.0,0,0,0,0,unknown
161370,767956,07/01/2021,06/30/2022,0.0,0.0,0.0,0.0,0.0,0.0,0.0,0,0,0,0,unknown
231328,768000,07/01/2021,06/30/2022,0.0,0.0,0.0,0.0,0.0,0.0,0.0,0,0,0,0,unknown
241313,768002,07/01/2021,06/30/2022,0.0,0.0,0.0,0.0,0.0,0.0,0.0,0,0,0,0,unknown
261307,768011,07/01/2021,06/30/2022,0.0,0.0,0.0,0.0,0.0,0.0,0.0,0,0,0,0,unknown
271327,768014,07/01/2021,06/30/2022,0.0,0.0,0.0,0.0,0.0,0.0,0.0,0,0,0,0,unknown
281312,768016,07/01/2021,06/30/2022,0.0,0.0,0.0,0.0,0.0,0.0,0.0,0,0,0,0,unknown
281333,768017,07/01/2021,06/30/2022,0.0,0.0,0.0,0.0,0.0,0.0,0.0,0,0,0,0,unknown
431310,768045,07/01/2021,06/30/2022,0.0,0.0,0.0,0.0,0.0,0.0,0.0,0,0,0,0,unknown
121307,768101,07/01/2021,06/30/2022,0.0,0.0,0.0,0.0,0.0,0.0,0.0,0,0,0,0,unknown
271301,768119,07/01/2021,06/30/2022,0.0,0.0,0.0,0.0,0.0,0.0,0.0,0,0,0,0,unknown
271302,768120,07/01/2021,06/30/2022,0.0,0.0,0.0,0.0,0.0,0.0,0.0,0,0,0,0,unknown
271306,768121,07/01/2021,06/30/2022,0.0,0.0,0.0,0.0,0.0,0.0,0.0,0,0,0,0,unknown
271314,768122,07/01/2021,06/30/2022,0.0,0.0,0.0,0.0,0.0,0.0,0.0,0,0,0,0,unknown
271322,768123,07/01/2021,06/30/2022,0.0,0.0,0.0,0.0,0.0,0.0,0.0,0,0,0,0,unknown
381315,768139,07/01/2021,06/30/2022,0.0,0.0,0.0,0.0,0.0,0.0,0.0,0,0,0,0,unknown
431321,768150,07/01/2021,06/30/2022,0.0,0.0,0.0,0.0,0.0,0.0,0.0,0,0,0,0,unknown
431324,768151,07/01/2021,06/30/2022,0.0,0.0,0.0,0.0,0.0,0.0,0.0,0,0,0,0,unknown
431326,768152,07/01/2021,06/30/2022,0.0,0.0,0.0,0.0,0.0,0.0,0.0,0,0,0,0,unknown
431327,768153,07/01/2021,06/30/2022,0.0,0.0,0.0,0.0,0.0,0.0,0.0,0,0,0,0,unknown
431331,768154,07/01/2021,06/30/2022,0.0,0.0,0.0,0.0,0.0,0.0,0.0,0,0,0,0,unknown
431332,768155,07/01/2021,06/30/2022,0.0,0.0,0.0,0.0,0.0,0.0,0.0,0,0,0,0,unknown
431337,768156,07/01/2021,06/30/2022,0.0,0.0,0.0,0.0,0.0,0.0,0.0,0,0,0,0,unknown
452080,768160,09/01/2021,08/31/2022,0.0,0.0,0.0,0.0,0.0,0.0,0.0,0,0,0,0,unknown
504004,768165,07/01/2021,06/30/2022,0.0,0.0,0.0,0.0,0.0,0.0,0.0,0,0,0,0,unknown
054055,768181,01/01/2021,12/31/2021,0.0,0.0,0.0,0.0,0.0,0.0,0.0,0,0,0,0,unknown
102010,768186,09/01/2021,08/31/2022,0.0,0.0,0.0,0.0,0.0,0.0,0.0,0,0,0,0,unknown
121301,768189,07/01/2021,06/30/2022,0.0,0.0,0.0,0.0,0.0,0.0,0.0,0,0,0,0,unknown
150044,768193,09/01/2021,08/31/2022,0.0,0.0,0.0,0.0,0.0,0.0,0.0,0,0,0,0,unknown
194056,768207,05/01/2021,04/30/2022,0.0,0.0,0.0,0.0,0.0,0.0,0.0,0,0,0,0,unknown
210049,768209,07/01/2021,06/30/2022,0.0,0.0,0.0,0.0,0.0,0.0,0.0,0,0,0,0,unknown
214018,768210,07/01/2021,06/30/2022,0.0,0.0,0.0,0.0,0.0,0.0,0.0,0,0,0,0,unknown
241340,768215,07/01/2021,06/30/2022,0.0,0.0,0.0,0.0,0.0,0.0,0.0,0,0,0,0,unknown
271331,768218,07/01/2021,06/30/2022,0.0,0.0,0.0,0.0,0.0,0.0,0.0,0,0,0,0,unknown
271338,768219,07/01/2021,06/30/2022,0.0,0.0,0.0,0.0,0.0,0.0,0.0,0,0,0,0,unknown
460009,768239,07/01/2021,06/30/2022,0.0,0.0,0.0,0.0,0.0,0.0,0.0,0,0,0,0,unknown
011305,768249,07/01/2021,06/30/2022,0.0,0.0,0.0,0.0,0.0,0.0,0.0,0,0,0,0,unknown
052039,768258,09/01/2021,08/31/2022,0.0,0.0,0.0,0.0,0.0,0.0,0.0,0,0,0,0,unknown
070028,768259,10/01/2020,09/30/2021,0.0,0.0,0.0,0.0,0.0,0.0,0.0,0,0,0,0,unknown
104017,768262,07/01/2021,06/30/2022,0.0,0.0,0.0,0.0,0.0,0.0,0.0,0,0,0,0,unknown
111304,768265,07/01/2021,06/30/2022,0.0,0.0,0.0,0.0,0.0,0.0,0.0,0,0,0,0,unknown
151314,768270,07/01/2021,06/30/2022,0.0,0.0,0.0,0.0,0.0,0.0,0.0,0,0,0,0,unknown
180104,768271,09/01/2021,08/31/2022,0.0,0.0,0.0,0.0,0.0,0.0,0.0,0,0,0,0,unknown
441320,768292,07/01/2021,06/30/2022,0.0,0.0,0.0,0.0,0.0,0.0,0.0,0,0,0,0,unknown
051991,768327,07/01/2021,06/30/2022,0.0,0.0,0.0,0.0,0.0,0.0,0.0,0,0,0,0,unknown
171326,768390,01/01/2021,12/31/2021,0.0,0.0,0.0,0.0,0.0,0.0,0.0,0,0,0,0,unknown
194079,768410,07/01/2021,06/30/2022,0.0,0.0,0.0,0.0,0.0,0.0,0.0,0,0,0,0,unknown
210043,768412,07/01/2021,06/30/2022,0.0,0.0,0.0,0.0,0.0,0.0,0.0,0,0,0,0,unknown
210063,768413,07/01/2021,06/30/2022,0.0,0.0,0.0,0.0,0.0,0.0,0.0,0,0,0,0,unknown
231305,768425,07/01/2021,06/30/2022,0.0,0.0,0.0,0.0,0.0,0.0,0.0,0,0,0,0,unknown
281350,768430,07/01/2021,06/30/2022,0.0,0.0,0.0,0.0,0.0,0.0,0.0,0,0,0,0,unknown
314005,768432,07/01/2021,06/30/2022,0.0,0.0,0.0,0.0,0.0,0.0,0.0,0,0,0,0,unknown
371302,768439,07/01/2021,06/30/2022,0.0,0.0,0.0,0.0,0.0,0.0,0.0,0,0,0,0,unknown
371321,768440,07/01/2021,06/30/2022,0.0,0.0,0.0,0.0,0.0,0.0,0.0,0,0,0,0,unknown
374020,768441,07/01/2021,06/30/2022,0.0,0.0,0.0,0.0,0.0,0.0,0.0,0,0,0,0,unknown
391302,768444,07/01/2021,06/30/2022,0.0,0.0,0.0,0.0,0.0,0.0,0.0,0,0,0,0,unknown
392044,768445,07/01/2021,06/30/2022,0.0,0.0,0.0,0.0,0.0,0.0,0.0,0,0,0,0,unknown
394039,768446,07/01/2021,06/30/2022,0.0,0.0,0.0,0.0,0.0,0.0,0.0,0,0,0,0,unknown
413025,768447,04/01/2021,12/31/2021,0.0,0.0,0.0,0.0,0.0,0.0,0.0,0,0,0,0,unknown
502002,768459,09/01/2021,08/31/2022,0.0,0.0,0.0,0.0,0.0,0.0,0.0,0,0,0,0,unknown
521310,768461,07/01/2021,06/30/2022,0.0,0.0,0.0,0.0,0.0,0.0,0.0,0,0,0,0,unknown
010056,768472,07/01/2021,06/30/2022,0.0,0.0,0.0,0.0,0.0,0.0,0.0,0,0,0,0,unknown
041305,768479,07/01/2021,06/30/2022,0.0,0.0,0.0,0.0,0.0,0.0,0.0,0,0,0,0,unknown
141346,768505,07/01/2021,06/30/2022,0.0,0.0,0.0,0.0,0.0,0.0,0.0,0,0,0,0,unknown
142008,768506,09/01/2021,08/31/2022,0.0,0.0,0.0,0.0,0.0,0.0,0.0,0,0,0,0,unknown
152020,768518,07/01/2021,06/30/2022,0.0,0.0,0.0,0.0,0.0,0.0,0.0,0,0,0,0,unknown
171327,768549,07/01/2021,06/30/2022,0.0,0.0,0.0,0.0,0.0,0.0,0.0,0,0,0,0,unknown
210028,768557,07/01/2021,06/30/2022,0.0,0.0,0.0,0.0,0.0,0.0,0.0,0,0,0,0,unknown
241343,768567,07/01/2021,06/30/2022,0.0,0.0,0.0,0.0,0.0,0.0,0.0,0,0,0,0,unknown
241348,768568,07/01/2021,06/30/2022,0.0,0.0,0.0,0.0,0.0,0.0,0.0,0,0,0,0,unknown
241374,768569,07/01/2021,06/30/2022,0.0,0.0,0.0,0.0,0.0,0.0,0.0,0,0,0,0,unknown
271328,768571,05/09/2021,03/31/2022,0.0,0.0,0.0,0.0,0.0,0.0,0.0,0,0,0,0,unknown
281338,768572,07/01/2021,06/30/2022,0.0,0.0,0.0,0.0,0.0,0.0,0.0,0,0,0,0,unknown
281361,768574,07/01/2021,06/30/2022,0.0,0.0,0.0,0.0,0.0,0.0,0.0,0,0,0,0,unknown
371312,768576,07/01/2021,06/30/2022,0.0,0.0,0.0,0.0,0.0,0.0,0.0,0,0,0,0,unknown
391307,768578,07/01/2021,06/30/2022,0.0,0.0,0.0,0.0,0.0,0.0,0.0,0,0,0,0,unknown
391315,768579,07/01/2021,06/30/2022,0.0,0.0,0.0,0.0,0.0,0.0,0.0,0,0,0,0,unknown
441310,768583,07/01/2021,06/30/2022,0.0,0.0,0.0,0.0,0.0,0.0,0.0,0,0,0,0,unknown
452102,768587,07/01/2021,06/30/2022,0.0,0.0,0.0,0.0,0.0,0.0,0.0,0,0,0,0,unknown
051300,768605,07/01/2021,06/30/2022,0.0,0.0,0.0,0.0,0.0,0.0,0.0,0,0,0,0,unknown
051302,768606,07/01/2021,06/30/2022,0.0,0.0,0.0,0.0,0.0,0.0,0.0,0,0,0,0,unknown
051327,768607,07/01/2021,06/30/2022,0.0,0.0,0.0,0.0,0.0,0.0,0.0,0,0,0,0,unknown
052052,768608,09/01/2021,08/31/2022,0.0,0.0,0.0,0.0,0.0,0.0,0.0,0,0,0,0,unknown
054009,768609,07/01/2021,06/30/2022,0.0,0.0,0.0,0.0,0.0,0.0,0.0,0,0,0,0,unknown
063303,768610,01/01/2021,12/31/2021,0.0,0.0,0.0,0.0,0.0,0.0,0.0,0,0,0,0,unknown
111308,768614,07/01/2021,06/30/2022,0.0,0.0,0.0,0.0,0.0,0.0,0.0,0,0,0,0,unknown
131303,768615,07/01/2021,06/30/2022,0.0,0.0,0.0,0.0,0.0,0.0,0.0,0,0,0,0,unknown
191303,768635,07/01/2021,06/30/2022,0.0,0.0,0.0,0.0,0.0,0.0,0.0,0,0,0,0,unknown
191323,768636,10/01/2020,09/30/2021,0.0,0.0,0.0,0.0,0.0,0.0,0.0,0,0,0,0,unknown
192006,768637,09/01/2021,08/31/2022,0.0,0.0,0.0,0.0,0.0,0.0,0.0,0,0,0,0,unknown
192043,768638,07/01/2021,06/30/2022,0.0,0.0,0.0,0.0,0.0,0.0,0.0,0,0,0,0,unknown
210022,768640,07/01/2021,06/30/2022,0.0,0.0,0.0,0.0,0.0,0.0,0.0,0,0,0,0,unknown
231300,768672,07/01/2021,06/30/2022,0.0,0.0,0.0,0.0,0.0,0.0,0.0,0,0,0,0,unknown
251319,768673,07/01/2021,06/30/2022,0.0,0.0,0.0,0.0,0.0,0.0,0.0,0,0,0,0,unknown
271310,768676,07/01/2021,06/30/2022,0.0,0.0,0.0,0.0,0.0,0.0,0.0,0,0,0,0,unknown
271333,768677,07/01/2021,06/30/2022,0.0,0.0,0.0,0.0,0.0,0.0,0.0,0,0,0,0,unknown
291301,768678,07/01/2021,06/30/2022,0.0,0.0,0.0,0.0,0.0,0.0,0.0,0,0,0,0,unknown
351305,768679,07/01/2021,06/30/2022,0.0,0.0,0.0,0.0,0.0,0.0,0.0,0,0,0,0,unknown
371332,768680,07/01/2021,06/30/2022,0.0,0.0,0.0,0.0,0.0,0.0,0.0,0,0,0,0,unknown
381301,768681,07/01/2021,06/30/2022,0.0,0.0,0.0,0.0,0.0,0.0,0.0,0,0,0,0,unknown
381305,768682,07/01/2021,06/30/2022,0.0,0.0,0.0,0.0,0.0,0.0,0.0,0,0,0,0,unknown
391317,768683,07/01/2021,06/30/2022,0.0,0.0,0.0,0.0,0.0,0.0,0.0,0,0,0,0,unknown
431330,768684,07/01/2021,06/30/2022,0.0,0.0,0.0,0.0,0.0,0.0,0.0,0,0,0,0,unknown
441300,768686,07/01/2021,06/30/2022,0.0,0.0,0.0,0.0,0.0,0.0,0.0,0,0,0,0,unknown
441309,768687,07/01/2021,06/30/2022,0.0,0.0,0.0,0.0,0.0,0.0,0.0,0,0,0,0,unknown
461335,768689,07/01/2021,06/30/2022,0.0,0.0,0.0,0.0,0.0,0.0,0.0,0,0,0,0,unknown
024002,768695,07/01/2021,06/30/2022,0.0,0.0,0.0,0.0,0.0,0.0,0.0,0,0,0,0,unknown
034021,768696,07/01/2021,06/30/2022,0.0,0.0,0.0,0.0,0.0,0.0,0.0,0,0,0,0,unknown
111319,768707,07/01/2021,06/30/2022,0.0,0.0,0.0,0.0,0.0,0.0,0.0,0,0,0,0,unknown
141332,768709,07/01/2021,06/30/2022,0.0,0.0,0.0,0.0,0.0,0.0,0.0,0,0,0,0,unknown
241368,768713,07/01/2021,06/30/2022,0.0,0.0,0.0,0.0,0.0,0.0,0.0,0,0,0,0,unknown
330101,768714,01/01/2021,12/31/2021,0.0,0.0,0.0,0.0,0.0,0.0,0.0,0,0,0,0,unknown
330169,768715,01/01/2021,12/31/2021,0.0,0.0,0.0,0.0,0.0,0.0,0.0,0,0,0,0,unknown
362020,768719,09/01/2021,08/31/2022,0.0,0.0,0.0,0.0,0.0,0.0,0.0,0,0,0,0,unknown
370030,768720,01/01/2021,12/31/2021,0.0,0.0,0.0,0.0,0.0,0.0,0.0,0,0,0,0,unknown
371341,768722,07/01/2021,06/30/2022,0.0,0.0,0.0,0.0,0.0,0.0,0.0,0,0,0,0,unknown
393303,768723,07/01/2021,06/30/2022,0.0,0.0,0.0,0.0,0.0,0.0,0.0,0,0,0,0,unknown
431302,768724,07/01/2021,06/30/2022,0.0,0.0,0.0,0.0,0.0,0.0,0.0,0,0,0,0,unknown
051314,768757,07/01/2021,06/30/2022,0.0,0.0,0.0,0.0,0.0,0.0,0.0,0,0,0,0,unknown
131307,768778,07/01/2021,06/30/2022,0.0,0.0,0.0,0.0,0.0,0.0,0.0,0,0,0,0,unknown
174022,768787,07/01/2021,06/30/2022,0.0,0.0,0.0,0.0,0.0,0.0,0.0,0,0,0,0,unknown
241321,768799,07/01/2021,06/30/2022,0.0,0.0,0.0,0.0,0.0,0.0,0.0,0,0,0,0,unknown
531316,768816,07/01/2021,06/30/2022,0.0,0.0,0.0,0.0,0.0,0.0,0.0,0,0,0,0,unknown
041322,768820,07/01/2021,06/30/2022,0.0,0.0,0.0,0.0,0.0,0.0,0.0,0,0,0,0,unknown
111333,768840,10/01/2020,09/30/2021,0.0,0.0,0.0,0.0,0.0,0.0,0.0,0,0,0,0,unknown
161347,768856,07/01/2021,06/30/2022,0.0,0.0,0.0,0.0,0.0,0.0,0.0,0,0,0,0,unknown
161352,768857,07/01/2021,06/30/2022,0.0,0.0,0.0,0.0,0.0,0.0,0.0,0,0,0,0,unknown
161375,768859,07/01/2021,06/30/2022,0.0,0.0,0.0,0.0,0.0,0.0,0.0,0,0,0,0,unknown
193090,768890,01/01/2021,12/31/2021,0.0,0.0,0.0,0.0,0.0,0.0,0.0,0,0,0,0,unknown
220031,768892,10/01/2020,09/30/2021,0.0,0.0,0.0,0.0,0.0,0.0,0.0,0,0,0,0,unknown
230017,768901,01/01/2021,12/31/2021,0.0,0.0,0.0,0.0,0.0,0.0,0.0,0,0,0,0,unknown
234006,768904,07/01/2021,06/30/2022,0.0,0.0,0.0,0.0,0.0,0.0,0.0,0,0,0,0,unknown
241326,768905,07/01/2021,06/30/2022,0.0,0.0,0.0,0.0,0.0,0.0,0.0,0,0,0,0,unknown
294012,768907,07/01/2021,06/30/2022,0.0,0.0,0.0,0.0,0.0,0.0,0.0,0,0,0,0,unknown
330079,768908,01/01/2021,12/31/2021,0.0,0.0,0.0,0.0,0.0,0.0,0.0,0,0,0,0,unknown
363037,768918,07/01/2021,06/30/2022,0.0,0.0,0.0,0.0,0.0,0.0,0.0,0,0,0,0,unknown
524018,768930,08/01/2021,07/31/2022,0.0,0.0,0.0,0.0,0.0,0.0,0.0,0,0,0,0,unknown
531308,768931,07/01/2021,06/30/2022,0.0,0.0,0.0,0.0,0.0,0.0,0.0,0,0,0,0,unknown
531311,768932,07/01/2021,06/30/2022,0.0,0.0,0.0,0.0,0.0,0.0,0.0,0,0,0,0,unknown
041303,768947,07/01/2021,06/30/2022,0.0,0.0,0.0,0.0,0.0,0.0,0.0,0,0,0,0,unknown
043300,768949,07/01/2021,06/30/2022,0.0,0.0,0.0,0.0,0.0,0.0,0.0,0,0,0,0,unknown
043301,768950,07/01/2021,06/30/2022,0.0,0.0,0.0,0.0,0.0,0.0,0.0,0,0,0,0,unknown
053304,768952,07/01/2021,06/30/2022,0.0,0.0,0.0,0.0,0.0,0.0,0.0,0,0,0,0,unknown
102028,768955,07/01/2021,06/30/2022,0.0,0.0,0.0,0.0,0.0,0.0,0.0,0,0,0,0,unknown
104067,768956,07/01/2021,06/30/2022,0.0,0.0,0.0,0.0,0.0,0.0,0.0,0,0,0,0,unknown
140115,768958,07/01/2021,06/30/2022,0.0,0.0,0.0,0.0,0.0,0.0,0.0,0,0,0,0,unknown
142011,768959,07/01/2021,06/30/2022,0.0,0.0,0.0,0.0,0.0,0.0,0.0,0,0,0,0,unknown
143301,768960,07/01/2021,06/30/2022,0.0,0.0,0.0,0.0,0.0,0.0,0.0,0,0,0,0,unknown
171372,769021,07/01/2021,06/30/2022,0.0,0.0,0.0,0.0,0.0,0.0,0.0,0,0,0,0,unknown
210032,769045,07/01/2021,06/30/2022,0.0,0.0,0.0,0.0,0.0,0.0,0.0,0,0,0,0,unknown
210062,769046,07/01/2021,06/30/2022,0.0,0.0,0.0,0.0,0.0,0.0,0.0,0,0,0,0,unknown
261333,769085,07/01/2021,06/30/2022,0.0,0.0,0.0,0.0,0.0,0.0,0.0,0,0,0,0,unknown
281329,769092,07/01/2021,06/30/2022,0.0,0.0,0.0,0.0,0.0,0.0,0.0,0,0,0,0,unknown
282001,769093,07/01/2021,06/30/2022,0.0,0.0,0.0,0.0,0.0,0.0,0.0,0,0,0,0,unknown
314016,769094,07/01/2021,06/30/2022,0.0,0.0,0.0,0.0,0.0,0.0,0.0,0,0,0,0,unknown
321311,769095,07/01/2021,06/30/2022,0.0,0.0,0.0,0.0,0.0,0.0,0.0,0,0,0,0,unknown
330024,769097,01/01/2021,12/31/2021,0.0,0.0,0.0,0.0,0.0,0.0,0.0,0,0,0,0,unknown
371317,769102,07/01/2021,06/30/2022,0.0,0.0,0.0,0.0,0.0,0.0,0.0,0,0,0,0,unknown
371337,769103,07/01/2021,06/30/2022,0.0,0.0,0.0,0.0,0.0,0.0,0.0,0,0,0,0,unknown
371338,769104,07/01/2021,06/30/2022,0.0,0.0,0.0,0.0,0.0,0.0,0.0,0,0,0,0,unknown
444002,769105,07/01/2021,06/30/2022,0.0,0.0,0.0,0.0,0.0,0.0,0.0,0,0,0,0,unknown
451387,769108,07/01/2021,06/30/2022,0.0,0.0,0.0,0.0,0.0,0.0,0.0,0,0,0,0,unknown
453306,769109,07/01/2021,06/30/2022,0.0,0.0,0.0,0.0,0.0,0.0,0.0,0,0,0,0,unknown
521317,769114,07/01/2021,06/30/2022,0.0,0.0,0.0,0.0,0.0,0.0,0.0,0,0,0,0,unknown
041318,769123,07/01/2021,06/30/2022,0.0,0.0,0.0,0.0,0.0,0.0,0.0,0,0,0,0,unknown
051307,769146,07/01/2021,06/30/2022,0.0,0.0,0.0,0.0,0.0,0.0,0.0,0,0,0,0,unknown
053309,769147,07/01/2021,06/30/2022,0.0,0.0,0.0,0.0,0.0,0.0,0.0,0,0,0,0,unknown
054093,769148,07/01/2021,06/30/2022,0.0,0.0,0.0,0.0,0.0,0.0,0.0,0,0,0,0,unknown
121302,769152,07/01/2021,06/30/2022,0.0,0.0,0.0,0.0,0.0,0.0,0.0,0,0,0,0,unknown
121304,769153,07/01/2021,06/30/2022,0.0,0.0,0.0,0.0,0.0,0.0,0.0,0,0,0,0,unknown
141331,769155,07/01/2021,06/30/2022,0.0,0.0,0.0,0.0,0.0,0.0,0.0,0,0,0,0,unknown
161302,769165,07/01/2021,06/30/2022,0.0,0.0,0.0,0.0,0.0,0.0,0.0,0,0,0,0,unknown
161355,769167,07/01/2021,06/30/2022,0.0,0.0,0.0,0.0,0.0,0.0,0.0,0,0,0,0,unknown
210015,769178,07/01/2021,06/30/2022,0.0,0.0,0.0,0.0,0.0,0.0,0.0,0,0,0,0,unknown
231324,769190,07/01/2021,06/30/2022,0.0,0.0,0.0,0.0,0.0,0.0,0.0,0,0,0,0,unknown
261332,769195,07/01/2021,06/30/2022,0.0,0.0,0.0,0.0,0.0,0.0,0.0,0,0,0,0,unknown
281304,769198,07/01/2021,06/30/2022,0.0,0.0,0.0,0.0,0.0,0.0,0.0,0,0,0,0,unknown
292006,769199,09/01/2021,08/31/2022,0.0,0.0,0.0,0.0,0.0,0.0,0.0,0,0,0,0,unknown
321308,769201,07/01/2021,06/30/2022,0.0,0.0,0.0,0.0,0.0,0.0,0.0,0,0,0,0,unknown
391308,769210,07/01/2021,06/30/2022,0.0,0.0,0.0,0.0,0.0,0.0,0.0,0,0,0,0,unknown
391309,769211,07/01/2021,06/30/2022,0.0,0.0,0.0,0.0,0.0,0.0,0.0,0,0,0,0,unknown
391312,769212,07/01/2021,06/30/2022,0.0,0.0,0.0,0.0,0.0,0.0,0.0,0,0,0,0,unknown
452101,769217,08/01/2021,07/31/2022,0.0,0.0,0.0,0.0,0.0,0.0,0.0,0,0,0,0,unknown
531312,769227,07/01/2021,06/30/2022,0.0,0.0,0.0,0.0,0.0,0.0,0.0,0,0,0,0,unknown
531314,769228,07/01/2021,06/30/2022,0.0,0.0,0.0,0.0,0.0,0.0,0.0,0,0,0,0,unknown
050115,769236,07/01/2021,06/30/2022,0.0,0.0,0.0,0.0,0.0,0.0,0.0,0,0,0,0,unknown
050138,769245,01/01/2021,12/31/2021,0.0,0.0,0.0,0.0,0.0,0.0,0.0,0,0,0,0,unknown
050373,769248,07/01/2021,06/30/2022,0.0,0.0,0.0,0.0,0.0,0.0,0.0,0,0,0,0,unknown
050625,769255,07/01/2021,06/30/2022,0.0,0.0,0.0,0.0,0.0,0.0,0.0,0,0,0,0,unknown
050663,769256,01/01/2021,12/31/2021,0.0,0.0,0.0,0.0,0.0,0.0,0.0,0,0,0,0,unknown
171348,769270,07/01/2021,06/30/2022,0.0,0.0,0.0,0.0,0.0,0.0,0.0,0,0,0,0,unknown
190160,769273,03/01/2021,02/28/2022,0.0,0.0,0.0,0.0,0.0,0.0,0.0,0,0,0,0,unknown
210034,769274,07/01/2021,06/30/2022,0.0,0.0,0.0,0.0,0.0,0.0,0.0,0,0,0,0,unknown
261319,769289,07/01/2021,06/30/2022,0.0,0.0,0.0,0.0,0.0,0.0,0.0,0,0,0,0,unknown
264005,769290,07/01/2021,06/30/2022,0.0,0.0,0.0,0.0,0.0,0.0,0.0,0,0,0,0,unknown
264010,769291,07/01/2021,06/30/2022,0.0,0.0,0.0,0.0,0.0,0.0,0.0,0,0,0,0,unknown
330046,769293,01/01/2021,12/31/2021,0.0,0.0,0.0,0.0,0.0,0.0,0.0,0,0,0,0,unknown
330236,769295,01/01/2021,12/31/2021,0.0,0.0,0.0,0.0,0.0,0.0,0.0,0,0,0,0,unknown
360071,769298,01/01/2021,12/31/2021,0.0,0.0,0.0,0.0,0.0,0.0,0.0,0,0,0,0,unknown
390112,769301,07/01/2021,06/30/2022,0.0,0.0,0.0,0.0,0.0,0.0,0.0,0,0,0,0,unknown
451364,769304,07/01/2021,06/30/2022,0.0,0.0,0.0,0.0,0.0,0.0,0.0,0,0,0,0,unknown
041309,769308,07/01/2021,06/30/2022,0.0,0.0,0.0,0.0,0.0,0.0,0.0,0,0,0,0,unknown
054144,769313,07/01/2021,06/30/2022,0.0,0.0,0.0,0.0,0.0,0.0,0.0,0,0,0,0,unknown
060064,769314,01/01/2021,12/31/2021,0.0,0.0,0.0,0.0,0.0,0.0,0.0,0,0,0,0,unknown
161335,769326,07/01/2021,06/30/2022,0.0,0.0,0.0,0.0,0.0,0.0,0.0,0,0,0,0,unknown
210029,769327,07/01/2021,06/30/2022,0.0,0.0,0.0,0.0,0.0,0.0,0.0,0,0,0,0,unknown
210056,769328,07/01/2021,06/30/2022,0.0,0.0,0.0,0.0,0.0,0.0,0.0,0,0,0,0,unknown
231319,769332,07/01/2021,06/30/2022,0.0,0.0,0.0,0.0,0.0,0.0,0.0,0,0,0,0,unknown
281352,769336,08/01/2021,07/31/2022,0.0,0.0,0.0,0.0,0.0,0.0,0.0,0,0,0,0,unknown
371313,769345,07/01/2021,06/30/2022,0.0,0.0,0.0,0.0,0.0,0.0,0.0,0,0,0,0,unknown
012007,769361,09/01/2021,07/31/2022,0.0,0.0,0.0,0.0,0.0,0.0,0.0,0,0,0,0,unknown
062009,769397,09/01/2021,08/31/2022,0.0,0.0,0.0,0.0,0.0,0.0,0.0,0,0,0,0,unknown
161379,769415,07/01/2021,06/30/2022,0.0,0.0,0.0,0.0,0.0,0.0,0.0,0,0,0,0,unknown
171313,769420,07/01/2021,06/30/2022,0.0,0.0,0.0,0.0,0.0,0.0,0.0,0,0,0,0,unknown
181332,769422,08/01/2021,07/31/2022,0.0,0.0,0.0,0.0,0.0,0.0,0.0,0,0,0,0,unknown
261335,769438,07/01/2021,06/30/2022,0.0,0.0,0.0,0.0,0.0,0.0,0.0,0,0,0,0,unknown
281313,769439,07/01/2021,06/30/2022,0.0,0.0,0.0,0.0,0.0,0.0,0.0,0,0,0,0,unknown
281347,769440,07/01/2021,06/30/2022,0.0,0.0,0.0,0.0,0.0,0.0,0.0,0,0,0,0,unknown
281360,769441,07/01/2021,06/30/2022,0.0,0.0,0.0,0.0,0.0,0.0,0.0,0,0,0,0,unknown
362033,769455,09/01/2021,08/31/2022,0.0,0.0,0.0,0.0,0.0,0.0,0.0,0,0,0,0,unknown
450862,769462,07/01/2021,06/30/2022,0.0,0.0,0.0,0.0,0.0,0.0,0.0,0,0,0,0,unknown
114029,769481,07/01/2021,06/30/2022,0.0,0.0,0.0,0.0,0.0,0.0,0.0,0,0,0,0,unknown
181305,769486,07/01/2021,06/30/2022,0.0,0.0,0.0,0.0,0.0,0.0,0.0,0,0,0,0,unknown
210048,769488,07/01/2021,06/30/2022,0.0,0.0,0.0,0.0,0.0,0.0,0.0,0,0,0,0,unknown
231321,769492,07/01/2021,06/30/2022,0.0,0.0,0.0,0.0,0.0,0.0,0.0,0,0,0,0,unknown
281303,769494,09/01/2021,08/31/2022,0.0,0.0,0.0,0.0,0.0,0.0,0.0,0,0,0,0,unknown
281356,769495,07/01/2021,06/30/2022,0.0,0.0,0.0,0.0,0.0,0.0,0.0,0,0,0,0,unknown
371310,769499,07/01/2021,06/30/2022,0.0,0.0,0.0,0.0,0.0,0.0,0.0,0,0,0,0,unknown
451335,769503,07/01/2021,06/30/2022,0.0,0.0,0.0,0.0,0.0,0.0,0.0,0,0,0,0,unknown
452107,769504,09/01/2021,08/31/2022,0.0,0.0,0.0,0.0,0.0,0.0,0.0,0,0,0,0,unknown
511301,769508,07/01/2021,12/31/2021,0.0,0.0,0.0,0.0,0.0,0.0,0.0,0,0,0,0,unknown
052034,769533,09/01/2021,08/31/2022,0.0,0.0,0.0,0.0,0.0,0.0,0.0,0,0,0,0,unknown
062012,769536,09/01/2021,08/31/2022,0.0,0.0,0.0,0.0,0.0,0.0,0.0,0,0,0,0,unknown
093300,769538,07/01/2021,06/30/2022,0.0,0.0,0.0,0.0,0.0,0.0,0.0,0,0,0,0,unknown
210009,769578,07/01/2021,06/30/2022,0.0,0.0,0.0,0.0,0.0,0.0,0.0,0,0,0,0,unknown
214000,769579,07/01/2021,06/30/2022,0.0,0.0,0.0,0.0,0.0,0.0,0.0,0,0,0,0,unknown
261316,769598,07/01/2021,06/30/2022,0.0,0.0,0.0,0.0,0.0,0.0,0.0,0,0,0,0,unknown
271303,769599,07/01/2021,06/30/2022,0.0,0.0,0.0,0.0,0.0,0.0,0.0,0,0,0,0,unknown
271341,769600,07/01/2021,06/30/2022,0.0,0.0,0.0,0.0,0.0,0.0,0.0,0,0,0,0,unknown
321307,769603,07/01/2021,06/30/2022,0.0,0.0,0.0,0.0,0.0,0.0,0.0,0,0,0,0,unknown
340061,769610,07/01/2021,06/30/2022,0.0,0.0,0.0,0.0,0.0,0.0,0.0,0,0,0,0,unknown
342013,769615,09/01/2021,08/31/2022,0.0,0.0,0.0,0.0,0.0,0.0,0.0,0,0,0,0,unknown
391301,769619,07/01/2021,06/30/2022,0.0,0.0,0.0,0.0,0.0,0.0,0.0,0,0,0,0,unknown
391305,769620,07/01/2021,06/30/2022,0.0,0.0,0.0,0.0,0.0,0.0,0.0,0,0,0,0,unknown
440156,769625,04/01/2021,03/31/2022,0.0,0.0,0.0,0.0,0.0,0.0,0.0,0,0,0,0,unknown
451319,769628,07/01/2021,06/30/2022,0.0,0.0,0.0,0.0,0.0,0.0,0.0,0,0,0,0,unknown
452060,769629,08/01/2021,07/31/2022,0.0,0.0,0.0,0.0,0.0,0.0,0.0,0,0,0,0,unknown
453315,769630,07/01/2021,06/30/2022,0.0,0.0,0.0,0.0,0.0,0.0,0.0,0,0,0,0,unknown
490009,769634,07/01/2021,06/30/2022,0.0,0.0,0.0,0.0,0.0,0.0,0.0,0,0,0,0,unknown
510022,769639,01/01/2021,12/31/2021,0.0,0.0,0.0,0.0,0.0,0.0,0.0,0,0,0,0,unknown
524002,769640,07/01/2021,06/30/2022,0.0,0.0,0.0,0.0,0.0,0.0,0.0,0,0,0,0,unknown
173300,769737,07/01/2021,06/30/2022,0.0,0.0,0.0,0.0,0.0,0.0,0.0,0,0,0,0,unknown
180138,769738,09/01/2021,08/31/2022,0.0,0.0,0.0,0.0,0.0,0.0,0.0,0,0,0,0,unknown
180154,769739,07/01/2021,06/30/2022,0.0,0.0,0.0,0.0,0.0,0.0,0.0,0,0,0,0,unknown
192012,769740,09/01/2021,08/31/2022,0.0,0.0,0.0,0.0,0.0,0.0,0.0,0,0,0,0,unknown
232034,769749,07/01/2021,06/30/2022,0.0,0.0,0.0,0.0,0.0,0.0,0.0,0,0,0,0,unknown
234021,769750,07/01/2021,06/30/2022,0.0,0.0,0.0,0.0,0.0,0.0,0.0,0,0,0,0,unknown
261328,769757,07/01/2021,06/30/2022,0.0,0.0,0.0,0.0,0.0,0.0,0.0,0,0,0,0,unknown
264007,769758,07/01/2021,06/30/2022,0.0,0.0,0.0,0.0,0.0,0.0,0.0,0,0,0,0,unknown
281346,769759,07/01/2021,06/30/2022,0.0,0.0,0.0,0.0,0.0,0.0,0.0,0,0,0,0,unknown
284009,769760,07/01/2021,06/30/2022,0.0,0.0,0.0,0.0,0.0,0.0,0.0,0,0,0,0,unknown
320001,769762,07/01/2021,06/30/2022,0.0,0.0,0.0,0.0,0.0,0.0,0.0,0,0,0,0,unknown
360354,769766,07/01/2021,06/30/2022,0.0,0.0,0.0,0.0,0.0,0.0,0.0,0,0,0,0,unknown
673043,769791,07/01/2021,06/30/2022,0.0,0.0,0.0,0.0,0.0,0.0,0.0,0,0,0,0,unknown
010011,769792,07/01/2021,06/30/2022,0.0,0.0,0.0,0.0,0.0,0.0,0.0,0,0,0,0,unknown
102032,769820,09/01/2021,08/31/2022,0.0,0.0,0.0,0.0,0.0,0.0,0.0,0,0,0,0,unknown
274086,769879,07/01/2021,05/18/2022,0.0,0.0,0.0,0.0,0.0,0.0,0.0,0,0,0,0,unknown
380018,769892,10/01/2020,09/30/2021,0.0,0.0,0.0,0.0,0.0,0.0,0.0,0,0,0,0,unknown
422005,769896,09/01/2021,08/31/2022,0.0,0.0,0.0,0.0,0.0,0.0,0.0,0,0,0,0,unknown
451315,769904,07/01/2021,06/30/2022,0.0,0.0,0.0,0.0,0.0,0.0,0.0,0,0,0,0,unknown
452075,769905,09/01/2021,08/31/2022,0.0,0.0,0.0,0.0,0.0,0.0,0.0,0,0,0,0,unknown
491300,769908,01/01/2021,12/31/2021,0.0,0.0,0.0,0.0,0.0,0.0,0.0,0,0,0,0,unknown
521300,769910,07/01/2021,06/30/2022,0.0,0.0,0.0,0.0,0.0,0.0,0.0,0,0,0,0,unknown
521339,769911,07/01/2021,06/30/2022,0.0,0.0,0.0,0.0,0.0,0.0,0.0,0,0,0,0,unknown
042004,769923,09/01/2021,08/31/2022,0.0,0.0,0.0,0.0,0.0,0.0,0.0,0,0,0,0,unknown
102012,769941,09/01/2021,08/31/2022,0.0,0.0,0.0,0.0,0.0,0.0,0.0,0,0,0,0,unknown
150046,769951,09/01/2021,08/31/2022,0.0,0.0,0.0,0.0,0.0,0.0,0.0,0,0,0,0,unknown
171350,769955,08/01/2021,07/31/2022,0.0,0.0,0.0,0.0,0.0,0.0,0.0,0,0,0,0,unknown
292002,769963,09/01/2021,08/31/2022,0.0,0.0,0.0,0.0,0.0,0.0,0.0,0,0,0,0,unknown
441307,769979,08/01/2021,07/31/2022,0.0,0.0,0.0,0.0,0.0,0.0,0.0,0,0,0,0,unknown
453092,769984,01/01/2021,12/31/2021,0.0,0.0,0.0,0.0,0.0,0.0,0.0,0,0,0,0,unknown
501335,769987,07/01/2021,06/30/2022,0.0,0.0,0.0,0.0,0.0,0.0,0.0,0,0,0,0,unknown
673049,769991,01/01/2021,12/31/2021,0.0,0.0,0.0,0.0,0.0,0.0,0.0,0,0,0,0,unknown
012009,769995,09/01/2021,08/31/2022,0.0,0.0,0.0,0.0,0.0,0.0,0.0,0,0,0,0,unknown
012010,769996,09/01/2021,08/31/2022,0.0,0.0,0.0,0.0,0.0,0.0,0.0,0,0,0,0,unknown
012012,769997,09/01/2021,08/31/2022,0.0,0.0,0.0,0.0,0.0,0.0,0.0,0,0,0,0,unknown
032000,770000,09/01/2021,08/31/2022,0.0,0.0,0.0,0.0,0.0,0.0,0.0,0,0,0,0,unknown
041306,770001,07/01/2021,06/30/2022,0.0,0.0,0.0,0.0,0.0,0.0,0.0,0,0,0,0,unknown
052032,770008,09/01/2021,08/31/2022,0.0,0.0,0.0,0.0,0.0,0.0,0.0,0,0,0,0,unknown
053032,770009,01/01/2021,12/31/2021,0.0,0.0,0.0,0.0,0.0,0.0,0.0,0,0,0,0,unknown
083300,770013,01/01/2021,12/31/2021,0.0,0.0,0.0,0.0,0.0,0.0,0.0,0,0,0,0,unknown
102017,770016,08/01/2021,07/31/2022,0.0,0.0,0.0,0.0,0.0,0.0,0.0,0,0,0,0,unknown
102018,770017,09/01/2021,08/31/2022,0.0,0.0,0.0,0.0,0.0,0.0,0.0,0,0,0,0,unknown
142009,770030,09/01/2021,08/31/2022,0.0,0.0,0.0,0.0,0.0,0.0,0.0,0,0,0,0,unknown
161332,770033,07/01/2021,06/30/2022,0.0,0.0,0.0,0.0,0.0,0.0,0.0,0,0,0,0,unknown
182001,770036,09/01/2021,08/31/2022,0.0,0.0,0.0,0.0,0.0,0.0,0.0,0,0,0,0,unknown
222002,770040,09/01/2021,08/31/2022,0.0,0.0,0.0,0.0,0.0,0.0,0.0,0,0,0,0,unknown
264008,770042,07/01/2021,06/30/2022,0.0,0.0,0.0,0.0,0.0,0.0,0.0,0,0,0,0,unknown
282002,770044,02/01/2021,10/21/2021,0.0,0.0,0.0,0.0,0.0,0.0,0.0,0,0,0,0,unknown
314011,770045,07/01/2021,06/30/2022,0.0,0.0,0.0,0.0,0.0,0.0,0.0,0,0,0,0,unknown
362026,770053,09/01/2021,08/31/2022,0.0,0.0,0.0,0.0,0.0,0.0,0.0,0,0,0,0,unknown
371340,770055,07/01/2021,06/30/2022,0.0,0.0,0.0,0.0,0.0,0.0,0.0,0,0,0,0,unknown
371342,770056,07/01/2021,06/30/2022,0.0,0.0,0.0,0.0,0.0,0.0,0.0,0,0,0,0,unknown
372019,770057,09/01/2021,08/31/2022,0.0,0.0,0.0,0.0,0.0,0.0,0.0,0,0,0,0,unknown
391304,770059,07/01/2021,06/30/2022,0.0,0.0,0.0,0.0,0.0,0.0,0.0,0,0,0,0,unknown
452023,770071,09/01/2021,08/31/2022,0.0,0.0,0.0,0.0,0.0,0.0,0.0,0,0,0,0,unknown
104024,770110,07/01/2021,06/30/2022,0.0,0.0,0.0,0.0,0.0,0.0,0.0,0,0,0,0,unknown
151320,770136,01/01/2021,12/31/2021,0.0,0.0,0.0,0.0,0.0,0.0,0.0,0,0,0,0,unknown
241325,770199,01/01/2021,12/31/2021,0.0,0.0,0.0,0.0,0.0,0.0,0.0,0,0,0,0,unknown
362028,770208,09/01/2021,08/31/2022,0.0,0.0,0.0,0.0,0.0,0.0,0.0,0,0,0,0,unknown
391300,770216,07/01/2021,06/30/2022,0.0,0.0,0.0,0.0,0.0,0.0,0.0,0,0,0,0,unknown
392028,770217,09/01/2021,08/31/2022,0.0,0.0,0.0,0.0,0.0,0.0,0.0,0,0,0,0,unknown
451367,770248,12/01/2020,11/30/2021,0.0,0.0,0.0,0.0,0.0,0.0,0.0,0,0,0,0,unknown
452032,770249,09/01/2021,08/31/2022,0.0,0.0,0.0,0.0,0.0,0.0,0.0,0,0,0,0,unknown
452056,770250,09/01/2021,08/31/2022,0.0,0.0,0.0,0.0,0.0,0.0,0.0,0,0,0,0,unknown
521314,770259,01/01/2021,12/31/2021,0.0,0.0,0.0,0.0,0.0,0.0,0.0,0,0,0,0,unknown
052033,770278,09/01/2021,08/31/2022,0.0,0.0,0.0,0.0,0.0,0.0,0.0,0,0,0,0,unknown
102029,770286,09/01/2021,08/31/2022,0.0,0.0,0.0,0.0,0.0,0.0,0.0,0,0,0,0,unknown
133028,770292,10/01/2020,09/30/2021,0.0,0.0,0.0,0.0,0.0,0.0,0.0,0,0,0,0,unknown
150153,770295,07/01/2021,06/30/2022,0.0,0.0,0.0,0.0,0.0,0.0,0.0,0,0,0,0,unknown
190011,770297,07/01/2021,06/30/2022,0.0,0.0,0.0,0.0,0.0,0.0,0.0,0,0,0,0,unknown
360197,770308,01/01/2021,12/31/2021,0.0,0.0,0.0,0.0,0.0,0.0,0.0,0,0,0,0,unknown
372004,770309,09/01/2021,08/31/2022,0.0,0.0,0.0,0.0,0.0,0.0,0.0,0,0,0,0,unknown
521313,770318,07/01/2021,06/30/2022,0.0,0.0,0.0,0.0,0.0,0.0,0.0,0,0,0,0,unknown
032002,770328,09/01/2021,08/31/2022,0.0,0.0,0.0,0.0,0.0,0.0,0.0,0,0,0,0,unknown
042010,770331,09/01/2021,08/31/2022,0.0,0.0,0.0,0.0,0.0,0.0,0.0,0,0,0,0,unknown
192009,770417,09/01/2021,08/31/2022,0.0,0.0,0.0,0.0,0.0,0.0,0.0,0,0,0,0,unknown
281335,770425,08/01/2021,07/31/2022,0.0,0.0,0.0,0.0,0.0,0.0,0.0,0,0,0,0,unknown
330285,770427,07/01/2021,06/30/2022,0.0,0.0,0.0,0.0,0.0,0.0,0.0,0,0,0,0,unknown
450292,770455,01/01/2021,12/31/2021,0.0,0.0,0.0,0.0,0.0,0.0,0.0,0,0,0,0,unknown
042008,770488,09/01/2021,08/31/2022,0.0,0.0,0.0,0.0,0.0,0.0,0.0,0,0,0,0,unknown
192031,770559,09/01/2021,08/31/2022,0.0,0.0,0.0,0.0,0.0,0.0,0.0,0,0,0,0,unknown
262010,770574,09/01/2021,08/31/2022,0.0,0.0,0.0,0.0,0.0,0.0,0.0,0,0,0,0,unknown
372018,770584,09/01/2021,08/31/2022,0.0,0.0,0.0,0.0,0.0,0.0,0.0,0,0,0,0,unknown
512002,770601,09/01/2021,08/31/2022,0.0,0.0,0.0,0.0,0.0,0.0,0.0,0,0,0,0,unknown
520098,770603,07/01/2021,06/30/2022,0.0,0.0,0.0,0.0,0.0,0.0,0.0,0,0,0,0,unknown
150181,770644,07/01/2021,06/30/2022,0.0,0.0,0.0,0.0,0.0,0.0,0.0,0,0,0,0,unknown
222046,770652,09/01/2021,08/31/2022,0.0,0.0,0.0,0.0,0.0,0.0,0.0,0,0,0,0,unknown
452095,770694,09/01/2021,08/31/2022,0.0,0.0,0.0,0.0,0.0,0.0,0.0,0,0,0,0,unknown
521311,770699,07/01/2021,06/30/2022,0.0,0.0,0.0,0.0,0.0,0.0,0.0,0,0,0,0,unknown
673061,770704,06/01/2021,05/31/2022,0.0,0.0,0.0,0.0,0.0,0.0,0.0,0,0,0,0,unknown
082000,770731,08/01/2021,07/31/2022,0.0,0.0,0.0,0.0,0.0,0.0,0.0,0,0,0,0,unknown
132002,770743,09/01/2021,08/31/2022,0.0,0.0,0.0,0.0,0.0,0.0,0.0,0,0,0,0,unknown
141335,770747,07/01/2021,06/30/2022,0.0,0.0,0.0,0.0,0.0,0.0,0.0,0,0,0,0,unknown
191311,770752,07/01/2021,06/30/2022,0.0,0.0,0.0,0.0,0.0,0.0,0.0,0,0,0,0,unknown
193093,770753,09/01/2021,08/31/2022,0.0,0.0,0.0,0.0,0.0,0.0,0.0,0,0,0,0,unknown
310044,770756,01/01/2021,12/31/2021,0.0,0.0,0.0,0.0,0.0,0.0,0.0,0,0,0,0,unknown
342015,770771,08/01/2021,07/31/2022,0.0,0.0,0.0,0.0,0.0,0.0,0.0,0,0,0,0,unknown
394001,770773,07/01/2021,06/30/2022,0.0,0.0,0.0,0.0,0.0,0.0,0.0,0,0,0,0,unknown
450032,770781,07/01/2021,06/30/2022,0.0,0.0,0.0,0.0,0.0,0.0,0.0,0,0,0,0,unknown
492009,770786,08/01/2021,07/31/2022,0.0,0.0,0.0,0.0,0.0,0.0,0.0,0,0,0,0,unknown
030147,770801,11/17/2020,12/31/2020,0.0,0.0,0.0,0.0,0.0,0.0,0.0,0,0,0,0,unknown
100006,770813,10/01/2020,09/30/2021,0.0,0.0,0.0,0.0,0.0,0.0,0.0,0,0,0,0,unknown
193028,770879,10/01/2020,09/30/2021,0.0,0.0,0.0,0.0,0.0,0.0,0.0,0,0,0,0,unknown
262019,770914,07/01/2021,06/30/2022,0.0,0.0,0.0,0.0,0.0,0.0,0.0,0,0,0,0,unknown
342012,770918,09/01/2021,08/31/2022,0.0,0.0,0.0,0.0,0.0,0.0,0.0,0,0,0,0,unknown
450893,770936,01/01/2021,12/31/2021,0.0,0.0,0.0,0.0,0.0,0.0,0.0,0,0,0,0,unknown
452016,770937,09/01/2021,08/31/2022,0.0,0.0,0.0,0.0,0.0,0.0,0.0,0,0,0,0,unknown
454094,770938,09/01/2021,08/31/2022,0.0,0.0,0.0,0.0,0.0,0.0,0.0,0,0,0,0,unknown
673046,770944,07/01/2021,06/30/2022,0.0,0.0,0.0,0.0,0.0,0.0,0.0,0,0,0,0,unknown
673054,770945,01/01/2021,12/31/2021,0.0,0.0,0.0,0.0,0.0,0.0,0.0,0,0,0,0,unknown
010062,770946,10/01/2020,09/30/2021,0.0,0.0,0.0,0.0,0.0,0.0,0.0,0,0,0,0,unknown
102022,770955,08/01/2021,07/31/2022,0.0,0.0,0.0,0.0,0.0,0.0,0.0,0,0,0,0,unknown
104018,770956,07/01/2021,06/30/2022,0.0,0.0,0.0,0.0,0.0,0.0,0.0,0,0,0,0,unknown
241346,770981,01/01/2021,12/31/2021,0.0,0.0,0.0,0.0,0.0,0.0,0.0,0,0,0,0,unknown
340050,771026,07/01/2021,06/30/2022,0.0,0.0,0.0,0.0,0.0,0.0,0.0,0,0,0,0,unknown
340051,771027,10/01/2020,09/30/2021,0.0,0.0,0.0,0.0,0.0,0.0,0.0,0,0,0,0,unknown
420027,771034,01/01/2021,12/31/2021,0.0,0.0,0.0,0.0,0.0,0.0,0.0,0,0,0,0,unknown
420073,771035,02/01/2021,09/30/2021,0.0,0.0,0.0,0.0,0.0,0.0,0.0,0,0,0,0,unknown
510001,771057,01/01/2021,12/31/2021,0.0,0.0,0.0,0.0,0.0,0.0,0.0,0,0,0,0,unknown
042006,771150,09/01/2021,08/31/2022,0.0,0.0,0.0,0.0,0.0,0.0,0.0,0,0,0,0,unknown
142013,771273,09/01/2021,08/31/2022,0.0,0.0,0.0,0.0,0.0,0.0,0.0,0,0,0,0,unknown
161331,771299,07/01/2021,06/30/2022,0.0,0.0,0.0,0.0,0.0,0.0,0.0,0,0,0,0,unknown
192004,771322,09/01/2021,08/31/2022,0.0,0.0,0.0,0.0,0.0,0.0,0.0,0,0,0,0,unknown
230167,771325,10/01/2020,09/30/2021,0.0,0.0,0.0,0.0,0.0,0.0,0.0,0,0,0,0,unknown
240066,771326,01/01/2021,12/31/2021,0.0,0.0,0.0,0.0,0.0,0.0,0.0,0,0,0,0,unknown
422009,771384,08/01/2021,07/31/2022,0.0,0.0,0.0,0.0,0.0,0.0,0.0,0,0,0,0,unknown
452028,771454,09/01/2021,08/31/2022,0.0,0.0,0.0,0.0,0.0,0.0,0.0,0,0,0,0,unknown
452046,771455,08/01/2021,07/31/2022,0.0,0.0,0.0,0.0,0.0,0.0,0.0,0,0,0,0,unknown
453304,771456,10/01/2020,09/30/2021,0.0,0.0,0.0,0.0,0.0,0.0,0.0,0,0,0,0,unknown
454065,771457,08/01/2021,07/31/2022,0.0,0.0,0.0,0.0,0.0,0.0,0.0,0,0,0,0,unknown
520059,771461,01/01/2021,12/31/2021,0.0,0.0,0.0,0.0,0.0,0.0,0.0,0,0,0,0,unknown
012011,771464,09/01/2021,08/31/2022,0.0,0.0,0.0,0.0,0.0,0.0,0.0,0,0,0,0,unknown
032004,771473,09/01/2021,08/31/2022,0.0,0.0,0.0,0.0,0.0,0.0,0.0,0,0,0,0,unknown
103300,771489,07/01/2021,06/30/2022,0.0,0.0,0.0,0.0,0.0,0.0,0.0,0,0,0,0,unknown
112018,771495,09/01/2021,08/31/2022,0.0,0.0,0.0,0.0,0.0,0.0,0.0,0,0,0,0,unknown
152025,771513,09/01/2021,08/31/2022,0.0,0.0,0.0,0.0,0.0,0.0,0.0,0,0,0,0,unknown
161323,771520,07/01/2021,06/30/2022,0.0,0.0,0.0,0.0,0.0,0.0,0.0,0,0,0,0,unknown
192011,771529,09/01/2021,08/31/2022,0.0,0.0,0.0,0.0,0.0,0.0,0.0,0,0,0,0,unknown
363306,771590,07/01/2021,06/30/2022,0.0,0.0,0.0,0.0,0.0,0.0,0.0,0,0,0,0,unknown
052050,771643,09/01/2021,08/31/2022,0.0,0.0,0.0,0.0,0.0,0.0,0.0,0,0,0,0,unknown
112006,771659,09/01/2021,08/31/2022,0.0,0.0,0.0,0.0,0.0,0.0,0.0,0,0,0,0,unknown
362022,771735,09/01/2021,08/31/2022,0.0,0.0,0.0,0.0,0.0,0.0,0.0,0,0,0,0,unknown
372007,771738,09/01/2021,08/31/2022,0.0,0.0,0.0,0.0,0.0,0.0,0.0,0,0,0,0,unknown
394014,771743,07/01/2021,06/30/2022,0.0,0.0,0.0,0.0,0.0,0.0,0.0,0,0,0,0,unknown
450779,771760,10/01/2020,09/30/2021,0.0,0.0,0.0,0.0,0.0,0.0,0.0,0,0,0,0,unknown
523028,771778,01/01/2021,12/31/2021,0.0,0.0,0.0,0.0,0.0,0.0,0.0,0,0,0,0,unknown
012008,771783,09/01/2021,08/31/2022,0.0,0.0,0.0,0.0,0.0,0.0,0.0,0,0,0,0,unknown
272001,771858,09/01/2021,08/31/2022,0.0,0.0,0.0,0.0,0.0,0.0,0.0,0,0,0,0,unknown
392043,771873,09/01/2021,08/31/2022,0.0,0.0,0.0,0.0,0.0,0.0,0.0,0,0,0,0,unknown
102013,771930,09/01/2021,08/31/2022,0.0,0.0,0.0,0.0,0.0,0.0,0.0,0,0,0,0,unknown
102025,771931,09/01/2021,08/31/2022,0.0,0.0,0.0,0.0,0.0,0.0,0.0,0,0,0,0,unknown
121300,771939,07/01/2021,06/30/2022,0.0,0.0,0.0,0.0,0.0,0.0,0.0,0,0,0,0,unknown
161312,771965,07/01/2021,06/30/2022,0.0,0.0,0.0,0.0,0.0,0.0,0.0,0,0,0,0,unknown
180004,771966,06/01/2021,05/31/2022,0.0,0.0,0.0,0.0,0.0,0.0,0.0,0,0,0,0,unknown
180046,771971,06/01/2021,05/31/2022,0.0,0.0,0.0,0.0,0.0,0.0,0.0,0,0,0,0,unknown
490032,772151,07/01/2021,06/30/2022,0.0,0.0,0.0,0.0,0.0,0.0,0.0,0,0,0,0,unknown
100071,772257,10/01/2020,09/30/2021,0.0,0.0,0.0,0.0,0.0,0.0,0.0,0,0,0,0,unknown
281323,772293,07/01/2021,06/30/2022,0.0,0.0,0.0,0.0,0.0,0.0,0.0,0,0,0,0,unknown
420065,772309,01/01/2021,12/31/2021,0.0,0.0,0.0,0.0,0.0,0.0,0.0,0,0,0,0,unknown
451305,772318,07/01/2021,06/30/2022,0.0,0.0,0.0,0.0,0.0,0.0,0.0,0,0,0,0,unknown
452090,772320,09/01/2021,08/31/2022,0.0,0.0,0.0,0.0,0.0,0.0,0.0,0,0,0,0,unknown
054089,772346,07/01/2021,06/30/2022,0.0,0.0,0.0,0.0,0.0,0.0,0.0,0,0,0,0,unknown
140012,772354,01/01/2021,12/31/2021,0.0,0.0,0.0,0.0,0.0,0.0,0.0,0,0,0,0,unknown
140125,772355,01/01/2021,12/31/2021,0.0,0.0,0.0,0.0,0.0,0.0,0.0,0,0,0,0,unknown
230165,772366,07/01/2021,06/30/2022,0.0,0.0,0.0,0.0,0.0,0.0,0.0,0,0,0,0,unknown
261310,772373,07/01/2021,06/30/2022,0.0,0.0,0.0,0.0,0.0,0.0,0.0,0,0,0,0,unknown
324014,772378,08/01/2021,07/31/2022,0.0,0.0,0.0,0.0,0.0,0.0,0.0,0,0,0,0,unknown
394012,772391,07/01/2021,06/30/2022,0.0,0.0,0.0,0.0,0.0,0.0,0.0,0,0,0,0,unknown
431318,772396,07/01/2021,06/30/2022,0.0,0.0,0.0,0.0,0.0,0.0,0.0,0,0,0,0,unknown
520008,772408,10/01/2020,09/30/2021,0.0,0.0,0.0,0.0,0.0,0.0,0.0,0,0,0,0,unknown
010090,772411,07/01/2021,06/30/2022,0.0,0.0,0.0,0.0,0.0,0.0,0.0,0,0,0,0,unknown
052049,772421,09/01/2021,08/31/2022,0.0,0.0,0.0,0.0,0.0,0.0,0.0,0,0,0,0,unknown
100232,772424,09/01/2021,08/31/2022,0.0,0.0,0.0,0.0,0.0,0.0,0.0,0,0,0,0,unknown
102001,772429,09/01/2021,08/31/2022,0.0,0.0,0.0,0.0,0.0,0.0,0.0,0,0,0,0,unknown
111329,772434,07/01/2021,06/30/2022,0.0,0.0,0.0,0.0,0.0,0.0,0.0,0,0,0,0,unknown
161310,772451,07/01/2021,06/30/2022,0.0,0.0,0.0,0.0,0.0,0.0,0.0,0,0,0,0,unknown
192022,772469,06/01/2021,05/31/2022,0.0,0.0,0.0,0.0,0.0,0.0,0.0,0,0,0,0,unknown
261329,772487,10/01/2020,09/30/2021,0.0,0.0,0.0,0.0,0.0,0.0,0.0,0,0,0,0,unknown
450072,772510,07/01/2021,06/30/2022,0.0,0.0,0.0,0.0,0.0,0.0,0.0,0,0,0,0,unknown
494022,772529,09/01/2021,08/31/2022,0.0,0.0,0.0,0.0,0.0,0.0,0.0,0,0,0,0,unknown
512005,772536,09/01/2021,08/31/2022,0.0,0.0,0.0,0.0,0.0,0.0,0.0,0,0,0,0,unknown
531313,772537,07/01/2021,06/30/2022,0.0,0.0,0.0,0.0,0.0,0.0,0.0,0,0,0,0,unknown
161326,772568,07/01/2021,06/30/2022,0.0,0.0,0.0,0.0,0.0,0.0,0.0,0,0,0,0,unknown
161357,772569,07/01/2021,06/30/2022,0.0,0.0,0.0,0.0,0.0,0.0,0.0,0,0,0,0,unknown
192023,772572,09/01/2021,08/31/2022,0.0,0.0,0.0,0.0,0.0,0.0,0.0,0,0,0,0,unknown
360082,772588,01/01/2021,12/31/2021,0.0,0.0,0.0,0.0,0.0,0.0,0.0,0,0,0,0,unknown
360247,772591,01/01/2021,12/31/2021,0.0,0.0,0.0,0.0,0.0,0.0,0.0,0,0,0,0,unknown
360263,772592,01/01/2021,12/31/2021,0.0,0.0,0.0,0.0,0.0,0.0,0.0,0,0,0,0,unknown
360351,772593,01/01/2021,12/31/2021,0.0,0.0,0.0,0.0,0.0,0.0,0.0,0,0,0,0,unknown
152013,772647,09/01/2021,08/31/2022,0.0,0.0,0.0,0.0,0.0,0.0,0.0,0,0,0,0,unknown
161340,772649,07/01/2021,06/30/2022,0.0,0.0,0.0,0.0,0.0,0.0,0.0,0,0,0,0,unknown
340024,772677,10/01/2020,09/30/2021,0.0,0.0,0.0,0.0,0.0,0.0,0.0,0,0,0,0,unknown
340047,772678,07/01/2021,12/31/2021,0.0,0.0,0.0,0.0,0.0,0.0,0.0,0,0,0,0,unknown
371319,772691,07/01/2021,06/30/2022,0.0,0.0,0.0,0.0,0.0,0.0,0.0,0,0,0,0,unknown
673030,772730,07/01/2021,06/30/2022,0.0,0.0,0.0,0.0,0.0,0.0,0.0,0,0,0,0,unknown
102015,772754,09/01/2021,08/31/2022,0.0,0.0,0.0,0.0,0.0,0.0,0.0,0,0,0,0,unknown
140068,772765,04/01/2021,03/31/2022,0.0,0.0,0.0,0.0,0.0,0.0,0.0,0,0,0,0,unknown
141304,772770,07/01/2021,06/30/2022,0.0,0.0,0.0,0.0,0.0,0.0,0.0,0,0,0,0,unknown
192015,772807,09/01/2021,08/31/2022,0.0,0.0,0.0,0.0,0.0,0.0,0.0,0,0,0,0,unknown
230031,772809,01/01/2021,12/31/2021,0.0,0.0,0.0,0.0,0.0,0.0,0.0,0,0,0,0,unknown
250012,772817,01/01/2021,12/31/2021,0.0,0.0,0.0,0.0,0.0,0.0,0.0,0,0,0,0,unknown
361302,772829,07/01/2021,06/30/2022,0.0,0.0,0.0,0.0,0.0,0.0,0.0,0,0,0,0,unknown
390104,772842,07/01/2021,06/30/2022,0.0,0.0,0.0,0.0,0.0,0.0,0.0,0,0,0,0,unknown
392025,772843,09/01/2021,08/31/2022,0.0,0.0,0.0,0.0,0.0,0.0,0.0,0,0,0,0,unknown
452086,772853,09/01/2021,08/31/2022,0.0,0.0,0.0,0.0,0.0,0.0,0.0,0,0,0,0,unknown
493027,772861,01/01/2021,12/31/2021,0.0,0.0,0.0,0.0,0.0,0.0,0.0,0,0,0,0,unknown
061308,772879,07/01/2021,06/30/2022,0.0,0.0,0.0,0.0,0.0,0.0,0.0,0,0,0,0,unknown
064001,772881,07/01/2021,06/30/2022,0.0,0.0,0.0,0.0,0.0,0.0,0.0,0,0,0,0,unknown
112004,772891,09/01/2021,08/31/2022,0.0,0.0,0.0,0.0,0.0,0.0,0.0,0,0,0,0,unknown
161300,772897,07/01/2021,06/30/2022,0.0,0.0,0.0,0.0,0.0,0.0,0.0,0,0,0,0,unknown
292004,772906,09/01/2021,08/31/2022,0.0,0.0,0.0,0.0,0.0,0.0,0.0,0,0,0,0,unknown
441316,772954,07/01/2021,06/30/2022,0.0,0.0,0.0,0.0,0.0,0.0,0.0,0,0,0,0,unknown
450176,772955,01/01/2021,12/31/2021,0.0,0.0,0.0,0.0,0.0,0.0,0.0,0,0,0,0,unknown
452042,772962,09/01/2021,08/31/2022,0.0,0.0,0.0,0.0,0.0,0.0,0.0,0,0,0,0,unknown
452059,772963,09/01/2021,08/31/2022,0.0,0.0,0.0,0.0,0.0,0.0,0.0,0,0,0,0,unknown
493033,772979,06/01/2021,05/31/2022,0.0,0.0,0.0,0.0,0.0,0.0,0.0,0,0,0,0,unknown
161361,773029,07/01/2021,06/30/2022,0.0,0.0,0.0,0.0,0.0,0.0,0.0,0,0,0,0,unknown
161378,773030,07/01/2021,06/30/2022,0.0,0.0,0.0,0.0,0.0,0.0,0.0,0,0,0,0,unknown
452061,773048,09/01/2021,08/31/2022,0.0,0.0,0.0,0.0,0.0,0.0,0.0,0,0,0,0,unknown
061306,773060,01/01/2021,12/31/2021,0.0,0.0,0.0,0.0,0.0,0.0,0.0,0,0,0,0,unknown
110234,773062,10/01/2020,09/30/2021,0.0,0.0,0.0,0.0,0.0,0.0,0.0,0,0,0,0,unknown
141300,773067,09/01/2021,08/31/2022,0.0,0.0,0.0,0.0,0.0,0.0,0.0,0,0,0,0,unknown
241301,773079,07/01/2021,06/30/2022,0.0,0.0,0.0,0.0,0.0,0.0,0.0,0,0,0,0,unknown
394054,773087,09/01/2021,08/31/2022,0.0,0.0,0.0,0.0,0.0,0.0,0.0,0,0,0,0,unknown
180024,773168,10/01/2020,09/30/2021,0.0,0.0,0.0,0.0,0.0,0.0,0.0,0,0,0,0,unknown
193099,773183,01/01/2021,12/31/2021,0.0,0.0,0.0,0.0,0.0,0.0,0.0,0,0,0,0,unknown
223034,773185,10/01/2020,09/30/2021,0.0,0.0,0.0,0.0,0.0,0.0,0.0,0,0,0,0,unknown
360036,773232,01/01/2021,12/31/2021,0.0,0.0,0.0,0.0,0.0,0.0,0.0,0,0,0,0,unknown
360070,773251,01/01/2021,12/31/2021,0.0,0.0,0.0,0.0,0.0,0.0,0.0,0,0,0,0,unknown
371322,773270,07/01/2021,06/30/2022,0.0,0.0,0.0,0.0,0.0,0.0,0.0,0,0,0,0,unknown
390044,773277,07/01/2021,06/30/2022,0.0,0.0,0.0,0.0,0.0,0.0,0.0,0,0,0,0,unknown
450702,773295,10/01/2020,09/30/2021,0.0,0.0,0.0,0.0,0.0,0.0,0.0,0,0,0,0,unknown
490017,773306,09/01/2021,08/31/2022,0.0,0.0,0.0,0.0,0.0,0.0,0.0,0,0,0,0,unknown
490059,773308,09/01/2021,08/31/2022,0.0,0.0,0.0,0.0,0.0,0.0,0.0,0,0,0,0,unknown
490136,773312,09/01/2021,08/31/2022,0.0,0.0,0.0,0.0,0.0,0.0,0.0,0,0,0,0,unknown
491308,773314,09/01/2021,08/31/2022,0.0,0.0,0.0,0.0,0.0,0.0,0.0,0,0,0,0,unknown
492011,773315,07/01/2021,06/30/2022,0.0,0.0,0.0,0.0,0.0,0.0,0.0,0,0,0,0,unknown
673048,773320,01/01/2021,12/31/2021,0.0,0.0,0.0,0.0,0.0,0.0,0.0,0,0,0,0,unknown
062013,773349,09/01/2021,08/31/2022,0.0,0.0,0.0,0.0,0.0,0.0,0.0,0,0,0,0,unknown
192032,773406,09/01/2021,08/31/2022,0.0,0.0,0.0,0.0,0.0,0.0,0.0,0,0,0,0,unknown
364052,773454,04/01/2021,03/31/2022,0.0,0.0,0.0,0.0,0.0,0.0,0.0,0,0,0,0,unknown
371327,773457,07/01/2021,06/30/2022,0.0,0.0,0.0,0.0,0.0,0.0,0.0,0,0,0,0,unknown
450395,773476,07/01/2021,06/30/2022,0.0,0.0,0.0,0.0,0.0,0.0,0.0,0,0,0,0,unknown
453301,773479,09/01/2021,08/31/2022,0.0,0.0,0.0,0.0,0.0,0.0,0.0,0,0,0,0,unknown
100124,773530,06/01/2021,05/31/2022,0.0,0.0,0.0,0.0,0.0,0.0,0.0,0,0,0,0,unknown
161311,773550,07/01/2021,06/30/2022,0.0,0.0,0.0,0.0,0.0,0.0,0.0,0,0,0,0,unknown
172004,773554,09/01/2021,08/31/2022,0.0,0.0,0.0,0.0,0.0,0.0,0.0,0,0,0,0,unknown
192008,773568,09/01/2021,08/31/2022,0.0,0.0,0.0,0.0,0.0,0.0,0.0,0,0,0,0,unknown
193074,773570,07/01/2021,06/30/2022,0.0,0.0,0.0,0.0,0.0,0.0,0.0,0,0,0,0,unknown
230105,773575,10/01/2020,09/30/2021,0.0,0.0,0.0,0.0,0.0,0.0,0.0,0,0,0,0,unknown
252008,773582,09/01/2021,08/31/2022,0.0,0.0,0.0,0.0,0.0,0.0,0.0,0,0,0,0,unknown
261318,773586,07/01/2021,06/30/2022,0.0,0.0,0.0,0.0,0.0,0.0,0.0,0,0,0,0,unknown
393302,773618,07/01/2021,06/30/2022,0.0,0.0,0.0,0.0,0.0,0.0,0.0,0,0,0,0,unknown
394016,773619,07/01/2021,06/30/2022,0.0,0.0,0.0,0.0,0.0,0.0,0.0,0,0,0,0,unknown
420010,773622,10/01/2020,09/30/2021,0.0,0.0,0.0,0.0,0.0,0.0,0.0,0,0,0,0,unknown
451316,773635,07/01/2021,06/30/2022,0.0,0.0,0.0,0.0,0.0,0.0,0.0,0,0,0,0,unknown
452029,773636,09/01/2021,08/31/2022,0.0,0.0,0.0,0.0,0.0,0.0,0.0,0,0,0,0,unknown
452073,773638,09/01/2021,08/31/2022,0.0,0.0,0.0,0.0,0.0,0.0,0.0,0,0,0,0,unknown
490060,773648,12/01/2020,11/30/2021,0.0,0.0,0.0,0.0,0.0,0.0,0.0,0,0,0,0,unknown
490069,773649,09/01/2021,08/31/2022,0.0,0.0,0.0,0.0,0.0,0.0,0.0,0,0,0,0,unknown
030093,773677,01/01/2021,12/31/2021,0.0,0.0,0.0,0.0,0.0,0.0,0.0,0,0,0,0,unknown
032006,773679,09/01/2021,08/31/2022,0.0,0.0,0.0,0.0,0.0,0.0,0.0,0,0,0,0,unknown
350019,773727,01/01/2021,12/31/2021,0.0,0.0,0.0,0.0,0.0,0.0,0.0,0,0,0,0,unknown
351303,773728,07/01/2021,06/30/2022,0.0,0.0,0.0,0.0,0.0,0.0,0.0,0,0,0,0,unknown
351333,773729,07/01/2021,06/30/2022,0.0,0.0,0.0,0.0,0.0,0.0,0.0,0,0,0,0,unknown
351334,773730,07/01/2021,06/30/2022,0.0,0.0,0.0,0.0,0.0,0.0,0.0,0,0,0,0,unknown
452034,773754,09/01/2021,08/31/2022,0.0,0.0,0.0,0.0,0.0,0.0,0.0,0,0,0,0,unknown
452068,773755,09/01/2021,08/31/2022,0.0,0.0,0.0,0.0,0.0,0.0,0.0,0,0,0,0,unknown
454000,773758,09/01/2021,08/31/2022,0.0,0.0,0.0,0.0,0.0,0.0,0.0,0,0,0,0,unknown
462004,773761,09/01/2021,08/31/2022,0.0,0.0,0.0,0.0,0.0,0.0,0.0,0,0,0,0,unknown
501992,773764,10/01/2020,09/30/2021,0.0,0.0,0.0,0.0,0.0,0.0,0.0,0,0,0,0,unknown
052037,773800,09/01/2021,08/31/2022,0.0,0.0,0.0,0.0,0.0,0.0,0.0,0,0,0,0,unknown
241370,773846,07/01/2021,06/30/2022,0.0,0.0,0.0,0.0,0.0,0.0,0.0,0,0,0,0,unknown
431317,773882,07/01/2021,06/30/2022,0.0,0.0,0.0,0.0,0.0,0.0,0.0,0,0,0,0,unknown
451322,773894,07/01/2021,06/30/2022,0.0,0.0,0.0,0.0,0.0,0.0,0.0,0,0,0,0,unknown
052045,773930,09/01/2021,08/31/2022,0.0,0.0,0.0,0.0,0.0,0.0,0.0,0,0,0,0,unknown
161328,773985,07/01/2021,06/30/2022,0.0,0.0,0.0,0.0,0.0,0.0,0.0,0,0,0,0,unknown
170142,773987,04/01/2021,03/31/2022,0.0,0.0,0.0,0.0,0.0,0.0,0.0,0,0,0,0,unknown
230133,774003,07/01/2021,06/30/2022,0.0,0.0,0.0,0.0,0.0,0.0,0.0,0,0,0,0,unknown
230180,774004,07/01/2021,06/30/2022,0.0,0.0,0.0,0.0,0.0,0.0,0.0,0,0,0,0,unknown
360348,774043,07/01/2021,06/30/2022,0.0,0.0,0.0,0.0,0.0,0.0,0.0,0,0,0,0,unknown
451339,774060,01/01/2021,12/31/2021,0.0,0.0,0.0,0.0,0.0,0.0,0.0,0,0,0,0,unknown
454006,774061,09/01/2021,08/31/2022,0.0,0.0,0.0,0.0,0.0,0.0,0.0,0,0,0,0,unknown
150097,774119,01/01/2021,12/31/2021,0.0,0.0,0.0,0.0,0.0,0.0,0.0,0,0,0,0,unknown
170191,774123,07/01/2021,06/30/2022,0.0,0.0,0.0,0.0,0.0,0.0,0.0,0,0,0,0,unknown
230036,774133,07/01/2021,06/30/2022,0.0,0.0,0.0,0.0,0.0,0.0,0.0,0,0,0,0,unknown
260216,774147,01/01/2021,12/31/2021,0.0,0.0,0.0,0.0,0.0,0.0,0.0,0,0,0,0,unknown
351311,774166,07/01/2021,06/30/2022,0.0,0.0,0.0,0.0,0.0,0.0,0.0,0,0,0,0,unknown
362029,774179,09/01/2021,08/31/2022,0.0,0.0,0.0,0.0,0.0,0.0,0.0,0,0,0,0,unknown
392027,774187,09/01/2021,08/31/2022,0.0,0.0,0.0,0.0,0.0,0.0,0.0,0,0,0,0,unknown
490092,774205,01/01/2021,12/31/2021,0.0,0.0,0.0,0.0,0.0,0.0,0.0,0,0,0,0,unknown
050336,774233,01/01/2021,12/31/2021,0.0,0.0,0.0,0.0,0.0,0.0,0.0,0,0,0,0,unknown
051311,774240,07/01/2021,06/30/2022,0.0,0.0,0.0,0.0,0.0,0.0,0.0,0,0,0,0,unknown
110252,774256,07/01/2021,09/30/2021,0.0,0.0,0.0,0.0,0.0,0.0,0.0,0,0,0,0,unknown
150030,774263,01/01/2021,12/31/2021,0.0,0.0,0.0,0.0,0.0,0.0,0.0,0,0,0,0,unknown
161342,774267,07/01/2021,06/30/2022,0.0,0.0,0.0,0.0,0.0,0.0,0.0,0,0,0,0,unknown
161368,774268,07/01/2021,06/30/2022,0.0,0.0,0.0,0.0,0.0,0.0,0.0,0,0,0,0,unknown
171340,774269,07/01/2021,06/30/2022,0.0,0.0,0.0,0.0,0.0,0.0,0.0,0,0,0,0,unknown
190088,774270,01/01/2021,12/31/2021,0.0,0.0,0.0,0.0,0.0,0.0,0.0,0,0,0,0,unknown
192034,774271,09/01/2021,08/31/2022,0.0,0.0,0.0,0.0,0.0,0.0,0.0,0,0,0,0,unknown
252003,774284,09/01/2021,08/31/2022,0.0,0.0,0.0,0.0,0.0,0.0,0.0,0,0,0,0,unknown
262018,774285,09/01/2021,08/31/2022,0.0,0.0,0.0,0.0,0.0,0.0,0.0,0,0,0,0,unknown
281309,774292,07/01/2021,06/30/2022,0.0,0.0,0.0,0.0,0.0,0.0,0.0,0,0,0,0,unknown
312023,774300,09/01/2021,08/31/2022,0.0,0.0,0.0,0.0,0.0,0.0,0.0,0,0,0,0,unknown
351304,774311,07/01/2021,06/30/2022,0.0,0.0,0.0,0.0,0.0,0.0,0.0,0,0,0,0,unknown
351306,774312,07/01/2021,06/30/2022,0.0,0.0,0.0,0.0,0.0,0.0,0.0,0,0,0,0,unknown
371306,774315,07/01/2021,06/30/2022,0.0,0.0,0.0,0.0,0.0,0.0,0.0,0,0,0,0,unknown
451360,774332,07/01/2021,06/30/2022,0.0,0.0,0.0,0.0,0.0,0.0,0.0,0,0,0,0,unknown
452057,774334,09/01/2021,08/31/2022,0.0,0.0,0.0,0.0,0.0,0.0,0.0,0,0,0,0,unknown
051309,774371,07/01/2021,06/30/2022,0.0,0.0,0.0,0.0,0.0,0.0,0.0,0,0,0,0,unknown
121306,774387,07/01/2021,06/30/2022,0.0,0.0,0.0,0.0,0.0,0.0,0.0,0,0,0,0,unknown
312017,774422,09/01/2021,08/31/2022,0.0,0.0,0.0,0.0,0.0,0.0,0.0,0,0,0,0,unknown
351315,774427,07/01/2021,06/30/2022,0.0,0.0,0.0,0.0,0.0,0.0,0.0,0,0,0,0,unknown
351318,774428,07/01/2021,06/30/2022,0.0,0.0,0.0,0.0,0.0,0.0,0.0,0,0,0,0,unknown
351324,774429,07/01/2021,06/30/2022,0.0,0.0,0.0,0.0,0.0,0.0,0.0,0,0,0,0,unknown
394026,774435,07/01/2021,06/30/2022,0.0,0.0,0.0,0.0,0.0,0.0,0.0,0,0,0,0,unknown
442007,774443,09/01/2021,08/31/2022,0.0,0.0,0.0,0.0,0.0,0.0,0.0,0,0,0,0,unknown
504002,774465,09/01/2021,08/31/2022,0.0,0.0,0.0,0.0,0.0,0.0,0.0,0,0,0,0,unknown
031313,774483,10/01/2020,09/30/2021,0.0,0.0,0.0,0.0,0.0,0.0,0.0,0,0,0,0,unknown
110079,774511,01/01/2021,12/31/2021,0.0,0.0,0.0,0.0,0.0,0.0,0.0,0,0,0,0,unknown
161313,774526,07/01/2021,06/30/2022,0.0,0.0,0.0,0.0,0.0,0.0,0.0,0,0,0,0,unknown
191325,774539,07/01/2021,06/30/2022,0.0,0.0,0.0,0.0,0.0,0.0,0.0,0,0,0,0,unknown
373034,774600,10/01/2020,09/30/2021,0.0,0.0,0.0,0.0,0.0,0.0,0.0,0,0,0,0,unknown
450099,774617,01/01/2021,12/31/2021,0.0,0.0,0.0,0.0,0.0,0.0,0.0,0,0,0,0,unknown
454088,774624,09/01/2021,08/31/2022,0.0,0.0,0.0,0.0,0.0,0.0,0.0,0,0,0,0,unknown
021311,774649,07/01/2021,06/30/2022,0.0,0.0,0.0,0.0,0.0,0.0,0.0,0,0,0,0,unknown
054123,774666,07/01/2021,06/30/2022,0.0,0.0,0.0,0.0,0.0,0.0,0.0,0,0,0,0,unknown
070029,774668,10/01/2020,09/30/2021,0.0,0.0,0.0,0.0,0.0,0.0,0.0,0,0,0,0,unknown
210027,774721,07/01/2021,06/30/2022,0.0,0.0,0.0,0.0,0.0,0.0,0.0,0,0,0,0,unknown
240064,774730,01/01/2021,12/31/2021,0.0,0.0,0.0,0.0,0.0,0.0,0.0,0,0,0,0,unknown
292007,774745,09/01/2021,08/31/2022,0.0,0.0,0.0,0.0,0.0,0.0,0.0,0,0,0,0,unknown
330265,774760,01/01/2021,12/31/2021,0.0,0.0,0.0,0.0,0.0,0.0,0.0,0,0,0,0,unknown
050100,774818,10/01/2020,09/30/2021,0.0,0.0,0.0,0.0,0.0,0.0,0.0,0,0,0,0,unknown
052038,774826,09/01/2021,08/31/2022,0.0,0.0,0.0,0.0,0.0,0.0,0.0,0,0,0,0,unknown
140120,774847,01/01/2021,12/31/2021,0.0,0.0,0.0,0.0,0.0,0.0,0.0,0,0,0,0,unknown
140181,774861,01/01/2021,12/31/2021,0.0,0.0,0.0,0.0,0.0,0.0,0.0,0,0,0,0,unknown
161307,774878,07/01/2021,06/30/2022,0.0,0.0,0.0,0.0,0.0,0.0,0.0,0,0,0,0,unknown
381316,774956,07/01/2021,06/30/2022,0.0,0.0,0.0,0.0,0.0,0.0,0.0,0,0,0,0,unknown
392045,774962,09/01/2021,08/31/2022,0.0,0.0,0.0,0.0,0.0,0.0,0.0,0,0,0,0,unknown
501329,774994,07/01/2021,06/30/2022,0.0,0.0,0.0,0.0,0.0,0.0,0.0,0,0,0,0,unknown
501340,774996,07/01/2021,06/30/2022,0.0,0.0,0.0,0.0,0.0,0.0,0.0,0,0,0,0,unknown
010130,775012,07/01/2021,06/30/2022,0.0,0.0,0.0,0.0,0.0,0.0,0.0,0,0,0,0,unknown
100249,775036,10/01/2020,09/30/2021,0.0,0.0,0.0,0.0,0.0,0.0,0.0,0,0,0,0,unknown
140162,775049,10/01/2020,09/30/2021,0.0,0.0,0.0,0.0,0.0,0.0,0.0,0,0,0,0,unknown
161373,775053,07/01/2021,06/30/2022,0.0,0.0,0.0,0.0,0.0,0.0,0.0,0,0,0,0,unknown
161377,775054,07/01/2021,06/30/2022,0.0,0.0,0.0,0.0,0.0,0.0,0.0,0,0,0,0,unknown
181329,775058,07/01/2021,06/30/2022,0.0,0.0,0.0,0.0,0.0,0.0,0.0,0,0,0,0,unknown
192010,775062,09/01/2021,08/31/2022,0.0,0.0,0.0,0.0,0.0,0.0,0.0,0,0,0,0,unknown
193079,775063,01/01/2021,12/31/2021,0.0,0.0,0.0,0.0,0.0,0.0,0.0,0,0,0,0,unknown
223029,775069,10/01/2020,09/30/2021,0.0,0.0,0.0,0.0,0.0,0.0,0.0,0,0,0,0,unknown
240104,775075,01/01/2021,12/31/2021,0.0,0.0,0.0,0.0,0.0,0.0,0.0,0,0,0,0,unknown
394004,775127,07/01/2021,06/30/2022,0.0,0.0,0.0,0.0,0.0,0.0,0.0,0,0,0,0,unknown
021304,775161,07/01/2021,06/30/2022,0.0,0.0,0.0,0.0,0.0,0.0,0.0,0,0,0,0,unknown
161327,775214,07/01/2021,06/30/2022,0.0,0.0,0.0,0.0,0.0,0.0,0.0,0,0,0,0,unknown
220108,775222,10/01/2020,09/30/2021,0.0,0.0,0.0,0.0,0.0,0.0,0.0,0,0,0,0,unknown
240044,775229,10/01/2020,09/30/2021,0.0,0.0,0.0,0.0,0.0,0.0,0.0,0,0,0,0,unknown
241377,775231,07/01/2021,06/30/2022,0.0,0.0,0.0,0.0,0.0,0.0,0.0,0,0,0,0,unknown
271326,775235,07/01/2021,06/30/2022,0.0,0.0,0.0,0.0,0.0,0.0,0.0,0,0,0,0,unknown
330033,775239,01/01/2021,12/31/2021,0.0,0.0,0.0,0.0,0.0,0.0,0.0,0,0,0,0,unknown
351323,775249,07/01/2021,06/30/2022,0.0,0.0,0.0,0.0,0.0,0.0,0.0,0,0,0,0,unknown
393307,775258,07/01/2021,06/30/2022,0.0,0.0,0.0,0.0,0.0,0.0,0.0,0,0,0,0,unknown
450424,775268,01/01/2021,12/31/2021,0.0,0.0,0.0,0.0,0.0,0.0,0.0,0,0,0,0,unknown
450537,775270,07/01/2021,06/30/2022,0.0,0.0,0.0,0.0,0.0,0.0,0.0,0,0,0,0,unknown
452044,775274,09/01/2021,08/31/2022,0.0,0.0,0.0,0.0,0.0,0.0,0.0,0,0,0,0,unknown
452083,775275,09/01/2021,08/31/2022,0.0,0.0,0.0,0.0,0.0,0.0,0.0,0,0,0,0,unknown
454011,775276,09/01/2021,08/31/2022,0.0,0.0,0.0,0.0,0.0,0.0,0.0,0,0,0,0,unknown
511304,775286,10/01/2020,09/30/2021,0.0,0.0,0.0,0.0,0.0,0.0,0.0,0,0,0,0,unknown
110008,775332,10/01/2020,09/30/2021,0.0,0.0,0.0,0.0,0.0,0.0,0.0,0,0,0,0,unknown
141340,775356,09/01/2021,08/31/2022,0.0,0.0,0.0,0.0,0.0,0.0,0.0,0,0,0,0,unknown
200031,775382,01/01/2021,12/31/2021,0.0,0.0,0.0,0.0,0.0,0.0,0.0,0,0,0,0,unknown
240006,775398,01/01/2021,12/31/2021,0.0,0.0,0.0,0.0,0.0,0.0,0.0,0,0,0,0,unknown
061310,775538,01/01/2021,12/31/2021,0.0,0.0,0.0,0.0,0.0,0.0,0.0,0,0,0,0,unknown
291304,775576,07/01/2021,06/30/2022,0.0,0.0,0.0,0.0,0.0,0.0,0.0,0,0,0,0,unknown
420070,775598,10/01/2020,09/30/2021,0.0,0.0,0.0,0.0,0.0,0.0,0.0,0,0,0,0,unknown
450587,775620,10/27/2020,08/31/2021,0.0,0.0,0.0,0.0,0.0,0.0,0.0,0,0,0,0,unknown
140167,775698,10/01/2020,09/30/2021,0.0,0.0,0.0,0.0,0.0,0.0,0.0,0,0,0,0,unknown
033034,775791,01/01/2021,12/31/2021,0.0,0.0,0.0,0.0,0.0,0.0,0.0,0,0,0,0,unknown
053031,775809,01/01/2021,12/31/2021,0.0,0.0,0.0,0.0,0.0,0.0,0.0,0,0,0,0,unknown
070016,775813,10/01/2020,09/30/2021,0.0,0.0,0.0,0.0,0.0,0.0,0.0,0,0,0,0,unknown
103032,775821,01/01/2021,12/31/2021,0.0,0.0,0.0,0.0,0.0,0.0,0.0,0,0,0,0,unknown
113028,775835,07/01/2021,06/30/2022,0.0,0.0,0.0,0.0,0.0,0.0,0.0,0,0,0,0,unknown
161309,775859,07/01/2021,06/30/2022,0.0,0.0,0.0,0.0,0.0,0.0,0.0,0,0,0,0,unknown
161380,775860,07/01/2021,06/30/2022,0.0,0.0,0.0,0.0,0.0,0.0,0.0,0,0,0,0,unknown
454093,775955,09/01/2021,08/31/2022,0.0,0.0,0.0,0.0,0.0,0.0,0.0,0,0,0,0,unknown
461301,775963,01/01/2021,12/31/2021,0.0,0.0,0.0,0.0,0.0,0.0,0.0,0,0,0,0,unknown
010005,775975,10/01/2020,09/30/2021,0.0,0.0,0.0,0.0,0.0,0.0,0.0,0,0,0,0,unknown
051304,775989,07/01/2021,06/30/2022,0.0,0.0,0.0,0.0,0.0,0.0,0.0,0,0,0,0,unknown
140130,776004,09/01/2021,08/31/2022,0.0,0.0,0.0,0.0,0.0,0.0,0.0,0,0,0,0,unknown
140150,776005,07/01/2021,06/30/2022,0.0,0.0,0.0,0.0,0.0,0.0,0.0,0,0,0,0,unknown
161337,776011,07/01/2021,06/30/2022,0.0,0.0,0.0,0.0,0.0,0.0,0.0,0,0,0,0,unknown
260162,776028,01/01/2021,12/31/2021,0.0,0.0,0.0,0.0,0.0,0.0,0.0,0,0,0,0,unknown
464001,776115,07/01/2021,06/30/2022,0.0,0.0,0.0,0.0,0.0,0.0,0.0,0,0,0,0,unknown
510024,776120,07/01/2021,06/30/2022,0.0,0.0,0.0,0.0,0.0,0.0,0.0,0,0,0,0,unknown
010006,776127,07/01/2021,06/30/2022,0.0,0.0,0.0,0.0,0.0,0.0,0.0,0,0,0,0,unknown
010173,776134,07/01/2021,06/30/2022,0.0,0.0,0.0,0.0,0.0,0.0,0.0,0,0,0,0,unknown
050017,776143,07/01/2021,06/30/2022,0.0,0.0,0.0,0.0,0.0,0.0,0.0,0,0,0,0,unknown
050308,776160,07/01/2021,06/30/2022,0.0,0.0,0.0,0.0,0.0,0.0,0.0,0,0,0,0,unknown
160029,776227,07/01/2021,06/30/2022,0.0,0.0,0.0,0.0,0.0,0.0,0.0,0,0,0,0,unknown
250082,776249,10/01/2020,09/30/2021,0.0,0.0,0.0,0.0,0.0,0.0,0.0,0,0,0,0,unknown
330245,776274,01/01/2021,12/31/2021,0.0,0.0,0.0,0.0,0.0,0.0,0.0,0,0,0,0,unknown
360084,776294,01/01/2021,12/31/2021,0.0,0.0,0.0,0.0,0.0,0.0,0.0,0,0,0,0,unknown
360174,776295,01/01/2021,12/31/2021,0.0,0.0,0.0,0.0,0.0,0.0,0.0,0,0,0,0,unknown
511308,776344,01/01/2021,12/31/2021,0.0,0.0,0.0,0.0,0.0,0.0,0.0,0,0,0,0,unknown
130014,776407,10/01/2020,09/30/2021,0.0,0.0,0.0,0.0,0.0,0.0,0.0,0,0,0,0,unknown
173032,776449,01/01/2021,12/31/2021,0.0,0.0,0.0,0.0,0.0,0.0,0.0,0,0,0,0,unknown
230038,776465,01/01/2021,12/31/2021,0.0,0.0,0.0,0.0,0.0,0.0,0.0,0,0,0,0,unknown
230303,776467,07/01/2021,06/30/2022,0.0,0.0,0.0,0.0,0.0,0.0,0.0,0,0,0,0,unknown
261308,776475,09/01/2021,08/31/2022,0.0,0.0,0.0,0.0,0.0,0.0,0.0,0,0,0,0,unknown
520078,776553,07/01/2021,06/30/2022,0.0,0.0,0.0,0.0,0.0,0.0,0.0,0,0,0,0,unknown
191319,776606,07/01/2021,06/30/2022,0.0,0.0,0.0,0.0,0.0,0.0,0.0,0,0,0,0,unknown
360242,776624,07/01/2021,06/30/2022,0.0,0.0,0.0,0.0,0.0,0.0,0.0,0,0,0,0,unknown
013025,776669,01/01/2021,12/31/2021,0.0,0.0,0.0,0.0,0.0,0.0,0.0,0,0,0,0,unknown
140223,776712,01/01/2021,12/31/2021,0.0,0.0,0.0,0.0,0.0,0.0,0.0,0,0,0,0,unknown
253027,776750,06/01/2021,05/31/2022,0.0,0.0,0.0,0.0,0.0,0.0,0.0,0,0,0,0,unknown
160101,776894,07/01/2021,06/30/2022,0.0,0.0,0.0,0.0,0.0,0.0,0.0,0,0,0,0,unknown
180124,776899,10/01/2020,09/30/2021,0.0,0.0,0.0,0.0,0.0,0.0,0.0,0,0,0,0,unknown
220016,776917,10/01/2020,09/30/2021,0.0,0.0,0.0,0.0,0.0,0.0,0.0,0,0,0,0,unknown
251338,776938,10/01/2020,09/30/2021,0.0,0.0,0.0,0.0,0.0,0.0,0.0,0,0,0,0,unknown
501318,777012,01/01/2021,12/31/2021,0.0,0.0,0.0,0.0,0.0,0.0,0.0,0,0,0,0,unknown
520051,777019,07/01/2021,06/30/2022,0.0,0.0,0.0,0.0,0.0,0.0,0.0,0,0,0,0,unknown
520096,777020,07/01/2021,06/30/2022,0.0,0.0,0.0,0.0,0.0,0.0,0.0,0,0,0,0,unknown
113031,777049,09/01/2021,08/31/2022,0.0,0.0,0.0,0.0,0.0,0.0,0.0,0,0,0,0,unknown
200037,777084,10/01/2020,09/30/2021,0.0,0.0,0.0,0.0,0.0,0.0,0.0,0,0,0,0,unknown
240018,777097,01/01/2021,12/31/2021,0.0,0.0,0.0,0.0,0.0,0.0,0.0,0,0,0,0,unknown
240166,777098,01/01/2021,12/31/2021,0.0,0.0,0.0,0.0,0.0,0.0,0.0,0,0,0,0,unknown
280111,777112,05/01/2021,04/30/2022,0.0,0.0,0.0,0.0,0.0,0.0,0.0,0,0,0,0,unknown
420020,777125,10/01/2020,09/30/2021,0.0,0.0,0.0,0.0,0.0,0.0,0.0,0,0,0,0,unknown
450718,777135,03/01/2021,02/28/2022,0.0,0.0,0.0,0.0,0.0,0.0,0.0,0,0,0,0,unknown
510055,777153,10/01/2020,09/30/2021,0.0,0.0,0.0,0.0,0.0,0.0,0.0,0,0,0,0,unknown
052031,777173,09/01/2021,08/31/2022,0.0,0.0,0.0,0.0,0.0,0.0,0.0,0,0,0,0,unknown
140043,777188,05/01/2021,04/30/2022,0.0,0.0,0.0,0.0,0.0,0.0,0.0,0,0,0,0,unknown
220019,777210,10/01/2020,09/30/2021,0.0,0.0,0.0,0.0,0.0,0.0,0.0,0,0,0,0,unknown
231320,777215,07/01/2021,06/30/2022,0.0,0.0,0.0,0.0,0.0,0.0,0.0,0,0,0,0,unknown
260175,777234,04/01/2021,03/31/2022,0.0,0.0,0.0,0.0,0.0,0.0,0.0,0,0,0,0,unknown
190202,777329,10/01/2020,09/30/2021,0.0,0.0,0.0,0.0,0.0,0.0,0.0,0,0,0,0,unknown
191320,777330,01/01/2021,12/31/2021,0.0,0.0,0.0,0.0,0.0,0.0,0.0,0,0,0,0,unknown
230297,777335,10/01/2020,09/30/2021,0.0,0.0,0.0,0.0,0.0,0.0,0.0,0,0,0,0,unknown
281359,777356,01/01/2021,12/31/2021,0.0,0.0,0.0,0.0,0.0,0.0,0.0,0,0,0,0,unknown
340091,777360,10/01/2020,09/30/2021,0.0,0.0,0.0,0.0,0.0,0.0,0.0,0,0,0,0,unknown
390076,777371,07/01/2021,01/31/2022,0.0,0.0,0.0,0.0,0.0,0.0,0.0,0,0,0,0,unknown
070008,777403,10/01/2020,09/30/2021,0.0,0.0,0.0,0.0,0.0,0.0,0.0,0,0,0,0,unknown
223032,777406,10/01/2020,09/30/2021,0.0,0.0,0.0,0.0,0.0,0.0,0.0,0,0,0,0,unknown
010083,777478,10/01/2020,09/30/2021,0.0,0.0,0.0,0.0,0.0,0.0,0.0,0,0,0,0,unknown
070039,777498,10/01/2020,09/30/2021,0.0,0.0,0.0,0.0,0.0,0.0,0.0,0,0,0,0,unknown
103037,777501,01/01/2021,12/31/2021,0.0,0.0,0.0,0.0,0.0,0.0,0.0,0,0,0,0,unknown
103038,777502,01/01/2021,12/31/2021,0.0,0.0,0.0,0.0,0.0,0.0,0.0,0,0,0,0,unknown
180093,777519,09/01/2021,08/31/2022,0.0,0.0,0.0,0.0,0.0,0.0,0.0,0,0,0,0,unknown
180115,777520,11/01/2020,10/31/2021,0.0,0.0,0.0,0.0,0.0,0.0,0.0,0,0,0,0,unknown
230241,777541,07/01/2021,06/30/2022,0.0,0.0,0.0,0.0,0.0,0.0,0.0,0,0,0,0,unknown
360001,777554,01/01/2021,12/31/2021,0.0,0.0,0.0,0.0,0.0,0.0,0.0,0,0,0,0,unknown
360016,777556,01/01/2021,12/31/2021,0.0,0.0,0.0,0.0,0.0,0.0,0.0,0,0,0,0,unknown
360044,777557,01/01/2021,12/31/2021,0.0,0.0,0.0,0.0,0.0,0.0,0.0,0,0,0,0,unknown
360364,777559,01/01/2021,12/31/2021,0.0,0.0,0.0,0.0,0.0,0.0,0.0,0,0,0,0,unknown
373033,777560,01/01/2021,12/31/2021,0.0,0.0,0.0,0.0,0.0,0.0,0.0,0,0,0,0,unknown
041330,777603,01/01/2021,12/31/2021,0.0,0.0,0.0,0.0,0.0,0.0,0.0,0,0,0,0,unknown
230207,777653,10/01/2020,09/30/2021,0.0,0.0,0.0,0.0,0.0,0.0,0.0,0,0,0,0,unknown
360064,777667,01/01/2021,12/31/2021,0.0,0.0,0.0,0.0,0.0,0.0,0.0,0,0,0,0,unknown
450040,777680,07/01/2021,06/30/2022,0.0,0.0,0.0,0.0,0.0,0.0,0.0,0,0,0,0,unknown
100191,777713,07/01/2021,06/30/2022,0.0,0.0,0.0,0.0,0.0,0.0,0.0,0,0,0,0,unknown
110030,777718,10/01/2020,09/30/2021,0.0,0.0,0.0,0.0,0.0,0.0,0.0,0,0,0,0,unknown
110071,777719,09/01/2021,08/31/2022,0.0,0.0,0.0,0.0,0.0,0.0,0.0,0,0,0,0,unknown
150158,777736,01/01/2021,12/31/2021,0.0,0.0,0.0,0.0,0.0,0.0,0.0,0,0,0,0,unknown
230193,777745,10/01/2020,09/30/2021,0.0,0.0,0.0,0.0,0.0,0.0,0.0,0,0,0,0,unknown
440009,777771,07/01/2021,06/30/2022,0.0,0.0,0.0,0.0,0.0,0.0,0.0,0,0,0,0,unknown
521321,777797,01/01/2021,12/31/2021,0.0,0.0,0.0,0.0,0.0,0.0,0.0,0,0,0,0,unknown
013031,777802,07/01/2021,06/30/2022,0.0,0.0,0.0,0.0,0.0,0.0,0.0,0,0,0,0,unknown
013033,777803,06/01/2021,05/31/2022,0.0,0.0,0.0,0.0,0.0,0.0,0.0,0,0,0,0,unknown
043034,777815,11/01/2020,10/31/2021,0.0,0.0,0.0,0.0,0.0,0.0,0.0,0,0,0,0,unknown
103034,777829,01/01/2021,12/31/2021,0.0,0.0,0.0,0.0,0.0,0.0,0.0,0,0,0,0,unknown
161351,777838,07/01/2021,06/30/2022,0.0,0.0,0.0,0.0,0.0,0.0,0.0,0,0,0,0,unknown
230222,777852,07/01/2021,06/30/2022,0.0,0.0,0.0,0.0,0.0,0.0,0.0,0,0,0,0,unknown
250048,777855,01/01/2021,12/31/2021,0.0,0.0,0.0,0.0,0.0,0.0,0.0,0,0,0,0,unknown
260017,777858,01/01/2021,12/31/2021,0.0,0.0,0.0,0.0,0.0,0.0,0.0,0,0,0,0,unknown
370014,777895,10/01/2020,09/30/2021,0.0,0.0,0.0,0.0,0.0,0.0,0.0,0,0,0,0,unknown
453054,777911,01/01/2021,12/31/2021,0.0,0.0,0.0,0.0,0.0,0.0,0.0,0,0,0,0,unknown
500037,777917,01/01/2021,12/31/2021,0.0,0.0,0.0,0.0,0.0,0.0,0.0,0,0,0,0,unknown
391316,777978,07/01/2021,06/30/2022,0.0,0.0,0.0,0.0,0.0,0.0,0.0,0,0,0,0,unknown
453072,778004,08/01/2021,07/31/2022,0.0,0.0,0.0,0.0,0.0,0.0,0.0,0,0,0,0,unknown
013028,778025,01/01/2021,12/31/2021,0.0,0.0,0.0,0.0,0.0,0.0,0.0,0,0,0,0,unknown
051308,778034,07/01/2021,06/30/2022,0.0,0.0,0.0,0.0,0.0,0.0,0.0,0,0,0,0,unknown
140191,778048,07/01/2021,06/30/2022,0.0,0.0,0.0,0.0,0.0,0.0,0.0,0,0,0,0,unknown
153025,778057,01/01/2021,12/31/2021,0.0,0.0,0.0,0.0,0.0,0.0,0.0,0,0,0,0,unknown
110075,778159,10/01/2020,09/30/2021,0.0,0.0,0.0,0.0,0.0,0.0,0.0,0,0,0,0,unknown
140088,778160,07/01/2021,06/30/2022,0.0,0.0,0.0,0.0,0.0,0.0,0.0,0,0,0,0,unknown
111331,778253,10/01/2020,09/30/2021,0.0,0.0,0.0,0.0,0.0,0.0,0.0,0,0,0,0,unknown
330393,778311,01/01/2021,12/31/2021,0.0,0.0,0.0,0.0,0.0,0.0,0.0,0,0,0,0,unknown
150045,778357,10/01/2020,12/31/2020,0.0,0.0,0.0,0.0,0.0,0.0,0.0,0,0,0,0,unknown
334054,778388,04/01/2021,03/31/2022,0.0,0.0,0.0,0.0,0.0,0.0,0.0,0,0,0,0,unknown
370094,778395,04/01/2021,12/31/2021,0.0,0.0,0.0,0.0,0.0,0.0,0.0,0,0,0,0,unknown
280023,778467,07/01/2021,06/30/2022,0.0,0.0,0.0,0.0,0.0,0.0,0.0,0,0,0,0,unknown
350063,778469,10/01/2020,09/30/2021,0.0,0.0,0.0,0.0,0.0,0.0,0.0,0,0,0,0,unknown
100018,778519,10/01/2020,09/30/2021,0.0,0.0,0.0,0.0,0.0,0.0,0.0,0,0,0,0,unknown
240022,778539,01/01/2021,12/31/2021,0.0,0.0,0.0,0.0,0.0,0.0,0.0,0,0,0,0,unknown
330406,778545,07/01/2021,06/30/2022,0.0,0.0,0.0,0.0,0.0,0.0,0.0,0,0,0,0,unknown
351308,778546,07/01/2021,06/30/2022,0.0,0.0,0.0,0.0,0.0,0.0,0.0,0,0,0,0,unknown
360147,778555,10/01/2020,09/30/2021,0.0,0.0,0.0,0.0,0.0,0.0,0.0,0,0,0,0,unknown
360358,778556,07/01/2021,06/30/2022,0.0,0.0,0.0,0.0,0.0,0.0,0.0,0,0,0,0,unknown
360360,778557,01/01/2021,12/31/2021,0.0,0.0,0.0,0.0,0.0,0.0,0.0,0,0,0,0,unknown
450143,778569,07/01/2021,06/30/2022,0.0,0.0,0.0,0.0,0.0,0.0,0.0,0,0,0,0,unknown
103040,778609,01/01/2021,12/31/2021,0.0,0.0,0.0,0.0,0.0,0.0,0.0,0,0,0,0,unknown
110043,778613,07/01/2021,06/30/2022,0.0,0.0,0.0,0.0,0.0,0.0,0.0,0,0,0,0,unknown
110045,778614,10/01/2020,09/30/2021,0.0,0.0,0.0,0.0,0.0,0.0,0.0,0,0,0,0,unknown
113032,778618,10/01/2020,09/30/2021,0.0,0.0,0.0,0.0,0.0,0.0,0.0,0,0,0,0,unknown
183027,778629,01/01/2021,12/31/2021,0.0,0.0,0.0,0.0,0.0,0.0,0.0,0,0,0,0,unknown
271344,778642,07/01/2021,06/30/2022,0.0,0.0,0.0,0.0,0.0,0.0,0.0,0,0,0,0,unknown
310076,778647,01/01/2021,12/31/2021,0.0,0.0,0.0,0.0,0.0,0.0,0.0,0,0,0,0,unknown
390174,778656,07/01/2021,06/30/2022,0.0,0.0,0.0,0.0,0.0,0.0,0.0,0,0,0,0,unknown
060117,778688,01/01/2021,12/31/2021,0.0,0.0,0.0,0.0,0.0,0.0,0.0,0,0,0,0,unknown
070003,778689,10/01/2020,09/30/2021,0.0,0.0,0.0,0.0,0.0,0.0,0.0,0,0,0,0,unknown
100049,778691,11/01/2020,10/31/2021,0.0,0.0,0.0,0.0,0.0,0.0,0.0,0,0,0,0,unknown
240214,778711,01/01/2021,12/31/2021,0.0,0.0,0.0,0.0,0.0,0.0,0.0,0,0,0,0,unknown
334043,778729,04/01/2021,03/31/2022,0.0,0.0,0.0,0.0,0.0,0.0,0.0,0,0,0,0,unknown
450809,778750,07/01/2021,06/30/2022,0.0,0.0,0.0,0.0,0.0,0.0,0.0,0,0,0,0,unknown
103031,778784,01/01/2021,12/31/2021,0.0,0.0,0.0,0.0,0.0,0.0,0.0,0,0,0,0,unknown
103042,778785,01/01/2021,12/31/2021,0.0,0.0,0.0,0.0,0.0,0.0,0.0,0,0,0,0,unknown
170006,778801,04/01/2021,03/31/2022,0.0,0.0,0.0,0.0,0.0,0.0,0.0,0,0,0,0,unknown
303027,778823,01/01/2021,12/31/2021,0.0,0.0,0.0,0.0,0.0,0.0,0.0,0,0,0,0,unknown
100077,778905,01/01/2021,12/31/2021,0.0,0.0,0.0,0.0,0.0,0.0,0.0,0,0,0,0,unknown
453310,778952,07/01/2021,06/30/2022,0.0,0.0,0.0,0.0,0.0,0.0,0.0,0,0,0,0,unknown
010019,778973,10/01/2020,09/30/2021,0.0,0.0,0.0,0.0,0.0,0.0,0.0,0,0,0,0,unknown
040016,778981,07/01/2021,06/30/2022,0.0,0.0,0.0,0.0,0.0,0.0,0.0,0,0,0,0,unknown
050769,778983,01/01/2021,12/31/2021,0.0,0.0,0.0,0.0,0.0,0.0,0.0,0,0,0,0,unknown
110011,778995,07/01/2021,06/30/2022,0.0,0.0,0.0,0.0,0.0,0.0,0.0,0,0,0,0,unknown
360109,779025,01/01/2021,12/31/2021,0.0,0.0,0.0,0.0,0.0,0.0,0.0,0,0,0,0,unknown
360368,779027,01/01/2021,12/31/2021,0.0,0.0,0.0,0.0,0.0,0.0,0.0,0,0,0,0,unknown
673036,779051,06/01/2021,05/31/2022,0.0,0.0,0.0,0.0,0.0,0.0,0.0,0,0,0,0,unknown
080001,779058,07/01/2021,06/30/2022,0.0,0.0,0.0,0.0,0.0,0.0,0.0,0,0,0,0,unknown
100043,779059,01/01/2021,12/31/2021,0.0,0.0,0.0,0.0,0.0,0.0,0.0,0,0,0,0,unknown
334009,779086,04/01/2021,03/31/2022,0.0,0.0,0.0,0.0,0.0,0.0,0.0,0,0,0,0,unknown
440144,779104,01/01/2021,06/30/2021,0.0,0.0,0.0,0.0,0.0,0.0,0.0,0,0,0,0,unknown
460042,779117,10/01/2020,09/30/2021,0.0,0.0,0.0,0.0,0.0,0.0,0.0,0,0,0,0,unknown
010051,779125,10/01/2020,09/30/2021,0.0,0.0,0.0,0.0,0.0,0.0,0.0,0,0,0,0,unknown
010091,779126,07/01/2021,06/30/2022,0.0,0.0,0.0,0.0,0.0,0.0,0.0,0,0,0,0,unknown
140034,779140,01/01/2021,12/31/2021,0.0,0.0,0.0,0.0,0.0,0.0,0.0,0,0,0,0,unknown
230301,779156,01/01/2021,12/31/2021,0.0,0.0,0.0,0.0,0.0,0.0,0.0,0,0,0,0,unknown
231333,779157,07/01/2021,06/30/2022,0.0,0.0,0.0,0.0,0.0,0.0,0.0,0,0,0,0,unknown
330264,779169,01/01/2021,12/31/2021,0.0,0.0,0.0,0.0,0.0,0.0,0.0,0,0,0,0,unknown
361333,779195,01/01/2021,12/31/2021,0.0,0.0,0.0,0.0,0.0,0.0,0.0,0,0,0,0,unknown
440102,779217,07/01/2021,06/30/2022,0.0,0.0,0.0,0.0,0.0,0.0,0.0,0,0,0,0,unknown
010038,779244,10/01/2020,09/30/2021,0.0,0.0,0.0,0.0,0.0,0.0,0.0,0,0,0,0,unknown
100001,779252,07/01/2021,06/30/2022,0.0,0.0,0.0,0.0,0.0,0.0,0.0,0,0,0,0,unknown
100087,779253,10/01/2020,09/30/2021,0.0,0.0,0.0,0.0,0.0,0.0,0.0,0,0,0,0,unknown
100150,779254,10/01/2020,09/30/2021,0.0,0.0,0.0,0.0,0.0,0.0,0.0,0,0,0,0,unknown
110083,779255,07/01/2021,06/30/2022,0.0,0.0,0.0,0.0,0.0,0.0,0.0,0,0,0,0,unknown
140148,779259,10/01/2020,09/30/2021,0.0,0.0,0.0,0.0,0.0,0.0,0.0,0,0,0,0,unknown
141306,779260,01/01/2021,12/31/2021,0.0,0.0,0.0,0.0,0.0,0.0,0.0,0,0,0,0,unknown
230041,779268,10/01/2020,09/30/2021,0.0,0.0,0.0,0.0,0.0,0.0,0.0,0,0,0,0,unknown
260005,779273,01/01/2021,12/31/2021,0.0,0.0,0.0,0.0,0.0,0.0,0.0,0,0,0,0,unknown
140252,779341,10/01/2020,09/30/2021,0.0,0.0,0.0,0.0,0.0,0.0,0.0,0,0,0,0,unknown
260074,779356,11/01/2020,10/31/2021,0.0,0.0,0.0,0.0,0.0,0.0,0.0,0,0,0,0,unknown
370212,779372,01/01/2021,12/31/2021,0.0,0.0,0.0,0.0,0.0,0.0,0.0,0,0,0,0,unknown
070012,779438,01/01/2021,12/31/2021,0.0,0.0,0.0,0.0,0.0,0.0,0.0,0,0,0,0,unknown
140089,779446,07/01/2021,06/30/2022,0.0,0.0,0.0,0.0,0.0,0.0,0.0,0,0,0,0,unknown
140288,779447,01/01/2021,12/31/2021,0.0,0.0,0.0,0.0,0.0,0.0,0.0,0,0,0,0,unknown
220030,779454,10/01/2020,09/30/2021,0.0,0.0,0.0,0.0,0.0,0.0,0.0,0,0,0,0,unknown
230302,779458,01/01/2021,12/31/2021,0.0,0.0,0.0,0.0,0.0,0.0,0.0,0,0,0,0,unknown
280077,779464,01/01/2021,12/31/2021,0.0,0.0,0.0,0.0,0.0,0.0,0.0,0,0,0,0,unknown
330135,779473,01/01/2021,12/31/2021,0.0,0.0,0.0,0.0,0.0,0.0,0.0,0,0,0,0,unknown
360150,779478,01/01/2021,12/31/2021,0.0,0.0,0.0,0.0,0.0,0.0,0.0,0,0,0,0,unknown
360365,779480,07/01/2021,06/30/2022,0.0,0.0,0.0,0.0,0.0,0.0,0.0,0,0,0,0,unknown
030134,779514,01/01/2021,12/31/2021,0.0,0.0,0.0,0.0,0.0,0.0,0.0,0,0,0,0,unknown
440148,779573,07/01/2021,06/30/2022,0.0,0.0,0.0,0.0,0.0,0.0,0.0,0,0,0,0,unknown
141330,779611,07/01/2021,06/30/2022,0.0,0.0,0.0,0.0,0.0,0.0,0.0,0,0,0,0,unknown
153043,779615,01/01/2021,12/31/2021,0.0,0.0,0.0,0.0,0.0,0.0,0.0,0,0,0,0,unknown
223026,779634,01/01/2021,12/31/2021,0.0,0.0,0.0,0.0,0.0,0.0,0.0,0,0,0,0,unknown
240088,779636,07/01/2021,06/30/2022,0.0,0.0,0.0,0.0,0.0,0.0,0.0,0,0,0,0,unknown
260163,779639,01/01/2021,12/31/2021,0.0,0.0,0.0,0.0,0.0,0.0,0.0,0,0,0,0,unknown
440218,779658,01/01/2021,12/31/2021,0.0,0.0,0.0,0.0,0.0,0.0,0.0,0,0,0,0,unknown
110073,779691,08/01/2021,07/31/2022,0.0,0.0,0.0,0.0,0.0,0.0,0.0,0,0,0,0,unknown
160013,779698,01/01/2021,12/31/2021,0.0,0.0,0.0,0.0,0.0,0.0,0.0,0,0,0,0,unknown
160040,779699,07/01/2021,06/30/2022,0.0,0.0,0.0,0.0,0.0,0.0,0.0,0,0,0,0,unknown
161334,779700,07/01/2021,06/30/2022,0.0,0.0,0.0,0.0,0.0,0.0,0.0,0,0,0,0,unknown
171377,779703,04/01/2021,03/31/2022,0.0,0.0,0.0,0.0,0.0,0.0,0.0,0,0,0,0,unknown
323027,779723,01/01/2021,12/31/2021,0.0,0.0,0.0,0.0,0.0,0.0,0.0,0,0,0,0,unknown
393027,779726,07/01/2021,06/30/2022,0.0,0.0,0.0,0.0,0.0,0.0,0.0,0,0,0,0,unknown
513027,779743,01/01/2021,12/31/2021,0.0,0.0,0.0,0.0,0.0,0.0,0.0,0,0,0,0,unknown
513030,779744,01/01/2021,12/31/2021,0.0,0.0,0.0,0.0,0.0,0.0,0.0,0,0,0,0,unknown
523025,779747,07/01/2021,06/30/2022,0.0,0.0,0.0,0.0,0.0,0.0,0.0,0,0,0,0,unknown
040002,779759,01/01/2021,12/31/2021,0.0,0.0,0.0,0.0,0.0,0.0,0.0,0,0,0,0,unknown
040018,779846,01/01/2021,12/31/2021,0.0,0.0,0.0,0.0,0.0,0.0,0.0,0,0,0,0,unknown
041327,779848,10/01/2020,09/30/2021,0.0,0.0,0.0,0.0,0.0,0.0,0.0,0,0,0,0,unknown
161374,779864,07/01/2021,06/30/2022,0.0,0.0,0.0,0.0,0.0,0.0,0.0,0,0,0,0,unknown
303026,779880,06/01/2021,05/31/2022,0.0,0.0,0.0,0.0,0.0,0.0,0.0,0,0,0,0,unknown
350011,779882,01/01/2021,12/31/2021,0.0,0.0,0.0,0.0,0.0,0.0,0.0,0,0,0,0,unknown
440032,779894,07/01/2021,06/30/2022,0.0,0.0,0.0,0.0,0.0,0.0,0.0,0,0,0,0,unknown
451331,779905,08/01/2021,07/31/2022,0.0,0.0,0.0,0.0,0.0,0.0,0.0,0,0,0,0,unknown
513028,779916,01/01/2021,12/31/2021,0.0,0.0,0.0,0.0,0.0,0.0,0.0,0,0,0,0,unknown
033032,779920,06/01/2021,05/31/2022,0.0,0.0,0.0,0.0,0.0,0.0,0.0,0,0,0,0,unknown
050397,779926,01/01/2021,04/11/2021,0.0,0.0,0.0,0.0,0.0,0.0,0.0,0,0,0,0,unknown
140135,779939,10/01/2020,09/30/2021,0.0,0.0,0.0,0.0,0.0,0.0,0.0,0,0,0,0,unknown
320022,779957,01/01/2021,12/31/2021,0.0,0.0,0.0,0.0,0.0,0.0,0.0,0,0,0,0,unknown
330006,779958,01/01/2021,12/31/2021,0.0,0.0,0.0,0.0,0.0,0.0,0.0,0,0,0,0,unknown
393026,779971,07/01/2021,06/30/2022,0.0,0.0,0.0,0.0,0.0,0.0,0.0,0,0,0,0,unknown
090001,779997,01/01/2021,12/31/2021,0.0,0.0,0.0,0.0,0.0,0.0,0.0,0,0,0,0,unknown
190167,780020,10/01/2020,09/30/2021,0.0,0.0,0.0,0.0,0.0,0.0,0.0,0,0,0,0,unknown
320006,780044,06/01/2021,05/31/2022,0.0,0.0,0.0,0.0,0.0,0.0,0.0,0,0,0,0,unknown
423029,780071,01/01/2021,12/31/2021,0.0,0.0,0.0,0.0,0.0,0.0,0.0,0,0,0,0,unknown
443025,780077,07/01/2021,06/30/2022,0.0,0.0,0.0,0.0,0.0,0.0,0.0,0,0,0,0,unknown
070031,780120,10/01/2020,09/30/2021,0.0,0.0,0.0,0.0,0.0,0.0,0.0,0,0,0,0,unknown
183028,780160,01/01/2021,12/31/2021,0.0,0.0,0.0,0.0,0.0,0.0,0.0,0,0,0,0,unknown
190201,780161,07/01/2021,06/30/2022,0.0,0.0,0.0,0.0,0.0,0.0,0.0,0,0,0,0,unknown
440065,780249,07/01/2021,08/31/2021,0.0,0.0,0.0,0.0,0.0,0.0,0.0,0,0,0,0,unknown
531303,780271,07/01/2021,06/30/2022,0.0,0.0,0.0,0.0,0.0,0.0,0.0,0,0,0,0,unknown
310001,780319,01/01/2021,12/31/2021,0.0,0.0,0.0,0.0,0.0,0.0,0.0,0,0,0,0,unknown
313029,780321,01/01/2021,12/31/2021,0.0,0.0,0.0,0.0,0.0,0.0,0.0,0,0,0,0,unknown
373025,780340,01/01/2021,12/31/2021,0.0,0.0,0.0,0.0,0.0,0.0,0.0,0,0,0,0,unknown
393046,780341,07/01/2021,06/30/2022,0.0,0.0,0.0,0.0,0.0,0.0,0.0,0,0,0,0,unknown
453091,780368,01/01/2021,12/31/2021,0.0,0.0,0.0,0.0,0.0,0.0,0.0,0,0,0,0,unknown
060096,780389,11/01/2020,10/31/2021,0.0,0.0,0.0,0.0,0.0,0.0,0.0,0,0,0,0,unknown
143028,780410,01/01/2021,12/31/2021,0.0,0.0,0.0,0.0,0.0,0.0,0.0,0,0,0,0,unknown
240106,780434,01/01/2021,12/31/2021,0.0,0.0,0.0,0.0,0.0,0.0,0.0,0,0,0,0,unknown
520107,780494,01/01/2021,06/30/2021,0.0,0.0,0.0,0.0,0.0,0.0,0.0,0,0,0,0,unknown
140007,780535,07/01/2021,06/30/2022,0.0,0.0,0.0,0.0,0.0,0.0,0.0,0,0,0,0,unknown
140019,780536,07/01/2021,06/30/2022,0.0,0.0,0.0,0.0,0.0,0.0,0.0,0,0,0,0,unknown
140080,780537,07/01/2021,06/30/2022,0.0,0.0,0.0,0.0,0.0,0.0,0.0,0,0,0,0,unknown
140189,780540,07/01/2021,06/30/2022,0.0,0.0,0.0,0.0,0.0,0.0,0.0,0,0,0,0,unknown
140234,780541,07/01/2021,09/30/2021,0.0,0.0,0.0,0.0,0.0,0.0,0.0,0,0,0,0,unknown
141305,780543,01/01/2021,12/31/2021,0.0,0.0,0.0,0.0,0.0,0.0,0.0,0,0,0,0,unknown
193069,780548,01/01/2021,12/31/2021,0.0,0.0,0.0,0.0,0.0,0.0,0.0,0,0,0,0,unknown
070040,780630,10/01/2020,09/30/2021,0.0,0.0,0.0,0.0,0.0,0.0,0.0,0,0,0,0,unknown
100121,780635,01/01/2021,12/31/2021,0.0,0.0,0.0,0.0,0.0,0.0,0.0,0,0,0,0,unknown
103033,780641,01/01/2021,12/31/2021,0.0,0.0,0.0,0.0,0.0,0.0,0.0,0,0,0,0,unknown
140161,780647,10/01/2020,09/30/2021,0.0,0.0,0.0,0.0,0.0,0.0,0.0,0,0,0,0,unknown
140180,780649,07/01/2021,06/30/2022,0.0,0.0,0.0,0.0,0.0,0.0,0.0,0,0,0,0,unknown
140286,780650,09/01/2021,08/31/2022,0.0,0.0,0.0,0.0,0.0,0.0,0.0,0,0,0,0,unknown
230078,780660,01/01/2021,12/31/2021,0.0,0.0,0.0,0.0,0.0,0.0,0.0,0,0,0,0,unknown
240030,780664,01/01/2021,12/31/2021,0.0,0.0,0.0,0.0,0.0,0.0,0.0,0,0,0,0,unknown
241364,780672,10/01/2020,09/30/2021,0.0,0.0,0.0,0.0,0.0,0.0,0.0,0,0,0,0,unknown
454076,780716,09/01/2021,08/31/2022,0.0,0.0,0.0,0.0,0.0,0.0,0.0,0,0,0,0,unknown
010021,780738,10/01/2020,09/30/2021,0.0,0.0,0.0,0.0,0.0,0.0,0.0,0,0,0,0,unknown
010157,780740,04/01/2021,03/31/2022,0.0,0.0,0.0,0.0,0.0,0.0,0.0,0,0,0,0,unknown
030030,780744,04/01/2021,03/31/2022,0.0,0.0,0.0,0.0,0.0,0.0,0.0,0,0,0,0,unknown
100019,780760,10/01/2020,09/30/2021,0.0,0.0,0.0,0.0,0.0,0.0,0.0,0,0,0,0,unknown
100223,780773,06/01/2021,05/31/2022,0.0,0.0,0.0,0.0,0.0,0.0,0.0,0,0,0,0,unknown
110121,780788,10/01/2020,09/30/2021,0.0,0.0,0.0,0.0,0.0,0.0,0.0,0,0,0,0,unknown
110130,780790,12/01/2020,11/30/2021,0.0,0.0,0.0,0.0,0.0,0.0,0.0,0,0,0,0,unknown
113034,780792,06/29/2021,09/30/2022,0.0,0.0,0.0,0.0,0.0,0.0,0.0,0,0,0,0,unknown
140155,780798,07/01/2021,06/30/2022,0.0,0.0,0.0,0.0,0.0,0.0,0.0,0,0,0,0,unknown
140187,780800,07/01/2021,06/30/2022,0.0,0.0,0.0,0.0,0.0,0.0,0.0,0,0,0,0,unknown
153044,780827,01/01/2021,12/31/2021,0.0,0.0,0.0,0.0,0.0,0.0,0.0,0,0,0,0,unknown
160028,780830,07/01/2021,06/30/2022,0.0,0.0,0.0,0.0,0.0,0.0,0.0,0,0,0,0,unknown
250007,780885,10/01/2020,09/30/2021,0.0,0.0,0.0,0.0,0.0,0.0,0.0,0,0,0,0,unknown
260064,780888,01/01/2021,03/15/2021,0.0,0.0,0.0,0.0,0.0,0.0,0.0,0,0,0,0,unknown
281348,780890,05/01/2021,04/30/2022,0.0,0.0,0.0,0.0,0.0,0.0,0.0,0,0,0,0,unknown
310041,780895,01/01/2021,12/31/2021,0.0,0.0,0.0,0.0,0.0,0.0,0.0,0,0,0,0,unknown
340129,780905,10/01/2020,09/30/2021,0.0,0.0,0.0,0.0,0.0,0.0,0.0,0,0,0,0,unknown
390201,780976,07/01/2021,06/30/2022,0.0,0.0,0.0,0.0,0.0,0.0,0.0,0,0,0,0,unknown
393045,780980,07/01/2021,06/30/2022,0.0,0.0,0.0,0.0,0.0,0.0,0.0,0,0,0,0,unknown
393047,780981,07/01/2021,06/30/2022,0.0,0.0,0.0,0.0,0.0,0.0,0.0,0,0,0,0,unknown
510058,781050,01/01/2021,12/31/2021,0.0,0.0,0.0,0.0,0.0,0.0,0.0,0,0,0,0,unknown
520205,781055,01/01/2021,12/31/2021,0.0,0.0,0.0,0.0,0.0,0.0,0.0,0,0,0,0,unknown
051338,781068,04/12/2021,12/31/2021,0.0,0.0,0.0,0.0,0.0,0.0,0.0,0,0,0,0,unknown
141336,781089,07/01/2021,06/30/2022,0.0,0.0,0.0,0.0,0.0,0.0,0.0,0,0,0,0,unknown
153046,781092,01/01/2021,12/31/2021,0.0,0.0,0.0,0.0,0.0,0.0,0.0,0,0,0,0,unknown
163026,781094,01/01/2021,12/31/2021,0.0,0.0,0.0,0.0,0.0,0.0,0.0,0,0,0,0,unknown
173028,781096,10/01/2020,09/30/2021,0.0,0.0,0.0,0.0,0.0,0.0,0.0,0,0,0,0,unknown
390314,781124,07/01/2021,05/08/2022,0.0,0.0,0.0,0.0,0.0,0.0,0.0,0,0,0,0,unknown
010120,781164,10/01/2020,09/30/2021,0.0,0.0,0.0,0.0,0.0,0.0,0.0,0,0,0,0,unknown
070004,781177,10/01/2020,09/30/2021,0.0,0.0,0.0,0.0,0.0,0.0,0.0,0,0,0,0,unknown
100267,781179,01/01/2021,12/31/2021,0.0,0.0,0.0,0.0,0.0,0.0,0.0,0,0,0,0,unknown
140224,781186,07/01/2021,06/30/2022,0.0,0.0,0.0,0.0,0.0,0.0,0.0,0,0,0,0,unknown
170027,781191,10/01/2020,09/30/2021,0.0,0.0,0.0,0.0,0.0,0.0,0.0,0,0,0,0,unknown
200020,781193,01/01/2021,12/31/2021,0.0,0.0,0.0,0.0,0.0,0.0,0.0,0,0,0,0,unknown
220073,781194,01/01/2021,12/31/2021,0.0,0.0,0.0,0.0,0.0,0.0,0.0,0,0,0,0,unknown
430084,781230,10/01/2020,09/30/2021,0.0,0.0,0.0,0.0,0.0,0.0,0.0,0,0,0,0,unknown
490018,781253,01/01/2021,12/31/2021,0.0,0.0,0.0,0.0,0.0,0.0,0.0,0,0,0,0,unknown
010036,781264,04/01/2021,03/31/2022,0.0,0.0,0.0,0.0,0.0,0.0,0.0,0,0,0,0,unknown
010101,781265,01/01/2021,12/31/2021,0.0,0.0,0.0,0.0,0.0,0.0,0.0,0,0,0,0,unknown
030083,781266,10/01/2020,09/30/2021,0.0,0.0,0.0,0.0,0.0,0.0,0.0,0,0,0,0,unknown
100236,781282,01/01/2021,12/31/2021,0.0,0.0,0.0,0.0,0.0,0.0,0.0,0,0,0,0,unknown
163025,781295,01/01/2021,12/31/2021,0.0,0.0,0.0,0.0,0.0,0.0,0.0,0,0,0,0,unknown
360017,781333,07/01/2021,06/30/2022,0.0,0.0,0.0,0.0,0.0,0.0,0.0,0,0,0,0,unknown
423025,781360,01/01/2021,12/31/2021,0.0,0.0,0.0,0.0,0.0,0.0,0.0,0,0,0,0,unknown
070020,781423,10/01/2020,09/30/2021,0.0,0.0,0.0,0.0,0.0,0.0,0.0,0,0,0,0,unknown
140053,781427,07/01/2021,06/30/2022,0.0,0.0,0.0,0.0,0.0,0.0,0.0,0,0,0,0,unknown
153042,781432,01/01/2021,12/31/2021,0.0,0.0,0.0,0.0,0.0,0.0,0.0,0,0,0,0,unknown
240076,781446,01/01/2021,12/31/2021,0.0,0.0,0.0,0.0,0.0,0.0,0.0,0,0,0,0,unknown
243302,781450,01/01/2021,12/31/2021,0.0,0.0,0.0,0.0,0.0,0.0,0.0,0,0,0,0,unknown
432002,781517,03/01/2021,02/28/2022,0.0,0.0,0.0,0.0,0.0,0.0,0.0,0,0,0,0,unknown
440018,781519,07/01/2021,06/30/2022,0.0,0.0,0.0,0.0,0.0,0.0,0.0,0,0,0,0,unknown
040147,781554,01/01/2021,12/31/2021,0.0,0.0,0.0,0.0,0.0,0.0,0.0,0,0,0,0,unknown
050785,781561,01/01/2021,12/31/2021,0.0,0.0,0.0,0.0,0.0,0.0,0.0,0,0,0,0,unknown
100206,781576,11/01/2020,10/31/2021,0.0,0.0,0.0,0.0,0.0,0.0,0.0,0,0,0,0,unknown
123300,781596,07/01/2021,06/30/2022,0.0,0.0,0.0,0.0,0.0,0.0,0.0,0,0,0,0,unknown
170183,781601,07/01/2021,06/30/2022,0.0,0.0,0.0,0.0,0.0,0.0,0.0,0,0,0,0,unknown
180078,781602,10/01/2020,09/30/2021,0.0,0.0,0.0,0.0,0.0,0.0,0.0,0,0,0,0,unknown
230021,781607,01/01/2021,12/31/2021,0.0,0.0,0.0,0.0,0.0,0.0,0.0,0,0,0,0,unknown
370173,781649,10/01/2020,09/30/2021,0.0,0.0,0.0,0.0,0.0,0.0,0.0,0,0,0,0,unknown
390032,781651,07/01/2021,06/30/2022,0.0,0.0,0.0,0.0,0.0,0.0,0.0,0,0,0,0,unknown
673039,781776,01/01/2021,12/31/2021,0.0,0.0,0.0,0.0,0.0,0.0,0.0,0,0,0,0,unknown
330235,781803,01/01/2021,12/31/2021,0.0,0.0,0.0,0.0,0.0,0.0,0.0,0,0,0,0,unknown
334045,781807,04/01/2021,03/31/2022,0.0,0.0,0.0,0.0,0.0,0.0,0.0,0,0,0,0,unknown
281353,781889,07/01/2021,06/30/2022,0.0,0.0,0.0,0.0,0.0,0.0,0.0,0,0,0,0,unknown
334015,781904,04/01/2021,03/31/2022,0.0,0.0,0.0,0.0,0.0,0.0,0.0,0,0,0,0,unknown
441314,781994,01/01/2021,12/31/2021,0.0,0.0,0.0,0.0,0.0,0.0,0.0,0,0,0,0,unknown
523027,782092,01/01/2021,12/31/2021,0.0,0.0,0.0,0.0,0.0,0.0,0.0,0,0,0,0,unknown
010099,782101,10/01/2020,09/30/2021,0.0,0.0,0.0,0.0,0.0,0.0,0.0,0,0,0,0,unknown
140093,782137,10/01/2020,09/30/2021,0.0,0.0,0.0,0.0,0.0,0.0,0.0,0,0,0,0,unknown
170190,782140,01/01/2021,12/31/2021,0.0,0.0,0.0,0.0,0.0,0.0,0.0,0,0,0,0,unknown
171347,782141,01/01/2021,12/31/2021,0.0,0.0,0.0,0.0,0.0,0.0,0.0,0,0,0,0,unknown
500025,782262,01/01/2021,12/31/2021,0.0,0.0,0.0,0.0,0.0,0.0,0.0,0,0,0,0,unknown
100180,782292,05/01/2021,04/30/2022,0.0,0.0,0.0,0.0,0.0,0.0,0.0,0,0,0,0,unknown
170105,782304,07/01/2021,06/30/2022,0.0,0.0,0.0,0.0,0.0,0.0,0.0,0,0,0,0,unknown
170188,782305,01/01/2021,12/31/2021,0.0,0.0,0.0,0.0,0.0,0.0,0.0,0,0,0,0,unknown
230093,782315,01/01/2021,12/31/2021,0.0,0.0,0.0,0.0,0.0,0.0,0.0,0,0,0,0,unknown
240213,782323,01/01/2021,12/31/2021,0.0,0.0,0.0,0.0,0.0,0.0,0.0,0,0,0,0,unknown
440200,782379,07/01/2021,06/30/2022,0.0,0.0,0.0,0.0,0.0,0.0,0.0,0,0,0,0,unknown
490002,782398,10/01/2020,09/30/2021,0.0,0.0,0.0,0.0,0.0,0.0,0.0,0,0,0,0,unknown
520062,782401,10/01/2020,09/30/2021,0.0,0.0,0.0,0.0,0.0,0.0,0.0,0,0,0,0,unknown
140258,782431,07/01/2021,06/30/2022,0.0,0.0,0.0,0.0,0.0,0.0,0.0,0,0,0,0,unknown
153030,782432,10/01/2020,09/30/2021,0.0,0.0,0.0,0.0,0.0,0.0,0.0,0,0,0,0,unknown
230046,782437,07/01/2021,06/30/2022,0.0,0.0,0.0,0.0,0.0,0.0,0.0,0,0,0,0,unknown
230055,782438,01/01/2021,12/31/2021,0.0,0.0,0.0,0.0,0.0,0.0,0.0,0,0,0,0,unknown
423027,782466,01/01/2021,12/31/2021,0.0,0.0,0.0,0.0,0.0,0.0,0.0,0,0,0,0,unknown
453029,782488,01/01/2021,12/31/2021,0.0,0.0,0.0,0.0,0.0,0.0,0.0,0,0,0,0,unknown
453040,782489,01/01/2021,12/31/2021,0.0,0.0,0.0,0.0,0.0,0.0,0.0,0,0,0,0,unknown
453053,782490,01/01/2021,12/31/2021,0.0,0.0,0.0,0.0,0.0,0.0,0.0,0,0,0,0,unknown
100107,782522,01/01/2021,12/31/2021,0.0,0.0,0.0,0.0,0.0,0.0,0.0,0,0,0,0,unknown
140300,782538,12/01/2020,11/30/2021,0.0,0.0,0.0,0.0,0.0,0.0,0.0,0,0,0,0,unknown
230239,782557,01/01/2021,12/31/2021,0.0,0.0,0.0,0.0,0.0,0.0,0.0,0,0,0,0,unknown
500052,782682,01/01/2021,12/31/2021,0.0,0.0,0.0,0.0,0.0,0.0,0.0,0,0,0,0,unknown
010095,782693,10/01/2020,09/30/2021,0.0,0.0,0.0,0.0,0.0,0.0,0.0,0,0,0,0,unknown
141308,782743,05/01/2021,04/30/2022,0.0,0.0,0.0,0.0,0.0,0.0,0.0,0,0,0,0,unknown
150045,782746,01/01/2021,12/31/2021,0.0,0.0,0.0,0.0,0.0,0.0,0.0,0,0,0,0,unknown
150146,782747,01/01/2021,12/31/2021,0.0,0.0,0.0,0.0,0.0,0.0,0.0,0,0,0,0,unknown
160057,782748,07/01/2021,06/30/2022,0.0,0.0,0.0,0.0,0.0,0.0,0.0,0,0,0,0,unknown
161308,782749,07/01/2021,06/30/2022,0.0,0.0,0.0,0.0,0.0,0.0,0.0,0,0,0,0,unknown
170017,782750,01/01/2021,12/31/2021,0.0,0.0,0.0,0.0,0.0,0.0,0.0,0,0,0,0,unknown
170187,782751,01/01/2021,12/31/2021,0.0,0.0,0.0,0.0,0.0,0.0,0.0,0,0,0,0,unknown
170196,782752,01/01/2021,12/31/2021,0.0,0.0,0.0,0.0,0.0,0.0,0.0,0,0,0,0,unknown
170197,782753,01/01/2021,12/31/2021,0.0,0.0,0.0,0.0,0.0,0.0,0.0,0,0,0,0,unknown
173033,782756,01/01/2021,12/31/2021,0.0,0.0,0.0,0.0,0.0,0.0,0.0,0,0,0,0,unknown
220062,782760,10/01/2020,09/30/2021,0.0,0.0,0.0,0.0,0.0,0.0,0.0,0,0,0,0,unknown
250042,782766,02/01/2021,09/30/2021,0.0,0.0,0.0,0.0,0.0,0.0,0.0,0,0,0,0,unknown
250072,782767,10/01/2020,09/30/2021,0.0,0.0,0.0,0.0,0.0,0.0,0.0,0,0,0,0,unknown
260062,782770,01/01/2021,12/31/2021,0.0,0.0,0.0,0.0,0.0,0.0,0.0,0,0,0,0,unknown
330102,782785,01/01/2021,12/31/2021,0.0,0.0,0.0,0.0,0.0,0.0,0.0,0,0,0,0,unknown
380020,782830,01/01/2021,12/31/2021,0.0,0.0,0.0,0.0,0.0,0.0,0.0,0,0,0,0,unknown
390256,782834,07/01/2021,06/30/2022,0.0,0.0,0.0,0.0,0.0,0.0,0.0,0,0,0,0,unknown
420043,782840,10/01/2020,09/30/2021,0.0,0.0,0.0,0.0,0.0,0.0,0.0,0,0,0,0,unknown
443028,782846,06/01/2021,05/31/2022,0.0,0.0,0.0,0.0,0.0,0.0,0.0,0,0,0,0,unknown
513026,782891,01/01/2021,12/31/2021,0.0,0.0,0.0,0.0,0.0,0.0,0.0,0,0,0,0,unknown
020017,782902,01/01/2021,12/31/2021,0.0,0.0,0.0,0.0,0.0,0.0,0.0,0,0,0,0,unknown
150086,782921,11/01/2020,12/31/2020,0.0,0.0,0.0,0.0,0.0,0.0,0.0,0,0,0,0,unknown
190208,782932,06/01/2021,05/31/2022,0.0,0.0,0.0,0.0,0.0,0.0,0.0,0,0,0,0,unknown
240040,782943,01/01/2021,12/31/2021,0.0,0.0,0.0,0.0,0.0,0.0,0.0,0,0,0,0,unknown
521305,783056,01/01/2021,12/31/2021,0.0,0.0,0.0,0.0,0.0,0.0,0.0,0,0,0,0,unknown
013029,783060,06/01/2021,05/31/2022,0.0,0.0,0.0,0.0,0.0,0.0,0.0,0,0,0,0,unknown
020012,783062,01/01/2021,12/31/2021,0.0,0.0,0.0,0.0,0.0,0.0,0.0,0,0,0,0,unknown
100252,783092,05/01/2021,04/30/2022,0.0,0.0,0.0,0.0,0.0,0.0,0.0,0,0,0,0,unknown
160069,783104,07/01/2021,06/30/2022,0.0,0.0,0.0,0.0,0.0,0.0,0.0,0,0,0,0,unknown
230144,783117,01/01/2021,12/31/2021,0.0,0.0,0.0,0.0,0.0,0.0,0.0,0,0,0,0,unknown
250081,783121,10/01/2020,09/30/2021,0.0,0.0,0.0,0.0,0.0,0.0,0.0,0,0,0,0,unknown
250136,783122,01/01/2021,12/31/2021,0.0,0.0,0.0,0.0,0.0,0.0,0.0,0,0,0,0,unknown
260219,783124,01/01/2021,12/31/2021,0.0,0.0,0.0,0.0,0.0,0.0,0.0,0,0,0,0,unknown
280127,783125,01/01/2021,12/31/2021,0.0,0.0,0.0,0.0,0.0,0.0,0.0,0,0,0,0,unknown
301305,783128,07/01/2021,06/30/2022,0.0,0.0,0.0,0.0,0.0,0.0,0.0,0,0,0,0,unknown
393039,783156,07/01/2021,06/30/2022,0.0,0.0,0.0,0.0,0.0,0.0,0.0,0,0,0,0,unknown
393040,783157,07/01/2021,06/30/2022,0.0,0.0,0.0,0.0,0.0,0.0,0.0,0,0,0,0,unknown
423026,783159,01/01/2021,12/31/2021,0.0,0.0,0.0,0.0,0.0,0.0,0.0,0,0,0,0,unknown
423028,783160,06/01/2021,05/31/2022,0.0,0.0,0.0,0.0,0.0,0.0,0.0,0,0,0,0,unknown
443027,783161,06/01/2021,05/31/2022,0.0,0.0,0.0,0.0,0.0,0.0,0.0,0,0,0,0,unknown
110201,783218,07/01/2021,06/30/2022,0.0,0.0,0.0,0.0,0.0,0.0,0.0,0,0,0,0,unknown
160008,783224,01/01/2021,12/31/2021,0.0,0.0,0.0,0.0,0.0,0.0,0.0,0,0,0,0,unknown
160089,783225,05/01/2021,04/30/2022,0.0,0.0,0.0,0.0,0.0,0.0,0.0,0,0,0,0,unknown
161319,783226,07/01/2021,06/30/2022,0.0,0.0,0.0,0.0,0.0,0.0,0.0,0,0,0,0,unknown
170120,783227,01/01/2021,12/31/2021,0.0,0.0,0.0,0.0,0.0,0.0,0.0,0,0,0,0,unknown
230216,783231,10/01/2020,09/30/2021,0.0,0.0,0.0,0.0,0.0,0.0,0.0,0,0,0,0,unknown
240069,783233,01/01/2021,12/31/2021,0.0,0.0,0.0,0.0,0.0,0.0,0.0,0,0,0,0,unknown
460052,783310,01/01/2021,12/31/2021,0.0,0.0,0.0,0.0,0.0,0.0,0.0,0,0,0,0,unknown
500119,783317,01/01/2021,12/31/2021,0.0,0.0,0.0,0.0,0.0,0.0,0.0,0,0,0,0,unknown
140116,783348,09/01/2021,08/31/2022,0.0,0.0,0.0,0.0,0.0,0.0,0.0,0,0,0,0,unknown
240043,783360,01/01/2021,12/31/2021,0.0,0.0,0.0,0.0,0.0,0.0,0.0,0,0,0,0,unknown
241355,783364,01/01/2021,12/31/2021,0.0,0.0,0.0,0.0,0.0,0.0,0.0,0,0,0,0,unknown
263031,783378,07/01/2021,06/30/2022,0.0,0.0,0.0,0.0,0.0,0.0,0.0,0,0,0,0,unknown
330074,783417,01/01/2021,12/31/2021,0.0,0.0,0.0,0.0,0.0,0.0,0.0,0,0,0,0,unknown
330100,783418,01/01/2021,12/31/2021,0.0,0.0,0.0,0.0,0.0,0.0,0.0,0,0,0,0,unknown
330111,783420,01/01/2021,12/31/2021,0.0,0.0,0.0,0.0,0.0,0.0,0.0,0,0,0,0,unknown
334046,783461,04/01/2021,03/31/2022,0.0,0.0,0.0,0.0,0.0,0.0,0.0,0,0,0,0,unknown
334052,783462,04/01/2021,03/31/2022,0.0,0.0,0.0,0.0,0.0,0.0,0.0,0,0,0,0,unknown
420018,783489,10/01/2020,09/30/2021,0.0,0.0,0.0,0.0,0.0,0.0,0.0,0,0,0,0,unknown
103028,783570,01/01/2021,12/31/2021,0.0,0.0,0.0,0.0,0.0,0.0,0.0,0,0,0,0,unknown
113030,783571,04/01/2021,03/31/2022,0.0,0.0,0.0,0.0,0.0,0.0,0.0,0,0,0,0,unknown
203025,783594,01/01/2021,12/31/2021,0.0,0.0,0.0,0.0,0.0,0.0,0.0,0,0,0,0,unknown
330163,783639,01/01/2021,12/31/2021,0.0,0.0,0.0,0.0,0.0,0.0,0.0,0,0,0,0,unknown
360179,783669,07/01/2021,06/30/2022,0.0,0.0,0.0,0.0,0.0,0.0,0.0,0,0,0,0,unknown
443035,783714,04/01/2021,03/31/2022,0.0,0.0,0.0,0.0,0.0,0.0,0.0,0,0,0,0,unknown
443036,783715,10/01/2020,09/30/2021,0.0,0.0,0.0,0.0,0.0,0.0,0.0,0,0,0,0,unknown
100137,783797,07/01/2021,06/30/2022,0.0,0.0,0.0,0.0,0.0,0.0,0.0,0,0,0,0,unknown
161316,783813,01/01/2021,12/31/2021,0.0,0.0,0.0,0.0,0.0,0.0,0.0,0,0,0,0,unknown
170013,783814,07/01/2021,06/30/2022,0.0,0.0,0.0,0.0,0.0,0.0,0.0,0,0,0,0,unknown
170103,783815,07/01/2021,06/30/2022,0.0,0.0,0.0,0.0,0.0,0.0,0.0,0,0,0,0,unknown
261315,783847,01/01/2021,12/31/2021,0.0,0.0,0.0,0.0,0.0,0.0,0.0,0,0,0,0,unknown
334063,783904,04/01/2021,03/31/2022,0.0,0.0,0.0,0.0,0.0,0.0,0.0,0,0,0,0,unknown
440020,783937,01/01/2021,12/31/2021,0.0,0.0,0.0,0.0,0.0,0.0,0.0,0,0,0,0,unknown
013030,783977,01/01/2021,12/31/2021,0.0,0.0,0.0,0.0,0.0,0.0,0.0,0,0,0,0,unknown
100051,783996,10/01/2020,09/30/2021,0.0,0.0,0.0,0.0,0.0,0.0,0.0,0,0,0,0,unknown
193031,784072,01/01/2021,12/31/2021,0.0,0.0,0.0,0.0,0.0,0.0,0.0,0,0,0,0,unknown
260052,784081,07/01/2021,06/30/2022,0.0,0.0,0.0,0.0,0.0,0.0,0.0,0,0,0,0,unknown
263028,784083,06/01/2021,05/31/2022,0.0,0.0,0.0,0.0,0.0,0.0,0.0,0,0,0,0,unknown
320059,784097,10/01/2020,09/30/2021,0.0,0.0,0.0,0.0,0.0,0.0,0.0,0,0,0,0,unknown
420082,784164,01/01/2021,12/31/2021,0.0,0.0,0.0,0.0,0.0,0.0,0.0,0,0,0,0,unknown
430083,784165,10/01/2020,09/30/2021,0.0,0.0,0.0,0.0,0.0,0.0,0.0,0,0,0,0,unknown
490141,784201,05/01/2021,04/30/2022,0.0,0.0,0.0,0.0,0.0,0.0,0.0,0,0,0,0,unknown
170109,784244,01/01/2021,12/31/2021,0.0,0.0,0.0,0.0,0.0,0.0,0.0,0,0,0,0,unknown
170200,784245,08/01/2021,07/31/2022,0.0,0.0,0.0,0.0,0.0,0.0,0.0,0,0,0,0,unknown
193078,784253,01/01/2021,12/31/2021,0.0,0.0,0.0,0.0,0.0,0.0,0.0,0,0,0,0,unknown
334020,784303,04/01/2021,03/31/2022,0.0,0.0,0.0,0.0,0.0,0.0,0.0,0,0,0,0,unknown
113033,784440,04/01/2021,03/31/2022,0.0,0.0,0.0,0.0,0.0,0.0,0.0,0,0,0,0,unknown
281349,784460,07/01/2021,06/30/2022,0.0,0.0,0.0,0.0,0.0,0.0,0.0,0,0,0,0,unknown
334004,784490,04/01/2021,03/31/2022,0.0,0.0,0.0,0.0,0.0,0.0,0.0,0,0,0,0,unknown
334012,784491,04/01/2021,03/31/2022,0.0,0.0,0.0,0.0,0.0,0.0,0.0,0,0,0,0,unknown
334013,784492,04/01/2021,03/31/2022,0.0,0.0,0.0,0.0,0.0,0.0,0.0,0,0,0,0,unknown
410012,784560,10/01/2020,09/30/2021,0.0,0.0,0.0,0.0,0.0,0.0,0.0,0,0,0,0,unknown
443034,784562,01/01/2021,12/31/2021,0.0,0.0,0.0,0.0,0.0,0.0,0.0,0,0,0,0,unknown
100046,784618,01/01/2021,12/31/2021,0.0,0.0,0.0,0.0,0.0,0.0,0.0,0,0,0,0,unknown
170068,784640,01/01/2021,12/31/2021,0.0,0.0,0.0,0.0,0.0,0.0,0.0,0,0,0,0,unknown
173026,784649,01/01/2021,12/31/2021,0.0,0.0,0.0,0.0,0.0,0.0,0.0,0,0,0,0,unknown
334001,784701,04/01/2021,03/31/2022,0.0,0.0,0.0,0.0,0.0,0.0,0.0,0,0,0,0,unknown
334053,784702,04/01/2021,03/31/2022,0.0,0.0,0.0,0.0,0.0,0.0,0.0,0,0,0,0,unknown
370202,784736,01/01/2021,12/31/2021,0.0,0.0,0.0,0.0,0.0,0.0,0.0,0,0,0,0,unknown
440161,784792,01/01/2021,12/31/2021,0.0,0.0,0.0,0.0,0.0,0.0,0.0,0,0,0,0,unknown
451365,784800,07/01/2021,06/30/2022,0.0,0.0,0.0,0.0,0.0,0.0,0.0,0,0,0,0,unknown
080004,784822,07/01/2021,06/30/2022,0.0,0.0,0.0,0.0,0.0,0.0,0.0,0,0,0,0,unknown
240187,784845,01/01/2021,12/31/2021,0.0,0.0,0.0,0.0,0.0,0.0,0.0,0,0,0,0,unknown
310096,784859,01/01/2021,12/31/2021,0.0,0.0,0.0,0.0,0.0,0.0,0.0,0,0,0,0,unknown
334003,784865,04/01/2021,03/31/2022,0.0,0.0,0.0,0.0,0.0,0.0,0.0,0,0,0,0,unknown
400006,784929,01/01/2021,12/31/2021,0.0,0.0,0.0,0.0,0.0,0.0,0.0,0,0,0,0,unknown
520034,784945,01/01/2021,12/31/2021,0.0,0.0,0.0,0.0,0.0,0.0,0.0,0,0,0,0,unknown
520116,784947,09/01/2021,08/31/2022,0.0,0.0,0.0,0.0,0.0,0.0,0.0,0,0,0,0,unknown
100126,784972,10/01/2020,09/30/2021,0.0,0.0,0.0,0.0,0.0,0.0,0.0,0,0,0,0,unknown
110177,784978,04/01/2021,03/31/2022,0.0,0.0,0.0,0.0,0.0,0.0,0.0,0,0,0,0,unknown
191304,784991,07/01/2021,06/30/2022,0.0,0.0,0.0,0.0,0.0,0.0,0.0,0,0,0,0,unknown
450877,785059,01/01/2021,12/31/2021,0.0,0.0,0.0,0.0,0.0,0.0,0.0,0,0,0,0,unknown
493028,785062,01/01/2021,12/31/2021,0.0,0.0,0.0,0.0,0.0,0.0,0.0,0,0,0,0,unknown
283025,785118,07/01/2021,06/30/2022,0.0,0.0,0.0,0.0,0.0,0.0,0.0,0,0,0,0,unknown
310015,785121,01/01/2021,12/31/2021,0.0,0.0,0.0,0.0,0.0,0.0,0.0,0,0,0,0,unknown
450358,785283,01/01/2021,12/31/2021,0.0,0.0,0.0,0.0,0.0,0.0,0.0,0,0,0,0,unknown
500139,785294,05/01/2021,12/04/2021,0.0,0.0,0.0,0.0,0.0,0.0,0.0,0,0,0,0,unknown
521343,785295,10/01/2020,09/30/2021,0.0,0.0,0.0,0.0,0.0,0.0,0.0,0,0,0,0,unknown
021312,785305,10/01/2020,09/30/2021,0.0,0.0,0.0,0.0,0.0,0.0,0.0,0,0,0,0,unknown
043028,785306,06/01/2021,05/31/2022,0.0,0.0,0.0,0.0,0.0,0.0,0.0,0,0,0,0,unknown
100122,785312,04/01/2021,03/31/2022,0.0,0.0,0.0,0.0,0.0,0.0,0.0,0,0,0,0,unknown
123025,785325,10/01/2020,09/30/2021,0.0,0.0,0.0,0.0,0.0,0.0,0.0,0,0,0,0,unknown
160030,785326,07/01/2021,06/30/2022,0.0,0.0,0.0,0.0,0.0,0.0,0.0,0,0,0,0,unknown
180070,785331,06/01/2021,05/31/2022,0.0,0.0,0.0,0.0,0.0,0.0,0.0,0,0,0,0,unknown
213028,785339,01/01/2021,12/31/2021,0.0,0.0,0.0,0.0,0.0,0.0,0.0,0,0,0,0,unknown
263027,785343,01/01/2021,12/31/2021,0.0,0.0,0.0,0.0,0.0,0.0,0.0,0,0,0,0,unknown
360037,785354,01/01/2021,12/31/2021,0.0,0.0,0.0,0.0,0.0,0.0,0.0,0,0,0,0,unknown
460054,785383,04/01/2021,03/31/2022,0.0,0.0,0.0,0.0,0.0,0.0,0.0,0,0,0,0,unknown
463025,785385,01/01/2021,12/31/2021,0.0,0.0,0.0,0.0,0.0,0.0,0.0,0,0,0,0,unknown
520041,785396,07/01/2021,06/30/2022,0.0,0.0,0.0,0.0,0.0,0.0,0.0,0,0,0,0,unknown
520206,785397,01/01/2021,12/31/2021,0.0,0.0,0.0,0.0,0.0,0.0,0.0,0,0,0,0,unknown
050231,785409,01/01/2021,12/31/2021,0.0,0.0,0.0,0.0,0.0,0.0,0.0,0,0,0,0,unknown
161317,785434,07/01/2021,06/30/2022,0.0,0.0,0.0,0.0,0.0,0.0,0.0,0,0,0,0,unknown
161341,785435,07/01/2021,06/30/2022,0.0,0.0,0.0,0.0,0.0,0.0,0.0,0,0,0,0,unknown
183029,785438,01/01/2021,12/31/2021,0.0,0.0,0.0,0.0,0.0,0.0,0.0,0,0,0,0,unknown
223030,785446,01/01/2021,12/31/2021,0.0,0.0,0.0,0.0,0.0,0.0,0.0,0,0,0,0,unknown
263029,785458,01/01/2021,12/31/2021,0.0,0.0,0.0,0.0,0.0,0.0,0.0,0,0,0,0,unknown
363042,785472,07/01/2021,06/30/2022,0.0,0.0,0.0,0.0,0.0,0.0,0.0,0,0,0,0,unknown
363044,785473,03/05/2021,12/31/2021,0.0,0.0,0.0,0.0,0.0,0.0,0.0,0,0,0,0,unknown
443029,785487,01/01/2021,12/31/2021,0.0,0.0,0.0,0.0,0.0,0.0,0.0,0,0,0,0,unknown
033025,785506,01/01/2021,12/31/2021,0.0,0.0,0.0,0.0,0.0,0.0,0.0,0,0,0,0,unknown
033028,785507,01/01/2021,12/31/2021,0.0,0.0,0.0,0.0,0.0,0.0,0.0,0,0,0,0,unknown
033037,785508,06/01/2021,05/31/2022,0.0,0.0,0.0,0.0,0.0,0.0,0.0,0,0,0,0,unknown
040047,785510,10/01/2020,09/30/2021,0.0,0.0,0.0,0.0,0.0,0.0,0.0,0,0,0,0,unknown
220017,785549,01/01/2021,12/31/2021,0.0,0.0,0.0,0.0,0.0,0.0,0.0,0,0,0,0,unknown
220098,785550,01/01/2021,12/31/2021,0.0,0.0,0.0,0.0,0.0,0.0,0.0,0,0,0,0,unknown
263030,785557,01/01/2021,12/31/2021,0.0,0.0,0.0,0.0,0.0,0.0,0.0,0,0,0,0,unknown
321304,785562,07/01/2021,06/30/2022,0.0,0.0,0.0,0.0,0.0,0.0,0.0,0,0,0,0,unknown
340144,785563,10/01/2020,09/30/2021,0.0,0.0,0.0,0.0,0.0,0.0,0.0,0,0,0,0,unknown
443030,785582,06/01/2021,05/31/2022,0.0,0.0,0.0,0.0,0.0,0.0,0.0,0,0,0,0,unknown
493029,785594,01/01/2021,12/31/2021,0.0,0.0,0.0,0.0,0.0,0.0,0.0,0,0,0,0,unknown
673066,785596,10/01/2020,09/30/2021,0.0,0.0,0.0,0.0,0.0,0.0,0.0,0,0,0,0,unknown
030071,785598,10/01/2020,09/30/2021,0.0,0.0,0.0,0.0,0.0,0.0,0.0,0,0,0,0,unknown
030101,785599,09/01/2021,08/31/2022,0.0,0.0,0.0,0.0,0.0,0.0,0.0,0,0,0,0,unknown
280129,785632,01/01/2021,12/31/2021,0.0,0.0,0.0,0.0,0.0,0.0,0.0,0,0,0,0,unknown
453316,785657,01/01/2021,12/31/2021,0.0,0.0,0.0,0.0,0.0,0.0,0.0,0,0,0,0,unknown
180009,785687,10/01/2020,09/30/2021,0.0,0.0,0.0,0.0,0.0,0.0,0.0,0,0,0,0,unknown
180102,785691,01/01/2021,12/31/2021,0.0,0.0,0.0,0.0,0.0,0.0,0.0,0,0,0,0,unknown
310091,785700,01/01/2021,12/31/2021,0.0,0.0,0.0,0.0,0.0,0.0,0.0,0,0,0,0,unknown
360039,785708,01/01/2021,12/31/2021,0.0,0.0,0.0,0.0,0.0,0.0,0.0,0,0,0,0,unknown
360056,785710,01/01/2021,12/31/2021,0.0,0.0,0.0,0.0,0.0,0.0,0.0,0,0,0,0,unknown
360065,785711,01/01/2021,12/31/2021,0.0,0.0,0.0,0.0,0.0,0.0,0.0,0,0,0,0,unknown
360066,785712,01/01/2021,12/31/2021,0.0,0.0,0.0,0.0,0.0,0.0,0.0,0,0,0,0,unknown
360086,785714,01/01/2021,12/31/2021,0.0,0.0,0.0,0.0,0.0,0.0,0.0,0,0,0,0,unknown
360155,785717,01/01/2021,12/31/2021,0.0,0.0,0.0,0.0,0.0,0.0,0.0,0,0,0,0,unknown
360210,785720,07/01/2021,06/30/2022,0.0,0.0,0.0,0.0,0.0,0.0,0.0,0,0,0,0,unknown
440185,785738,09/01/2021,08/31/2022,0.0,0.0,0.0,0.0,0.0,0.0,0.0,0,0,0,0,unknown
440193,785739,07/01/2021,06/30/2022,0.0,0.0,0.0,0.0,0.0,0.0,0.0,0,0,0,0,unknown
490098,785749,07/01/2021,06/30/2022,0.0,0.0,0.0,0.0,0.0,0.0,0.0,0,0,0,0,unknown
510062,785753,07/01/2021,06/30/2022,0.0,0.0,0.0,0.0,0.0,0.0,0.0,0,0,0,0,unknown
033042,785762,08/01/2021,07/31/2022,0.0,0.0,0.0,0.0,0.0,0.0,0.0,0,0,0,0,unknown
070002,785771,10/01/2020,09/30/2021,0.0,0.0,0.0,0.0,0.0,0.0,0.0,0,0,0,0,unknown
140291,785782,01/01/2021,12/31/2021,0.0,0.0,0.0,0.0,0.0,0.0,0.0,0,0,0,0,unknown
180143,785790,07/01/2021,06/30/2022,0.0,0.0,0.0,0.0,0.0,0.0,0.0,0,0,0,0,unknown
520196,785823,01/01/2021,12/31/2021,0.0,0.0,0.0,0.0,0.0,0.0,0.0,0,0,0,0,unknown
713025,785829,09/01/2021,08/31/2022,0.0,0.0,0.0,0.0,0.0,0.0,0.0,0,0,0,0,unknown
020006,785830,01/01/2021,12/31/2021,0.0,0.0,0.0,0.0,0.0,0.0,0.0,0,0,0,0,unknown
220008,785863,10/01/2020,09/30/2021,0.0,0.0,0.0,0.0,0.0,0.0,0.0,0,0,0,0,unknown
220088,785864,10/01/2020,09/30/2021,0.0,0.0,0.0,0.0,0.0,0.0,0.0,0,0,0,0,unknown
363040,785887,06/01/2021,05/31/2022,0.0,0.0,0.0,0.0,0.0,0.0,0.0,0,0,0,0,unknown
390127,785892,07/01/2021,06/30/2022,0.0,0.0,0.0,0.0,0.0,0.0,0.0,0,0,0,0,unknown
443032,785896,06/01/2021,05/31/2022,0.0,0.0,0.0,0.0,0.0,0.0,0.0,0,0,0,0,unknown
443033,785897,10/01/2020,09/30/2021,0.0,0.0,0.0,0.0,0.0,0.0,0.0,0,0,0,0,unknown
030107,785912,01/01/2021,12/31/2021,0.0,0.0,0.0,0.0,0.0,0.0,0.0,0,0,0,0,unknown
050298,785924,02/01/2021,01/31/2022,0.0,0.0,0.0,0.0,0.0,0.0,0.0,0,0,0,0,unknown
260110,785964,01/01/2021,12/31/2021,0.0,0.0,0.0,0.0,0.0,0.0,0.0,0,0,0,0,unknown
280139,785966,01/01/2021,12/31/2021,0.0,0.0,0.0,0.0,0.0,0.0,0.0,0,0,0,0,unknown
370039,785990,11/01/2020,10/31/2021,0.0,0.0,0.0,0.0,0.0,0.0,0.0,0,0,0,0,unknown
034025,786002,07/01/2021,06/30/2022,0.0,0.0,0.0,0.0,0.0,0.0,0.0,0,0,0,0,unknown
150034,786018,07/01/2021,06/30/2022,0.0,0.0,0.0,0.0,0.0,0.0,0.0,0,0,0,0,unknown
220024,786025,10/01/2020,09/30/2021,0.0,0.0,0.0,0.0,0.0,0.0,0.0,0,0,0,0,unknown
241366,786034,01/01/2021,12/31/2021,0.0,0.0,0.0,0.0,0.0,0.0,0.0,0,0,0,0,unknown
260047,786035,07/01/2021,06/30/2022,0.0,0.0,0.0,0.0,0.0,0.0,0.0,0,0,0,0,unknown
301309,786037,10/01/2020,09/30/2021,0.0,0.0,0.0,0.0,0.0,0.0,0.0,0,0,0,0,unknown
420036,786050,07/01/2021,06/30/2022,0.0,0.0,0.0,0.0,0.0,0.0,0.0,0,0,0,0,unknown
140048,786069,01/01/2021,12/31/2021,0.0,0.0,0.0,0.0,0.0,0.0,0.0,0,0,0,0,unknown
180127,786077,08/01/2021,07/31/2022,0.0,0.0,0.0,0.0,0.0,0.0,0.0,0,0,0,0,unknown
260186,786085,05/01/2021,04/30/2022,0.0,0.0,0.0,0.0,0.0,0.0,0.0,0,0,0,0,unknown
360131,786095,01/01/2021,12/31/2021,0.0,0.0,0.0,0.0,0.0,0.0,0.0,0,0,0,0,unknown
360172,786098,01/01/2021,12/31/2021,0.0,0.0,0.0,0.0,0.0,0.0,0.0,0,0,0,0,unknown
030068,786114,01/01/2021,09/27/2021,0.0,0.0,0.0,0.0,0.0,0.0,0.0,0,0,0,0,unknown
030108,786115,01/01/2021,12/31/2021,0.0,0.0,0.0,0.0,0.0,0.0,0.0,0,0,0,0,unknown
041321,786116,01/01/2021,12/31/2021,0.0,0.0,0.0,0.0,0.0,0.0,0.0,0,0,0,0,unknown
043032,786117,01/01/2021,12/31/2021,0.0,0.0,0.0,0.0,0.0,0.0,0.0,0,0,0,0,unknown
300023,786151,10/01/2020,09/30/2021,0.0,0.0,0.0,0.0,0.0,0.0,0.0,0,0,0,0,unknown
380022,786162,01/01/2021,12/31/2021,0.0,0.0,0.0,0.0,0.0,0.0,0.0,0,0,0,0,unknown
380029,786163,04/01/2021,03/31/2022,0.0,0.0,0.0,0.0,0.0,0.0,0.0,0,0,0,0,unknown
030011,786181,10/01/2020,09/30/2021,0.0,0.0,0.0,0.0,0.0,0.0,0.0,0,0,0,0,unknown
030023,786182,07/01/2021,06/30/2022,0.0,0.0,0.0,0.0,0.0,0.0,0.0,0,0,0,0,unknown
030084,786183,10/01/2020,09/30/2021,0.0,0.0,0.0,0.0,0.0,0.0,0.0,0,0,0,0,unknown
040118,786184,10/01/2020,09/30/2021,0.0,0.0,0.0,0.0,0.0,0.0,0.0,0,0,0,0,unknown
160104,786203,01/01/2021,12/31/2021,0.0,0.0,0.0,0.0,0.0,0.0,0.0,0,0,0,0,unknown
313035,786217,01/01/2021,12/31/2021,0.0,0.0,0.0,0.0,0.0,0.0,0.0,0,0,0,0,unknown
450484,786234,01/01/2021,12/31/2021,0.0,0.0,0.0,0.0,0.0,0.0,0.0,0,0,0,0,unknown
520038,786239,01/01/2021,12/31/2021,0.0,0.0,0.0,0.0,0.0,0.0,0.0,0,0,0,0,unknown
521320,786240,10/01/2020,09/30/2021,0.0,0.0,0.0,0.0,0.0,0.0,0.0,0,0,0,0,unknown
210004,786266,07/01/2021,06/30/2022,0.0,0.0,0.0,0.0,0.0,0.0,0.0,0,0,0,0,unknown
220020,786267,01/01/2021,12/31/2021,0.0,0.0,0.0,0.0,0.0,0.0,0.0,0,0,0,0,unknown
260081,786272,01/01/2021,12/31/2021,0.0,0.0,0.0,0.0,0.0,0.0,0.0,0,0,0,0,unknown
040078,786316,09/01/2021,08/31/2022,0.0,0.0,0.0,0.0,0.0,0.0,0.0,0,0,0,0,unknown
040085,786317,01/01/2021,12/31/2021,0.0,0.0,0.0,0.0,0.0,0.0,0.0,0,0,0,0,unknown
050510,786318,01/01/2021,12/31/2021,0.0,0.0,0.0,0.0,0.0,0.0,0.0,0,0,0,0,unknown
100307,786322,07/01/2021,06/30/2022,0.0,0.0,0.0,0.0,0.0,0.0,0.0,0,0,0,0,unknown
160117,786333,01/01/2021,12/31/2021,0.0,0.0,0.0,0.0,0.0,0.0,0.0,0,0,0,0,unknown
180001,786403,01/01/2021,12/31/2021,0.0,0.0,0.0,0.0,0.0,0.0,0.0,0,0,0,0,unknown
180002,786404,07/01/2021,06/30/2022,0.0,0.0,0.0,0.0,0.0,0.0,0.0,0,0,0,0,unknown
180079,786405,10/01/2020,09/30/2021,0.0,0.0,0.0,0.0,0.0,0.0,0.0,0,0,0,0,unknown
180105,786406,03/01/2021,02/28/2022,0.0,0.0,0.0,0.0,0.0,0.0,0.0,0,0,0,0,unknown
360091,786430,01/01/2021,12/31/2021,0.0,0.0,0.0,0.0,0.0,0.0,0.0,0,0,0,0,unknown
360170,786431,07/01/2021,06/30/2022,0.0,0.0,0.0,0.0,0.0,0.0,0.0,0,0,0,0,unknown
360203,786432,01/01/2021,12/31/2021,0.0,0.0,0.0,0.0,0.0,0.0,0.0,0,0,0,0,unknown
360355,786433,01/01/2021,12/31/2021,0.0,0.0,0.0,0.0,0.0,0.0,0.0,0,0,0,0,unknown
451990,786456,01/01/2021,12/31/2021,0.0,0.0,0.0,0.0,0.0,0.0,0.0,0,0,0,0,unknown
030007,786462,07/01/2021,06/30/2022,0.0,0.0,0.0,0.0,0.0,0.0,0.0,0,0,0,0,unknown
070021,786469,10/01/2020,09/30/2021,0.0,0.0,0.0,0.0,0.0,0.0,0.0,0,0,0,0,unknown
160047,786478,01/01/2021,12/31/2021,0.0,0.0,0.0,0.0,0.0,0.0,0.0,0,0,0,0,unknown
191312,786481,07/01/2021,06/30/2022,0.0,0.0,0.0,0.0,0.0,0.0,0.0,0,0,0,0,unknown
670280,786514,07/01/2021,06/30/2022,0.0,0.0,0.0,0.0,0.0,0.0,0.0,0,0,0,0,unknown
054074,786532,01/01/2021,12/31/2021,0.0,0.0,0.0,0.0,0.0,0.0,0.0,0,0,0,0,unknown
210065,786546,07/01/2021,06/30/2022,0.0,0.0,0.0,0.0,0.0,0.0,0.0,0,0,0,0,unknown
363041,786584,04/01/2021,03/31/2022,0.0,0.0,0.0,0.0,0.0,0.0,0.0,0,0,0,0,unknown
363043,786585,04/01/2021,03/31/2022,0.0,0.0,0.0,0.0,0.0,0.0,0.0,0,0,0,0,unknown
150051,786621,01/01/2021,12/31/2021,0.0,0.0,0.0,0.0,0.0,0.0,0.0,0,0,0,0,unknown
170014,786622,10/01/2020,09/30/2021,0.0,0.0,0.0,0.0,0.0,0.0,0.0,0,0,0,0,unknown
170110,786623,07/01/2021,06/30/2022,0.0,0.0,0.0,0.0,0.0,0.0,0.0,0,0,0,0,unknown
170185,786624,01/01/2021,12/31/2021,0.0,0.0,0.0,0.0,0.0,0.0,0.0,0,0,0,0,unknown
210023,786638,07/01/2021,06/30/2022,0.0,0.0,0.0,0.0,0.0,0.0,0.0,0,0,0,0,unknown
210033,786640,07/01/2021,06/30/2022,0.0,0.0,0.0,0.0,0.0,0.0,0.0,0,0,0,0,unknown
490114,786709,07/01/2021,06/30/2022,0.0,0.0,0.0,0.0,0.0,0.0,0.0,0,0,0,0,unknown
030074,786717,10/01/2020,09/30/2021,0.0,0.0,0.0,0.0,0.0,0.0,0.0,0,0,0,0,unknown
061325,786722,01/01/2021,12/31/2021,0.0,0.0,0.0,0.0,0.0,0.0,0.0,0,0,0,0,unknown
230097,786741,07/01/2021,06/30/2022,0.0,0.0,0.0,0.0,0.0,0.0,0.0,0,0,0,0,unknown
041300,786801,07/01/2021,06/30/2022,0.0,0.0,0.0,0.0,0.0,0.0,0.0,0,0,0,0,unknown
063034,786855,06/01/2021,05/31/2022,0.0,0.0,0.0,0.0,0.0,0.0,0.0,0,0,0,0,unknown
141338,786862,07/01/2021,06/30/2022,0.0,0.0,0.0,0.0,0.0,0.0,0.0,0,0,0,0,unknown
150004,786863,01/01/2021,12/31/2021,0.0,0.0,0.0,0.0,0.0,0.0,0.0,0,0,0,0,unknown
150076,786864,07/01/2021,06/30/2022,0.0,0.0,0.0,0.0,0.0,0.0,0.0,0,0,0,0,unknown
180012,786866,09/01/2021,08/31/2022,0.0,0.0,0.0,0.0,0.0,0.0,0.0,0,0,0,0,unknown
180020,786867,07/01/2021,06/30/2022,0.0,0.0,0.0,0.0,0.0,0.0,0.0,0,0,0,0,unknown
180035,786868,01/01/2021,12/31/2021,0.0,0.0,0.0,0.0,0.0,0.0,0.0,0,0,0,0,unknown
180066,786869,03/01/2021,02/28/2022,0.0,0.0,0.0,0.0,0.0,0.0,0.0,0,0,0,0,unknown
230217,786880,04/01/2021,03/31/2022,0.0,0.0,0.0,0.0,0.0,0.0,0.0,0,0,0,0,unknown
360010,786888,01/01/2021,12/31/2021,0.0,0.0,0.0,0.0,0.0,0.0,0.0,0,0,0,0,unknown
360046,786890,07/01/2021,06/30/2022,0.0,0.0,0.0,0.0,0.0,0.0,0.0,0,0,0,0,unknown
360089,786892,01/01/2021,12/31/2021,0.0,0.0,0.0,0.0,0.0,0.0,0.0,0,0,0,0,unknown
370166,786894,10/01/2020,09/30/2021,0.0,0.0,0.0,0.0,0.0,0.0,0.0,0,0,0,0,unknown
370210,786895,01/01/2021,12/31/2021,0.0,0.0,0.0,0.0,0.0,0.0,0.0,0,0,0,0,unknown
450051,786906,07/01/2021,06/30/2022,0.0,0.0,0.0,0.0,0.0,0.0,0.0,0,0,0,0,unknown
450055,786907,10/01/2020,09/30/2021,0.0,0.0,0.0,0.0,0.0,0.0,0.0,0,0,0,0,unknown
450723,786909,07/01/2021,06/30/2022,0.0,0.0,0.0,0.0,0.0,0.0,0.0,0,0,0,0,unknown
453065,786911,07/01/2021,06/30/2022,0.0,0.0,0.0,0.0,0.0,0.0,0.0,0,0,0,0,unknown
520063,786915,07/01/2021,06/30/2022,0.0,0.0,0.0,0.0,0.0,0.0,0.0,0,0,0,0,unknown
013032,786927,01/01/2021,12/31/2021,0.0,0.0,0.0,0.0,0.0,0.0,0.0,0,0,0,0,unknown
100329,786938,01/01/2021,12/31/2021,0.0,0.0,0.0,0.0,0.0,0.0,0.0,0,0,0,0,unknown
150008,786956,07/01/2021,06/30/2022,0.0,0.0,0.0,0.0,0.0,0.0,0.0,0,0,0,0,unknown
160110,786957,01/01/2021,12/31/2021,0.0,0.0,0.0,0.0,0.0,0.0,0.0,0,0,0,0,unknown
170146,786959,01/01/2021,12/31/2021,0.0,0.0,0.0,0.0,0.0,0.0,0.0,0,0,0,0,unknown
190013,786972,01/01/2021,12/31/2021,0.0,0.0,0.0,0.0,0.0,0.0,0.0,0,0,0,0,unknown
240115,786980,01/01/2021,12/31/2021,0.0,0.0,0.0,0.0,0.0,0.0,0.0,0,0,0,0,unknown
250138,786982,10/01/2020,09/30/2021,0.0,0.0,0.0,0.0,0.0,0.0,0.0,0,0,0,0,unknown
673034,787061,01/01/2021,12/31/2021,0.0,0.0,0.0,0.0,0.0,0.0,0.0,0,0,0,0,unknown
051337,787075,07/01/2021,06/30/2022,0.0,0.0,0.0,0.0,0.0,0.0,0.0,0,0,0,0,unknown
100092,787081,01/01/2021,12/31/2021,0.0,0.0,0.0,0.0,0.0,0.0,0.0,0,0,0,0,unknown
171364,787137,01/01/2021,12/31/2021,0.0,0.0,0.0,0.0,0.0,0.0,0.0,0,0,0,0,unknown
380102,787232,07/01/2021,06/30/2022,0.0,0.0,0.0,0.0,0.0,0.0,0.0,0,0,0,0,unknown
390265,787237,07/01/2021,06/30/2022,0.0,0.0,0.0,0.0,0.0,0.0,0.0,0,0,0,0,unknown
030136,787301,01/01/2021,12/31/2021,0.0,0.0,0.0,0.0,0.0,0.0,0.0,0,0,0,0,unknown
050073,787309,01/01/2021,12/31/2021,0.0,0.0,0.0,0.0,0.0,0.0,0.0,0,0,0,0,unknown
050075,787310,01/01/2021,12/31/2021,0.0,0.0,0.0,0.0,0.0,0.0,0.0,0,0,0,0,unknown
050557,787314,01/01/2021,12/31/2021,0.0,0.0,0.0,0.0,0.0,0.0,0.0,0,0,0,0,unknown
053034,787318,01/01/2021,12/31/2021,0.0,0.0,0.0,0.0,0.0,0.0,0.0,0,0,0,0,unknown
053039,787319,01/01/2021,12/31/2021,0.0,0.0,0.0,0.0,0.0,0.0,0.0,0,0,0,0,unknown
140290,787333,07/01/2021,06/30/2022,0.0,0.0,0.0,0.0,0.0,0.0,0.0,0,0,0,0,unknown
293032,787344,01/01/2021,12/31/2021,0.0,0.0,0.0,0.0,0.0,0.0,0.0,0,0,0,0,unknown
370220,787357,01/01/2021,12/31/2021,0.0,0.0,0.0,0.0,0.0,0.0,0.0,0,0,0,0,unknown
393031,787366,07/01/2021,06/30/2022,0.0,0.0,0.0,0.0,0.0,0.0,0.0,0,0,0,0,unknown
493031,787386,06/01/2021,05/31/2022,0.0,0.0,0.0,0.0,0.0,0.0,0.0,0,0,0,0,unknown
493032,787387,06/01/2021,05/31/2022,0.0,0.0,0.0,0.0,0.0,0.0,0.0,0,0,0,0,unknown
520057,787399,01/01/2021,12/31/2021,0.0,0.0,0.0,0.0,0.0,0.0,0.0,0,0,0,0,unknown
271324,787444,01/01/2021,05/31/2021,0.0,0.0,0.0,0.0,0.0,0.0,0.0,0,0,0,0,unknown
271324,787445,06/01/2021,03/31/2022,0.0,0.0,0.0,0.0,0.0,0.0,0.0,0,0,0,0,unknown
393037,787476,07/01/2021,06/30/2022,0.0,0.0,0.0,0.0,0.0,0.0,0.0,0,0,0,0,unknown
443031,787483,01/01/2021,12/31/2021,0.0,0.0,0.0,0.0,0.0,0.0,0.0,0,0,0,0,unknown
453059,787493,01/01/2021,12/31/2021,0.0,0.0,0.0,0.0,0.0,0.0,0.0,0,0,0,0,unknown
673032,787502,01/01/2021,12/31/2021,0.0,0.0,0.0,0.0,0.0,0.0,0.0,0,0,0,0,unknown
140077,787545,01/01/2021,12/31/2021,0.0,0.0,0.0,0.0,0.0,0.0,0.0,0,0,0,0,unknown
153028,787554,01/01/2021,12/31/2021,0.0,0.0,0.0,0.0,0.0,0.0,0.0,0,0,0,0,unknown
170137,787560,01/01/2021,12/31/2021,0.0,0.0,0.0,0.0,0.0,0.0,0.0,0,0,0,0,unknown
180069,787564,07/01/2021,06/30/2022,0.0,0.0,0.0,0.0,0.0,0.0,0.0,0,0,0,0,unknown
180087,787565,07/01/2021,06/30/2022,0.0,0.0,0.0,0.0,0.0,0.0,0.0,0,0,0,0,unknown
180101,787566,03/01/2021,02/28/2022,0.0,0.0,0.0,0.0,0.0,0.0,0.0,0,0,0,0,unknown
180130,787571,09/01/2021,08/31/2022,0.0,0.0,0.0,0.0,0.0,0.0,0.0,0,0,0,0,unknown
191308,787579,09/01/2021,08/31/2022,0.0,0.0,0.0,0.0,0.0,0.0,0.0,0,0,0,0,unknown
251309,787604,10/01/2020,09/30/2021,0.0,0.0,0.0,0.0,0.0,0.0,0.0,0,0,0,0,unknown
251337,787605,10/01/2020,09/30/2021,0.0,0.0,0.0,0.0,0.0,0.0,0.0,0,0,0,0,unknown
260085,787609,01/01/2021,12/31/2021,0.0,0.0,0.0,0.0,0.0,0.0,0.0,0,0,0,0,unknown
260177,787611,07/01/2021,06/30/2022,0.0,0.0,0.0,0.0,0.0,0.0,0.0,0,0,0,0,unknown
270074,787612,10/01/2020,09/30/2021,0.0,0.0,0.0,0.0,0.0,0.0,0.0,0,0,0,0,unknown
360006,787624,07/01/2021,06/30/2022,0.0,0.0,0.0,0.0,0.0,0.0,0.0,0,0,0,0,unknown
360096,787630,01/01/2021,12/31/2021,0.0,0.0,0.0,0.0,0.0,0.0,0.0,0,0,0,0,unknown
360098,787631,01/01/2021,12/31/2021,0.0,0.0,0.0,0.0,0.0,0.0,0.0,0,0,0,0,unknown
360121,787632,10/01/2020,09/30/2021,0.0,0.0,0.0,0.0,0.0,0.0,0.0,0,0,0,0,unknown
360133,787633,01/01/2021,12/31/2021,0.0,0.0,0.0,0.0,0.0,0.0,0.0,0,0,0,0,unknown
360145,787634,01/01/2021,12/31/2021,0.0,0.0,0.0,0.0,0.0,0.0,0.0,0,0,0,0,unknown
360148,787635,01/01/2021,12/31/2021,0.0,0.0,0.0,0.0,0.0,0.0,0.0,0,0,0,0,unknown
360259,787636,01/01/2021,12/31/2021,0.0,0.0,0.0,0.0,0.0,0.0,0.0,0,0,0,0,unknown
360361,787637,10/01/2020,09/30/2021,0.0,0.0,0.0,0.0,0.0,0.0,0.0,0,0,0,0,unknown
371333,787638,10/01/2020,12/31/2020,0.0,0.0,0.0,0.0,0.0,0.0,0.0,0,0,0,0,unknown
673058,787681,05/01/2021,04/30/2022,0.0,0.0,0.0,0.0,0.0,0.0,0.0,0,0,0,0,unknown
010046,787683,01/01/2021,12/31/2021,0.0,0.0,0.0,0.0,0.0,0.0,0.0,0,0,0,0,unknown
010049,787684,01/01/2021,12/31/2021,0.0,0.0,0.0,0.0,0.0,0.0,0.0,0,0,0,0,unknown
110189,787705,01/01/2021,12/31/2021,0.0,0.0,0.0,0.0,0.0,0.0,0.0,0,0,0,0,unknown
150088,787710,07/01/2021,06/30/2022,0.0,0.0,0.0,0.0,0.0,0.0,0.0,0,0,0,0,unknown
150161,787712,01/01/2021,12/31/2021,0.0,0.0,0.0,0.0,0.0,0.0,0.0,0,0,0,0,unknown
190064,787723,07/01/2021,06/30/2022,0.0,0.0,0.0,0.0,0.0,0.0,0.0,0,0,0,0,unknown
260050,787728,07/01/2021,06/30/2022,0.0,0.0,0.0,0.0,0.0,0.0,0.0,0,0,0,0,unknown
260078,787729,01/01/2021,12/31/2021,0.0,0.0,0.0,0.0,0.0,0.0,0.0,0,0,0,0,unknown
100099,787819,07/01/2021,06/30/2022,0.0,0.0,0.0,0.0,0.0,0.0,0.0,0,0,0,0,unknown
150169,787832,01/01/2021,12/31/2021,0.0,0.0,0.0,0.0,0.0,0.0,0.0,0,0,0,0,unknown
181325,787839,07/01/2021,06/30/2022,0.0,0.0,0.0,0.0,0.0,0.0,0.0,0,0,0,0,unknown
220126,787851,01/01/2021,12/31/2021,0.0,0.0,0.0,0.0,0.0,0.0,0.0,0,0,0,0,unknown
230118,787853,10/01/2020,01/29/2021,0.0,0.0,0.0,0.0,0.0,0.0,0.0,0,0,0,0,unknown
250151,787861,01/01/2021,12/31/2021,0.0,0.0,0.0,0.0,0.0,0.0,0.0,0,0,0,0,unknown
313032,787872,01/01/2021,12/31/2021,0.0,0.0,0.0,0.0,0.0,0.0,0.0,0,0,0,0,unknown
220177,787994,10/01/2020,09/30/2021,0.0,0.0,0.0,0.0,0.0,0.0,0.0,0,0,0,0,unknown
250127,787999,10/01/2020,09/30/2021,0.0,0.0,0.0,0.0,0.0,0.0,0.0,0,0,0,0,unknown
451386,788084,07/01/2021,06/30/2022,0.0,0.0,0.0,0.0,0.0,0.0,0.0,0,0,0,0,unknown
460003,788085,09/01/2021,08/31/2022,0.0,0.0,0.0,0.0,0.0,0.0,0.0,0,0,0,0,unknown
520091,788093,07/01/2021,06/30/2022,0.0,0.0,0.0,0.0,0.0,0.0,0.0,0,0,0,0,unknown
150018,788148,01/01/2021,12/31/2021,0.0,0.0,0.0,0.0,0.0,0.0,0.0,0,0,0,0,unknown
150090,788151,01/01/2021,12/31/2021,0.0,0.0,0.0,0.0,0.0,0.0,0.0,0,0,0,0,unknown
170016,788154,07/01/2021,06/30/2022,0.0,0.0,0.0,0.0,0.0,0.0,0.0,0,0,0,0,unknown
260097,788173,01/01/2021,12/31/2021,0.0,0.0,0.0,0.0,0.0,0.0,0.0,0,0,0,0,unknown
370002,788189,06/01/2021,05/31/2022,0.0,0.0,0.0,0.0,0.0,0.0,0.0,0,0,0,0,unknown
370026,788194,01/01/2021,12/31/2021,0.0,0.0,0.0,0.0,0.0,0.0,0.0,0,0,0,0,unknown
371333,788205,01/01/2021,09/30/2021,0.0,0.0,0.0,0.0,0.0,0.0,0.0,0,0,0,0,unknown
390162,788207,07/01/2021,06/30/2022,0.0,0.0,0.0,0.0,0.0,0.0,0.0,0,0,0,0,unknown
390278,788209,07/01/2021,06/30/2022,0.0,0.0,0.0,0.0,0.0,0.0,0.0,0,0,0,0,unknown
060124,788307,07/01/2021,06/30/2022,0.0,0.0,0.0,0.0,0.0,0.0,0.0,0,0,0,0,unknown
180029,788344,07/01/2021,06/30/2022,0.0,0.0,0.0,0.0,0.0,0.0,0.0,0,0,0,0,unknown
180044,788345,10/01/2020,09/30/2021,0.0,0.0,0.0,0.0,0.0,0.0,0.0,0,0,0,0,unknown
180056,788348,10/01/2020,09/30/2021,0.0,0.0,0.0,0.0,0.0,0.0,0.0,0,0,0,0,unknown
240014,788363,01/01/2021,12/31/2021,0.0,0.0,0.0,0.0,0.0,0.0,0.0,0,0,0,0,unknown
240084,788364,07/01/2021,06/30/2022,0.0,0.0,0.0,0.0,0.0,0.0,0.0,0,0,0,0,unknown
360040,788399,01/01/2021,12/31/2021,0.0,0.0,0.0,0.0,0.0,0.0,0.0,0,0,0,0,unknown
360152,788405,07/01/2021,06/30/2022,0.0,0.0,0.0,0.0,0.0,0.0,0.0,0,0,0,0,unknown
360161,788406,01/01/2021,12/31/2021,0.0,0.0,0.0,0.0,0.0,0.0,0.0,0,0,0,0,unknown
360185,788407,07/01/2021,06/30/2022,0.0,0.0,0.0,0.0,0.0,0.0,0.0,0,0,0,0,unknown
360245,788410,01/01/2021,12/31/2021,0.0,0.0,0.0,0.0,0.0,0.0,0.0,0,0,0,0,unknown
520044,788473,07/01/2021,06/30/2022,0.0,0.0,0.0,0.0,0.0,0.0,0.0,0,0,0,0,unknown
520113,788476,01/01/2021,12/31/2021,0.0,0.0,0.0,0.0,0.0,0.0,0.0,0,0,0,0,unknown
521329,788479,07/01/2021,06/30/2022,0.0,0.0,0.0,0.0,0.0,0.0,0.0,0,0,0,0,unknown
093025,788506,07/01/2021,06/30/2022,0.0,0.0,0.0,0.0,0.0,0.0,0.0,0,0,0,0,unknown
150065,788522,01/01/2021,12/31/2021,0.0,0.0,0.0,0.0,0.0,0.0,0.0,0,0,0,0,unknown
160016,788523,01/01/2021,12/31/2021,0.0,0.0,0.0,0.0,0.0,0.0,0.0,0,0,0,0,unknown
193067,788540,08/01/2021,07/31/2022,0.0,0.0,0.0,0.0,0.0,0.0,0.0,0,0,0,0,unknown
230035,788545,01/01/2021,12/31/2021,0.0,0.0,0.0,0.0,0.0,0.0,0.0,0,0,0,0,unknown
390068,788604,07/01/2021,06/30/2022,0.0,0.0,0.0,0.0,0.0,0.0,0.0,0,0,0,0,unknown
010150,788674,10/01/2020,09/30/2021,0.0,0.0,0.0,0.0,0.0,0.0,0.0,0,0,0,0,unknown
100070,788711,01/01/2021,12/31/2021,0.0,0.0,0.0,0.0,0.0,0.0,0.0,0,0,0,0,unknown
113029,788731,01/01/2021,12/31/2021,0.0,0.0,0.0,0.0,0.0,0.0,0.0,0,0,0,0,unknown
140013,788737,01/01/2021,12/31/2021,0.0,0.0,0.0,0.0,0.0,0.0,0.0,0,0,0,0,unknown
140064,788738,10/01/2020,09/30/2021,0.0,0.0,0.0,0.0,0.0,0.0,0.0,0,0,0,0,unknown
140110,788739,10/01/2020,09/30/2021,0.0,0.0,0.0,0.0,0.0,0.0,0.0,0,0,0,0,unknown
230254,788756,07/01/2021,06/30/2022,0.0,0.0,0.0,0.0,0.0,0.0,0.0,0,0,0,0,unknown
233027,788757,11/01/2020,10/31/2021,0.0,0.0,0.0,0.0,0.0,0.0,0.0,0,0,0,0,unknown
260027,788764,01/01/2021,12/31/2021,0.0,0.0,0.0,0.0,0.0,0.0,0.0,0,0,0,0,unknown
260095,788765,04/01/2021,03/31/2022,0.0,0.0,0.0,0.0,0.0,0.0,0.0,0,0,0,0,unknown
260102,788766,07/01/2021,06/30/2022,0.0,0.0,0.0,0.0,0.0,0.0,0.0,0,0,0,0,unknown
260190,788767,10/01/2020,09/30/2021,0.0,0.0,0.0,0.0,0.0,0.0,0.0,0,0,0,0,unknown
260195,788768,06/01/2021,05/31/2022,0.0,0.0,0.0,0.0,0.0,0.0,0.0,0,0,0,0,unknown
280065,788777,01/01/2021,12/31/2021,0.0,0.0,0.0,0.0,0.0,0.0,0.0,0,0,0,0,unknown
420049,788839,10/01/2020,09/30/2021,0.0,0.0,0.0,0.0,0.0,0.0,0.0,0,0,0,0,unknown
041314,788951,07/01/2021,06/30/2022,0.0,0.0,0.0,0.0,0.0,0.0,0.0,0,0,0,0,unknown
050194,788982,08/01/2021,07/31/2022,0.0,0.0,0.0,0.0,0.0,0.0,0.0,0,0,0,0,unknown
140184,789236,05/01/2021,04/30/2022,0.0,0.0,0.0,0.0,0.0,0.0,0.0,0,0,0,0,unknown
160045,789367,01/01/2021,12/31/2021,0.0,0.0,0.0,0.0,0.0,0.0,0.0,0,0,0,0,unknown
170009,789387,01/01/2021,12/31/2021,0.0,0.0,0.0,0.0,0.0,0.0,0.0,0,0,0,0,unknown
500044,789949,01/01/2021,12/31/2021,0.0,0.0,0.0,0.0,0.0,0.0,0.0,0,0,0,0,unknown
230277,790306,11/01/2020,10/31/2021,0.0,0.0,0.0,0.0,0.0,0.0,0.0,0,0,0,0,unknown
332008,790466,07/01/2021,06/30/2022,0.0,0.0,0.0,0.0,0.0,0.0,0.0,0,0,0,0,unknown
520102,790564,01/01/2021,12/31/2021,0.0,0.0,0.0,0.0,0.0,0.0,0.0,0,0,0,0,unknown
150011,790617,07/01/2021,06/30/2022,0.0,0.0,0.0,0.0,0.0,0.0,0.0,0,0,0,0,unknown
180048,790630,10/01/2020,09/30/2021,0.0,0.0,0.0,0.0,0.0,0.0,0.0,0,0,0,0,unknown
193058,790639,06/01/2021,05/31/2022,0.0,0.0,0.0,0.0,0.0,0.0,0.0,0,0,0,0,unknown
230080,790648,10/01/2020,09/30/2021,0.0,0.0,0.0,0.0,0.0,0.0,0.0,0,0,0,0,unknown
260077,790654,07/01/2021,06/30/2022,0.0,0.0,0.0,0.0,0.0,0.0,0.0,0,0,0,0,unknown
280125,790659,01/01/2021,12/31/2021,0.0,0.0,0.0,0.0,0.0,0.0,0.0,0,0,0,0,unknown
280128,790660,07/01/2021,06/30/2022,0.0,0.0,0.0,0.0,0.0,0.0,0.0,0,0,0,0,unknown
360270,790671,01/01/2021,12/31/2021,0.0,0.0,0.0,0.0,0.0,0.0,0.0,0,0,0,0,unknown
390026,790680,07/01/2021,06/30/2022,0.0,0.0,0.0,0.0,0.0,0.0,0.0,0,0,0,0,unknown
450447,790684,01/01/2021,12/31/2021,0.0,0.0,0.0,0.0,0.0,0.0,0.0,0,0,0,0,unknown
010058,790705,10/01/2020,09/30/2021,0.0,0.0,0.0,0.0,0.0,0.0,0.0,0,0,0,0,unknown
010138,790709,01/01/2021,12/31/2021,0.0,0.0,0.0,0.0,0.0,0.0,0.0,0,0,0,0,unknown
030077,790711,10/01/2020,09/30/2021,0.0,0.0,0.0,0.0,0.0,0.0,0.0,0,0,0,0,unknown
150006,790738,01/01/2021,12/31/2021,0.0,0.0,0.0,0.0,0.0,0.0,0.0,0,0,0,0,unknown
150035,790739,01/01/2021,12/31/2021,0.0,0.0,0.0,0.0,0.0,0.0,0.0,0,0,0,0,unknown
150058,790740,01/01/2021,12/31/2021,0.0,0.0,0.0,0.0,0.0,0.0,0.0,0,0,0,0,unknown
150112,790741,01/01/2021,12/31/2021,0.0,0.0,0.0,0.0,0.0,0.0,0.0,0,0,0,0,unknown
170020,790743,07/01/2021,06/30/2022,0.0,0.0,0.0,0.0,0.0,0.0,0.0,0,0,0,0,unknown
180141,790748,07/01/2021,06/30/2022,0.0,0.0,0.0,0.0,0.0,0.0,0.0,0,0,0,0,unknown
190014,790750,01/01/2021,12/31/2021,0.0,0.0,0.0,0.0,0.0,0.0,0.0,0,0,0,0,unknown
191302,790753,10/01/2020,09/30/2021,0.0,0.0,0.0,0.0,0.0,0.0,0.0,0,0,0,0,unknown
220066,790758,07/01/2021,06/30/2022,0.0,0.0,0.0,0.0,0.0,0.0,0.0,0,0,0,0,unknown
230054,790762,07/01/2021,06/30/2022,0.0,0.0,0.0,0.0,0.0,0.0,0.0,0,0,0,0,unknown
230089,790763,07/01/2021,06/30/2022,0.0,0.0,0.0,0.0,0.0,0.0,0.0,0,0,0,0,unknown
230121,790765,01/01/2021,12/31/2021,0.0,0.0,0.0,0.0,0.0,0.0,0.0,0,0,0,0,unknown
260011,790769,01/01/2021,12/31/2021,0.0,0.0,0.0,0.0,0.0,0.0,0.0,0,0,0,0,unknown
320085,790776,04/01/2021,03/31/2022,0.0,0.0,0.0,0.0,0.0,0.0,0.0,0,0,0,0,unknown
360058,790788,04/01/2021,03/31/2022,0.0,0.0,0.0,0.0,0.0,0.0,0.0,0,0,0,0,unknown
440056,790803,10/01/2020,09/30/2021,0.0,0.0,0.0,0.0,0.0,0.0,0.0,0,0,0,0,unknown
450203,790806,10/01/2020,09/30/2021,0.0,0.0,0.0,0.0,0.0,0.0,0.0,0,0,0,0,unknown
451370,790809,01/01/2021,12/31/2021,0.0,0.0,0.0,0.0,0.0,0.0,0.0,0,0,0,0,unknown
161304,790835,07/01/2021,06/30/2022,0.0,0.0,0.0,0.0,0.0,0.0,0.0,0,0,0,0,unknown
190267,790837,01/01/2021,12/31/2021,0.0,0.0,0.0,0.0,0.0,0.0,0.0,0,0,0,0,unknown
220046,790839,10/01/2020,09/30/2021,0.0,0.0,0.0,0.0,0.0,0.0,0.0,0,0,0,0,unknown
220175,790841,02/01/2021,01/31/2022,0.0,0.0,0.0,0.0,0.0,0.0,0.0,0,0,0,0,unknown
230110,790843,01/01/2021,12/31/2021,0.0,0.0,0.0,0.0,0.0,0.0,0.0,0,0,0,0,unknown
260068,790848,01/01/2021,12/31/2021,0.0,0.0,0.0,0.0,0.0,0.0,0.0,0,0,0,0,unknown
260108,790849,01/01/2021,12/31/2021,0.0,0.0,0.0,0.0,0.0,0.0,0.0,0,0,0,0,unknown
280061,790850,01/01/2021,12/31/2021,0.0,0.0,0.0,0.0,0.0,0.0,0.0,0,0,0,0,unknown
510091,790876,01/01/2021,12/31/2021,0.0,0.0,0.0,0.0,0.0,0.0,0.0,0,0,0,0,unknown
030087,790880,01/01/2021,12/31/2021,0.0,0.0,0.0,0.0,0.0,0.0,0.0,0,0,0,0,unknown
050009,790881,07/01/2021,06/30/2022,0.0,0.0,0.0,0.0,0.0,0.0,0.0,0,0,0,0,unknown
050070,790889,01/01/2021,12/31/2021,0.0,0.0,0.0,0.0,0.0,0.0,0.0,0,0,0,0,unknown
050091,790890,01/01/2021,12/31/2021,0.0,0.0,0.0,0.0,0.0,0.0,0.0,0,0,0,0,unknown
050122,790891,01/01/2021,12/31/2021,0.0,0.0,0.0,0.0,0.0,0.0,0.0,0,0,0,0,unknown
050128,790893,07/01/2021,06/30/2022,0.0,0.0,0.0,0.0,0.0,0.0,0.0,0,0,0,0,unknown
050132,790894,07/01/2021,06/30/2022,0.0,0.0,0.0,0.0,0.0,0.0,0.0,0,0,0,0,unknown
050313,790901,01/01/2021,12/31/2021,0.0,0.0,0.0,0.0,0.0,0.0,0.0,0,0,0,0,unknown
110125,790913,05/01/2021,04/30/2022,0.0,0.0,0.0,0.0,0.0,0.0,0.0,0,0,0,0,unknown
140084,790915,12/01/2020,11/30/2021,0.0,0.0,0.0,0.0,0.0,0.0,0.0,0,0,0,0,unknown
153047,790916,05/01/2021,04/30/2022,0.0,0.0,0.0,0.0,0.0,0.0,0.0,0,0,0,0,unknown
153048,790917,03/18/2021,12/31/2021,0.0,0.0,0.0,0.0,0.0,0.0,0.0,0,0,0,0,unknown
160067,790918,07/01/2021,06/30/2022,0.0,0.0,0.0,0.0,0.0,0.0,0.0,0,0,0,0,unknown
160080,790919,07/01/2021,06/30/2022,0.0,0.0,0.0,0.0,0.0,0.0,0.0,0,0,0,0,unknown
173025,790922,01/01/2021,12/31/2021,0.0,0.0,0.0,0.0,0.0,0.0,0.0,0,0,0,0,unknown
193086,790929,01/01/2021,12/31/2021,0.0,0.0,0.0,0.0,0.0,0.0,0.0,0,0,0,0,unknown
230030,790932,07/01/2021,06/30/2022,0.0,0.0,0.0,0.0,0.0,0.0,0.0,0,0,0,0,unknown
250025,790936,10/01/2020,09/30/2021,0.0,0.0,0.0,0.0,0.0,0.0,0.0,0,0,0,0,unknown
260191,790940,01/01/2021,12/31/2021,0.0,0.0,0.0,0.0,0.0,0.0,0.0,0,0,0,0,unknown
363026,790949,01/01/2021,12/31/2021,0.0,0.0,0.0,0.0,0.0,0.0,0.0,0,0,0,0,unknown
380071,790960,01/01/2021,12/31/2021,0.0,0.0,0.0,0.0,0.0,0.0,0.0,0,0,0,0,unknown
420079,790968,04/01/2021,03/31/2022,0.0,0.0,0.0,0.0,0.0,0.0,0.0,0,0,0,0,unknown
450669,790972,06/01/2021,05/31/2022,0.0,0.0,0.0,0.0,0.0,0.0,0.0,0,0,0,0,unknown
453057,790975,01/01/2021,12/31/2021,0.0,0.0,0.0,0.0,0.0,0.0,0.0,0,0,0,0,unknown
490067,790979,01/01/2021,12/31/2021,0.0,0.0,0.0,0.0,0.0,0.0,0.0,0,0,0,0,unknown
010144,790984,01/01/2021,12/31/2021,0.0,0.0,0.0,0.0,0.0,0.0,0.0,0,0,0,0,unknown
040019,790987,10/01/2020,09/30/2021,0.0,0.0,0.0,0.0,0.0,0.0,0.0,0,0,0,0,unknown
050537,790989,01/01/2021,12/31/2021,0.0,0.0,0.0,0.0,0.0,0.0,0.0,0,0,0,0,unknown
050777,790991,01/01/2021,12/31/2021,0.0,0.0,0.0,0.0,0.0,0.0,0.0,0,0,0,0,unknown
053040,790992,10/01/2020,09/30/2021,0.0,0.0,0.0,0.0,0.0,0.0,0.0,0,0,0,0,unknown
053041,790993,01/01/2021,12/31/2021,0.0,0.0,0.0,0.0,0.0,0.0,0.0,0,0,0,0,unknown
100224,790996,05/01/2021,04/30/2022,0.0,0.0,0.0,0.0,0.0,0.0,0.0,0,0,0,0,unknown
110089,790999,01/01/2021,12/31/2021,0.0,0.0,0.0,0.0,0.0,0.0,0.0,0,0,0,0,unknown
140294,791003,01/01/2021,12/31/2021,0.0,0.0,0.0,0.0,0.0,0.0,0.0,0,0,0,0,unknown
150160,791005,01/01/2021,12/31/2021,0.0,0.0,0.0,0.0,0.0,0.0,0.0,0,0,0,0,unknown
150173,791006,01/01/2021,12/31/2021,0.0,0.0,0.0,0.0,0.0,0.0,0.0,0,0,0,0,unknown
150177,791007,01/01/2021,12/31/2021,0.0,0.0,0.0,0.0,0.0,0.0,0.0,0,0,0,0,unknown
170145,791008,01/01/2021,12/31/2021,0.0,0.0,0.0,0.0,0.0,0.0,0.0,0,0,0,0,unknown
250038,791022,01/01/2021,12/31/2021,0.0,0.0,0.0,0.0,0.0,0.0,0.0,0,0,0,0,unknown
260023,791023,07/01/2021,06/30/2022,0.0,0.0,0.0,0.0,0.0,0.0,0.0,0,0,0,0,unknown
260193,791024,01/01/2021,12/31/2021,0.0,0.0,0.0,0.0,0.0,0.0,0.0,0,0,0,0,unknown
280133,791026,01/01/2021,12/31/2021,0.0,0.0,0.0,0.0,0.0,0.0,0.0,0,0,0,0,unknown
010022,791055,07/01/2021,12/31/2021,0.0,0.0,0.0,0.0,0.0,0.0,0.0,0,0,0,0,unknown
050204,791067,01/01/2021,12/31/2021,0.0,0.0,0.0,0.0,0.0,0.0,0.0,0,0,0,0,unknown
060023,791073,01/01/2021,12/31/2021,0.0,0.0,0.0,0.0,0.0,0.0,0.0,0,0,0,0,unknown
140063,791081,07/01/2021,06/30/2022,0.0,0.0,0.0,0.0,0.0,0.0,0.0,0,0,0,0,unknown
150109,791094,01/01/2021,12/31/2021,0.0,0.0,0.0,0.0,0.0,0.0,0.0,0,0,0,0,unknown
150166,791098,01/01/2021,12/31/2021,0.0,0.0,0.0,0.0,0.0,0.0,0.0,0,0,0,0,unknown
190086,791114,10/01/2020,09/30/2021,0.0,0.0,0.0,0.0,0.0,0.0,0.0,0,0,0,0,unknown
230037,791122,07/01/2021,06/30/2022,0.0,0.0,0.0,0.0,0.0,0.0,0.0,0,0,0,0,unknown
320060,791153,10/01/2020,09/30/2021,0.0,0.0,0.0,0.0,0.0,0.0,0.0,0,0,0,0,unknown
330410,791155,01/01/2021,12/31/2021,0.0,0.0,0.0,0.0,0.0,0.0,0.0,0,0,0,0,unknown
390058,791163,07/01/2021,06/30/2022,0.0,0.0,0.0,0.0,0.0,0.0,0.0,0,0,0,0,unknown
450643,791174,01/01/2021,12/31/2021,0.0,0.0,0.0,0.0,0.0,0.0,0.0,0,0,0,0,unknown
520027,791193,07/01/2021,03/31/2022,0.0,0.0,0.0,0.0,0.0,0.0,0.0,0,0,0,0,unknown
673031,791195,06/01/2021,12/31/2021,0.0,0.0,0.0,0.0,0.0,0.0,0.0,0,0,0,0,unknown
040134,791202,10/01/2020,09/30/2021,0.0,0.0,0.0,0.0,0.0,0.0,0.0,0,0,0,0,unknown
041331,791204,01/01/2021,12/31/2021,0.0,0.0,0.0,0.0,0.0,0.0,0.0,0,0,0,0,unknown
060001,791218,01/01/2021,12/31/2021,0.0,0.0,0.0,0.0,0.0,0.0,0.0,0,0,0,0,unknown
061317,791221,01/01/2021,12/31/2021,0.0,0.0,0.0,0.0,0.0,0.0,0.0,0,0,0,0,unknown
140058,791252,10/01/2020,09/30/2021,0.0,0.0,0.0,0.0,0.0,0.0,0.0,0,0,0,0,unknown
140233,791253,10/01/2020,09/30/2021,0.0,0.0,0.0,0.0,0.0,0.0,0.0,0,0,0,0,unknown
150009,791255,08/01/2021,07/31/2022,0.0,0.0,0.0,0.0,0.0,0.0,0.0,0,0,0,0,unknown
170186,791259,01/01/2021,12/31/2021,0.0,0.0,0.0,0.0,0.0,0.0,0.0,0,0,0,0,unknown
190034,791260,01/01/2021,12/31/2021,0.0,0.0,0.0,0.0,0.0,0.0,0.0,0,0,0,0,unknown
190144,791263,09/01/2021,08/31/2022,0.0,0.0,0.0,0.0,0.0,0.0,0.0,0,0,0,0,unknown
230071,791303,11/01/2020,10/31/2021,0.0,0.0,0.0,0.0,0.0,0.0,0.0,0,0,0,0,unknown
230244,791305,01/01/2021,12/31/2021,0.0,0.0,0.0,0.0,0.0,0.0,0.0,0,0,0,0,unknown
230264,791306,01/01/2021,12/31/2021,0.0,0.0,0.0,0.0,0.0,0.0,0.0,0,0,0,0,unknown
251315,791310,10/01/2020,09/30/2021,0.0,0.0,0.0,0.0,0.0,0.0,0.0,0,0,0,0,unknown
260034,791312,01/01/2021,12/31/2021,0.0,0.0,0.0,0.0,0.0,0.0,0.0,0,0,0,0,unknown
260160,791313,01/01/2021,12/31/2021,0.0,0.0,0.0,0.0,0.0,0.0,0.0,0,0,0,0,unknown
280131,791319,01/01/2021,12/31/2021,0.0,0.0,0.0,0.0,0.0,0.0,0.0,0,0,0,0,unknown
290021,791320,01/01/2021,12/31/2021,0.0,0.0,0.0,0.0,0.0,0.0,0.0,0,0,0,0,unknown
310110,791330,01/01/2021,12/31/2021,0.0,0.0,0.0,0.0,0.0,0.0,0.0,0,0,0,0,unknown
390145,791429,07/01/2021,06/30/2022,0.0,0.0,0.0,0.0,0.0,0.0,0.0,0,0,0,0,unknown
451381,791451,07/01/2021,06/30/2022,0.0,0.0,0.0,0.0,0.0,0.0,0.0,0,0,0,0,unknown
130073,791469,01/01/2021,12/31/2021,0.0,0.0,0.0,0.0,0.0,0.0,0.0,0,0,0,0,unknown
150002,791471,01/01/2021,12/31/2021,0.0,0.0,0.0,0.0,0.0,0.0,0.0,0,0,0,0,unknown
171384,791482,01/01/2021,12/31/2021,0.0,0.0,0.0,0.0,0.0,0.0,0.0,0,0,0,0,unknown
310011,791491,01/01/2021,12/31/2021,0.0,0.0,0.0,0.0,0.0,0.0,0.0,0,0,0,0,unknown
460057,791532,01/01/2021,12/31/2021,0.0,0.0,0.0,0.0,0.0,0.0,0.0,0,0,0,0,unknown
250067,791568,10/01/2020,09/30/2021,0.0,0.0,0.0,0.0,0.0,0.0,0.0,0,0,0,0,unknown
110192,791675,09/01/2021,06/30/2022,0.0,0.0,0.0,0.0,0.0,0.0,0.0,0,0,0,0,unknown
150150,791688,04/01/2021,03/31/2022,0.0,0.0,0.0,0.0,0.0,0.0,0.0,0,0,0,0,unknown
180051,791696,01/01/2021,12/31/2021,0.0,0.0,0.0,0.0,0.0,0.0,0.0,0,0,0,0,unknown
180064,791697,07/01/2021,06/30/2022,0.0,0.0,0.0,0.0,0.0,0.0,0.0,0,0,0,0,unknown
190318,791703,10/01/2020,09/30/2021,0.0,0.0,0.0,0.0,0.0,0.0,0.0,0,0,0,0,unknown
230069,791715,07/01/2021,06/30/2022,0.0,0.0,0.0,0.0,0.0,0.0,0.0,0,0,0,0,unknown
250117,791722,10/01/2020,09/30/2021,0.0,0.0,0.0,0.0,0.0,0.0,0.0,0,0,0,0,unknown
260006,791724,07/01/2021,06/30/2022,0.0,0.0,0.0,0.0,0.0,0.0,0.0,0,0,0,0,unknown
260057,791725,10/01/2020,09/30/2021,0.0,0.0,0.0,0.0,0.0,0.0,0.0,0,0,0,0,unknown
260104,791726,01/01/2021,12/31/2021,0.0,0.0,0.0,0.0,0.0,0.0,0.0,0,0,0,0,unknown
260180,791727,01/01/2021,12/31/2021,0.0,0.0,0.0,0.0,0.0,0.0,0.0,0,0,0,0,unknown
360175,791745,01/01/2021,12/31/2021,0.0,0.0,0.0,0.0,0.0,0.0,0.0,0,0,0,0,unknown
390070,791757,01/01/2021,12/31/2021,0.0,0.0,0.0,0.0,0.0,0.0,0.0,0,0,0,0,unknown
390101,791759,07/01/2021,06/30/2022,0.0,0.0,0.0,0.0,0.0,0.0,0.0,0,0,0,0,unknown
440175,791772,12/01/2020,11/30/2021,0.0,0.0,0.0,0.0,0.0,0.0,0.0,0,0,0,0,unknown
450747,791777,01/01/2021,12/31/2021,0.0,0.0,0.0,0.0,0.0,0.0,0.0,0,0,0,0,unknown
453035,791781,06/01/2021,05/31/2022,0.0,0.0,0.0,0.0,0.0,0.0,0.0,0,0,0,0,unknown
460005,791784,06/01/2021,05/31/2022,0.0,0.0,0.0,0.0,0.0,0.0,0.0,0,0,0,0,unknown
460047,791785,07/01/2021,06/30/2022,0.0,0.0,0.0,0.0,0.0,0.0,0.0,0,0,0,0,unknown
030073,791807,10/01/2020,09/30/2021,0.0,0.0,0.0,0.0,0.0,0.0,0.0,0,0,0,0,unknown
030113,791808,10/01/2020,09/30/2021,0.0,0.0,0.0,0.0,0.0,0.0,0.0,0,0,0,0,unknown
040041,791811,09/01/2021,08/31/2022,0.0,0.0,0.0,0.0,0.0,0.0,0.0,0,0,0,0,unknown
050261,791822,07/01/2021,06/30/2022,0.0,0.0,0.0,0.0,0.0,0.0,0.0,0,0,0,0,unknown
050425,791831,01/01/2021,12/31/2021,0.0,0.0,0.0,0.0,0.0,0.0,0.0,0,0,0,0,unknown
050609,791832,01/01/2021,12/31/2021,0.0,0.0,0.0,0.0,0.0,0.0,0.0,0,0,0,0,unknown
141347,791878,08/01/2021,07/31/2022,0.0,0.0,0.0,0.0,0.0,0.0,0.0,0,0,0,0,unknown
150005,791879,01/01/2021,12/31/2021,0.0,0.0,0.0,0.0,0.0,0.0,0.0,0,0,0,0,unknown
230270,791898,07/01/2021,06/30/2022,0.0,0.0,0.0,0.0,0.0,0.0,0.0,0,0,0,0,unknown
260183,791903,07/01/2021,06/30/2022,0.0,0.0,0.0,0.0,0.0,0.0,0.0,0,0,0,0,unknown
370093,791916,07/01/2021,06/30/2022,0.0,0.0,0.0,0.0,0.0,0.0,0.0,0,0,0,0,unknown
390217,791922,07/01/2021,06/30/2022,0.0,0.0,0.0,0.0,0.0,0.0,0.0,0,0,0,0,unknown
500002,791956,01/01/2021,12/31/2021,0.0,0.0,0.0,0.0,0.0,0.0,0.0,0,0,0,0,unknown
523300,791961,01/01/2021,12/31/2021,0.0,0.0,0.0,0.0,0.0,0.0,0.0,0,0,0,0,unknown
673059,791965,01/01/2021,12/31/2021,0.0,0.0,0.0,0.0,0.0,0.0,0.0,0,0,0,0,unknown
030112,791979,01/01/2021,12/31/2021,0.0,0.0,0.0,0.0,0.0,0.0,0.0,0,0,0,0,unknown
030119,791980,07/01/2021,06/30/2022,0.0,0.0,0.0,0.0,0.0,0.0,0.0,0,0,0,0,unknown
050124,791988,01/01/2021,06/30/2021,0.0,0.0,0.0,0.0,0.0,0.0,0.0,0,0,0,0,unknown
050234,791991,10/01/2020,09/30/2021,0.0,0.0,0.0,0.0,0.0,0.0,0.0,0,0,0,0,unknown
050254,791992,11/01/2020,10/31/2021,0.0,0.0,0.0,0.0,0.0,0.0,0.0,0,0,0,0,unknown
050351,791998,07/01/2021,06/30/2022,0.0,0.0,0.0,0.0,0.0,0.0,0.0,0,0,0,0,unknown
050603,792000,07/01/2021,06/30/2022,0.0,0.0,0.0,0.0,0.0,0.0,0.0,0,0,0,0,unknown
050636,792001,07/01/2021,06/30/2022,0.0,0.0,0.0,0.0,0.0,0.0,0.0,0,0,0,0,unknown
110046,792013,07/01/2021,06/30/2022,0.0,0.0,0.0,0.0,0.0,0.0,0.0,0,0,0,0,unknown
150101,792026,01/01/2021,12/31/2021,0.0,0.0,0.0,0.0,0.0,0.0,0.0,0,0,0,0,unknown
150183,792028,01/01/2021,12/31/2021,0.0,0.0,0.0,0.0,0.0,0.0,0.0,0,0,0,0,unknown
263032,792081,01/01/2021,12/31/2021,0.0,0.0,0.0,0.0,0.0,0.0,0.0,0,0,0,0,unknown
280081,792086,07/01/2021,06/30/2022,0.0,0.0,0.0,0.0,0.0,0.0,0.0,0,0,0,0,unknown
282003,792088,07/01/2021,06/30/2022,0.0,0.0,0.0,0.0,0.0,0.0,0.0,0,0,0,0,unknown
420030,792150,01/01/2021,12/31/2021,0.0,0.0,0.0,0.0,0.0,0.0,0.0,0,0,0,0,unknown
440144,792167,07/01/2021,06/30/2022,0.0,0.0,0.0,0.0,0.0,0.0,0.0,0,0,0,0,unknown
460006,792189,01/01/2021,12/31/2021,0.0,0.0,0.0,0.0,0.0,0.0,0.0,0,0,0,0,unknown
500021,792203,07/01/2021,06/30/2022,0.0,0.0,0.0,0.0,0.0,0.0,0.0,0,0,0,0,unknown
010097,792217,01/01/2021,12/31/2021,0.0,0.0,0.0,0.0,0.0,0.0,0.0,0,0,0,0,unknown
033040,792223,01/01/2021,12/31/2021,0.0,0.0,0.0,0.0,0.0,0.0,0.0,0,0,0,0,unknown
110111,792251,01/01/2021,12/31/2021,0.0,0.0,0.0,0.0,0.0,0.0,0.0,0,0,0,0,unknown
150091,792299,01/01/2021,12/31/2021,0.0,0.0,0.0,0.0,0.0,0.0,0.0,0,0,0,0,unknown
190002,792340,10/01/2020,09/30/2021,0.0,0.0,0.0,0.0,0.0,0.0,0.0,0,0,0,0,unknown
250006,792369,10/01/2020,09/30/2021,0.0,0.0,0.0,0.0,0.0,0.0,0.0,0,0,0,0,unknown
270017,792376,01/01/2021,12/31/2021,0.0,0.0,0.0,0.0,0.0,0.0,0.0,0,0,0,0,unknown
370180,792430,10/01/2020,09/30/2021,0.0,0.0,0.0,0.0,0.0,0.0,0.0,0,0,0,0,unknown
380040,792433,01/01/2021,02/14/2022,0.0,0.0,0.0,0.0,0.0,0.0,0.0,0,0,0,0,unknown
380075,792434,01/01/2021,12/31/2021,0.0,0.0,0.0,0.0,0.0,0.0,0.0,0,0,0,0,unknown
400126,792451,01/01/2021,12/31/2021,0.0,0.0,0.0,0.0,0.0,0.0,0.0,0,0,0,0,unknown
440111,792465,07/01/2021,06/30/2022,0.0,0.0,0.0,0.0,0.0,0.0,0.0,0,0,0,0,unknown
450194,792473,11/01/2020,10/31/2021,0.0,0.0,0.0,0.0,0.0,0.0,0.0,0,0,0,0,unknown
450196,792475,07/01/2021,06/30/2022,0.0,0.0,0.0,0.0,0.0,0.0,0.0,0,0,0,0,unknown
460058,792483,01/01/2021,12/31/2021,0.0,0.0,0.0,0.0,0.0,0.0,0.0,0,0,0,0,unknown
521345,792506,01/01/2021,12/31/2021,0.0,0.0,0.0,0.0,0.0,0.0,0.0,0,0,0,0,unknown
010108,792511,07/01/2021,06/30/2022,0.0,0.0,0.0,0.0,0.0,0.0,0.0,0,0,0,0,unknown
030114,792515,10/01/2020,09/30/2021,0.0,0.0,0.0,0.0,0.0,0.0,0.0,0,0,0,0,unknown
030131,792516,01/01/2021,12/31/2021,0.0,0.0,0.0,0.0,0.0,0.0,0.0,0,0,0,0,unknown
043033,792519,01/01/2021,12/31/2021,0.0,0.0,0.0,0.0,0.0,0.0,0.0,0,0,0,0,unknown
050024,792521,01/01/2021,12/31/2021,0.0,0.0,0.0,0.0,0.0,0.0,0.0,0,0,0,0,unknown
050704,792543,01/01/2021,12/31/2021,0.0,0.0,0.0,0.0,0.0,0.0,0.0,0,0,0,0,unknown
050780,792545,01/01/2021,12/31/2021,0.0,0.0,0.0,0.0,0.0,0.0,0.0,0,0,0,0,unknown
110050,792560,01/01/2021,12/31/2021,0.0,0.0,0.0,0.0,0.0,0.0,0.0,0,0,0,0,unknown
110153,792565,01/01/2021,12/31/2021,0.0,0.0,0.0,0.0,0.0,0.0,0.0,0,0,0,0,unknown
140002,792575,01/01/2021,12/31/2021,0.0,0.0,0.0,0.0,0.0,0.0,0.0,0,0,0,0,unknown
140103,792590,01/01/2021,12/31/2021,0.0,0.0,0.0,0.0,0.0,0.0,0.0,0,0,0,0,unknown
150057,792624,01/01/2021,12/31/2021,0.0,0.0,0.0,0.0,0.0,0.0,0.0,0,0,0,0,unknown
170049,792645,01/01/2021,12/31/2021,0.0,0.0,0.0,0.0,0.0,0.0,0.0,0,0,0,0,unknown
320003,792688,09/01/2021,08/31/2022,0.0,0.0,0.0,0.0,0.0,0.0,0.0,0,0,0,0,unknown
380060,792699,01/01/2021,12/31/2021,0.0,0.0,0.0,0.0,0.0,0.0,0.0,0,0,0,0,unknown
440065,792722,09/01/2021,06/30/2022,0.0,0.0,0.0,0.0,0.0,0.0,0.0,0,0,0,0,unknown
500152,792745,01/01/2021,12/31/2021,0.0,0.0,0.0,0.0,0.0,0.0,0.0,0,0,0,0,unknown
010012,792758,04/01/2021,03/31/2022,0.0,0.0,0.0,0.0,0.0,0.0,0.0,0,0,0,0,unknown
050013,792764,01/01/2021,12/31/2021,0.0,0.0,0.0,0.0,0.0,0.0,0.0,0,0,0,0,unknown
050236,792769,01/01/2021,12/31/2021,0.0,0.0,0.0,0.0,0.0,0.0,0.0,0,0,0,0,unknown
050580,792784,01/01/2021,12/31/2021,0.0,0.0,0.0,0.0,0.0,0.0,0.0,0,0,0,0,unknown
050747,792791,09/01/2021,08/31/2022,0.0,0.0,0.0,0.0,0.0,0.0,0.0,0,0,0,0,unknown
053043,792794,06/10/2021,12/31/2021,0.0,0.0,0.0,0.0,0.0,0.0,0.0,0,0,0,0,unknown
070027,792806,01/01/2021,12/31/2021,0.0,0.0,0.0,0.0,0.0,0.0,0.0,0,0,0,0,unknown
150061,792829,01/01/2021,12/31/2021,0.0,0.0,0.0,0.0,0.0,0.0,0.0,0,0,0,0,unknown
173027,792832,01/01/2021,03/04/2022,0.0,0.0,0.0,0.0,0.0,0.0,0.0,0,0,0,0,unknown
180132,792835,01/01/2021,12/31/2021,0.0,0.0,0.0,0.0,0.0,0.0,0.0,0,0,0,0,unknown
180149,792836,10/01/2020,09/30/2021,0.0,0.0,0.0,0.0,0.0,0.0,0.0,0,0,0,0,unknown
230108,792846,12/01/2020,11/30/2021,0.0,0.0,0.0,0.0,0.0,0.0,0.0,0,0,0,0,unknown
250085,792864,10/01/2020,09/30/2021,0.0,0.0,0.0,0.0,0.0,0.0,0.0,0,0,0,0,unknown
263033,792869,01/01/2021,12/31/2021,0.0,0.0,0.0,0.0,0.0,0.0,0.0,0,0,0,0,unknown
360027,792900,01/01/2021,12/31/2021,0.0,0.0,0.0,0.0,0.0,0.0,0.0,0,0,0,0,unknown
360081,792901,01/01/2021,12/31/2021,0.0,0.0,0.0,0.0,0.0,0.0,0.0,0,0,0,0,unknown
360118,792902,07/01/2021,06/30/2022,0.0,0.0,0.0,0.0,0.0,0.0,0.0,0,0,0,0,unknown
360192,792904,01/01/2021,01/31/2022,0.0,0.0,0.0,0.0,0.0,0.0,0.0,0,0,0,0,unknown
370222,792908,01/01/2021,12/31/2021,0.0,0.0,0.0,0.0,0.0,0.0,0.0,0,0,0,0,unknown
450165,792941,07/01/2021,06/30/2022,0.0,0.0,0.0,0.0,0.0,0.0,0.0,0,0,0,0,unknown
460014,792948,01/01/2021,12/31/2021,0.0,0.0,0.0,0.0,0.0,0.0,0.0,0,0,0,0,unknown
670059,792982,07/01/2021,06/30/2022,0.0,0.0,0.0,0.0,0.0,0.0,0.0,0,0,0,0,unknown
030138,792987,07/01/2021,09/30/2022,0.0,0.0,0.0,0.0,0.0,0.0,0.0,0,0,0,0,unknown
050077,792992,10/01/2020,09/30/2021,0.0,0.0,0.0,0.0,0.0,0.0,0.0,0,0,0,0,unknown
050561,793004,01/01/2021,12/31/2021,0.0,0.0,0.0,0.0,0.0,0.0,0.0,0,0,0,0,unknown
100330,793014,10/01/2020,09/30/2021,0.0,0.0,0.0,0.0,0.0,0.0,0.0,0,0,0,0,unknown
110041,793018,07/01/2021,06/30/2022,0.0,0.0,0.0,0.0,0.0,0.0,0.0,0,0,0,0,unknown
150022,793036,01/01/2021,12/31/2021,0.0,0.0,0.0,0.0,0.0,0.0,0.0,0,0,0,0,unknown
160001,793037,01/01/2021,12/31/2021,0.0,0.0,0.0,0.0,0.0,0.0,0.0,0,0,0,0,unknown
170175,793040,03/01/2021,02/28/2022,0.0,0.0,0.0,0.0,0.0,0.0,0.0,0,0,0,0,unknown
170194,793041,01/01/2021,12/31/2021,0.0,0.0,0.0,0.0,0.0,0.0,0.0,0,0,0,0,unknown
220065,793050,10/01/2020,09/30/2021,0.0,0.0,0.0,0.0,0.0,0.0,0.0,0,0,0,0,unknown
260070,793067,01/01/2021,12/31/2021,0.0,0.0,0.0,0.0,0.0,0.0,0.0,0,0,0,0,unknown
360359,793087,01/01/2021,12/31/2021,0.0,0.0,0.0,0.0,0.0,0.0,0.0,0,0,0,0,unknown
380001,793089,01/01/2021,12/31/2021,0.0,0.0,0.0,0.0,0.0,0.0,0.0,0,0,0,0,unknown
440061,793110,07/01/2021,06/30/2022,0.0,0.0,0.0,0.0,0.0,0.0,0.0,0,0,0,0,unknown
440137,793113,01/01/2021,06/30/2021,0.0,0.0,0.0,0.0,0.0,0.0,0.0,0,0,0,0,unknown
450152,793117,10/01/2020,09/30/2021,0.0,0.0,0.0,0.0,0.0,0.0,0.0,0,0,0,0,unknown
450162,793118,01/01/2021,12/31/2021,0.0,0.0,0.0,0.0,0.0,0.0,0.0,0,0,0,0,unknown
450489,793124,04/01/2021,03/31/2022,0.0,0.0,0.0,0.0,0.0,0.0,0.0,0,0,0,0,unknown
450688,793127,01/01/2021,12/31/2021,0.0,0.0,0.0,0.0,0.0,0.0,0.0,0,0,0,0,unknown
450891,793131,01/01/2021,12/31/2021,0.0,0.0,0.0,0.0,0.0,0.0,0.0,0,0,0,0,unknown
460039,793133,01/01/2021,12/31/2021,0.0,0.0,0.0,0.0,0.0,0.0,0.0,0,0,0,0,unknown
460049,793135,01/01/2021,12/31/2021,0.0,0.0,0.0,0.0,0.0,0.0,0.0,0,0,0,0,unknown
500051,793140,07/01/2021,06/30/2022,0.0,0.0,0.0,0.0,0.0,0.0,0.0,0,0,0,0,unknown
530011,793153,07/01/2021,06/30/2022,0.0,0.0,0.0,0.0,0.0,0.0,0.0,0,0,0,0,unknown
670006,793157,01/01/2021,12/31/2021,0.0,0.0,0.0,0.0,0.0,0.0,0.0,0,0,0,0,unknown
670071,793160,01/01/2021,12/31/2021,0.0,0.0,0.0,0.0,0.0,0.0,0.0,0,0,0,0,unknown
030038,793163,01/01/2021,12/31/2021,0.0,0.0,0.0,0.0,0.0,0.0,0.0,0,0,0,0,unknown
050042,793168,07/01/2021,06/30/2022,0.0,0.0,0.0,0.0,0.0,0.0,0.0,0,0,0,0,unknown
050126,793173,01/01/2021,12/31/2021,0.0,0.0,0.0,0.0,0.0,0.0,0.0,0,0,0,0,unknown
050180,793174,01/01/2021,12/31/2021,0.0,0.0,0.0,0.0,0.0,0.0,0.0,0,0,0,0,unknown
050498,793180,01/01/2021,12/31/2021,0.0,0.0,0.0,0.0,0.0,0.0,0.0,0,0,0,0,unknown
050608,793184,01/01/2021,12/31/2021,0.0,0.0,0.0,0.0,0.0,0.0,0.0,0,0,0,0,unknown
050678,793185,07/01/2021,06/30/2022,0.0,0.0,0.0,0.0,0.0,0.0,0.0,0,0,0,0,unknown
100275,793208,01/01/2021,12/31/2021,0.0,0.0,0.0,0.0,0.0,0.0,0.0,0,0,0,0,unknown
120006,793217,01/01/2021,12/31/2021,0.0,0.0,0.0,0.0,0.0,0.0,0.0,0,0,0,0,unknown
120014,793219,07/01/2021,06/30/2022,0.0,0.0,0.0,0.0,0.0,0.0,0.0,0,0,0,0,unknown
130003,793220,07/01/2021,06/30/2022,0.0,0.0,0.0,0.0,0.0,0.0,0.0,0,0,0,0,unknown
141309,793225,01/01/2021,12/31/2021,0.0,0.0,0.0,0.0,0.0,0.0,0.0,0,0,0,0,unknown
180128,793237,04/01/2021,03/31/2022,0.0,0.0,0.0,0.0,0.0,0.0,0.0,0,0,0,0,unknown
183030,793243,01/01/2021,12/31/2021,0.0,0.0,0.0,0.0,0.0,0.0,0.0,0,0,0,0,unknown
190270,793248,01/01/2021,12/31/2021,0.0,0.0,0.0,0.0,0.0,0.0,0.0,0,0,0,0,unknown
260214,793278,01/01/2021,12/31/2021,0.0,0.0,0.0,0.0,0.0,0.0,0.0,0,0,0,0,unknown
330086,793289,01/01/2021,12/31/2021,0.0,0.0,0.0,0.0,0.0,0.0,0.0,0,0,0,0,unknown
363034,793312,10/01/2020,09/30/2021,0.0,0.0,0.0,0.0,0.0,0.0,0.0,0,0,0,0,unknown
363035,793313,02/01/2021,01/31/2022,0.0,0.0,0.0,0.0,0.0,0.0,0.0,0,0,0,0,unknown
363038,793314,09/01/2021,08/31/2022,0.0,0.0,0.0,0.0,0.0,0.0,0.0,0,0,0,0,unknown
370227,793322,07/01/2021,06/30/2022,0.0,0.0,0.0,0.0,0.0,0.0,0.0,0,0,0,0,unknown
390081,793329,01/01/2021,12/31/2021,0.0,0.0,0.0,0.0,0.0,0.0,0.0,0,0,0,0,unknown
410013,793348,10/01/2020,09/30/2021,0.0,0.0,0.0,0.0,0.0,0.0,0.0,0,0,0,0,unknown
453031,793360,06/01/2021,05/31/2022,0.0,0.0,0.0,0.0,0.0,0.0,0.0,0,0,0,0,unknown
040069,793396,01/01/2021,12/31/2021,0.0,0.0,0.0,0.0,0.0,0.0,0.0,0,0,0,0,unknown
050295,793402,07/01/2021,06/30/2022,0.0,0.0,0.0,0.0,0.0,0.0,0.0,0,0,0,0,unknown
050378,793404,01/01/2021,12/31/2021,0.0,0.0,0.0,0.0,0.0,0.0,0.0,0,0,0,0,unknown
050417,793405,01/01/2021,12/31/2021,0.0,0.0,0.0,0.0,0.0,0.0,0.0,0,0,0,0,unknown
050686,793408,01/01/2021,12/31/2021,0.0,0.0,0.0,0.0,0.0,0.0,0.0,0,0,0,0,unknown
100044,793413,01/01/2021,12/31/2021,0.0,0.0,0.0,0.0,0.0,0.0,0.0,0,0,0,0,unknown
130063,793422,01/01/2021,12/31/2021,0.0,0.0,0.0,0.0,0.0,0.0,0.0,0,0,0,0,unknown
150021,793433,01/01/2021,12/31/2021,0.0,0.0,0.0,0.0,0.0,0.0,0.0,0,0,0,0,unknown
150149,793440,01/01/2021,12/31/2021,0.0,0.0,0.0,0.0,0.0,0.0,0.0,0,0,0,0,unknown
150167,793441,01/01/2021,12/31/2021,0.0,0.0,0.0,0.0,0.0,0.0,0.0,0,0,0,0,unknown
230095,793478,07/01/2021,06/30/2022,0.0,0.0,0.0,0.0,0.0,0.0,0.0,0,0,0,0,unknown
380051,793534,07/01/2021,06/30/2022,0.0,0.0,0.0,0.0,0.0,0.0,0.0,0,0,0,0,unknown
400001,793545,07/01/2021,06/30/2022,0.0,0.0,0.0,0.0,0.0,0.0,0.0,0,0,0,0,unknown
450774,793564,01/01/2021,12/31/2021,0.0,0.0,0.0,0.0,0.0,0.0,0.0,0,0,0,0,unknown
450876,793567,01/01/2021,12/31/2021,0.0,0.0,0.0,0.0,0.0,0.0,0.0,0,0,0,0,unknown
490097,793573,01/01/2021,12/31/2021,0.0,0.0,0.0,0.0,0.0,0.0,0.0,0,0,0,0,unknown
500030,793577,07/01/2021,06/30/2022,0.0,0.0,0.0,0.0,0.0,0.0,0.0,0,0,0,0,unknown
513025,793581,01/01/2021,12/31/2021,0.0,0.0,0.0,0.0,0.0,0.0,0.0,0,0,0,0,unknown
050014,793599,01/01/2021,12/31/2021,0.0,0.0,0.0,0.0,0.0,0.0,0.0,0,0,0,0,unknown
050067,793600,07/01/2021,06/30/2022,0.0,0.0,0.0,0.0,0.0,0.0,0.0,0,0,0,0,unknown
050118,793601,06/01/2021,05/31/2022,0.0,0.0,0.0,0.0,0.0,0.0,0.0,0,0,0,0,unknown
050281,793606,07/01/2021,06/30/2022,0.0,0.0,0.0,0.0,0.0,0.0,0.0,0,0,0,0,unknown
050528,793610,01/01/2021,12/31/2021,0.0,0.0,0.0,0.0,0.0,0.0,0.0,0,0,0,0,unknown
050709,793612,01/01/2021,12/31/2021,0.0,0.0,0.0,0.0,0.0,0.0,0.0,0,0,0,0,unknown
100014,793619,01/01/2021,12/31/2021,0.0,0.0,0.0,0.0,0.0,0.0,0.0,0,0,0,0,unknown
100045,793621,01/01/2021,12/31/2021,0.0,0.0,0.0,0.0,0.0,0.0,0.0,0,0,0,0,unknown
100350,793623,04/06/2021,01/31/2022,0.0,0.0,0.0,0.0,0.0,0.0,0.0,0,0,0,0,unknown
140304,793631,01/01/2021,12/31/2021,0.0,0.0,0.0,0.0,0.0,0.0,0.0,0,0,0,0,unknown
150001,793632,01/01/2021,12/31/2021,0.0,0.0,0.0,0.0,0.0,0.0,0.0,0,0,0,0,unknown
150104,793635,01/01/2021,12/31/2021,0.0,0.0,0.0,0.0,0.0,0.0,0.0,0,0,0,0,unknown
170023,793637,07/01/2021,06/30/2022,0.0,0.0,0.0,0.0,0.0,0.0,0.0,0,0,0,0,unknown
190106,793653,04/01/2021,03/31/2022,0.0,0.0,0.0,0.0,0.0,0.0,0.0,0,0,0,0,unknown
193097,793657,09/01/2021,08/31/2022,0.0,0.0,0.0,0.0,0.0,0.0,0.0,0,0,0,0,unknown
230015,793663,01/01/2021,12/31/2021,0.0,0.0,0.0,0.0,0.0,0.0,0.0,0,0,0,0,unknown
250152,793678,07/01/2021,06/30/2022,0.0,0.0,0.0,0.0,0.0,0.0,0.0,0,0,0,0,unknown
290005,793695,01/01/2021,12/31/2021,0.0,0.0,0.0,0.0,0.0,0.0,0.0,0,0,0,0,unknown
310028,793698,01/01/2021,12/31/2021,0.0,0.0,0.0,0.0,0.0,0.0,0.0,0,0,0,0,unknown
320062,793704,10/01/2020,09/30/2021,0.0,0.0,0.0,0.0,0.0,0.0,0.0,0,0,0,0,unknown
370015,793720,04/01/2021,03/31/2022,0.0,0.0,0.0,0.0,0.0,0.0,0.0,0,0,0,0,unknown
393054,793739,07/01/2021,12/31/2021,0.0,0.0,0.0,0.0,0.0,0.0,0.0,0,0,0,0,unknown
430089,793744,01/01/2021,12/31/2021,0.0,0.0,0.0,0.0,0.0,0.0,0.0,0,0,0,0,unknown
460041,793769,04/01/2021,03/31/2022,0.0,0.0,0.0,0.0,0.0,0.0,0.0,0,0,0,0,unknown
670073,793779,01/01/2021,12/31/2021,0.0,0.0,0.0,0.0,0.0,0.0,0.0,0,0,0,0,unknown
673075,793783,01/01/2021,12/31/2021,0.0,0.0,0.0,0.0,0.0,0.0,0.0,0,0,0,0,unknown
040152,793790,01/01/2021,07/31/2021,0.0,0.0,0.0,0.0,0.0,0.0,0.0,0,0,0,0,unknown
041326,793792,07/01/2021,06/30/2022,0.0,0.0,0.0,0.0,0.0,0.0,0.0,0,0,0,0,unknown
050289,793795,01/27/2021,06/30/2021,0.0,0.0,0.0,0.0,0.0,0.0,0.0,0,0,0,0,unknown
120019,793816,07/01/2021,06/30/2022,0.0,0.0,0.0,0.0,0.0,0.0,0.0,0,0,0,0,unknown
150102,793820,01/01/2021,12/31/2021,0.0,0.0,0.0,0.0,0.0,0.0,0.0,0,0,0,0,unknown
150133,793821,03/01/2021,02/28/2022,0.0,0.0,0.0,0.0,0.0,0.0,0.0,0,0,0,0,unknown
190256,793835,01/01/2021,12/31/2021,0.0,0.0,0.0,0.0,0.0,0.0,0.0,0,0,0,0,unknown
200021,793838,01/01/2021,09/30/2021,0.0,0.0,0.0,0.0,0.0,0.0,0.0,0,0,0,0,unknown
230096,793851,10/01/2020,09/30/2021,0.0,0.0,0.0,0.0,0.0,0.0,0.0,0,0,0,0,unknown
293035,793864,04/01/2021,03/31/2022,0.0,0.0,0.0,0.0,0.0,0.0,0.0,0,0,0,0,unknown
390168,793889,07/01/2021,06/30/2022,0.0,0.0,0.0,0.0,0.0,0.0,0.0,0,0,0,0,unknown
390220,793890,07/01/2021,12/31/2021,0.0,0.0,0.0,0.0,0.0,0.0,0.0,0,0,0,0,unknown
430090,793903,01/01/2021,12/31/2021,0.0,0.0,0.0,0.0,0.0,0.0,0.0,0,0,0,0,unknown
450147,793914,10/01/2020,09/30/2021,0.0,0.0,0.0,0.0,0.0,0.0,0.0,0,0,0,0,unknown
460021,793922,01/01/2021,12/31/2021,0.0,0.0,0.0,0.0,0.0,0.0,0.0,0,0,0,0,unknown
010007,793929,10/01/2020,09/30/2021,0.0,0.0,0.0,0.0,0.0,0.0,0.0,0,0,0,0,unknown
010045,793930,10/01/2020,09/30/2021,0.0,0.0,0.0,0.0,0.0,0.0,0.0,0,0,0,0,unknown
010131,793932,07/01/2021,06/30/2022,0.0,0.0,0.0,0.0,0.0,0.0,0.0,0,0,0,0,unknown
050517,793945,01/01/2021,12/31/2021,0.0,0.0,0.0,0.0,0.0,0.0,0.0,0,0,0,0,unknown
110086,793958,09/01/2021,08/31/2022,0.0,0.0,0.0,0.0,0.0,0.0,0.0,0,0,0,0,unknown
110107,793960,01/01/2021,12/31/2021,0.0,0.0,0.0,0.0,0.0,0.0,0.0,0,0,0,0,unknown
120007,793964,07/01/2021,06/30/2022,0.0,0.0,0.0,0.0,0.0,0.0,0.0,0,0,0,0,unknown
150072,793966,01/01/2021,12/31/2021,0.0,0.0,0.0,0.0,0.0,0.0,0.0,0,0,0,0,unknown
230269,793986,01/01/2021,12/31/2021,0.0,0.0,0.0,0.0,0.0,0.0,0.0,0,0,0,0,unknown
240056,793988,01/01/2021,12/31/2021,0.0,0.0,0.0,0.0,0.0,0.0,0.0,0,0,0,0,unknown
250096,793994,01/01/2021,12/31/2021,0.0,0.0,0.0,0.0,0.0,0.0,0.0,0,0,0,0,unknown
280032,794003,01/01/2021,12/31/2021,0.0,0.0,0.0,0.0,0.0,0.0,0.0,0,0,0,0,unknown
330226,794021,01/01/2021,12/31/2021,0.0,0.0,0.0,0.0,0.0,0.0,0.0,0,0,0,0,unknown
440035,794066,10/01/2020,09/30/2021,0.0,0.0,0.0,0.0,0.0,0.0,0.0,0,0,0,0,unknown
440109,794067,07/01/2021,06/30/2022,0.0,0.0,0.0,0.0,0.0,0.0,0.0,0,0,0,0,unknown
450684,794079,01/01/2021,12/31/2021,0.0,0.0,0.0,0.0,0.0,0.0,0.0,0,0,0,0,unknown
450755,794080,07/01/2021,06/30/2022,0.0,0.0,0.0,0.0,0.0,0.0,0.0,0,0,0,0,unknown
500151,794097,07/01/2021,06/30/2022,0.0,0.0,0.0,0.0,0.0,0.0,0.0,0,0,0,0,unknown
520194,794105,01/01/2021,12/31/2021,0.0,0.0,0.0,0.0,0.0,0.0,0.0,0,0,0,0,unknown
530032,794106,05/01/2021,04/30/2022,0.0,0.0,0.0,0.0,0.0,0.0,0.0,0,0,0,0,unknown
670120,794108,01/01/2021,12/31/2021,0.0,0.0,0.0,0.0,0.0,0.0,0.0,0,0,0,0,unknown
673035,794109,01/01/2021,12/31/2021,0.0,0.0,0.0,0.0,0.0,0.0,0.0,0,0,0,0,unknown
010069,794110,01/01/2021,12/31/2021,0.0,0.0,0.0,0.0,0.0,0.0,0.0,0,0,0,0,unknown
010073,794111,10/01/2020,09/30/2021,0.0,0.0,0.0,0.0,0.0,0.0,0.0,0,0,0,0,unknown
010110,794112,01/01/2021,12/31/2021,0.0,0.0,0.0,0.0,0.0,0.0,0.0,0,0,0,0,unknown
010125,794113,01/01/2021,12/31/2021,0.0,0.0,0.0,0.0,0.0,0.0,0.0,0,0,0,0,unknown
010149,794114,07/01/2021,06/30/2022,0.0,0.0,0.0,0.0,0.0,0.0,0.0,0,0,0,0,unknown
030078,794116,10/01/2020,09/30/2021,0.0,0.0,0.0,0.0,0.0,0.0,0.0,0,0,0,0,unknown
050056,794122,07/01/2021,06/30/2022,0.0,0.0,0.0,0.0,0.0,0.0,0.0,0,0,0,0,unknown
050488,794127,01/01/2021,12/31/2021,0.0,0.0,0.0,0.0,0.0,0.0,0.0,0,0,0,0,unknown
050515,794128,01/01/2021,12/31/2021,0.0,0.0,0.0,0.0,0.0,0.0,0.0,0,0,0,0,unknown
110042,794142,07/01/2021,06/30/2022,0.0,0.0,0.0,0.0,0.0,0.0,0.0,0,0,0,0,unknown
110135,794143,04/01/2021,03/31/2022,0.0,0.0,0.0,0.0,0.0,0.0,0.0,0,0,0,0,unknown
110150,794145,01/01/2021,07/02/2021,0.0,0.0,0.0,0.0,0.0,0.0,0.0,0,0,0,0,unknown
110225,794147,07/01/2021,06/30/2022,0.0,0.0,0.0,0.0,0.0,0.0,0.0,0,0,0,0,unknown
150075,794154,10/01/2020,09/30/2021,0.0,0.0,0.0,0.0,0.0,0.0,0.0,0,0,0,0,unknown
150179,794157,01/01/2021,12/31/2021,0.0,0.0,0.0,0.0,0.0,0.0,0.0,0,0,0,0,unknown
170203,794163,07/01/2021,06/30/2022,0.0,0.0,0.0,0.0,0.0,0.0,0.0,0,0,0,0,unknown
190151,794168,10/01/2020,09/30/2021,0.0,0.0,0.0,0.0,0.0,0.0,0.0,0,0,0,0,unknown
250004,794179,10/01/2020,09/30/2021,0.0,0.0,0.0,0.0,0.0,0.0,0.0,0,0,0,0,unknown
313036,794190,06/01/2021,05/31/2022,0.0,0.0,0.0,0.0,0.0,0.0,0.0,0,0,0,0,unknown
320065,794192,07/01/2021,06/30/2022,0.0,0.0,0.0,0.0,0.0,0.0,0.0,0,0,0,0,unknown
390013,794212,07/01/2021,06/30/2022,0.0,0.0,0.0,0.0,0.0,0.0,0.0,0,0,0,0,unknown
440159,794228,04/01/2021,03/31/2022,0.0,0.0,0.0,0.0,0.0,0.0,0.0,0,0,0,0,unknown
450659,794240,08/01/2021,07/31/2022,0.0,0.0,0.0,0.0,0.0,0.0,0.0,0,0,0,0,unknown
450856,794244,01/01/2021,12/31/2021,0.0,0.0,0.0,0.0,0.0,0.0,0.0,0,0,0,0,unknown
490143,794247,01/01/2021,12/31/2021,0.0,0.0,0.0,0.0,0.0,0.0,0.0,0,0,0,0,unknown
670008,794250,01/01/2021,12/31/2021,0.0,0.0,0.0,0.0,0.0,0.0,0.0,0,0,0,0,unknown
673067,794251,06/01/2021,05/31/2022,0.0,0.0,0.0,0.0,0.0,0.0,0.0,0,0,0,0,unknown
673068,794252,01/01/2021,12/29/2021,0.0,0.0,0.0,0.0,0.0,0.0,0.0,0,0,0,0,unknown
010008,794253,01/01/2021,12/31/2021,0.0,0.0,0.0,0.0,0.0,0.0,0.0,0,0,0,0,unknown
010034,794254,10/01/2020,09/30/2021,0.0,0.0,0.0,0.0,0.0,0.0,0.0,0,0,0,0,unknown
010035,794255,07/01/2021,06/30/2022,0.0,0.0,0.0,0.0,0.0,0.0,0.0,0,0,0,0,unknown
010052,794256,01/01/2021,12/31/2021,0.0,0.0,0.0,0.0,0.0,0.0,0.0,0,0,0,0,unknown
010055,794257,10/01/2020,09/30/2021,0.0,0.0,0.0,0.0,0.0,0.0,0.0,0,0,0,0,unknown
010065,794258,01/01/2021,12/31/2021,0.0,0.0,0.0,0.0,0.0,0.0,0.0,0,0,0,0,unknown
010078,794260,10/01/2020,09/30/2021,0.0,0.0,0.0,0.0,0.0,0.0,0.0,0,0,0,0,unknown
010086,794262,01/01/2021,12/31/2021,0.0,0.0,0.0,0.0,0.0,0.0,0.0,0,0,0,0,unknown
010089,794263,01/01/2021,12/31/2021,0.0,0.0,0.0,0.0,0.0,0.0,0.0,0,0,0,0,unknown
010148,794265,01/01/2021,12/31/2021,0.0,0.0,0.0,0.0,0.0,0.0,0.0,0,0,0,0,unknown
010158,794266,01/01/2021,12/31/2021,0.0,0.0,0.0,0.0,0.0,0.0,0.0,0,0,0,0,unknown
030139,794272,01/01/2021,12/31/2021,0.0,0.0,0.0,0.0,0.0,0.0,0.0,0,0,0,0,unknown
040011,794274,07/01/2021,06/30/2022,0.0,0.0,0.0,0.0,0.0,0.0,0.0,0,0,0,0,unknown
050159,794290,07/01/2021,06/30/2022,0.0,0.0,0.0,0.0,0.0,0.0,0.0,0,0,0,0,unknown
050526,794303,01/01/2021,12/31/2021,0.0,0.0,0.0,0.0,0.0,0.0,0.0,0,0,0,0,unknown
050586,794305,01/01/2021,12/31/2021,0.0,0.0,0.0,0.0,0.0,0.0,0.0,0,0,0,0,unknown
050633,794306,06/01/2021,05/31/2022,0.0,0.0,0.0,0.0,0.0,0.0,0.0,0,0,0,0,unknown
050765,794311,01/01/2021,12/31/2021,0.0,0.0,0.0,0.0,0.0,0.0,0.0,0,0,0,0,unknown
053042,794316,04/01/2021,03/31/2022,0.0,0.0,0.0,0.0,0.0,0.0,0.0,0,0,0,0,unknown
100292,794326,07/01/2021,06/30/2022,0.0,0.0,0.0,0.0,0.0,0.0,0.0,0,0,0,0,unknown
110016,794330,07/01/2021,06/30/2022,0.0,0.0,0.0,0.0,0.0,0.0,0.0,0,0,0,0,unknown
110027,794333,07/01/2021,06/30/2022,0.0,0.0,0.0,0.0,0.0,0.0,0.0,0,0,0,0,unknown
110101,794335,07/01/2021,06/30/2022,0.0,0.0,0.0,0.0,0.0,0.0,0.0,0,0,0,0,unknown
110109,794336,07/01/2021,06/30/2022,0.0,0.0,0.0,0.0,0.0,0.0,0.0,0,0,0,0,unknown
110146,794338,05/01/2021,04/30/2022,0.0,0.0,0.0,0.0,0.0,0.0,0.0,0,0,0,0,unknown
110161,794339,10/01/2020,09/30/2021,0.0,0.0,0.0,0.0,0.0,0.0,0.0,0,0,0,0,unknown
110190,794340,01/01/2021,12/31/2021,0.0,0.0,0.0,0.0,0.0,0.0,0.0,0,0,0,0,unknown
110215,794342,07/01/2021,06/30/2022,0.0,0.0,0.0,0.0,0.0,0.0,0.0,0,0,0,0,unknown
110236,794344,07/01/2021,06/30/2022,0.0,0.0,0.0,0.0,0.0,0.0,0.0,0,0,0,0,unknown
110237,794345,10/01/2020,09/30/2021,0.0,0.0,0.0,0.0,0.0,0.0,0.0,0,0,0,0,unknown
130002,794352,10/01/2020,09/30/2021,0.0,0.0,0.0,0.0,0.0,0.0,0.0,0,0,0,0,unknown
140133,794358,07/01/2021,06/30/2022,0.0,0.0,0.0,0.0,0.0,0.0,0.0,0,0,0,0,unknown
140292,794360,01/01/2021,12/31/2021,0.0,0.0,0.0,0.0,0.0,0.0,0.0,0,0,0,0,unknown
150157,794367,07/01/2021,06/30/2022,0.0,0.0,0.0,0.0,0.0,0.0,0.0,0,0,0,0,unknown
150168,794368,01/01/2021,12/31/2021,0.0,0.0,0.0,0.0,0.0,0.0,0.0,0,0,0,0,unknown
153045,794369,07/01/2021,06/30/2022,0.0,0.0,0.0,0.0,0.0,0.0,0.0,0,0,0,0,unknown
160147,794371,01/01/2021,12/31/2021,0.0,0.0,0.0,0.0,0.0,0.0,0.0,0,0,0,0,unknown
193096,794384,06/01/2021,05/31/2022,0.0,0.0,0.0,0.0,0.0,0.0,0.0,0,0,0,0,unknown
220105,794388,10/01/2020,09/30/2021,0.0,0.0,0.0,0.0,0.0,0.0,0.0,0,0,0,0,unknown
250044,794399,10/01/2020,09/30/2021,0.0,0.0,0.0,0.0,0.0,0.0,0.0,0,0,0,0,unknown
280105,794408,07/01/2021,06/30/2022,0.0,0.0,0.0,0.0,0.0,0.0,0.0,0,0,0,0,unknown
320061,794431,10/01/2020,09/30/2021,0.0,0.0,0.0,0.0,0.0,0.0,0.0,0,0,0,0,unknown
340156,794439,10/01/2020,09/30/2021,0.0,0.0,0.0,0.0,0.0,0.0,0.0,0,0,0,0,unknown
370171,794462,10/01/2020,09/30/2021,0.0,0.0,0.0,0.0,0.0,0.0,0.0,0,0,0,0,unknown
370225,794464,01/01/2021,12/31/2021,0.0,0.0,0.0,0.0,0.0,0.0,0.0,0,0,0,0,unknown
380005,794468,10/01/2020,09/30/2021,0.0,0.0,0.0,0.0,0.0,0.0,0.0,0,0,0,0,unknown
380037,794470,01/01/2021,12/31/2021,0.0,0.0,0.0,0.0,0.0,0.0,0.0,0,0,0,0,unknown
440016,794497,10/01/2020,09/30/2021,0.0,0.0,0.0,0.0,0.0,0.0,0.0,0,0,0,0,unknown
440046,794499,06/01/2021,05/31/2022,0.0,0.0,0.0,0.0,0.0,0.0,0.0,0,0,0,0,unknown
440060,794501,07/01/2021,06/30/2022,0.0,0.0,0.0,0.0,0.0,0.0,0.0,0,0,0,0,unknown
440084,794502,07/01/2021,06/30/2022,0.0,0.0,0.0,0.0,0.0,0.0,0.0,0,0,0,0,unknown
440110,794503,01/01/2021,12/31/2021,0.0,0.0,0.0,0.0,0.0,0.0,0.0,0,0,0,0,unknown
440130,794504,10/01/2020,09/30/2021,0.0,0.0,0.0,0.0,0.0,0.0,0.0,0,0,0,0,unknown
440187,794506,03/01/2021,02/28/2022,0.0,0.0,0.0,0.0,0.0,0.0,0.0,0,0,0,0,unknown
440231,794507,07/01/2021,06/30/2022,0.0,0.0,0.0,0.0,0.0,0.0,0.0,0,0,0,0,unknown
450369,794518,10/01/2020,09/30/2021,0.0,0.0,0.0,0.0,0.0,0.0,0.0,0,0,0,0,unknown
450563,794521,07/01/2021,06/30/2022,0.0,0.0,0.0,0.0,0.0,0.0,0.0,0,0,0,0,unknown
450571,794522,10/01/2020,09/30/2021,0.0,0.0,0.0,0.0,0.0,0.0,0.0,0,0,0,0,unknown
450596,794523,12/01/2020,11/30/2021,0.0,0.0,0.0,0.0,0.0,0.0,0.0,0,0,0,0,unknown
453036,794527,07/01/2021,06/30/2022,0.0,0.0,0.0,0.0,0.0,0.0,0.0,0,0,0,0,unknown
520202,794550,01/01/2021,12/31/2021,0.0,0.0,0.0,0.0,0.0,0.0,0.0,0,0,0,0,unknown
530025,794553,07/01/2021,06/30/2022,0.0,0.0,0.0,0.0,0.0,0.0,0.0,0,0,0,0,unknown
673069,794555,01/01/2021,12/31/2021,0.0,0.0,0.0,0.0,0.0,0.0,0.0,0,0,0,0,unknown
010079,794556,07/01/2021,06/30/2022,0.0,0.0,0.0,0.0,0.0,0.0,0.0,0,0,0,0,unknown
010126,794557,04/01/2021,03/31/2022,0.0,0.0,0.0,0.0,0.0,0.0,0.0,0,0,0,0,unknown
010174,794558,01/01/2021,12/31/2021,0.0,0.0,0.0,0.0,0.0,0.0,0.0,0,0,0,0,unknown
030014,794560,01/01/2021,12/31/2021,0.0,0.0,0.0,0.0,0.0,0.0,0.0,0,0,0,0,unknown
040119,794562,10/01/2020,09/30/2021,0.0,0.0,0.0,0.0,0.0,0.0,0.0,0,0,0,0,unknown
043035,794564,06/01/2021,05/31/2022,0.0,0.0,0.0,0.0,0.0,0.0,0.0,0,0,0,0,unknown
050150,794566,01/01/2021,12/31/2021,0.0,0.0,0.0,0.0,0.0,0.0,0.0,0,0,0,0,unknown
050283,794567,09/01/2021,08/31/2022,0.0,0.0,0.0,0.0,0.0,0.0,0.0,0,0,0,0,unknown
050411,794569,01/01/2021,12/31/2021,0.0,0.0,0.0,0.0,0.0,0.0,0.0,0,0,0,0,unknown
050492,794570,09/01/2021,08/31/2022,0.0,0.0,0.0,0.0,0.0,0.0,0.0,0,0,0,0,unknown
050710,794572,01/01/2021,12/31/2021,0.0,0.0,0.0,0.0,0.0,0.0,0.0,0,0,0,0,unknown
100299,794580,01/01/2021,12/31/2021,0.0,0.0,0.0,0.0,0.0,0.0,0.0,0,0,0,0,unknown
110032,794584,10/01/2020,09/30/2021,0.0,0.0,0.0,0.0,0.0,0.0,0.0,0,0,0,0,unknown
110051,794585,05/01/2021,04/30/2022,0.0,0.0,0.0,0.0,0.0,0.0,0.0,0,0,0,0,unknown
110132,794586,04/01/2021,03/31/2022,0.0,0.0,0.0,0.0,0.0,0.0,0.0,0,0,0,0,unknown
110142,794587,10/01/2020,09/30/2021,0.0,0.0,0.0,0.0,0.0,0.0,0.0,0,0,0,0,unknown
120011,794589,01/01/2021,12/31/2021,0.0,0.0,0.0,0.0,0.0,0.0,0.0,0,0,0,0,unknown
140137,794592,07/01/2021,06/30/2022,0.0,0.0,0.0,0.0,0.0,0.0,0.0,0,0,0,0,unknown
140210,794594,07/01/2021,03/31/2022,0.0,0.0,0.0,0.0,0.0,0.0,0.0,0,0,0,0,unknown
170150,794601,01/01/2021,12/31/2021,0.0,0.0,0.0,0.0,0.0,0.0,0.0,0,0,0,0,unknown
240052,794610,10/01/2020,09/30/2021,0.0,0.0,0.0,0.0,0.0,0.0,0.0,0,0,0,0,unknown
260059,794615,07/01/2021,06/30/2022,0.0,0.0,0.0,0.0,0.0,0.0,0.0,0,0,0,0,unknown
280130,794618,07/01/2021,06/30/2022,0.0,0.0,0.0,0.0,0.0,0.0,0.0,0,0,0,0,unknown
310108,794624,07/01/2021,12/31/2021,0.0,0.0,0.0,0.0,0.0,0.0,0.0,0,0,0,0,unknown
320030,794627,07/01/2021,06/30/2022,0.0,0.0,0.0,0.0,0.0,0.0,0.0,0,0,0,0,unknown
320033,794628,01/01/2021,12/31/2021,0.0,0.0,0.0,0.0,0.0,0.0,0.0,0,0,0,0,unknown
323026,794629,07/01/2021,06/30/2022,0.0,0.0,0.0,0.0,0.0,0.0,0.0,0,0,0,0,unknown
323033,794630,02/10/2021,12/31/2021,0.0,0.0,0.0,0.0,0.0,0.0,0.0,0,0,0,0,unknown
330144,794631,01/01/2021,12/31/2021,0.0,0.0,0.0,0.0,0.0,0.0,0.0,0,0,0,0,unknown
330205,794632,01/01/2021,12/31/2021,0.0,0.0,0.0,0.0,0.0,0.0,0.0,0,0,0,0,unknown
370216,794647,01/01/2021,12/31/2021,0.0,0.0,0.0,0.0,0.0,0.0,0.0,0,0,0,0,unknown
370218,794648,07/01/2021,06/30/2022,0.0,0.0,0.0,0.0,0.0,0.0,0.0,0,0,0,0,unknown
390065,794650,07/01/2021,06/30/2022,0.0,0.0,0.0,0.0,0.0,0.0,0.0,0,0,0,0,unknown
390071,794651,07/01/2021,06/30/2022,0.0,0.0,0.0,0.0,0.0,0.0,0.0,0,0,0,0,unknown
390146,794654,07/01/2021,06/30/2022,0.0,0.0,0.0,0.0,0.0,0.0,0.0,0,0,0,0,unknown
430048,794668,07/01/2021,06/30/2022,0.0,0.0,0.0,0.0,0.0,0.0,0.0,0,0,0,0,unknown
430095,794669,07/01/2021,06/30/2022,0.0,0.0,0.0,0.0,0.0,0.0,0.0,0,0,0,0,unknown
440152,794670,07/01/2021,06/30/2022,0.0,0.0,0.0,0.0,0.0,0.0,0.0,0,0,0,0,unknown
440194,794671,09/01/2021,08/31/2022,0.0,0.0,0.0,0.0,0.0,0.0,0.0,0,0,0,0,unknown
460013,794688,09/01/2021,08/31/2022,0.0,0.0,0.0,0.0,0.0,0.0,0.0,0,0,0,0,unknown
500031,794692,01/01/2021,12/31/2021,0.0,0.0,0.0,0.0,0.0,0.0,0.0,0,0,0,0,unknown
670076,794699,01/01/2021,12/31/2021,0.0,0.0,0.0,0.0,0.0,0.0,0.0,0,0,0,0,unknown
050131,794712,01/01/2021,12/31/2021,0.0,0.0,0.0,0.0,0.0,0.0,0.0,0,0,0,0,unknown
050335,794713,01/01/2021,12/31/2021,0.0,0.0,0.0,0.0,0.0,0.0,0.0,0,0,0,0,unknown
050360,794714,01/01/2021,12/31/2021,0.0,0.0,0.0,0.0,0.0,0.0,0.0,0,0,0,0,unknown
060006,794717,01/01/2021,12/31/2021,0.0,0.0,0.0,0.0,0.0,0.0,0.0,0,0,0,0,unknown
100258,794739,01/01/2021,12/31/2021,0.0,0.0,0.0,0.0,0.0,0.0,0.0,0,0,0,0,unknown
120002,794747,01/01/2021,12/31/2021,0.0,0.0,0.0,0.0,0.0,0.0,0.0,0,0,0,0,unknown
160079,794756,07/01/2021,06/30/2022,0.0,0.0,0.0,0.0,0.0,0.0,0.0,0,0,0,0,unknown
190116,794768,06/01/2021,05/31/2022,0.0,0.0,0.0,0.0,0.0,0.0,0.0,0,0,0,0,unknown
190218,794772,04/01/2021,03/31/2022,0.0,0.0,0.0,0.0,0.0,0.0,0.0,0,0,0,0,unknown
260094,794793,10/01/2020,09/30/2021,0.0,0.0,0.0,0.0,0.0,0.0,0.0,0,0,0,0,unknown
260142,794795,05/01/2021,04/30/2022,0.0,0.0,0.0,0.0,0.0,0.0,0.0,0,0,0,0,unknown
293026,794805,01/01/2021,12/31/2021,0.0,0.0,0.0,0.0,0.0,0.0,0.0,0,0,0,0,unknown
323028,794809,09/01/2021,08/31/2022,0.0,0.0,0.0,0.0,0.0,0.0,0.0,0,0,0,0,unknown
330221,794811,01/01/2021,12/31/2021,0.0,0.0,0.0,0.0,0.0,0.0,0.0,0,0,0,0,unknown
370211,794816,07/01/2021,06/30/2022,0.0,0.0,0.0,0.0,0.0,0.0,0.0,0,0,0,0,unknown
400007,794830,01/01/2021,12/31/2021,0.0,0.0,0.0,0.0,0.0,0.0,0.0,0,0,0,0,unknown
410008,794835,10/01/2020,09/30/2021,0.0,0.0,0.0,0.0,0.0,0.0,0.0,0,0,0,0,unknown
420007,794836,10/01/2020,09/30/2021,0.0,0.0,0.0,0.0,0.0,0.0,0.0,0,0,0,0,unknown
450874,794852,01/01/2021,12/31/2021,0.0,0.0,0.0,0.0,0.0,0.0,0.0,0,0,0,0,unknown
463027,794856,01/01/2021,12/31/2021,0.0,0.0,0.0,0.0,0.0,0.0,0.0,0,0,0,0,unknown
500041,794860,07/01/2021,06/30/2022,0.0,0.0,0.0,0.0,0.0,0.0,0.0,0,0,0,0,unknown
530014,794873,07/01/2021,06/30/2022,0.0,0.0,0.0,0.0,0.0,0.0,0.0,0,0,0,0,unknown
673074,794874,01/01/2021,12/31/2021,0.0,0.0,0.0,0.0,0.0,0.0,0.0,0,0,0,0,unknown
050690,794877,01/01/2021,12/31/2021,0.0,0.0,0.0,0.0,0.0,0.0,0.0,0,0,0,0,unknown
140228,794885,07/01/2021,06/30/2022,0.0,0.0,0.0,0.0,0.0,0.0,0.0,0,0,0,0,unknown
231337,794891,10/01/2020,09/30/2021,0.0,0.0,0.0,0.0,0.0,0.0,0.0,0,0,0,0,unknown
440192,794895,07/01/2021,06/30/2022,0.0,0.0,0.0,0.0,0.0,0.0,0.0,0,0,0,0,unknown
500039,794896,07/01/2021,06/30/2022,0.0,0.0,0.0,0.0,0.0,0.0,0.0,0,0,0,0,unknown
140032,794899,07/01/2021,06/30/2022,0.0,0.0,0.0,0.0,0.0,0.0,0.0,0,0,0,0,unknown
361316,794909,07/01/2021,06/30/2022,0.0,0.0,0.0,0.0,0.0,0.0,0.0,0,0,0,0,unknown
410010,794915,10/01/2020,09/30/2021,0.0,0.0,0.0,0.0,0.0,0.0,0.0,0,0,0,0,unknown
050007,794918,01/01/2021,12/31/2021,0.0,0.0,0.0,0.0,0.0,0.0,0.0,0,0,0,0,unknown
050232,794919,01/01/2021,12/31/2021,0.0,0.0,0.0,0.0,0.0,0.0,0.0,0,0,0,0,unknown
050407,794920,01/01/2021,12/31/2021,0.0,0.0,0.0,0.0,0.0,0.0,0.0,0,0,0,0,unknown
050414,794921,07/01/2021,06/30/2022,0.0,0.0,0.0,0.0,0.0,0.0,0.0,0,0,0,0,unknown
050668,794922,07/01/2021,06/30/2022,0.0,0.0,0.0,0.0,0.0,0.0,0.0,0,0,0,0,unknown
050723,794923,01/01/2021,12/31/2021,0.0,0.0,0.0,0.0,0.0,0.0,0.0,0,0,0,0,unknown
050771,794924,01/01/2021,12/31/2021,0.0,0.0,0.0,0.0,0.0,0.0,0.0,0,0,0,0,unknown
063035,794926,01/01/2021,12/31/2021,0.0,0.0,0.0,0.0,0.0,0.0,0.0,0,0,0,0,unknown
100054,794929,06/01/2021,05/31/2022,0.0,0.0,0.0,0.0,0.0,0.0,0.0,0,0,0,0,unknown
100069,794931,01/01/2021,12/31/2021,0.0,0.0,0.0,0.0,0.0,0.0,0.0,0,0,0,0,unknown
100265,794934,01/01/2021,12/31/2021,0.0,0.0,0.0,0.0,0.0,0.0,0.0,0,0,0,0,unknown
190184,794957,04/01/2021,03/31/2022,0.0,0.0,0.0,0.0,0.0,0.0,0.0,0,0,0,0,unknown
210012,794959,07/01/2021,06/30/2022,0.0,0.0,0.0,0.0,0.0,0.0,0.0,0,0,0,0,unknown
230174,794960,07/01/2021,06/30/2022,0.0,0.0,0.0,0.0,0.0,0.0,0.0,0,0,0,0,unknown
240206,794961,10/01/2020,09/30/2021,0.0,0.0,0.0,0.0,0.0,0.0,0.0,0,0,0,0,unknown
250002,794962,10/01/2020,09/30/2021,0.0,0.0,0.0,0.0,0.0,0.0,0.0,0,0,0,0,unknown
330223,794972,01/01/2021,12/31/2021,0.0,0.0,0.0,0.0,0.0,0.0,0.0,0,0,0,0,unknown
360011,794974,07/01/2021,06/30/2022,0.0,0.0,0.0,0.0,0.0,0.0,0.0,0,0,0,0,unknown
360134,794976,07/01/2021,06/30/2022,0.0,0.0,0.0,0.0,0.0,0.0,0.0,0,0,0,0,unknown
370047,794982,07/01/2021,06/30/2022,0.0,0.0,0.0,0.0,0.0,0.0,0.0,0,0,0,0,unknown
370149,794983,01/01/2021,12/31/2021,0.0,0.0,0.0,0.0,0.0,0.0,0.0,0,0,0,0,unknown
370172,794984,10/01/2020,09/30/2021,0.0,0.0,0.0,0.0,0.0,0.0,0.0,0,0,0,0,unknown
370237,794985,07/01/2021,06/30/2022,0.0,0.0,0.0,0.0,0.0,0.0,0.0,0,0,0,0,unknown
390025,794986,07/01/2021,06/30/2022,0.0,0.0,0.0,0.0,0.0,0.0,0.0,0,0,0,0,unknown
390039,794988,07/01/2021,06/30/2022,0.0,0.0,0.0,0.0,0.0,0.0,0.0,0,0,0,0,unknown
390072,794990,07/01/2021,06/30/2022,0.0,0.0,0.0,0.0,0.0,0.0,0.0,0,0,0,0,unknown
393036,794999,07/01/2021,06/30/2022,0.0,0.0,0.0,0.0,0.0,0.0,0.0,0,0,0,0,unknown
400011,795001,04/01/2021,03/31/2022,0.0,0.0,0.0,0.0,0.0,0.0,0.0,0,0,0,0,unknown
430014,795003,07/01/2021,06/30/2022,0.0,0.0,0.0,0.0,0.0,0.0,0.0,0,0,0,0,unknown
440050,795004,07/01/2021,06/30/2022,0.0,0.0,0.0,0.0,0.0,0.0,0.0,0,0,0,0,unknown
450855,795006,01/01/2021,12/31/2021,0.0,0.0,0.0,0.0,0.0,0.0,0.0,0,0,0,0,unknown
450890,795007,01/01/2021,12/31/2021,0.0,0.0,0.0,0.0,0.0,0.0,0.0,0,0,0,0,unknown
453042,795008,01/01/2021,12/31/2021,0.0,0.0,0.0,0.0,0.0,0.0,0.0,0,0,0,0,unknown
670004,795016,07/01/2021,06/30/2022,0.0,0.0,0.0,0.0,0.0,0.0,0.0,0,0,0,0,unknown
670102,795017,01/01/2021,12/31/2021,0.0,0.0,0.0,0.0,0.0,0.0,0.0,0,0,0,0,unknown
673042,795018,06/01/2021,05/31/2022,0.0,0.0,0.0,0.0,0.0,0.0,0.0,0,0,0,0,unknown
673070,795019,09/01/2021,08/31/2022,0.0,0.0,0.0,0.0,0.0,0.0,0.0,0,0,0,0,unknown
020018,795021,10/01/2020,09/30/2021,0.0,0.0,0.0,0.0,0.0,0.0,0.0,0,0,0,0,unknown
050289,795023,07/01/2021,06/30/2022,0.0,0.0,0.0,0.0,0.0,0.0,0.0,0,0,0,0,unknown
050352,795024,01/01/2021,12/31/2021,0.0,0.0,0.0,0.0,0.0,0.0,0.0,0,0,0,0,unknown
050689,795026,06/01/2021,05/31/2022,0.0,0.0,0.0,0.0,0.0,0.0,0.0,0,0,0,0,unknown
050701,795027,01/01/2021,12/31/2021,0.0,0.0,0.0,0.0,0.0,0.0,0.0,0,0,0,0,unknown
060022,795029,07/01/2021,06/30/2022,0.0,0.0,0.0,0.0,0.0,0.0,0.0,0,0,0,0,unknown
100030,795037,10/01/2020,09/30/2021,0.0,0.0,0.0,0.0,0.0,0.0,0.0,0,0,0,0,unknown
100260,795042,10/01/2020,09/30/2021,0.0,0.0,0.0,0.0,0.0,0.0,0.0,0,0,0,0,unknown
100276,795043,07/01/2021,06/30/2022,0.0,0.0,0.0,0.0,0.0,0.0,0.0,0,0,0,0,unknown
100315,795044,10/01/2020,09/30/2021,0.0,0.0,0.0,0.0,0.0,0.0,0.0,0,0,0,0,unknown
103039,795045,01/01/2021,12/31/2021,0.0,0.0,0.0,0.0,0.0,0.0,0.0,0,0,0,0,unknown
103044,795046,01/01/2021,12/31/2021,0.0,0.0,0.0,0.0,0.0,0.0,0.0,0,0,0,0,unknown
140100,795050,07/01/2021,09/30/2022,0.0,0.0,0.0,0.0,0.0,0.0,0.0,0,0,0,0,unknown
141319,795053,06/01/2021,05/31/2022,0.0,0.0,0.0,0.0,0.0,0.0,0.0,0,0,0,0,unknown
180018,795059,07/01/2021,06/30/2022,0.0,0.0,0.0,0.0,0.0,0.0,0.0,0,0,0,0,unknown
180027,795060,10/01/2020,09/30/2021,0.0,0.0,0.0,0.0,0.0,0.0,0.0,0,0,0,0,unknown
180092,795061,05/01/2021,04/30/2022,0.0,0.0,0.0,0.0,0.0,0.0,0.0,0,0,0,0,unknown
230275,795078,01/01/2021,12/31/2021,0.0,0.0,0.0,0.0,0.0,0.0,0.0,0,0,0,0,unknown
270086,795086,01/01/2021,12/31/2021,0.0,0.0,0.0,0.0,0.0,0.0,0.0,0,0,0,0,unknown
271334,795087,07/01/2021,06/30/2022,0.0,0.0,0.0,0.0,0.0,0.0,0.0,0,0,0,0,unknown
330030,795101,01/01/2021,12/31/2021,0.0,0.0,0.0,0.0,0.0,0.0,0.0,0,0,0,0,unknown
350070,795104,07/01/2021,06/30/2022,0.0,0.0,0.0,0.0,0.0,0.0,0.0,0,0,0,0,unknown
370018,795105,07/01/2021,06/30/2022,0.0,0.0,0.0,0.0,0.0,0.0,0.0,0,0,0,0,unknown
370170,795109,10/01/2020,09/30/2021,0.0,0.0,0.0,0.0,0.0,0.0,0.0,0,0,0,0,unknown
370234,795110,01/01/2021,12/31/2021,0.0,0.0,0.0,0.0,0.0,0.0,0.0,0,0,0,0,unknown
380082,795112,01/01/2021,12/31/2021,0.0,0.0,0.0,0.0,0.0,0.0,0.0,0,0,0,0,unknown
390097,795117,07/01/2021,06/30/2022,0.0,0.0,0.0,0.0,0.0,0.0,0.0,0,0,0,0,unknown
390100,795118,07/01/2021,06/30/2022,0.0,0.0,0.0,0.0,0.0,0.0,0.0,0,0,0,0,unknown
393055,795125,01/01/2021,12/31/2021,0.0,0.0,0.0,0.0,0.0,0.0,0.0,0,0,0,0,unknown
400087,795128,01/01/2021,12/31/2021,0.0,0.0,0.0,0.0,0.0,0.0,0.0,0,0,0,0,unknown
420019,795130,07/01/2021,06/30/2022,0.0,0.0,0.0,0.0,0.0,0.0,0.0,0,0,0,0,unknown
430012,795131,07/01/2021,06/30/2022,0.0,0.0,0.0,0.0,0.0,0.0,0.0,0,0,0,0,unknown
440228,795135,06/01/2021,05/31/2022,0.0,0.0,0.0,0.0,0.0,0.0,0.0,0,0,0,0,unknown
450104,795142,10/01/2020,09/30/2021,0.0,0.0,0.0,0.0,0.0,0.0,0.0,0,0,0,0,unknown
450465,795150,10/01/2020,09/30/2021,0.0,0.0,0.0,0.0,0.0,0.0,0.0,0,0,0,0,unknown
450638,795152,06/01/2021,05/31/2022,0.0,0.0,0.0,0.0,0.0,0.0,0.0,0,0,0,0,unknown
450674,795156,03/01/2021,02/28/2022,0.0,0.0,0.0,0.0,0.0,0.0,0.0,0,0,0,0,unknown
450771,795159,01/01/2021,12/31/2021,0.0,0.0,0.0,0.0,0.0,0.0,0.0,0,0,0,0,unknown
450804,795162,01/01/2021,12/31/2021,0.0,0.0,0.0,0.0,0.0,0.0,0.0,0,0,0,0,unknown
450834,795164,01/01/2021,12/31/2021,0.0,0.0,0.0,0.0,0.0,0.0,0.0,0,0,0,0,unknown
500150,795167,04/01/2021,03/31/2022,0.0,0.0,0.0,0.0,0.0,0.0,0.0,0,0,0,0,unknown
520017,795169,07/01/2021,06/30/2022,0.0,0.0,0.0,0.0,0.0,0.0,0.0,0,0,0,0,unknown
520107,795170,07/01/2021,06/30/2022,0.0,0.0,0.0,0.0,0.0,0.0,0.0,0,0,0,0,unknown
530002,795171,07/01/2021,06/30/2022,0.0,0.0,0.0,0.0,0.0,0.0,0.0,0,0,0,0,unknown
670067,795173,01/01/2021,12/31/2021,0.0,0.0,0.0,0.0,0.0,0.0,0.0,0,0,0,0,unknown
673029,795175,01/01/2021,12/31/2021,0.0,0.0,0.0,0.0,0.0,0.0,0.0,0,0,0,0,unknown
030147,795176,01/01/2021,12/31/2021,0.0,0.0,0.0,0.0,0.0,0.0,0.0,0,0,0,0,unknown
033041,795177,06/01/2021,05/31/2022,0.0,0.0,0.0,0.0,0.0,0.0,0.0,0,0,0,0,unknown
040001,795178,04/01/2021,03/31/2022,0.0,0.0,0.0,0.0,0.0,0.0,0.0,0,0,0,0,unknown
040161,795179,02/22/2021,09/30/2021,0.0,0.0,0.0,0.0,0.0,0.0,0.0,0,0,0,0,unknown
043036,795180,01/01/2021,12/31/2021,0.0,0.0,0.0,0.0,0.0,0.0,0.0,0,0,0,0,unknown
050055,795181,01/01/2021,12/31/2021,0.0,0.0,0.0,0.0,0.0,0.0,0.0,0,0,0,0,unknown
050078,795182,01/01/2021,12/31/2021,0.0,0.0,0.0,0.0,0.0,0.0,0.0,0,0,0,0,unknown
050090,795183,07/01/2021,06/30/2022,0.0,0.0,0.0,0.0,0.0,0.0,0.0,0,0,0,0,unknown
050099,795184,01/01/2021,12/31/2021,0.0,0.0,0.0,0.0,0.0,0.0,0.0,0,0,0,0,unknown
050112,795186,07/01/2021,06/30/2022,0.0,0.0,0.0,0.0,0.0,0.0,0.0,0,0,0,0,unknown
050211,795188,07/01/2021,06/30/2022,0.0,0.0,0.0,0.0,0.0,0.0,0.0,0,0,0,0,unknown
050278,795190,01/01/2021,12/31/2021,0.0,0.0,0.0,0.0,0.0,0.0,0.0,0,0,0,0,unknown
050468,795192,01/01/2021,12/31/2021,0.0,0.0,0.0,0.0,0.0,0.0,0.0,0,0,0,0,unknown
050506,795193,06/01/2021,05/31/2022,0.0,0.0,0.0,0.0,0.0,0.0,0.0,0,0,0,0,unknown
050745,795195,09/01/2021,08/31/2022,0.0,0.0,0.0,0.0,0.0,0.0,0.0,0,0,0,0,unknown
050748,795196,01/01/2021,12/31/2021,0.0,0.0,0.0,0.0,0.0,0.0,0.0,0,0,0,0,unknown
060075,795203,01/01/2021,12/31/2021,0.0,0.0,0.0,0.0,0.0,0.0,0.0,0,0,0,0,unknown
103026,795210,10/01/2020,09/30/2021,0.0,0.0,0.0,0.0,0.0,0.0,0.0,0,0,0,0,unknown
103027,795211,10/01/2020,09/30/2021,0.0,0.0,0.0,0.0,0.0,0.0,0.0,0,0,0,0,unknown
103043,795212,01/01/2021,12/31/2021,0.0,0.0,0.0,0.0,0.0,0.0,0.0,0,0,0,0,unknown
120004,795214,07/01/2021,06/30/2022,0.0,0.0,0.0,0.0,0.0,0.0,0.0,0,0,0,0,unknown
130066,795216,01/01/2021,12/31/2021,0.0,0.0,0.0,0.0,0.0,0.0,0.0,0,0,0,0,unknown
140113,795218,10/01/2020,09/30/2021,0.0,0.0,0.0,0.0,0.0,0.0,0.0,0,0,0,0,unknown
140275,795220,07/01/2021,06/30/2022,0.0,0.0,0.0,0.0,0.0,0.0,0.0,0,0,0,0,unknown
190133,795225,07/01/2021,06/30/2022,0.0,0.0,0.0,0.0,0.0,0.0,0.0,0,0,0,0,unknown
200018,795228,10/01/2020,09/30/2021,0.0,0.0,0.0,0.0,0.0,0.0,0.0,0,0,0,0,unknown
210001,795229,07/01/2021,06/30/2022,0.0,0.0,0.0,0.0,0.0,0.0,0.0,0,0,0,0,unknown
210008,795230,07/01/2021,06/30/2022,0.0,0.0,0.0,0.0,0.0,0.0,0.0,0,0,0,0,unknown
210017,795231,07/01/2021,06/30/2022,0.0,0.0,0.0,0.0,0.0,0.0,0.0,0,0,0,0,unknown
220135,795232,10/01/2020,09/30/2021,0.0,0.0,0.0,0.0,0.0,0.0,0.0,0,0,0,0,unknown
273025,795238,01/01/2021,12/31/2021,0.0,0.0,0.0,0.0,0.0,0.0,0.0,0,0,0,0,unknown
290053,795239,07/01/2021,06/30/2022,0.0,0.0,0.0,0.0,0.0,0.0,0.0,0,0,0,0,unknown
290058,795240,01/01/2021,12/31/2021,0.0,0.0,0.0,0.0,0.0,0.0,0.0,0,0,0,0,unknown
310022,795241,01/01/2021,12/31/2021,0.0,0.0,0.0,0.0,0.0,0.0,0.0,0,0,0,0,unknown
313030,795245,01/01/2021,12/31/2021,0.0,0.0,0.0,0.0,0.0,0.0,0.0,0,0,0,0,unknown
313038,795246,01/01/2021,12/31/2021,0.0,0.0,0.0,0.0,0.0,0.0,0.0,0,0,0,0,unknown
350006,795247,07/01/2021,06/30/2022,0.0,0.0,0.0,0.0,0.0,0.0,0.0,0,0,0,0,unknown
353026,795248,01/01/2021,12/31/2021,0.0,0.0,0.0,0.0,0.0,0.0,0.0,0,0,0,0,unknown
373036,795253,04/06/2021,12/31/2021,0.0,0.0,0.0,0.0,0.0,0.0,0.0,0,0,0,0,unknown
380103,795255,01/01/2021,12/31/2021,0.0,0.0,0.0,0.0,0.0,0.0,0.0,0,0,0,0,unknown
390268,795268,07/01/2021,06/30/2022,0.0,0.0,0.0,0.0,0.0,0.0,0.0,0,0,0,0,unknown
393030,795270,07/01/2021,06/30/2022,0.0,0.0,0.0,0.0,0.0,0.0,0.0,0,0,0,0,unknown
393056,795271,07/01/2021,06/30/2022,0.0,0.0,0.0,0.0,0.0,0.0,0.0,0,0,0,0,unknown
400005,795272,01/01/2021,12/31/2021,0.0,0.0,0.0,0.0,0.0,0.0,0.0,0,0,0,0,unknown
400021,795273,01/01/2021,12/31/2021,0.0,0.0,0.0,0.0,0.0,0.0,0.0,0,0,0,0,unknown
450565,795282,10/01/2020,09/30/2021,0.0,0.0,0.0,0.0,0.0,0.0,0.0,0,0,0,0,unknown
453047,795288,01/01/2021,12/31/2021,0.0,0.0,0.0,0.0,0.0,0.0,0.0,0,0,0,0,unknown
453048,795289,01/01/2021,12/31/2021,0.0,0.0,0.0,0.0,0.0,0.0,0.0,0,0,0,0,unknown
460007,795290,01/01/2021,12/31/2021,0.0,0.0,0.0,0.0,0.0,0.0,0.0,0,0,0,0,unknown
460015,795291,01/01/2021,12/31/2021,0.0,0.0,0.0,0.0,0.0,0.0,0.0,0,0,0,0,unknown
460044,795292,01/01/2021,12/31/2021,0.0,0.0,0.0,0.0,0.0,0.0,0.0,0,0,0,0,unknown
470011,795293,10/01/2020,09/30/2021,0.0,0.0,0.0,0.0,0.0,0.0,0.0,0,0,0,0,unknown
500019,795295,01/01/2021,12/31/2021,0.0,0.0,0.0,0.0,0.0,0.0,0.0,0,0,0,0,unknown
520208,795300,01/01/2021,12/31/2021,0.0,0.0,0.0,0.0,0.0,0.0,0.0,0,0,0,0,unknown
530006,795302,07/01/2021,06/30/2022,0.0,0.0,0.0,0.0,0.0,0.0,0.0,0,0,0,0,unknown
530015,795303,07/01/2021,06/30/2022,0.0,0.0,0.0,0.0,0.0,0.0,0.0,0,0,0,0,unknown
670112,795305,09/01/2021,08/31/2022,0.0,0.0,0.0,0.0,0.0,0.0,0.0,0,0,0,0,unknown
030069,795307,09/01/2021,08/31/2022,0.0,0.0,0.0,0.0,0.0,0.0,0.0,0,0,0,0,unknown
050008,795308,01/01/2021,12/31/2021,0.0,0.0,0.0,0.0,0.0,0.0,0.0,0,0,0,0,unknown
050110,795311,07/01/2021,06/30/2022,0.0,0.0,0.0,0.0,0.0,0.0,0.0,0,0,0,0,unknown
050334,795315,07/01/2021,06/30/2022,0.0,0.0,0.0,0.0,0.0,0.0,0.0,0,0,0,0,unknown
050512,795316,01/01/2021,12/31/2021,0.0,0.0,0.0,0.0,0.0,0.0,0.0,0,0,0,0,unknown
050674,795317,01/01/2021,12/31/2021,0.0,0.0,0.0,0.0,0.0,0.0,0.0,0,0,0,0,unknown
050757,795318,01/01/2021,12/31/2021,0.0,0.0,0.0,0.0,0.0,0.0,0.0,0,0,0,0,unknown
100246,795330,10/01/2020,09/30/2021,0.0,0.0,0.0,0.0,0.0,0.0,0.0,0,0,0,0,unknown
213029,795351,01/01/2021,12/31/2021,0.0,0.0,0.0,0.0,0.0,0.0,0.0,0,0,0,0,unknown
300017,795363,08/01/2021,07/31/2022,0.0,0.0,0.0,0.0,0.0,0.0,0.0,0,0,0,0,unknown
370006,795377,06/01/2021,05/31/2022,0.0,0.0,0.0,0.0,0.0,0.0,0.0,0,0,0,0,unknown
380014,795378,01/01/2021,12/31/2021,0.0,0.0,0.0,0.0,0.0,0.0,0.0,0,0,0,0,unknown
380038,795379,01/01/2021,12/31/2021,0.0,0.0,0.0,0.0,0.0,0.0,0.0,0,0,0,0,unknown
380052,795380,07/01/2021,06/30/2022,0.0,0.0,0.0,0.0,0.0,0.0,0.0,0,0,0,0,unknown
400019,795384,01/01/2021,12/31/2021,0.0,0.0,0.0,0.0,0.0,0.0,0.0,0,0,0,0,unknown
400104,795385,04/01/2021,03/31/2022,0.0,0.0,0.0,0.0,0.0,0.0,0.0,0,0,0,0,unknown
400132,795386,01/01/2021,12/31/2021,0.0,0.0,0.0,0.0,0.0,0.0,0.0,0,0,0,0,unknown
460043,795391,01/01/2021,12/31/2021,0.0,0.0,0.0,0.0,0.0,0.0,0.0,0,0,0,0,unknown
460062,795393,06/11/2021,12/31/2021,0.0,0.0,0.0,0.0,0.0,0.0,0.0,0,0,0,0,unknown
500124,795394,01/01/2021,12/31/2021,0.0,0.0,0.0,0.0,0.0,0.0,0.0,0,0,0,0,unknown
390037,795397,07/01/2021,06/30/2022,0.0,0.0,0.0,0.0,0.0,0.0,0.0,0,0,0,0,unknown
030064,795401,01/01/2021,12/31/2021,0.0,0.0,0.0,0.0,0.0,0.0,0.0,0,0,0,0,unknown
030094,795402,04/01/2021,03/31/2022,0.0,0.0,0.0,0.0,0.0,0.0,0.0,0,0,0,0,unknown
033036,795403,06/01/2021,05/31/2022,0.0,0.0,0.0,0.0,0.0,0.0,0.0,0,0,0,0,unknown
180139,795421,09/01/2021,08/31/2022,0.0,0.0,0.0,0.0,0.0,0.0,0.0,0,0,0,0,unknown
440137,795433,07/01/2021,06/30/2022,0.0,0.0,0.0,0.0,0.0,0.0,0.0,0,0,0,0,unknown
511315,795438,01/01/2021,12/31/2021,0.0,0.0,0.0,0.0,0.0,0.0,0.0,0,0,0,0,unknown
050145,795445,01/01/2021,12/31/2021,0.0,0.0,0.0,0.0,0.0,0.0,0.0,0,0,0,0,unknown
050239,795446,01/01/2021,12/31/2021,0.0,0.0,0.0,0.0,0.0,0.0,0.0,0,0,0,0,unknown
230100,795464,07/01/2021,06/30/2022,0.0,0.0,0.0,0.0,0.0,0.0,0.0,0,0,0,0,unknown
260009,795466,06/01/2021,05/31/2022,0.0,0.0,0.0,0.0,0.0,0.0,0.0,0,0,0,0,unknown
290019,795468,01/01/2021,12/31/2021,0.0,0.0,0.0,0.0,0.0,0.0,0.0,0,0,0,0,unknown
320091,795469,12/09/2020,12/31/2021,0.0,0.0,0.0,0.0,0.0,0.0,0.0,0,0,0,0,unknown
380002,795476,10/01/2020,09/30/2021,0.0,0.0,0.0,0.0,0.0,0.0,0.0,0,0,0,0,unknown
450347,795488,07/01/2021,06/30/2022,0.0,0.0,0.0,0.0,0.0,0.0,0.0,0,0,0,0,unknown
670055,795494,03/01/2021,02/28/2022,0.0,0.0,0.0,0.0,0.0,0.0,0.0,0,0,0,0,unknown
020008,795496,07/01/2021,06/30/2022,0.0,0.0,0.0,0.0,0.0,0.0,0.0,0,0,0,0,unknown
050755,795501,01/01/2021,12/31/2021,0.0,0.0,0.0,0.0,0.0,0.0,0.0,0,0,0,0,unknown
240050,795530,01/01/2021,12/31/2021,0.0,0.0,0.0,0.0,0.0,0.0,0.0,0,0,0,0,unknown
241361,795532,01/01/2021,12/31/2021,0.0,0.0,0.0,0.0,0.0,0.0,0.0,0,0,0,0,unknown
500016,795561,01/01/2021,12/31/2021,0.0,0.0,0.0,0.0,0.0,0.0,0.0,0,0,0,0,unknown
050226,795573,07/01/2021,06/30/2022,0.0,0.0,0.0,0.0,0.0,0.0,0.0,0,0,0,0,unknown
150172,795587,01/01/2021,12/31/2021,0.0,0.0,0.0,0.0,0.0,0.0,0.0,0,0,0,0,unknown
450668,795611,06/01/2021,05/31/2022,0.0,0.0,0.0,0.0,0.0,0.0,0.0,0,0,0,0,unknown
100211,795623,10/01/2020,09/30/2021,0.0,0.0,0.0,0.0,0.0,0.0,0.0,0,0,0,0,unknown
450654,795657,10/01/2020,09/30/2021,0.0,0.0,0.0,0.0,0.0,0.0,0.0,0,0,0,0,unknown
450871,795659,01/01/2021,12/31/2021,0.0,0.0,0.0,0.0,0.0,0.0,0.0,0,0,0,0,unknown
670010,795663,01/01/2021,12/31/2021,0.0,0.0,0.0,0.0,0.0,0.0,0.0,0,0,0,0,unknown
030137,795665,01/01/2021,12/31/2021,0.0,0.0,0.0,0.0,0.0,0.0,0.0,0,0,0,0,unknown
030148,795666,01/08/2021,09/30/2021,0.0,0.0,0.0,0.0,0.0,0.0,0.0,0,0,0,0,unknown
070022,795675,10/01/2020,09/30/2021,0.0,0.0,0.0,0.0,0.0,0.0,0.0,0,0,0,0,unknown
370206,795694,01/01/2021,12/31/2021,0.0,0.0,0.0,0.0,0.0,0.0,0.0,0,0,0,0,unknown
390151,795727,07/01/2021,06/30/2022,0.0,0.0,0.0,0.0,0.0,0.0,0.0,0,0,0,0,unknown
490007,795732,01/01/2021,12/31/2021,0.0,0.0,0.0,0.0,0.0,0.0,0.0,0,0,0,0,unknown
490044,795733,01/01/2021,12/31/2021,0.0,0.0,0.0,0.0,0.0,0.0,0.0,0,0,0,0,unknown
490046,795734,01/01/2021,12/31/2021,0.0,0.0,0.0,0.0,0.0,0.0,0.0,0,0,0,0,unknown
490057,795735,01/01/2021,12/31/2021,0.0,0.0,0.0,0.0,0.0,0.0,0.0,0,0,0,0,unknown
010128,795738,01/01/2021,12/31/2021,0.0,0.0,0.0,0.0,0.0,0.0,0.0,0,0,0,0,unknown
010175,795739,10/01/2020,09/30/2021,0.0,0.0,0.0,0.0,0.0,0.0,0.0,0,0,0,0,unknown
020026,795741,10/01/2020,09/30/2021,0.0,0.0,0.0,0.0,0.0,0.0,0.0,0,0,0,0,unknown
070018,795743,10/01/2020,09/30/2021,0.0,0.0,0.0,0.0,0.0,0.0,0.0,0,0,0,0,unknown
200052,795757,10/01/2020,09/30/2021,0.0,0.0,0.0,0.0,0.0,0.0,0.0,0,0,0,0,unknown
360035,795775,07/01/2021,06/30/2022,0.0,0.0,0.0,0.0,0.0,0.0,0.0,0,0,0,0,unknown
390002,795783,07/01/2021,06/30/2022,0.0,0.0,0.0,0.0,0.0,0.0,0.0,0,0,0,0,unknown
390272,795784,06/14/2021,06/30/2022,0.0,0.0,0.0,0.0,0.0,0.0,0.0,0,0,0,0,unknown
490113,795794,01/01/2021,12/31/2021,0.0,0.0,0.0,0.0,0.0,0.0,0.0,0,0,0,0,unknown
033038,795799,01/01/2021,12/31/2021,0.0,0.0,0.0,0.0,0.0,0.0,0.0,0,0,0,0,unknown
033039,795800,01/01/2021,12/31/2021,0.0,0.0,0.0,0.0,0.0,0.0,0.0,0,0,0,0,unknown
040027,795802,01/01/2021,12/31/2021,0.0,0.0,0.0,0.0,0.0,0.0,0.0,0,0,0,0,unknown
190118,795809,10/01/2020,09/30/2021,0.0,0.0,0.0,0.0,0.0,0.0,0.0,0,0,0,0,unknown
190146,795810,01/01/2021,12/31/2021,0.0,0.0,0.0,0.0,0.0,0.0,0.0,0,0,0,0,unknown
250018,795812,10/01/2020,09/30/2021,0.0,0.0,0.0,0.0,0.0,0.0,0.0,0,0,0,0,unknown
270057,795813,01/01/2021,12/31/2021,0.0,0.0,0.0,0.0,0.0,0.0,0.0,0,0,0,0,unknown
430097,795824,01/01/2021,12/31/2021,0.0,0.0,0.0,0.0,0.0,0.0,0.0,0,0,0,0,unknown
500007,795833,01/01/2021,12/31/2021,0.0,0.0,0.0,0.0,0.0,0.0,0.0,0,0,0,0,unknown
050766,795840,01/01/2021,12/31/2021,0.0,0.0,0.0,0.0,0.0,0.0,0.0,0,0,0,0,unknown
070006,795844,10/01/2020,09/30/2021,0.0,0.0,0.0,0.0,0.0,0.0,0.0,0,0,0,0,unknown
130065,795849,01/01/2021,12/31/2021,0.0,0.0,0.0,0.0,0.0,0.0,0.0,0,0,0,0,unknown
140029,795850,07/01/2021,06/30/2022,0.0,0.0,0.0,0.0,0.0,0.0,0.0,0,0,0,0,unknown
183026,795857,09/01/2021,08/31/2022,0.0,0.0,0.0,0.0,0.0,0.0,0.0,0,0,0,0,unknown
330229,795865,01/01/2021,12/31/2021,0.0,0.0,0.0,0.0,0.0,0.0,0.0,0,0,0,0,unknown
520097,795879,07/01/2021,06/30/2022,0.0,0.0,0.0,0.0,0.0,0.0,0.0,0,0,0,0,unknown
670300,795880,07/01/2021,06/30/2022,0.0,0.0,0.0,0.0,0.0,0.0,0.0,0,0,0,0,unknown
100017,795887,10/01/2020,09/30/2021,0.0,0.0,0.0,0.0,0.0,0.0,0.0,0,0,0,0,unknown
100142,795889,10/01/2020,09/30/2021,0.0,0.0,0.0,0.0,0.0,0.0,0.0,0,0,0,0,unknown
190054,795897,10/01/2020,09/30/2021,0.0,0.0,0.0,0.0,0.0,0.0,0.0,0,0,0,0,unknown
260061,795906,07/01/2021,06/30/2022,0.0,0.0,0.0,0.0,0.0,0.0,0.0,0,0,0,0,unknown
390036,795919,07/01/2021,06/30/2022,0.0,0.0,0.0,0.0,0.0,0.0,0.0,0,0,0,0,unknown
450422,795925,01/01/2021,12/31/2021,0.0,0.0,0.0,0.0,0.0,0.0,0.0,0,0,0,0,unknown
010169,795932,10/01/2020,09/30/2021,0.0,0.0,0.0,0.0,0.0,0.0,0.0,0,0,0,0,unknown
050102,795935,07/01/2021,06/30/2022,0.0,0.0,0.0,0.0,0.0,0.0,0.0,0,0,0,0,unknown
050230,795938,01/01/2021,12/31/2021,0.0,0.0,0.0,0.0,0.0,0.0,0.0,0,0,0,0,unknown
110092,795946,10/01/2020,09/30/2021,0.0,0.0,0.0,0.0,0.0,0.0,0.0,0,0,0,0,unknown
150023,795948,01/01/2021,12/31/2021,0.0,0.0,0.0,0.0,0.0,0.0,0.0,0,0,0,0,unknown
190079,795951,08/01/2021,07/31/2022,0.0,0.0,0.0,0.0,0.0,0.0,0.0,0,0,0,0,unknown
190146,795952,10/01/2020,12/31/2020,0.0,0.0,0.0,0.0,0.0,0.0,0.0,0,0,0,0,unknown
260176,795958,07/01/2021,06/30/2022,0.0,0.0,0.0,0.0,0.0,0.0,0.0,0,0,0,0,unknown
370025,795973,07/01/2021,06/30/2022,0.0,0.0,0.0,0.0,0.0,0.0,0.0,0,0,0,0,unknown
370228,795974,01/01/2021,12/31/2021,0.0,0.0,0.0,0.0,0.0,0.0,0.0,0,0,0,0,unknown
450698,795982,10/01/2020,09/30/2021,0.0,0.0,0.0,0.0,0.0,0.0,0.0,0,0,0,0,unknown
200008,795989,10/01/2020,09/30/2021,0.0,0.0,0.0,0.0,0.0,0.0,0.0,0,0,0,0,unknown
300005,795993,10/01/2020,04/30/2021,0.0,0.0,0.0,0.0,0.0,0.0,0.0,0,0,0,0,unknown
050481,796000,01/01/2021,12/31/2021,0.0,0.0,0.0,0.0,0.0,0.0,0.0,0,0,0,0,unknown
140185,796008,01/01/2021,12/31/2021,0.0,0.0,0.0,0.0,0.0,0.0,0.0,0,0,0,0,unknown
150162,796012,01/01/2021,12/31/2021,0.0,0.0,0.0,0.0,0.0,0.0,0.0,0,0,0,0,unknown
190008,796015,04/01/2021,03/31/2022,0.0,0.0,0.0,0.0,0.0,0.0,0.0,0,0,0,0,unknown
193094,796017,01/01/2021,12/31/2021,0.0,0.0,0.0,0.0,0.0,0.0,0.0,0,0,0,0,unknown
250031,796025,07/01/2021,06/30/2022,0.0,0.0,0.0,0.0,0.0,0.0,0.0,0,0,0,0,unknown
290041,796027,01/01/2021,12/31/2021,0.0,0.0,0.0,0.0,0.0,0.0,0.0,0,0,0,0,unknown
470012,796045,10/01/2020,09/30/2021,0.0,0.0,0.0,0.0,0.0,0.0,0.0,0,0,0,0,unknown
040154,796051,01/01/2021,12/31/2021,0.0,0.0,0.0,0.0,0.0,0.0,0.0,0,0,0,0,unknown
060126,796058,01/01/2021,12/31/2021,0.0,0.0,0.0,0.0,0.0,0.0,0.0,0,0,0,0,unknown
063033,796059,01/01/2021,12/31/2021,0.0,0.0,0.0,0.0,0.0,0.0,0.0,0,0,0,0,unknown
190255,796081,01/01/2021,12/31/2021,0.0,0.0,0.0,0.0,0.0,0.0,0.0,0,0,0,0,unknown
200039,796082,07/01/2021,06/30/2022,0.0,0.0,0.0,0.0,0.0,0.0,0.0,0,0,0,0,unknown
200041,796083,10/01/2020,09/30/2021,0.0,0.0,0.0,0.0,0.0,0.0,0.0,0,0,0,0,unknown
201311,796084,01/01/2021,12/31/2021,0.0,0.0,0.0,0.0,0.0,0.0,0.0,0,0,0,0,unknown
210005,796085,07/01/2021,06/30/2022,0.0,0.0,0.0,0.0,0.0,0.0,0.0,0,0,0,0,unknown
280132,796093,04/01/2021,03/31/2022,0.0,0.0,0.0,0.0,0.0,0.0,0.0,0,0,0,0,unknown
290032,796094,01/01/2021,12/31/2021,0.0,0.0,0.0,0.0,0.0,0.0,0.0,0,0,0,0,unknown
300012,796098,07/01/2021,06/30/2022,0.0,0.0,0.0,0.0,0.0,0.0,0.0,0,0,0,0,unknown
330140,796108,07/01/2021,06/30/2022,0.0,0.0,0.0,0.0,0.0,0.0,0.0,0,0,0,0,unknown
330395,796112,01/01/2021,12/31/2021,0.0,0.0,0.0,0.0,0.0,0.0,0.0,0,0,0,0,unknown
340020,796113,01/01/2021,12/31/2021,0.0,0.0,0.0,0.0,0.0,0.0,0.0,0,0,0,0,unknown
363036,796115,01/01/2021,12/31/2021,0.0,0.0,0.0,0.0,0.0,0.0,0.0,0,0,0,0,unknown
370201,796119,01/01/2021,12/31/2021,0.0,0.0,0.0,0.0,0.0,0.0,0.0,0,0,0,0,unknown
450742,796138,06/01/2021,05/31/2022,0.0,0.0,0.0,0.0,0.0,0.0,0.0,0,0,0,0,unknown
500015,796145,01/01/2021,12/31/2021,0.0,0.0,0.0,0.0,0.0,0.0,0.0,0,0,0,0,unknown
670061,796147,01/01/2021,12/31/2021,0.0,0.0,0.0,0.0,0.0,0.0,0.0,0,0,0,0,unknown
050708,796152,01/01/2021,12/31/2021,0.0,0.0,0.0,0.0,0.0,0.0,0.0,0,0,0,0,unknown
060071,796154,01/01/2021,12/31/2021,0.0,0.0,0.0,0.0,0.0,0.0,0.0,0,0,0,0,unknown
220049,796180,10/01/2020,09/30/2021,0.0,0.0,0.0,0.0,0.0,0.0,0.0,0,0,0,0,unknown
043029,796235,01/01/2021,12/31/2021,0.0,0.0,0.0,0.0,0.0,0.0,0.0,0,0,0,0,unknown
110200,796242,07/01/2021,06/30/2022,0.0,0.0,0.0,0.0,0.0,0.0,0.0,0,0,0,0,unknown
180043,796245,10/01/2020,09/30/2021,0.0,0.0,0.0,0.0,0.0,0.0,0.0,0,0,0,0,unknown
193070,796246,07/01/2021,06/30/2022,0.0,0.0,0.0,0.0,0.0,0.0,0.0,0,0,0,0,unknown
210051,796247,07/01/2021,06/30/2022,0.0,0.0,0.0,0.0,0.0,0.0,0.0,0,0,0,0,unknown
251308,796248,10/01/2020,09/30/2021,0.0,0.0,0.0,0.0,0.0,0.0,0.0,0,0,0,0,unknown
450853,796300,01/01/2021,12/31/2021,0.0,0.0,0.0,0.0,0.0,0.0,0.0,0,0,0,0,unknown
461304,796305,07/01/2021,06/30/2022,0.0,0.0,0.0,0.0,0.0,0.0,0.0,0,0,0,0,unknown
500060,796307,01/01/2021,12/31/2021,0.0,0.0,0.0,0.0,0.0,0.0,0.0,0,0,0,0,unknown
670025,796312,01/01/2021,12/31/2021,0.0,0.0,0.0,0.0,0.0,0.0,0.0,0,0,0,0,unknown
140145,796326,07/01/2021,06/30/2022,0.0,0.0,0.0,0.0,0.0,0.0,0.0,0,0,0,0,unknown
210040,796344,07/01/2021,06/30/2022,0.0,0.0,0.0,0.0,0.0,0.0,0.0,0,0,0,0,unknown
360059,796372,01/01/2021,12/31/2021,0.0,0.0,0.0,0.0,0.0,0.0,0.0,0,0,0,0,unknown
360236,796374,01/01/2021,12/31/2021,0.0,0.0,0.0,0.0,0.0,0.0,0.0,0,0,0,0,unknown
390179,796383,07/01/2021,06/30/2022,0.0,0.0,0.0,0.0,0.0,0.0,0.0,0,0,0,0,unknown
020001,796422,01/01/2021,12/31/2021,0.0,0.0,0.0,0.0,0.0,0.0,0.0,0,0,0,0,unknown
030016,796423,01/01/2021,12/31/2021,0.0,0.0,0.0,0.0,0.0,0.0,0.0,0,0,0,0,unknown
030123,796424,01/01/2021,12/31/2021,0.0,0.0,0.0,0.0,0.0,0.0,0.0,0,0,0,0,unknown
050235,796428,01/01/2021,12/31/2021,0.0,0.0,0.0,0.0,0.0,0.0,0.0,0,0,0,0,unknown
100130,796433,10/01/2020,09/30/2021,0.0,0.0,0.0,0.0,0.0,0.0,0.0,0,0,0,0,unknown
100156,796434,11/01/2020,10/31/2021,0.0,0.0,0.0,0.0,0.0,0.0,0.0,0,0,0,0,unknown
100320,796435,07/01/2021,06/30/2022,0.0,0.0,0.0,0.0,0.0,0.0,0.0,0,0,0,0,unknown
130025,796438,10/01/2020,09/30/2021,0.0,0.0,0.0,0.0,0.0,0.0,0.0,0,0,0,0,unknown
330238,796461,07/01/2021,06/30/2022,0.0,0.0,0.0,0.0,0.0,0.0,0.0,0,0,0,0,unknown
360092,796467,01/01/2021,12/31/2021,0.0,0.0,0.0,0.0,0.0,0.0,0.0,0,0,0,0,unknown
400109,796476,01/01/2021,12/31/2021,0.0,0.0,0.0,0.0,0.0,0.0,0.0,0,0,0,0,unknown
400122,796477,07/01/2021,06/30/2022,0.0,0.0,0.0,0.0,0.0,0.0,0.0,0,0,0,0,unknown
400123,796478,01/01/2021,12/31/2021,0.0,0.0,0.0,0.0,0.0,0.0,0.0,0,0,0,0,unknown
500058,796493,01/01/2021,12/31/2021,0.0,0.0,0.0,0.0,0.0,0.0,0.0,0,0,0,0,unknown
670116,796497,01/01/2021,12/31/2021,0.0,0.0,0.0,0.0,0.0,0.0,0.0,0,0,0,0,unknown
030012,796505,01/01/2021,12/31/2021,0.0,0.0,0.0,0.0,0.0,0.0,0.0,0,0,0,0,unknown
050002,796513,10/01/2020,09/30/2021,0.0,0.0,0.0,0.0,0.0,0.0,0.0,0,0,0,0,unknown
050039,796514,07/01/2021,06/30/2022,0.0,0.0,0.0,0.0,0.0,0.0,0.0,0,0,0,0,unknown
050197,796515,01/01/2021,12/31/2021,0.0,0.0,0.0,0.0,0.0,0.0,0.0,0,0,0,0,unknown
050396,796518,01/01/2021,12/31/2021,0.0,0.0,0.0,0.0,0.0,0.0,0.0,0,0,0,0,unknown
100067,796522,01/01/2021,12/31/2021,0.0,0.0,0.0,0.0,0.0,0.0,0.0,0,0,0,0,unknown
230259,796544,07/01/2021,06/30/2022,0.0,0.0,0.0,0.0,0.0,0.0,0.0,0,0,0,0,unknown
260091,796550,01/01/2021,12/31/2021,0.0,0.0,0.0,0.0,0.0,0.0,0.0,0,0,0,0,unknown
280009,796556,07/01/2021,06/30/2022,0.0,0.0,0.0,0.0,0.0,0.0,0.0,0,0,0,0,unknown
361308,796565,01/01/2021,12/31/2021,0.0,0.0,0.0,0.0,0.0,0.0,0.0,0,0,0,0,unknown
390030,796569,07/01/2021,06/30/2022,0.0,0.0,0.0,0.0,0.0,0.0,0.0,0,0,0,0,unknown
390324,796574,07/01/2021,06/30/2022,0.0,0.0,0.0,0.0,0.0,0.0,0.0,0,0,0,0,unknown
390326,796575,07/01/2021,06/30/2022,0.0,0.0,0.0,0.0,0.0,0.0,0.0,0,0,0,0,unknown
030117,796597,12/01/2020,11/30/2021,0.0,0.0,0.0,0.0,0.0,0.0,0.0,0,0,0,0,unknown
050071,796599,01/01/2021,12/31/2021,0.0,0.0,0.0,0.0,0.0,0.0,0.0,0,0,0,0,unknown
050485,796605,07/01/2021,06/30/2022,0.0,0.0,0.0,0.0,0.0,0.0,0.0,0,0,0,0,unknown
050551,796606,06/01/2021,05/31/2022,0.0,0.0,0.0,0.0,0.0,0.0,0.0,0,0,0,0,unknown
050589,796607,06/01/2021,05/31/2022,0.0,0.0,0.0,0.0,0.0,0.0,0.0,0,0,0,0,unknown
050641,796609,01/01/2021,12/31/2021,0.0,0.0,0.0,0.0,0.0,0.0,0.0,0,0,0,0,unknown
050784,796610,01/01/2021,12/31/2021,0.0,0.0,0.0,0.0,0.0,0.0,0.0,0,0,0,0,unknown
100140,796614,10/01/2020,09/30/2021,0.0,0.0,0.0,0.0,0.0,0.0,0.0,0,0,0,0,unknown
103045,796617,01/01/2021,12/31/2021,0.0,0.0,0.0,0.0,0.0,0.0,0.0,0,0,0,0,unknown
170204,796632,01/01/2021,12/31/2021,0.0,0.0,0.0,0.0,0.0,0.0,0.0,0,0,0,0,unknown
190164,796636,08/01/2021,07/31/2022,0.0,0.0,0.0,0.0,0.0,0.0,0.0,0,0,0,0,unknown
270032,796647,07/01/2021,06/30/2022,0.0,0.0,0.0,0.0,0.0,0.0,0.0,0,0,0,0,unknown
280134,796648,01/01/2021,12/31/2021,0.0,0.0,0.0,0.0,0.0,0.0,0.0,0,0,0,0,unknown
370013,796661,07/01/2021,06/30/2022,0.0,0.0,0.0,0.0,0.0,0.0,0.0,0,0,0,0,unknown
370235,796672,07/01/2021,06/30/2022,0.0,0.0,0.0,0.0,0.0,0.0,0.0,0,0,0,0,unknown
380017,796674,04/01/2021,03/31/2022,0.0,0.0,0.0,0.0,0.0,0.0,0.0,0,0,0,0,unknown
380056,796675,01/01/2021,12/31/2021,0.0,0.0,0.0,0.0,0.0,0.0,0.0,0,0,0,0,unknown
400106,796678,01/01/2021,12/31/2021,0.0,0.0,0.0,0.0,0.0,0.0,0.0,0,0,0,0,unknown
400113,796679,10/01/2020,09/30/2021,0.0,0.0,0.0,0.0,0.0,0.0,0.0,0,0,0,0,unknown
431322,796681,01/01/2021,12/31/2021,0.0,0.0,0.0,0.0,0.0,0.0,0.0,0,0,0,0,unknown
450330,796695,01/01/2021,12/31/2021,0.0,0.0,0.0,0.0,0.0,0.0,0.0,0,0,0,0,unknown
450388,796697,07/01/2021,06/30/2022,0.0,0.0,0.0,0.0,0.0,0.0,0.0,0,0,0,0,unknown
450399,796698,10/01/2020,09/30/2021,0.0,0.0,0.0,0.0,0.0,0.0,0.0,0,0,0,0,unknown
450411,796699,07/01/2021,06/30/2022,0.0,0.0,0.0,0.0,0.0,0.0,0.0,0,0,0,0,unknown
450827,796702,01/01/2021,12/31/2021,0.0,0.0,0.0,0.0,0.0,0.0,0.0,0,0,0,0,unknown
451328,796703,01/01/2021,12/31/2021,0.0,0.0,0.0,0.0,0.0,0.0,0.0,0,0,0,0,unknown
530012,796717,01/01/2021,12/31/2021,0.0,0.0,0.0,0.0,0.0,0.0,0.0,0,0,0,0,unknown
673056,796719,01/01/2021,12/31/2021,0.0,0.0,0.0,0.0,0.0,0.0,0.0,0,0,0,0,unknown
673060,796720,01/01/2021,12/31/2021,0.0,0.0,0.0,0.0,0.0,0.0,0.0,0,0,0,0,unknown
673065,796721,10/01/2020,09/30/2021,0.0,0.0,0.0,0.0,0.0,0.0,0.0,0,0,0,0,unknown
030036,796725,01/01/2021,12/31/2021,0.0,0.0,0.0,0.0,0.0,0.0,0.0,0,0,0,0,unknown
040076,796726,01/01/2021,12/31/2021,0.0,0.0,0.0,0.0,0.0,0.0,0.0,0,0,0,0,unknown
050124,796728,07/01/2021,06/30/2022,0.0,0.0,0.0,0.0,0.0,0.0,0.0,0,0,0,0,unknown
050140,796729,01/01/2021,12/31/2021,0.0,0.0,0.0,0.0,0.0,0.0,0.0,0,0,0,0,unknown
050279,796730,06/01/2021,05/31/2022,0.0,0.0,0.0,0.0,0.0,0.0,0.0,0,0,0,0,unknown
050309,796731,01/01/2021,12/31/2021,0.0,0.0,0.0,0.0,0.0,0.0,0.0,0,0,0,0,unknown
050367,796732,01/01/2021,12/31/2021,0.0,0.0,0.0,0.0,0.0,0.0,0.0,0,0,0,0,unknown
050597,796733,01/01/2021,12/31/2021,0.0,0.0,0.0,0.0,0.0,0.0,0.0,0,0,0,0,unknown
050736,796734,07/01/2021,06/30/2022,0.0,0.0,0.0,0.0,0.0,0.0,0.0,0,0,0,0,unknown
050783,796735,01/01/2021,12/31/2021,0.0,0.0,0.0,0.0,0.0,0.0,0.0,0,0,0,0,unknown
190251,796754,01/01/2021,12/31/2021,0.0,0.0,0.0,0.0,0.0,0.0,0.0,0,0,0,0,unknown
270012,796766,01/01/2021,12/31/2021,0.0,0.0,0.0,0.0,0.0,0.0,0.0,0,0,0,0,unknown
310009,796770,01/01/2021,12/31/2021,0.0,0.0,0.0,0.0,0.0,0.0,0.0,0,0,0,0,unknown
310012,796771,01/01/2021,12/31/2021,0.0,0.0,0.0,0.0,0.0,0.0,0.0,0,0,0,0,unknown
450658,796786,10/01/2020,09/30/2021,0.0,0.0,0.0,0.0,0.0,0.0,0.0,0,0,0,0,unknown
450808,796787,01/01/2021,12/31/2021,0.0,0.0,0.0,0.0,0.0,0.0,0.0,0,0,0,0,unknown
460001,796795,01/01/2021,12/31/2021,0.0,0.0,0.0,0.0,0.0,0.0,0.0,0,0,0,0,unknown
670031,796800,07/01/2021,06/30/2022,0.0,0.0,0.0,0.0,0.0,0.0,0.0,0,0,0,0,unknown
040036,796805,01/01/2021,12/31/2021,0.0,0.0,0.0,0.0,0.0,0.0,0.0,0,0,0,0,unknown
051332,796808,01/01/2021,12/31/2021,0.0,0.0,0.0,0.0,0.0,0.0,0.0,0,0,0,0,unknown
060032,796812,01/01/2021,12/31/2021,0.0,0.0,0.0,0.0,0.0,0.0,0.0,0,0,0,0,unknown
140231,796826,07/01/2021,06/30/2022,0.0,0.0,0.0,0.0,0.0,0.0,0.0,0,0,0,0,unknown
210058,796833,07/01/2021,06/30/2022,0.0,0.0,0.0,0.0,0.0,0.0,0.0,0,0,0,0,unknown
250167,796842,01/01/2021,12/31/2021,0.0,0.0,0.0,0.0,0.0,0.0,0.0,0,0,0,0,unknown
390138,796857,07/01/2021,06/30/2022,0.0,0.0,0.0,0.0,0.0,0.0,0.0,0,0,0,0,unknown
440131,796861,10/01/2020,09/30/2021,0.0,0.0,0.0,0.0,0.0,0.0,0.0,0,0,0,0,unknown
440173,796862,09/01/2021,08/31/2022,0.0,0.0,0.0,0.0,0.0,0.0,0.0,0,0,0,0,unknown
050069,796883,07/01/2021,06/30/2022,0.0,0.0,0.0,0.0,0.0,0.0,0.0,0,0,0,0,unknown
110036,796891,01/01/2021,12/31/2021,0.0,0.0,0.0,0.0,0.0,0.0,0.0,0,0,0,0,unknown
310006,796936,01/01/2021,12/31/2021,0.0,0.0,0.0,0.0,0.0,0.0,0.0,0,0,0,0,unknown
360008,796948,07/01/2021,06/30/2022,0.0,0.0,0.0,0.0,0.0,0.0,0.0,0,0,0,0,unknown
360087,796950,01/01/2021,12/31/2021,0.0,0.0,0.0,0.0,0.0,0.0,0.0,0,0,0,0,unknown
360090,796951,01/01/2021,09/30/2021,0.0,0.0,0.0,0.0,0.0,0.0,0.0,0,0,0,0,unknown
390028,796959,07/01/2021,06/30/2022,0.0,0.0,0.0,0.0,0.0,0.0,0.0,0,0,0,0,unknown
490144,796974,01/01/2021,12/31/2021,0.0,0.0,0.0,0.0,0.0,0.0,0.0,0,0,0,0,unknown
060118,796989,07/01/2021,06/30/2022,0.0,0.0,0.0,0.0,0.0,0.0,0.0,0,0,0,0,unknown
063027,796990,06/01/2021,05/31/2022,0.0,0.0,0.0,0.0,0.0,0.0,0.0,0,0,0,0,unknown
070017,796991,10/01/2020,09/30/2021,0.0,0.0,0.0,0.0,0.0,0.0,0.0,0,0,0,0,unknown
153037,797000,07/01/2021,06/30/2022,0.0,0.0,0.0,0.0,0.0,0.0,0.0,0,0,0,0,unknown
330115,797022,01/01/2021,12/31/2021,0.0,0.0,0.0,0.0,0.0,0.0,0.0,0,0,0,0,unknown
330211,797023,01/01/2021,12/31/2021,0.0,0.0,0.0,0.0,0.0,0.0,0.0,0,0,0,0,unknown
363033,797030,01/01/2021,12/31/2021,0.0,0.0,0.0,0.0,0.0,0.0,0.0,0,0,0,0,unknown
390107,797035,07/01/2021,06/30/2022,0.0,0.0,0.0,0.0,0.0,0.0,0.0,0,0,0,0,unknown
410006,797036,10/01/2020,09/30/2021,0.0,0.0,0.0,0.0,0.0,0.0,0.0,0,0,0,0,unknown
450148,797041,10/01/2020,09/30/2021,0.0,0.0,0.0,0.0,0.0,0.0,0.0,0,0,0,0,unknown
450578,797042,10/01/2020,09/30/2021,0.0,0.0,0.0,0.0,0.0,0.0,0.0,0,0,0,0,unknown
471304,797055,10/01/2020,09/30/2021,0.0,0.0,0.0,0.0,0.0,0.0,0.0,0,0,0,0,unknown
673079,797062,08/13/2021,09/30/2022,0.0,0.0,0.0,0.0,0.0,0.0,0.0,0,0,0,0,unknown
100176,797070,01/01/2021,12/31/2021,0.0,0.0,0.0,0.0,0.0,0.0,0.0,0,0,0,0,unknown
103047,797071,04/28/2021,12/31/2021,0.0,0.0,0.0,0.0,0.0,0.0,0.0,0,0,0,0,unknown
210037,797089,07/01/2021,06/30/2022,0.0,0.0,0.0,0.0,0.0,0.0,0.0,0,0,0,0,unknown
250036,797095,10/01/2020,09/30/2021,0.0,0.0,0.0,0.0,0.0,0.0,0.0,0,0,0,0,unknown
370153,797104,07/01/2021,06/30/2022,0.0,0.0,0.0,0.0,0.0,0.0,0.0,0,0,0,0,unknown
450102,797109,07/01/2021,06/30/2022,0.0,0.0,0.0,0.0,0.0,0.0,0.0,0,0,0,0,unknown
450210,797110,08/01/2021,07/31/2022,0.0,0.0,0.0,0.0,0.0,0.0,0.0,0,0,0,0,unknown
010016,797126,01/01/2021,12/31/2021,0.0,0.0,0.0,0.0,0.0,0.0,0.0,0,0,0,0,unknown
100253,797141,10/01/2020,09/30/2021,0.0,0.0,0.0,0.0,0.0,0.0,0.0,0,0,0,0,unknown
190190,797156,01/01/2021,12/31/2021,0.0,0.0,0.0,0.0,0.0,0.0,0.0,0,0,0,0,unknown
190245,797157,01/01/2021,12/31/2021,0.0,0.0,0.0,0.0,0.0,0.0,0.0,0,0,0,0,unknown
190266,797158,01/01/2021,12/31/2021,0.0,0.0,0.0,0.0,0.0,0.0,0.0,0,0,0,0,unknown
370004,797171,07/01/2021,06/30/2022,0.0,0.0,0.0,0.0,0.0,0.0,0.0,0,0,0,0,unknown
400032,797172,01/01/2021,12/31/2021,0.0,0.0,0.0,0.0,0.0,0.0,0.0,0,0,0,0,unknown
420109,797173,10/01/2020,09/30/2021,0.0,0.0,0.0,0.0,0.0,0.0,0.0,0,0,0,0,unknown
440034,797177,01/01/2021,12/31/2021,0.0,0.0,0.0,0.0,0.0,0.0,0.0,0,0,0,0,unknown
450023,797180,07/01/2021,06/30/2022,0.0,0.0,0.0,0.0,0.0,0.0,0.0,0,0,0,0,unknown
070035,797196,10/01/2020,09/30/2021,0.0,0.0,0.0,0.0,0.0,0.0,0.0,0,0,0,0,unknown
220083,797215,10/01/2020,09/30/2021,0.0,0.0,0.0,0.0,0.0,0.0,0.0,0,0,0,0,unknown
241320,797217,10/01/2020,09/30/2021,0.0,0.0,0.0,0.0,0.0,0.0,0.0,0,0,0,0,unknown
310057,797220,01/01/2021,12/31/2021,0.0,0.0,0.0,0.0,0.0,0.0,0.0,0,0,0,0,unknown
330047,797222,07/01/2021,06/30/2022,0.0,0.0,0.0,0.0,0.0,0.0,0.0,0,0,0,0,unknown
370097,797230,11/01/2020,10/31/2021,0.0,0.0,0.0,0.0,0.0,0.0,0.0,0,0,0,0,unknown
400098,797234,01/01/2021,12/31/2021,0.0,0.0,0.0,0.0,0.0,0.0,0.0,0,0,0,0,unknown
400111,797235,01/01/2021,12/31/2021,0.0,0.0,0.0,0.0,0.0,0.0,0.0,0,0,0,0,unknown
400125,797236,01/01/2021,12/31/2021,0.0,0.0,0.0,0.0,0.0,0.0,0.0,0,0,0,0,unknown
450271,797241,01/01/2021,12/31/2021,0.0,0.0,0.0,0.0,0.0,0.0,0.0,0,0,0,0,unknown
453025,797245,01/01/2021,12/31/2021,0.0,0.0,0.0,0.0,0.0,0.0,0.0,0,0,0,0,unknown
150007,797284,01/01/2021,12/31/2021,0.0,0.0,0.0,0.0,0.0,0.0,0.0,0,0,0,0,unknown
330058,797300,01/01/2021,12/31/2021,0.0,0.0,0.0,0.0,0.0,0.0,0.0,0,0,0,0,unknown
330332,797302,01/01/2021,12/31/2021,0.0,0.0,0.0,0.0,0.0,0.0,0.0,0,0,0,0,unknown
420002,797316,06/01/2021,05/31/2022,0.0,0.0,0.0,0.0,0.0,0.0,0.0,0,0,0,0,unknown
060116,797350,01/01/2021,12/31/2021,0.0,0.0,0.0,0.0,0.0,0.0,0.0,0,0,0,0,unknown
150026,797366,01/01/2021,12/31/2021,0.0,0.0,0.0,0.0,0.0,0.0,0.0,0,0,0,0,unknown
190099,797377,07/01/2021,06/30/2022,0.0,0.0,0.0,0.0,0.0,0.0,0.0,0,0,0,0,unknown
330043,797390,01/01/2021,12/31/2021,0.0,0.0,0.0,0.0,0.0,0.0,0.0,0,0,0,0,unknown
330386,797392,01/01/2021,12/31/2021,0.0,0.0,0.0,0.0,0.0,0.0,0.0,0,0,0,0,unknown
370001,797410,07/01/2021,06/30/2022,0.0,0.0,0.0,0.0,0.0,0.0,0.0,0,0,0,0,unknown
330164,797462,07/01/2021,06/30/2022,0.0,0.0,0.0,0.0,0.0,0.0,0.0,0,0,0,0,unknown
450875,797472,01/01/2021,12/31/2021,0.0,0.0,0.0,0.0,0.0,0.0,0.0,0,0,0,0,unknown
673045,797475,01/01/2021,12/31/2021,0.0,0.0,0.0,0.0,0.0,0.0,0.0,0,0,0,0,unknown
083027,797495,05/01/2021,04/30/2022,0.0,0.0,0.0,0.0,0.0,0.0,0.0,0,0,0,0,unknown
100259,797501,09/01/2021,08/31/2022,0.0,0.0,0.0,0.0,0.0,0.0,0.0,0,0,0,0,unknown
150017,797503,07/01/2021,06/30/2022,0.0,0.0,0.0,0.0,0.0,0.0,0.0,0,0,0,0,unknown
193092,797511,09/01/2021,08/31/2022,0.0,0.0,0.0,0.0,0.0,0.0,0.0,0,0,0,0,unknown
450883,797536,01/01/2021,12/31/2021,0.0,0.0,0.0,0.0,0.0,0.0,0.0,0,0,0,0,unknown
063030,797565,01/01/2021,12/31/2021,0.0,0.0,0.0,0.0,0.0,0.0,0.0,0,0,0,0,unknown
100177,797567,10/01/2020,09/30/2021,0.0,0.0,0.0,0.0,0.0,0.0,0.0,0,0,0,0,unknown
140166,797573,07/01/2021,06/30/2022,0.0,0.0,0.0,0.0,0.0,0.0,0.0,0,0,0,0,unknown
190317,797578,07/01/2021,06/30/2022,0.0,0.0,0.0,0.0,0.0,0.0,0.0,0,0,0,0,unknown
250095,797583,10/01/2020,09/30/2021,0.0,0.0,0.0,0.0,0.0,0.0,0.0,0,0,0,0,unknown
330218,797593,01/01/2021,12/31/2021,0.0,0.0,0.0,0.0,0.0,0.0,0.0,0,0,0,0,unknown
360352,797612,01/01/2021,12/31/2021,0.0,0.0,0.0,0.0,0.0,0.0,0.0,0,0,0,0,unknown
370158,797613,07/01/2021,06/30/2022,0.0,0.0,0.0,0.0,0.0,0.0,0.0,0,0,0,0,unknown
393035,797617,07/01/2021,06/30/2022,0.0,0.0,0.0,0.0,0.0,0.0,0.0,0,0,0,0,unknown
450880,797626,01/01/2021,12/31/2021,0.0,0.0,0.0,0.0,0.0,0.0,0.0,0,0,0,0,unknown
520045,797630,01/01/2021,12/31/2021,0.0,0.0,0.0,0.0,0.0,0.0,0.0,0,0,0,0,unknown
100075,797641,01/01/2021,12/31/2021,0.0,0.0,0.0,0.0,0.0,0.0,0.0,0,0,0,0,unknown
130013,797645,07/01/2021,06/30/2022,0.0,0.0,0.0,0.0,0.0,0.0,0.0,0,0,0,0,unknown
210064,797658,07/01/2021,06/30/2022,0.0,0.0,0.0,0.0,0.0,0.0,0.0,0,0,0,0,unknown
450865,797689,07/01/2021,06/30/2022,0.0,0.0,0.0,0.0,0.0,0.0,0.0,0,0,0,0,unknown
060129,797716,07/01/2021,06/30/2022,0.0,0.0,0.0,0.0,0.0,0.0,0.0,0,0,0,0,unknown
140059,797734,07/01/2021,06/30/2022,0.0,0.0,0.0,0.0,0.0,0.0,0.0,0,0,0,0,unknown
150113,797737,01/01/2021,12/31/2021,0.0,0.0,0.0,0.0,0.0,0.0,0.0,0,0,0,0,unknown
310083,797771,01/01/2021,12/31/2021,0.0,0.0,0.0,0.0,0.0,0.0,0.0,0,0,0,0,unknown
310130,797772,07/01/2021,06/30/2022,0.0,0.0,0.0,0.0,0.0,0.0,0.0,0,0,0,0,unknown
330307,797775,01/01/2021,12/31/2021,0.0,0.0,0.0,0.0,0.0,0.0,0.0,0,0,0,0,unknown
420071,797815,10/01/2020,09/30/2021,0.0,0.0,0.0,0.0,0.0,0.0,0.0,0,0,0,0,unknown
010102,797834,10/01/2020,09/30/2021,0.0,0.0,0.0,0.0,0.0,0.0,0.0,0,0,0,0,unknown
100008,797850,10/01/2020,09/30/2021,0.0,0.0,0.0,0.0,0.0,0.0,0.0,0,0,0,0,unknown
231332,797877,01/01/2021,12/31/2021,0.0,0.0,0.0,0.0,0.0,0.0,0.0,0,0,0,0,unknown
321306,797889,01/01/2021,12/31/2021,0.0,0.0,0.0,0.0,0.0,0.0,0.0,0,0,0,0,unknown
340133,797895,05/01/2021,04/30/2022,0.0,0.0,0.0,0.0,0.0,0.0,0.0,0,0,0,0,unknown
450641,797914,07/01/2021,06/30/2022,0.0,0.0,0.0,0.0,0.0,0.0,0.0,0,0,0,0,unknown
501330,797919,01/01/2021,12/31/2021,0.0,0.0,0.0,0.0,0.0,0.0,0.0,0,0,0,0,unknown
670080,797923,05/01/2021,04/30/2022,0.0,0.0,0.0,0.0,0.0,0.0,0.0,0,0,0,0,unknown
673055,797925,01/01/2021,12/31/2021,0.0,0.0,0.0,0.0,0.0,0.0,0.0,0,0,0,0,unknown
190204,797962,04/01/2021,03/31/2022,0.0,0.0,0.0,0.0,0.0,0.0,0.0,0,0,0,0,unknown
230141,797968,10/01/2020,09/30/2021,0.0,0.0,0.0,0.0,0.0,0.0,0.0,0,0,0,0,unknown
320074,797977,02/01/2021,01/31/2022,0.0,0.0,0.0,0.0,0.0,0.0,0.0,0,0,0,0,unknown
450801,797997,07/01/2021,06/30/2022,0.0,0.0,0.0,0.0,0.0,0.0,0.0,0,0,0,0,unknown
010139,798003,01/01/2021,12/31/2021,0.0,0.0,0.0,0.0,0.0,0.0,0.0,0,0,0,0,unknown
050534,798017,06/01/2021,05/31/2022,0.0,0.0,0.0,0.0,0.0,0.0,0.0,0,0,0,0,unknown
100157,798029,10/01/2020,09/30/2021,0.0,0.0,0.0,0.0,0.0,0.0,0.0,0,0,0,0,unknown
100287,798030,06/01/2021,05/31/2022,0.0,0.0,0.0,0.0,0.0,0.0,0.0,0,0,0,0,unknown
140206,798040,10/01/2020,09/30/2021,0.0,0.0,0.0,0.0,0.0,0.0,0.0,0,0,0,0,unknown
180038,798051,06/01/2021,05/31/2022,0.0,0.0,0.0,0.0,0.0,0.0,0.0,0,0,0,0,unknown
190114,798056,07/01/2021,06/30/2022,0.0,0.0,0.0,0.0,0.0,0.0,0.0,0,0,0,0,unknown
250078,798068,10/01/2020,09/30/2021,0.0,0.0,0.0,0.0,0.0,0.0,0.0,0,0,0,0,unknown
290046,798070,01/01/2021,12/31/2021,0.0,0.0,0.0,0.0,0.0,0.0,0.0,0,0,0,0,unknown
310047,798071,01/01/2021,12/31/2021,0.0,0.0,0.0,0.0,0.0,0.0,0.0,0,0,0,0,unknown
320011,798074,01/01/2021,12/31/2021,0.0,0.0,0.0,0.0,0.0,0.0,0.0,0,0,0,0,unknown
390157,798099,07/01/2021,06/30/2022,0.0,0.0,0.0,0.0,0.0,0.0,0.0,0,0,0,0,unknown
450018,798111,09/01/2021,08/31/2022,0.0,0.0,0.0,0.0,0.0,0.0,0.0,0,0,0,0,unknown
450889,798116,01/01/2021,12/31/2021,0.0,0.0,0.0,0.0,0.0,0.0,0.0,0,0,0,0,unknown
670122,798124,01/01/2021,12/31/2021,0.0,0.0,0.0,0.0,0.0,0.0,0.0,0,0,0,0,unknown
040084,798128,07/01/2021,06/30/2022,0.0,0.0,0.0,0.0,0.0,0.0,0.0,0,0,0,0,unknown
060014,798138,09/01/2021,08/31/2022,0.0,0.0,0.0,0.0,0.0,0.0,0.0,0,0,0,0,unknown
100154,798142,10/01/2020,09/30/2021,0.0,0.0,0.0,0.0,0.0,0.0,0.0,0,0,0,0,unknown
100296,798143,10/01/2020,09/30/2021,0.0,0.0,0.0,0.0,0.0,0.0,0.0,0,0,0,0,unknown
150069,798157,01/01/2021,12/31/2021,0.0,0.0,0.0,0.0,0.0,0.0,0.0,0,0,0,0,unknown
250019,798175,10/01/2020,09/30/2021,0.0,0.0,0.0,0.0,0.0,0.0,0.0,0,0,0,0,unknown
310118,798180,01/01/2021,12/31/2021,0.0,0.0,0.0,0.0,0.0,0.0,0.0,0,0,0,0,unknown
330008,798183,01/01/2021,12/31/2021,0.0,0.0,0.0,0.0,0.0,0.0,0.0,0,0,0,0,unknown
370099,798204,12/01/2020,11/30/2021,0.0,0.0,0.0,0.0,0.0,0.0,0.0,0,0,0,0,unknown
370100,798205,07/01/2021,06/30/2022,0.0,0.0,0.0,0.0,0.0,0.0,0.0,0,0,0,0,unknown
370113,798206,07/01/2021,06/30/2022,0.0,0.0,0.0,0.0,0.0,0.0,0.0,0,0,0,0,unknown
370114,798207,07/01/2021,06/30/2022,0.0,0.0,0.0,0.0,0.0,0.0,0.0,0,0,0,0,unknown
370178,798209,07/01/2021,06/30/2022,0.0,0.0,0.0,0.0,0.0,0.0,0.0,0,0,0,0,unknown
390198,798211,07/01/2021,06/30/2022,0.0,0.0,0.0,0.0,0.0,0.0,0.0,0,0,0,0,unknown
390226,798212,07/01/2021,06/30/2022,0.0,0.0,0.0,0.0,0.0,0.0,0.0,0,0,0,0,unknown
450034,798221,07/01/2021,06/30/2022,0.0,0.0,0.0,0.0,0.0,0.0,0.0,0,0,0,0,unknown
450348,798225,09/01/2021,08/31/2022,0.0,0.0,0.0,0.0,0.0,0.0,0.0,0,0,0,0,unknown
450372,798226,07/01/2021,06/30/2022,0.0,0.0,0.0,0.0,0.0,0.0,0.0,0,0,0,0,unknown
450584,798229,10/01/2020,09/30/2021,0.0,0.0,0.0,0.0,0.0,0.0,0.0,0,0,0,0,unknown
520075,798239,07/01/2021,06/30/2022,0.0,0.0,0.0,0.0,0.0,0.0,0.0,0,0,0,0,unknown
670075,798243,07/01/2021,06/30/2022,0.0,0.0,0.0,0.0,0.0,0.0,0.0,0,0,0,0,unknown
100319,798261,01/01/2021,12/31/2021,0.0,0.0,0.0,0.0,0.0,0.0,0.0,0,0,0,0,unknown
190006,798281,07/01/2021,06/30/2022,0.0,0.0,0.0,0.0,0.0,0.0,0.0,0,0,0,0,unknown
190050,798282,11/01/2020,10/31/2021,0.0,0.0,0.0,0.0,0.0,0.0,0.0,0,0,0,0,unknown
230072,798287,04/01/2021,03/31/2022,0.0,0.0,0.0,0.0,0.0,0.0,0.0,0,0,0,0,unknown
230081,798288,07/01/2021,06/30/2022,0.0,0.0,0.0,0.0,0.0,0.0,0.0,0,0,0,0,unknown
250077,798303,10/01/2020,09/30/2021,0.0,0.0,0.0,0.0,0.0,0.0,0.0,0,0,0,0,unknown
370037,798327,01/01/2021,12/31/2021,0.0,0.0,0.0,0.0,0.0,0.0,0.0,0,0,0,0,unknown
390258,798331,07/01/2021,06/30/2022,0.0,0.0,0.0,0.0,0.0,0.0,0.0,0,0,0,0,unknown
400102,798333,01/01/2021,12/31/2021,0.0,0.0,0.0,0.0,0.0,0.0,0.0,0,0,0,0,unknown
400131,798334,01/01/2021,12/31/2021,0.0,0.0,0.0,0.0,0.0,0.0,0.0,0,0,0,0,unknown
450209,798344,01/01/2021,12/31/2021,0.0,0.0,0.0,0.0,0.0,0.0,0.0,0,0,0,0,unknown
450851,798351,07/01/2021,06/30/2022,0.0,0.0,0.0,0.0,0.0,0.0,0.0,0,0,0,0,unknown
450864,798352,01/01/2021,12/31/2021,0.0,0.0,0.0,0.0,0.0,0.0,0.0,0,0,0,0,unknown
670005,798377,01/01/2021,12/31/2021,0.0,0.0,0.0,0.0,0.0,0.0,0.0,0,0,0,0,unknown
673071,798378,10/01/2020,09/30/2021,0.0,0.0,0.0,0.0,0.0,0.0,0.0,0,0,0,0,unknown
060003,798391,01/01/2021,12/31/2021,0.0,0.0,0.0,0.0,0.0,0.0,0.0,0,0,0,0,unknown
060034,798393,10/01/2020,09/30/2021,0.0,0.0,0.0,0.0,0.0,0.0,0.0,0,0,0,0,unknown
060125,798394,01/01/2021,12/31/2021,0.0,0.0,0.0,0.0,0.0,0.0,0.0,0,0,0,0,unknown
060128,798395,07/01/2021,06/30/2022,0.0,0.0,0.0,0.0,0.0,0.0,0.0,0,0,0,0,unknown
060130,798396,07/01/2021,06/30/2022,0.0,0.0,0.0,0.0,0.0,0.0,0.0,0,0,0,0,unknown
080003,798402,07/01/2021,06/30/2022,0.0,0.0,0.0,0.0,0.0,0.0,0.0,0,0,0,0,unknown
100035,798403,01/01/2021,12/31/2021,0.0,0.0,0.0,0.0,0.0,0.0,0.0,0,0,0,0,unknown
103036,798406,01/01/2021,12/31/2021,0.0,0.0,0.0,0.0,0.0,0.0,0.0,0,0,0,0,unknown
190004,798435,10/01/2020,09/30/2021,0.0,0.0,0.0,0.0,0.0,0.0,0.0,0,0,0,0,unknown
190102,798437,07/01/2021,06/30/2022,0.0,0.0,0.0,0.0,0.0,0.0,0.0,0,0,0,0,unknown
220090,798442,10/01/2020,09/30/2021,0.0,0.0,0.0,0.0,0.0,0.0,0.0,0,0,0,0,unknown
310061,798453,01/01/2021,12/31/2021,0.0,0.0,0.0,0.0,0.0,0.0,0.0,0,0,0,0,unknown
313027,798454,01/01/2021,12/31/2021,0.0,0.0,0.0,0.0,0.0,0.0,0.0,0,0,0,0,unknown
320084,798455,07/01/2021,06/30/2022,0.0,0.0,0.0,0.0,0.0,0.0,0.0,0,0,0,0,unknown
320090,798456,01/01/2021,12/31/2021,0.0,0.0,0.0,0.0,0.0,0.0,0.0,0,0,0,0,unknown
370083,798477,04/01/2021,03/31/2022,0.0,0.0,0.0,0.0,0.0,0.0,0.0,0,0,0,0,unknown
390153,798482,07/01/2021,06/30/2022,0.0,0.0,0.0,0.0,0.0,0.0,0.0,0,0,0,0,unknown
450670,798502,07/01/2021,06/30/2022,0.0,0.0,0.0,0.0,0.0,0.0,0.0,0,0,0,0,unknown
450872,798505,01/01/2021,12/31/2021,0.0,0.0,0.0,0.0,0.0,0.0,0.0,0,0,0,0,unknown
670078,798524,01/01/2021,12/31/2021,0.0,0.0,0.0,0.0,0.0,0.0,0.0,0,0,0,0,unknown
670082,798525,07/01/2021,06/30/2022,0.0,0.0,0.0,0.0,0.0,0.0,0.0,0,0,0,0,unknown
170040,798563,07/01/2021,06/30/2022,0.0,0.0,0.0,0.0,0.0,0.0,0.0,0,0,0,0,unknown
390086,798592,07/01/2021,06/30/2022,0.0,0.0,0.0,0.0,0.0,0.0,0.0,0,0,0,0,unknown
490023,798615,11/01/2020,10/31/2021,0.0,0.0,0.0,0.0,0.0,0.0,0.0,0,0,0,0,unknown
010087,798636,10/01/2020,09/30/2021,0.0,0.0,0.0,0.0,0.0,0.0,0.0,0,0,0,0,unknown
100161,798659,06/01/2021,05/31/2022,0.0,0.0,0.0,0.0,0.0,0.0,0.0,0,0,0,0,unknown
230208,798813,01/01/2021,12/31/2021,0.0,0.0,0.0,0.0,0.0,0.0,0.0,0,0,0,0,unknown
260210,798821,01/19/2021,12/31/2021,0.0,0.0,0.0,0.0,0.0,0.0,0.0,0,0,0,0,unknown
390123,798860,07/01/2021,06/30/2022,0.0,0.0,0.0,0.0,0.0,0.0,0.0,0,0,0,0,unknown
390223,798861,07/01/2021,06/30/2022,0.0,0.0,0.0,0.0,0.0,0.0,0.0,0,0,0,0,unknown
490126,798898,03/01/2021,02/28/2022,0.0,0.0,0.0,0.0,0.0,0.0,0.0,0,0,0,0,unknown
040137,798913,07/01/2021,06/30/2022,0.0,0.0,0.0,0.0,0.0,0.0,0.0,0,0,0,0,unknown
221302,798969,10/01/2020,09/30/2021,0.0,0.0,0.0,0.0,0.0,0.0,0.0,0,0,0,0,unknown
400133,799009,01/01/2021,12/31/2021,0.0,0.0,0.0,0.0,0.0,0.0,0.0,0,0,0,0,unknown
450163,799018,07/01/2021,06/30/2022,0.0,0.0,0.0,0.0,0.0,0.0,0.0,0,0,0,0,unknown
460017,799031,09/01/2021,08/31/2022,0.0,0.0,0.0,0.0,0.0,0.0,0.0,0,0,0,0,unknown
490089,799035,10/01/2020,09/30/2021,0.0,0.0,0.0,0.0,0.0,0.0,0.0,0,0,0,0,unknown
030010,799046,10/01/2020,09/30/2021,0.0,0.0,0.0,0.0,0.0,0.0,0.0,0,0,0,0,unknown
050076,799058,01/01/2021,12/31/2021,0.0,0.0,0.0,0.0,0.0,0.0,0.0,0,0,0,0,unknown
050726,799064,01/01/2021,12/31/2021,0.0,0.0,0.0,0.0,0.0,0.0,0.0,0,0,0,0,unknown
050760,799065,01/01/2021,12/31/2021,0.0,0.0,0.0,0.0,0.0,0.0,0.0,0,0,0,0,unknown
060009,799066,01/01/2021,12/31/2021,0.0,0.0,0.0,0.0,0.0,0.0,0.0,0,0,0,0,unknown
060103,799068,01/01/2021,12/31/2021,0.0,0.0,0.0,0.0,0.0,0.0,0.0,0,0,0,0,unknown
111334,799088,01/01/2021,12/31/2021,0.0,0.0,0.0,0.0,0.0,0.0,0.0,0,0,0,0,unknown
141348,799105,07/01/2021,06/30/2022,0.0,0.0,0.0,0.0,0.0,0.0,0.0,0,0,0,0,unknown
400022,799171,01/01/2021,12/31/2021,0.0,0.0,0.0,0.0,0.0,0.0,0.0,0,0,0,0,unknown
530034,799201,01/01/2021,12/31/2021,0.0,0.0,0.0,0.0,0.0,0.0,0.0,0,0,0,0,unknown
050026,799208,10/01/2020,09/30/2021,0.0,0.0,0.0,0.0,0.0,0.0,0.0,0,0,0,0,unknown
450082,799290,07/01/2021,06/30/2022,0.0,0.0,0.0,0.0,0.0,0.0,0.0,0,0,0,0,unknown
040156,799318,10/01/2020,09/30/2021,0.0,0.0,0.0,0.0,0.0,0.0,0.0,0,0,0,0,unknown
100286,799339,10/01/2020,09/30/2021,0.0,0.0,0.0,0.0,0.0,0.0,0.0,0,0,0,0,unknown
140164,799349,04/01/2021,03/31/2022,0.0,0.0,0.0,0.0,0.0,0.0,0.0,0,0,0,0,unknown
150010,799355,07/01/2021,06/30/2022,0.0,0.0,0.0,0.0,0.0,0.0,0.0,0,0,0,0,unknown
191321,799364,07/01/2021,06/30/2022,0.0,0.0,0.0,0.0,0.0,0.0,0.0,0,0,0,0,unknown
240141,799381,01/01/2021,12/31/2021,0.0,0.0,0.0,0.0,0.0,0.0,0.0,0,0,0,0,unknown
310003,799398,01/01/2021,12/31/2021,0.0,0.0,0.0,0.0,0.0,0.0,0.0,0,0,0,0,unknown
390304,799418,01/01/2021,12/31/2021,0.0,0.0,0.0,0.0,0.0,0.0,0.0,0,0,0,0,unknown
673050,799451,10/01/2020,09/30/2021,0.0,0.0,0.0,0.0,0.0,0.0,0.0,0,0,0,0,unknown
140172,799495,01/01/2021,12/31/2021,0.0,0.0,0.0,0.0,0.0,0.0,0.0,0,0,0,0,unknown
150165,799502,01/01/2021,12/31/2021,0.0,0.0,0.0,0.0,0.0,0.0,0.0,0,0,0,0,unknown
220080,799523,01/01/2021,12/31/2021,0.0,0.0,0.0,0.0,0.0,0.0,0.0,0,0,0,0,unknown
250084,799537,10/01/2020,09/30/2021,0.0,0.0,0.0,0.0,0.0,0.0,0.0,0,0,0,0,unknown
310070,799556,01/01/2021,12/31/2021,0.0,0.0,0.0,0.0,0.0,0.0,0.0,0,0,0,0,unknown
330151,799565,07/01/2021,06/30/2022,0.0,0.0,0.0,0.0,0.0,0.0,0.0,0,0,0,0,unknown
490033,799603,10/01/2020,09/30/2021,0.0,0.0,0.0,0.0,0.0,0.0,0.0,0,0,0,0,unknown
670106,799629,02/01/2021,01/31/2022,0.0,0.0,0.0,0.0,0.0,0.0,0.0,0,0,0,0,unknown
050775,799640,01/01/2021,12/31/2021,0.0,0.0,0.0,0.0,0.0,0.0,0.0,0,0,0,0,unknown
100068,799649,01/01/2021,12/31/2021,0.0,0.0,0.0,0.0,0.0,0.0,0.0,0,0,0,0,unknown
110165,799657,01/01/2021,12/31/2021,0.0,0.0,0.0,0.0,0.0,0.0,0.0,0,0,0,0,unknown
190015,799683,07/01/2021,06/30/2022,0.0,0.0,0.0,0.0,0.0,0.0,0.0,0,0,0,0,unknown
323032,799717,01/01/2021,12/31/2021,0.0,0.0,0.0,0.0,0.0,0.0,0.0,0,0,0,0,unknown
330094,799718,01/01/2021,12/31/2021,0.0,0.0,0.0,0.0,0.0,0.0,0.0,0,0,0,0,unknown
390114,799742,07/01/2021,06/30/2022,0.0,0.0,0.0,0.0,0.0,0.0,0.0,0,0,0,0,unknown
391314,799746,07/01/2021,06/30/2022,0.0,0.0,0.0,0.0,0.0,0.0,0.0,0,0,0,0,unknown
400004,799747,07/01/2021,06/30/2022,0.0,0.0,0.0,0.0,0.0,0.0,0.0,0,0,0,0,unknown
110038,799793,10/01/2020,09/30/2021,0.0,0.0,0.0,0.0,0.0,0.0,0.0,0,0,0,0,unknown
190125,799806,07/01/2021,06/30/2022,0.0,0.0,0.0,0.0,0.0,0.0,0.0,0,0,0,0,unknown
310111,799828,01/01/2021,12/31/2021,0.0,0.0,0.0,0.0,0.0,0.0,0.0,0,0,0,0,unknown
330267,799831,01/01/2021,12/31/2021,0.0,0.0,0.0,0.0,0.0,0.0,0.0,0,0,0,0,unknown
400044,799844,01/01/2021,12/31/2021,0.0,0.0,0.0,0.0,0.0,0.0,0.0,0,0,0,0,unknown
440008,799846,01/01/2021,12/31/2021,0.0,0.0,0.0,0.0,0.0,0.0,0.0,0,0,0,0,unknown
440151,799847,07/01/2021,06/30/2022,0.0,0.0,0.0,0.0,0.0,0.0,0.0,0,0,0,0,unknown
450272,799848,01/01/2021,06/30/2021,0.0,0.0,0.0,0.0,0.0,0.0,0.0,0,0,0,0,unknown
490020,799851,01/01/2021,12/31/2021,0.0,0.0,0.0,0.0,0.0,0.0,0.0,0,0,0,0,unknown
510031,799857,10/01/2020,09/30/2021,0.0,0.0,0.0,0.0,0.0,0.0,0.0,0,0,0,0,unknown
100321,799959,07/01/2021,06/30/2022,0.0,0.0,0.0,0.0,0.0,0.0,0.0,0,0,0,0,unknown
110150,799962,07/03/2021,12/31/2021,0.0,0.0,0.0,0.0,0.0,0.0,0.0,0,0,0,0,unknown
220035,799980,10/01/2020,09/30/2021,0.0,0.0,0.0,0.0,0.0,0.0,0.0,0,0,0,0,unknown
331317,799998,01/01/2021,12/31/2021,0.0,0.0,0.0,0.0,0.0,0.0,0.0,0,0,0,0,unknown
391303,800025,07/01/2021,06/30/2022,0.0,0.0,0.0,0.0,0.0,0.0,0.0,0,0,0,0,unknown
520212,800056,01/01/2021,12/31/2021,0.0,0.0,0.0,0.0,0.0,0.0,0.0,0,0,0,0,unknown
180080,800096,09/01/2021,08/31/2022,0.0,0.0,0.0,0.0,0.0,0.0,0.0,0,0,0,0,unknown
230230,800108,01/01/2021,12/31/2021,0.0,0.0,0.0,0.0,0.0,0.0,0.0,0,0,0,0,unknown
450144,800161,10/01/2020,09/30/2021,0.0,0.0,0.0,0.0,0.0,0.0,0.0,0,0,0,0,unknown
450885,800165,04/01/2021,03/31/2022,0.0,0.0,0.0,0.0,0.0,0.0,0.0,0,0,0,0,unknown
110184,800200,07/01/2021,06/30/2022,0.0,0.0,0.0,0.0,0.0,0.0,0.0,0,0,0,0,unknown
330270,800241,01/01/2021,12/31/2021,0.0,0.0,0.0,0.0,0.0,0.0,0.0,0,0,0,0,unknown
520011,800315,10/01/2020,12/31/2020,0.0,0.0,0.0,0.0,0.0,0.0,0.0,0,0,0,0,unknown
030089,800320,01/01/2021,12/31/2021,0.0,0.0,0.0,0.0,0.0,0.0,0.0,0,0,0,0,unknown
060100,800354,01/01/2021,12/31/2021,0.0,0.0,0.0,0.0,0.0,0.0,0.0,0,0,0,0,unknown
104081,800373,04/01/2021,03/31/2022,0.0,0.0,0.0,0.0,0.0,0.0,0.0,0,0,0,0,unknown
140122,800388,01/01/2021,12/31/2021,0.0,0.0,0.0,0.0,0.0,0.0,0.0,0,0,0,0,unknown
210044,800407,07/01/2021,06/30/2022,0.0,0.0,0.0,0.0,0.0,0.0,0.0,0,0,0,0,unknown
230022,800413,01/01/2021,12/31/2021,0.0,0.0,0.0,0.0,0.0,0.0,0.0,0,0,0,0,unknown
310008,800431,01/01/2021,12/31/2021,0.0,0.0,0.0,0.0,0.0,0.0,0.0,0,0,0,0,unknown
310021,800432,07/01/2021,06/30/2022,0.0,0.0,0.0,0.0,0.0,0.0,0.0,0,0,0,0,unknown
390178,800475,07/01/2021,06/30/2022,0.0,0.0,0.0,0.0,0.0,0.0,0.0,0,0,0,0,unknown
450867,800492,07/01/2021,06/30/2022,0.0,0.0,0.0,0.0,0.0,0.0,0.0,0,0,0,0,unknown
670077,800528,01/01/2021,12/31/2021,0.0,0.0,0.0,0.0,0.0,0.0,0.0,0,0,0,0,unknown
110018,800576,07/01/2021,06/30/2022,0.0,0.0,0.0,0.0,0.0,0.0,0.0,0,0,0,0,unknown
140011,800580,04/01/2021,03/31/2022,0.0,0.0,0.0,0.0,0.0,0.0,0.0,0,0,0,0,unknown
190044,800590,10/01/2020,09/30/2021,0.0,0.0,0.0,0.0,0.0,0.0,0.0,0,0,0,0,unknown
250128,800599,01/01/2021,12/31/2021,0.0,0.0,0.0,0.0,0.0,0.0,0.0,0,0,0,0,unknown
450587,800655,09/01/2021,08/31/2022,0.0,0.0,0.0,0.0,0.0,0.0,0.0,0,0,0,0,unknown
670056,800669,07/01/2021,06/30/2022,0.0,0.0,0.0,0.0,0.0,0.0,0.0,0,0,0,0,unknown
100028,800680,10/01/2020,09/30/2021,0.0,0.0,0.0,0.0,0.0,0.0,0.0,0,0,0,0,unknown
100132,800681,01/01/2021,12/31/2021,0.0,0.0,0.0,0.0,0.0,0.0,0.0,0,0,0,0,unknown
100242,800686,02/01/2021,01/31/2022,0.0,0.0,0.0,0.0,0.0,0.0,0.0,0,0,0,0,unknown
200063,800699,10/01/2020,09/30/2021,0.0,0.0,0.0,0.0,0.0,0.0,0.0,0,0,0,0,unknown
250058,800703,10/01/2020,09/30/2021,0.0,0.0,0.0,0.0,0.0,0.0,0.0,0,0,0,0,unknown
330023,800710,10/01/2020,09/30/2021,0.0,0.0,0.0,0.0,0.0,0.0,0.0,0,0,0,0,unknown
330399,800711,01/01/2021,12/31/2021,0.0,0.0,0.0,0.0,0.0,0.0,0.0,0,0,0,0,unknown
490122,800736,01/01/2021,12/31/2021,0.0,0.0,0.0,0.0,0.0,0.0,0.0,0,0,0,0,unknown
670068,800744,01/01/2021,12/31/2021,0.0,0.0,0.0,0.0,0.0,0.0,0.0,0,0,0,0,unknown
100047,800760,10/01/2020,09/30/2021,0.0,0.0,0.0,0.0,0.0,0.0,0.0,0,0,0,0,unknown
100173,800763,01/01/2021,12/31/2021,0.0,0.0,0.0,0.0,0.0,0.0,0.0,0,0,0,0,unknown
233026,800777,04/01/2021,03/31/2022,0.0,0.0,0.0,0.0,0.0,0.0,0.0,0,0,0,0,unknown
241349,800779,07/01/2021,06/30/2022,0.0,0.0,0.0,0.0,0.0,0.0,0.0,0,0,0,0,unknown
300019,800791,07/01/2021,06/30/2022,0.0,0.0,0.0,0.0,0.0,0.0,0.0,0,0,0,0,unknown
310052,800795,01/01/2021,12/31/2021,0.0,0.0,0.0,0.0,0.0,0.0,0.0,0,0,0,0,unknown
310073,800796,01/01/2021,12/31/2021,0.0,0.0,0.0,0.0,0.0,0.0,0.0,0,0,0,0,unknown
390062,800804,07/01/2021,06/30/2022,0.0,0.0,0.0,0.0,0.0,0.0,0.0,0,0,0,0,unknown
390073,800808,07/01/2021,06/30/2022,0.0,0.0,0.0,0.0,0.0,0.0,0.0,0,0,0,0,unknown
393053,800817,06/01/2021,05/31/2022,0.0,0.0,0.0,0.0,0.0,0.0,0.0,0,0,0,0,unknown
400110,800818,01/01/2021,12/31/2021,0.0,0.0,0.0,0.0,0.0,0.0,0.0,0,0,0,0,unknown
450419,800823,10/01/2020,09/30/2021,0.0,0.0,0.0,0.0,0.0,0.0,0.0,0,0,0,0,unknown
450498,800824,10/01/2020,09/30/2021,0.0,0.0,0.0,0.0,0.0,0.0,0.0,0,0,0,0,unknown
520076,800827,01/01/2021,12/31/2021,0.0,0.0,0.0,0.0,0.0,0.0,0.0,0,0,0,0,unknown
190020,800856,07/01/2021,06/30/2022,0.0,0.0,0.0,0.0,0.0,0.0,0.0,0,0,0,0,unknown
250050,800864,10/01/2020,09/30/2021,0.0,0.0,0.0,0.0,0.0,0.0,0.0,0,0,0,0,unknown
310060,800870,07/01/2021,06/30/2022,0.0,0.0,0.0,0.0,0.0,0.0,0.0,0,0,0,0,unknown
310112,800871,01/01/2021,12/31/2021,0.0,0.0,0.0,0.0,0.0,0.0,0.0,0,0,0,0,unknown
330011,800873,07/01/2021,06/30/2022,0.0,0.0,0.0,0.0,0.0,0.0,0.0,0,0,0,0,unknown
370008,800886,07/01/2021,06/30/2022,0.0,0.0,0.0,0.0,0.0,0.0,0.0,0,0,0,0,unknown
390219,800889,07/01/2021,06/30/2022,0.0,0.0,0.0,0.0,0.0,0.0,0.0,0,0,0,0,unknown
390330,800890,07/01/2021,06/30/2022,0.0,0.0,0.0,0.0,0.0,0.0,0.0,0,0,0,0,unknown
410004,800891,01/01/2021,12/31/2021,0.0,0.0,0.0,0.0,0.0,0.0,0.0,0,0,0,0,unknown
450108,800896,10/01/2020,09/30/2021,0.0,0.0,0.0,0.0,0.0,0.0,0.0,0,0,0,0,unknown
450132,800897,10/01/2020,09/30/2021,0.0,0.0,0.0,0.0,0.0,0.0,0.0,0,0,0,0,unknown
450539,800899,07/01/2021,06/30/2022,0.0,0.0,0.0,0.0,0.0,0.0,0.0,0,0,0,0,unknown
673062,800907,01/01/2021,12/31/2021,0.0,0.0,0.0,0.0,0.0,0.0,0.0,0,0,0,0,unknown
060054,800914,01/01/2021,12/31/2021,0.0,0.0,0.0,0.0,0.0,0.0,0.0,0,0,0,0,unknown
060114,800916,01/01/2021,12/31/2021,0.0,0.0,0.0,0.0,0.0,0.0,0.0,0,0,0,0,unknown
061314,800918,01/01/2021,12/31/2021,0.0,0.0,0.0,0.0,0.0,0.0,0.0,0,0,0,0,unknown
100266,800925,10/01/2020,09/30/2021,0.0,0.0,0.0,0.0,0.0,0.0,0.0,0,0,0,0,unknown
141349,800931,07/01/2021,06/30/2022,0.0,0.0,0.0,0.0,0.0,0.0,0.0,0,0,0,0,unknown
150042,800933,01/01/2021,12/31/2021,0.0,0.0,0.0,0.0,0.0,0.0,0.0,0,0,0,0,unknown
150047,800934,06/01/2021,05/31/2022,0.0,0.0,0.0,0.0,0.0,0.0,0.0,0,0,0,0,unknown
180011,800943,07/01/2021,06/30/2022,0.0,0.0,0.0,0.0,0.0,0.0,0.0,0,0,0,0,unknown
230053,800949,01/01/2021,12/31/2021,0.0,0.0,0.0,0.0,0.0,0.0,0.0,0,0,0,0,unknown
241369,800956,01/01/2021,12/31/2021,0.0,0.0,0.0,0.0,0.0,0.0,0.0,0,0,0,0,unknown
293034,800962,01/01/2021,12/31/2021,0.0,0.0,0.0,0.0,0.0,0.0,0.0,0,0,0,0,unknown
300014,800963,03/01/2021,02/28/2022,0.0,0.0,0.0,0.0,0.0,0.0,0.0,0,0,0,0,unknown
310027,800964,01/01/2021,12/31/2021,0.0,0.0,0.0,0.0,0.0,0.0,0.0,0,0,0,0,unknown
310039,800965,01/01/2021,12/31/2021,0.0,0.0,0.0,0.0,0.0,0.0,0.0,0,0,0,0,unknown
310075,800966,01/01/2021,12/31/2021,0.0,0.0,0.0,0.0,0.0,0.0,0.0,0,0,0,0,unknown
310092,800967,01/01/2021,12/31/2021,0.0,0.0,0.0,0.0,0.0,0.0,0.0,0,0,0,0,unknown
320017,800968,05/01/2021,04/30/2022,0.0,0.0,0.0,0.0,0.0,0.0,0.0,0,0,0,0,unknown
320038,800969,01/01/2021,12/31/2021,0.0,0.0,0.0,0.0,0.0,0.0,0.0,0,0,0,0,unknown
370183,800979,12/01/2020,11/30/2021,0.0,0.0,0.0,0.0,0.0,0.0,0.0,0,0,0,0,unknown
390035,800985,07/01/2021,06/30/2022,0.0,0.0,0.0,0.0,0.0,0.0,0.0,0,0,0,0,unknown
390041,800986,01/01/2021,12/31/2021,0.0,0.0,0.0,0.0,0.0,0.0,0.0,0,0,0,0,unknown
390156,800987,07/01/2021,06/30/2022,0.0,0.0,0.0,0.0,0.0,0.0,0.0,0,0,0,0,unknown
390222,800988,07/01/2021,06/30/2022,0.0,0.0,0.0,0.0,0.0,0.0,0.0,0,0,0,0,unknown
450007,800995,07/01/2021,06/30/2022,0.0,0.0,0.0,0.0,0.0,0.0,0.0,0,0,0,0,unknown
450085,800997,10/01/2020,09/30/2021,0.0,0.0,0.0,0.0,0.0,0.0,0.0,0,0,0,0,unknown
450133,800998,10/01/2020,09/30/2021,0.0,0.0,0.0,0.0,0.0,0.0,0.0,0,0,0,0,unknown
450352,800999,10/01/2020,09/30/2021,0.0,0.0,0.0,0.0,0.0,0.0,0.0,0,0,0,0,unknown
450379,801000,01/01/2021,12/31/2021,0.0,0.0,0.0,0.0,0.0,0.0,0.0,0,0,0,0,unknown
450709,801003,01/01/2021,12/31/2021,0.0,0.0,0.0,0.0,0.0,0.0,0.0,0,0,0,0,unknown
450822,801005,01/01/2021,12/31/2021,0.0,0.0,0.0,0.0,0.0,0.0,0.0,0,0,0,0,unknown
450825,801006,01/01/2021,12/31/2021,0.0,0.0,0.0,0.0,0.0,0.0,0.0,0,0,0,0,unknown
453096,801008,08/01/2021,07/31/2022,0.0,0.0,0.0,0.0,0.0,0.0,0.0,0,0,0,0,unknown
670023,801020,07/01/2021,06/30/2022,0.0,0.0,0.0,0.0,0.0,0.0,0.0,0,0,0,0,unknown
670049,801021,01/01/2021,12/31/2021,0.0,0.0,0.0,0.0,0.0,0.0,0.0,0,0,0,0,unknown
040017,801025,04/01/2021,03/31/2022,0.0,0.0,0.0,0.0,0.0,0.0,0.0,0,0,0,0,unknown
040071,801026,07/01/2021,06/30/2022,0.0,0.0,0.0,0.0,0.0,0.0,0.0,0,0,0,0,unknown
060013,801028,07/01/2021,06/30/2022,0.0,0.0,0.0,0.0,0.0,0.0,0.0,0,0,0,0,unknown
110209,801030,01/01/2021,12/31/2021,0.0,0.0,0.0,0.0,0.0,0.0,0.0,0,0,0,0,unknown
250168,801040,07/01/2021,06/30/2022,0.0,0.0,0.0,0.0,0.0,0.0,0.0,0,0,0,0,unknown
310017,801045,01/01/2021,12/31/2021,0.0,0.0,0.0,0.0,0.0,0.0,0.0,0,0,0,0,unknown
310048,801046,01/01/2021,12/31/2021,0.0,0.0,0.0,0.0,0.0,0.0,0.0,0,0,0,0,unknown
310058,801047,01/01/2021,12/31/2021,0.0,0.0,0.0,0.0,0.0,0.0,0.0,0,0,0,0,unknown
310074,801048,01/01/2021,12/31/2021,0.0,0.0,0.0,0.0,0.0,0.0,0.0,0,0,0,0,unknown
370199,801053,07/01/2021,06/30/2022,0.0,0.0,0.0,0.0,0.0,0.0,0.0,0,0,0,0,unknown
400003,801054,01/01/2021,12/31/2021,0.0,0.0,0.0,0.0,0.0,0.0,0.0,0,0,0,0,unknown
400013,801055,04/01/2021,03/31/2022,0.0,0.0,0.0,0.0,0.0,0.0,0.0,0,0,0,0,unknown
400103,801056,01/01/2021,12/31/2021,0.0,0.0,0.0,0.0,0.0,0.0,0.0,0,0,0,0,unknown
450222,801059,01/01/2021,12/31/2021,0.0,0.0,0.0,0.0,0.0,0.0,0.0,0,0,0,0,unknown
450400,801061,04/01/2021,03/31/2022,0.0,0.0,0.0,0.0,0.0,0.0,0.0,0,0,0,0,unknown
450403,801062,09/01/2021,08/31/2022,0.0,0.0,0.0,0.0,0.0,0.0,0.0,0,0,0,0,unknown
450831,801065,09/01/2021,08/31/2022,0.0,0.0,0.0,0.0,0.0,0.0,0.0,0,0,0,0,unknown
450888,801066,01/01/2021,12/31/2021,0.0,0.0,0.0,0.0,0.0,0.0,0.0,0,0,0,0,unknown
670265,801074,09/01/2021,08/31/2022,0.0,0.0,0.0,0.0,0.0,0.0,0.0,0,0,0,0,unknown
670300,801075,03/24/2021,06/30/2021,0.0,0.0,0.0,0.0,0.0,0.0,0.0,0,0,0,0,unknown
673076,801076,02/05/2021,12/31/2021,0.0,0.0,0.0,0.0,0.0,0.0,0.0,0,0,0,0,unknown
010023,807675,07/01/2021,06/30/2022,0.0,0.0,0.0,0.0,0.0,0.0,0.0,0,0,0,0,unknown
010104,807690,07/01/2021,06/30/2022,0.0,0.0,0.0,0.0,0.0,0.0,0.0,0,0,0,0,unknown
010114,807692,10/01/2020,09/30/2021,0.0,0.0,0.0,0.0,0.0,0.0,0.0,0,0,0,0,unknown
010118,807693,07/01/2021,06/30/2022,0.0,0.0,0.0,0.0,0.0,0.0,0.0,0,0,0,0,unknown
010129,807695,04/01/2021,03/31/2022,0.0,0.0,0.0,0.0,0.0,0.0,0.0,0,0,0,0,unknown
030006,807702,01/01/2021,12/31/2021,0.0,0.0,0.0,0.0,0.0,0.0,0.0,0,0,0,0,unknown
030037,807707,06/01/2021,05/31/2022,0.0,0.0,0.0,0.0,0.0,0.0,0.0,0,0,0,0,unknown
030061,807709,01/01/2021,12/31/2021,0.0,0.0,0.0,0.0,0.0,0.0,0.0,0,0,0,0,unknown
030092,807711,01/01/2021,12/31/2021,0.0,0.0,0.0,0.0,0.0,0.0,0.0,0,0,0,0,unknown
030115,807713,01/01/2021,12/31/2021,0.0,0.0,0.0,0.0,0.0,0.0,0.0,0,0,0,0,unknown
040050,807724,10/01/2020,09/30/2021,0.0,0.0,0.0,0.0,0.0,0.0,0.0,0,0,0,0,unknown
040051,807725,04/01/2021,03/31/2022,0.0,0.0,0.0,0.0,0.0,0.0,0.0,0,0,0,0,unknown
043031,807736,01/01/2021,12/31/2021,0.0,0.0,0.0,0.0,0.0,0.0,0.0,0,0,0,0,unknown
050174,807761,07/01/2021,06/30/2022,0.0,0.0,0.0,0.0,0.0,0.0,0.0,0,0,0,0,unknown
050248,807772,07/01/2021,06/30/2022,0.0,0.0,0.0,0.0,0.0,0.0,0.0,0,0,0,0,unknown
050257,807774,01/01/2021,12/31/2021,0.0,0.0,0.0,0.0,0.0,0.0,0.0,0,0,0,0,unknown
050329,807777,01/01/2021,12/31/2021,0.0,0.0,0.0,0.0,0.0,0.0,0.0,0,0,0,0,unknown
050342,807778,07/01/2021,06/30/2022,0.0,0.0,0.0,0.0,0.0,0.0,0.0,0,0,0,0,unknown
050423,807780,07/01/2021,06/30/2022,0.0,0.0,0.0,0.0,0.0,0.0,0.0,0,0,0,0,unknown
050541,807786,01/01/2021,12/31/2021,0.0,0.0,0.0,0.0,0.0,0.0,0.0,0,0,0,0,unknown
050570,807789,01/01/2021,12/31/2021,0.0,0.0,0.0,0.0,0.0,0.0,0.0,0,0,0,0,unknown
050714,807791,01/01/2021,12/31/2021,0.0,0.0,0.0,0.0,0.0,0.0,0.0,0,0,0,0,unknown
050761,807794,01/01/2021,12/31/2021,0.0,0.0,0.0,0.0,0.0,0.0,0.0,0,0,0,0,unknown
050767,807795,01/01/2021,12/31/2021,0.0,0.0,0.0,0.0,0.0,0.0,0.0,0,0,0,0,unknown
050849,807796,03/19/2021,12/31/2021,0.0,0.0,0.0,0.0,0.0,0.0,0.0,0,0,0,0,unknown
051321,807802,01/01/2021,06/30/2021,0.0,0.0,0.0,0.0,0.0,0.0,0.0,0,0,0,0,unknown
051321,807803,07/01/2021,06/30/2022,0.0,0.0,0.0,0.0,0.0,0.0,0.0,0,0,0,0,unknown
053301,807813,07/01/2021,06/30/2022,0.0,0.0,0.0,0.0,0.0,0.0,0.0,0,0,0,0,unknown
060020,807822,07/01/2021,06/30/2022,0.0,0.0,0.0,0.0,0.0,0.0,0.0,0,0,0,0,unknown
060107,807831,07/01/2021,06/30/2022,0.0,0.0,0.0,0.0,0.0,0.0,0.0,0,0,0,0,unknown
060112,807832,07/01/2021,06/30/2022,0.0,0.0,0.0,0.0,0.0,0.0,0.0,0,0,0,0,unknown
060113,807833,01/01/2021,12/31/2021,0.0,0.0,0.0,0.0,0.0,0.0,0.0,0,0,0,0,unknown
070024,807840,10/01/2020,09/30/2021,0.0,0.0,0.0,0.0,0.0,0.0,0.0,0,0,0,0,unknown
070034,807842,10/01/2020,09/30/2021,0.0,0.0,0.0,0.0,0.0,0.0,0.0,0,0,0,0,unknown
084002,807849,01/01/2021,12/31/2021,0.0,0.0,0.0,0.0,0.0,0.0,0.0,0,0,0,0,unknown
100090,807875,10/01/2020,09/30/2021,0.0,0.0,0.0,0.0,0.0,0.0,0.0,0,0,0,0,unknown
100106,807876,06/01/2021,05/31/2022,0.0,0.0,0.0,0.0,0.0,0.0,0.0,0,0,0,0,unknown
100127,807882,01/01/2021,12/31/2021,0.0,0.0,0.0,0.0,0.0,0.0,0.0,0,0,0,0,unknown
100220,807898,10/01/2020,09/30/2021,0.0,0.0,0.0,0.0,0.0,0.0,0.0,0,0,0,0,unknown
100238,807907,10/01/2020,09/30/2021,0.0,0.0,0.0,0.0,0.0,0.0,0.0,0,0,0,0,unknown
100254,807913,05/01/2021,04/30/2022,0.0,0.0,0.0,0.0,0.0,0.0,0.0,0,0,0,0,unknown
100313,807923,07/01/2021,06/30/2022,0.0,0.0,0.0,0.0,0.0,0.0,0.0,0,0,0,0,unknown
110031,807951,07/01/2021,06/30/2022,0.0,0.0,0.0,0.0,0.0,0.0,0.0,0,0,0,0,unknown
110044,807952,08/01/2021,07/31/2022,0.0,0.0,0.0,0.0,0.0,0.0,0.0,0,0,0,0,unknown
110069,807955,01/01/2021,12/31/2021,0.0,0.0,0.0,0.0,0.0,0.0,0.0,0,0,0,0,unknown
110124,807963,07/01/2021,06/30/2022,0.0,0.0,0.0,0.0,0.0,0.0,0.0,0,0,0,0,unknown
110229,807971,07/01/2021,06/30/2022,0.0,0.0,0.0,0.0,0.0,0.0,0.0,0,0,0,0,unknown
110230,807972,09/01/2021,08/31/2022,0.0,0.0,0.0,0.0,0.0,0.0,0.0,0,0,0,0,unknown
111306,807974,07/01/2021,06/30/2022,0.0,0.0,0.0,0.0,0.0,0.0,0.0,0,0,0,0,unknown
111323,807978,01/01/2021,12/31/2021,0.0,0.0,0.0,0.0,0.0,0.0,0.0,0,0,0,0,unknown
111336,807981,01/01/2021,12/31/2021,0.0,0.0,0.0,0.0,0.0,0.0,0.0,0,0,0,0,unknown
120028,807986,07/01/2021,06/30/2022,0.0,0.0,0.0,0.0,0.0,0.0,0.0,0,0,0,0,unknown
121303,807987,07/01/2021,06/30/2022,0.0,0.0,0.0,0.0,0.0,0.0,0.0,0,0,0,0,unknown
140083,808001,07/01/2021,06/30/2022,0.0,0.0,0.0,0.0,0.0,0.0,0.0,0,0,0,0,unknown
140280,808017,01/01/2021,12/31/2021,0.0,0.0,0.0,0.0,0.0,0.0,0.0,0,0,0,0,unknown
141307,808023,05/01/2021,04/30/2022,0.0,0.0,0.0,0.0,0.0,0.0,0.0,0,0,0,0,unknown
143025,808039,07/01/2021,06/30/2022,0.0,0.0,0.0,0.0,0.0,0.0,0.0,0,0,0,0,unknown
143027,808040,09/01/2021,08/31/2022,0.0,0.0,0.0,0.0,0.0,0.0,0.0,0,0,0,0,unknown
150015,808046,01/01/2021,12/31/2021,0.0,0.0,0.0,0.0,0.0,0.0,0.0,0,0,0,0,unknown
150037,808051,01/01/2021,12/31/2021,0.0,0.0,0.0,0.0,0.0,0.0,0.0,0,0,0,0,unknown
150059,808056,01/01/2021,12/31/2021,0.0,0.0,0.0,0.0,0.0,0.0,0.0,0,0,0,0,unknown
150126,808061,01/01/2021,12/31/2021,0.0,0.0,0.0,0.0,0.0,0.0,0.0,0,0,0,0,unknown
151332,808067,01/01/2021,12/31/2021,0.0,0.0,0.0,0.0,0.0,0.0,0.0,0,0,0,0,unknown
160146,808083,01/01/2021,12/31/2021,0.0,0.0,0.0,0.0,0.0,0.0,0.0,0,0,0,0,unknown
160153,808084,07/01/2021,06/30/2022,0.0,0.0,0.0,0.0,0.0,0.0,0.0,0,0,0,0,unknown
161356,808096,07/01/2021,06/30/2022,0.0,0.0,0.0,0.0,0.0,0.0,0.0,0,0,0,0,unknown
180103,808142,09/01/2021,08/31/2022,0.0,0.0,0.0,0.0,0.0,0.0,0.0,0,0,0,0,unknown
190019,808152,07/01/2021,06/30/2022,0.0,0.0,0.0,0.0,0.0,0.0,0.0,0,0,0,0,unknown
190026,808153,01/01/2021,12/31/2021,0.0,0.0,0.0,0.0,0.0,0.0,0.0,0,0,0,0,unknown
190039,808154,01/01/2021,12/31/2021,0.0,0.0,0.0,0.0,0.0,0.0,0.0,0,0,0,0,unknown
190045,808155,01/01/2021,12/31/2021,0.0,0.0,0.0,0.0,0.0,0.0,0.0,0,0,0,0,unknown
190046,808156,01/01/2021,12/31/2021,0.0,0.0,0.0,0.0,0.0,0.0,0.0,0,0,0,0,unknown
190183,808167,07/01/2021,06/30/2022,0.0,0.0,0.0,0.0,0.0,0.0,0.0,0,0,0,0,unknown
220012,808201,10/01/2020,09/30/2021,0.0,0.0,0.0,0.0,0.0,0.0,0.0,0,0,0,0,unknown
220060,808203,10/01/2020,09/30/2021,0.0,0.0,0.0,0.0,0.0,0.0,0.0,0,0,0,0,unknown
220075,808204,10/01/2020,09/30/2021,0.0,0.0,0.0,0.0,0.0,0.0,0.0,0,0,0,0,unknown
220084,808205,10/01/2020,09/30/2021,0.0,0.0,0.0,0.0,0.0,0.0,0.0,0,0,0,0,unknown
240020,808242,01/01/2021,12/31/2021,0.0,0.0,0.0,0.0,0.0,0.0,0.0,0,0,0,0,unknown
241351,808253,07/01/2021,06/30/2022,0.0,0.0,0.0,0.0,0.0,0.0,0.0,0,0,0,0,unknown
241367,808257,01/01/2021,06/30/2021,0.0,0.0,0.0,0.0,0.0,0.0,0.0,0,0,0,0,unknown
250049,808262,07/01/2021,06/30/2022,0.0,0.0,0.0,0.0,0.0,0.0,0.0,0,0,0,0,unknown
250057,808264,10/01/2020,09/30/2021,0.0,0.0,0.0,0.0,0.0,0.0,0.0,0,0,0,0,unknown
250124,808271,01/01/2021,12/31/2021,0.0,0.0,0.0,0.0,0.0,0.0,0.0,0,0,0,0,unknown
250162,808274,10/01/2020,09/30/2021,0.0,0.0,0.0,0.0,0.0,0.0,0.0,0,0,0,0,unknown
260022,808281,06/01/2021,05/31/2022,0.0,0.0,0.0,0.0,0.0,0.0,0.0,0,0,0,0,unknown
260025,808282,10/01/2020,09/30/2021,0.0,0.0,0.0,0.0,0.0,0.0,0.0,0,0,0,0,unknown
260200,808299,01/01/2021,12/31/2021,0.0,0.0,0.0,0.0,0.0,0.0,0.0,0,0,0,0,unknown
261320,808307,10/01/2020,09/30/2021,0.0,0.0,0.0,0.0,0.0,0.0,0.0,0,0,0,0,unknown
290008,808348,07/01/2021,06/30/2022,0.0,0.0,0.0,0.0,0.0,0.0,0.0,0,0,0,0,unknown
291303,808351,07/01/2021,06/30/2022,0.0,0.0,0.0,0.0,0.0,0.0,0.0,0,0,0,0,unknown
291307,808354,08/01/2021,07/31/2022,0.0,0.0,0.0,0.0,0.0,0.0,0.0,0,0,0,0,unknown
291309,808355,01/01/2021,12/31/2021,0.0,0.0,0.0,0.0,0.0,0.0,0.0,0,0,0,0,unknown
310005,808363,01/01/2021,12/31/2021,0.0,0.0,0.0,0.0,0.0,0.0,0.0,0,0,0,0,unknown
310024,808370,01/01/2021,12/31/2021,0.0,0.0,0.0,0.0,0.0,0.0,0.0,0,0,0,0,unknown
310045,808375,01/01/2021,12/31/2021,0.0,0.0,0.0,0.0,0.0,0.0,0.0,0,0,0,0,unknown
310054,808376,01/01/2021,12/31/2021,0.0,0.0,0.0,0.0,0.0,0.0,0.0,0,0,0,0,unknown
310084,808390,01/01/2021,12/31/2021,0.0,0.0,0.0,0.0,0.0,0.0,0.0,0,0,0,0,unknown
310113,808394,01/01/2021,12/31/2021,0.0,0.0,0.0,0.0,0.0,0.0,0.0,0,0,0,0,unknown
320005,808402,07/01/2021,06/30/2022,0.0,0.0,0.0,0.0,0.0,0.0,0.0,0,0,0,0,unknown
320009,808403,03/01/2021,02/28/2022,0.0,0.0,0.0,0.0,0.0,0.0,0.0,0,0,0,0,unknown
320018,808404,10/01/2020,09/30/2021,0.0,0.0,0.0,0.0,0.0,0.0,0.0,0,0,0,0,unknown
320063,808408,09/01/2021,08/31/2022,0.0,0.0,0.0,0.0,0.0,0.0,0.0,0,0,0,0,unknown
320086,808410,01/01/2021,12/31/2021,0.0,0.0,0.0,0.0,0.0,0.0,0.0,0,0,0,0,unknown
320089,808411,07/01/2021,06/30/2022,0.0,0.0,0.0,0.0,0.0,0.0,0.0,0,0,0,0,unknown
330044,808419,01/01/2021,12/31/2021,0.0,0.0,0.0,0.0,0.0,0.0,0.0,0,0,0,0,unknown
330104,808426,01/01/2021,12/31/2021,0.0,0.0,0.0,0.0,0.0,0.0,0.0,0,0,0,0,unknown
330128,808430,07/01/2021,06/30/2022,0.0,0.0,0.0,0.0,0.0,0.0,0.0,0,0,0,0,unknown
330157,808434,01/01/2021,12/31/2021,0.0,0.0,0.0,0.0,0.0,0.0,0.0,0,0,0,0,unknown
330162,808435,01/01/2021,12/31/2021,0.0,0.0,0.0,0.0,0.0,0.0,0.0,0,0,0,0,unknown
330215,808440,01/01/2021,12/31/2021,0.0,0.0,0.0,0.0,0.0,0.0,0.0,0,0,0,0,unknown
330276,808444,01/01/2021,12/31/2021,0.0,0.0,0.0,0.0,0.0,0.0,0.0,0,0,0,0,unknown
330304,808445,01/01/2021,12/31/2021,0.0,0.0,0.0,0.0,0.0,0.0,0.0,0,0,0,0,unknown
343027,808474,10/01/2020,09/30/2021,0.0,0.0,0.0,0.0,0.0,0.0,0.0,0,0,0,0,unknown
360026,808499,01/01/2021,12/31/2021,0.0,0.0,0.0,0.0,0.0,0.0,0.0,0,0,0,0,unknown
360041,808502,01/01/2021,12/31/2021,0.0,0.0,0.0,0.0,0.0,0.0,0.0,0,0,0,0,unknown
360159,808509,01/01/2021,12/31/2021,0.0,0.0,0.0,0.0,0.0,0.0,0.0,0,0,0,0,unknown
370020,808522,07/01/2021,06/30/2022,0.0,0.0,0.0,0.0,0.0,0.0,0.0,0,0,0,0,unknown
370022,808523,07/01/2021,06/30/2022,0.0,0.0,0.0,0.0,0.0,0.0,0.0,0,0,0,0,unknown
370023,808524,07/01/2021,06/30/2022,0.0,0.0,0.0,0.0,0.0,0.0,0.0,0,0,0,0,unknown
370041,808530,01/01/2021,12/31/2021,0.0,0.0,0.0,0.0,0.0,0.0,0.0,0,0,0,0,unknown
370056,808531,07/01/2021,06/30/2022,0.0,0.0,0.0,0.0,0.0,0.0,0.0,0,0,0,0,unknown
370057,808532,10/01/2020,09/30/2021,0.0,0.0,0.0,0.0,0.0,0.0,0.0,0,0,0,0,unknown
370078,808533,07/01/2021,06/30/2022,0.0,0.0,0.0,0.0,0.0,0.0,0.0,0,0,0,0,unknown
370203,808539,01/01/2021,12/31/2021,0.0,0.0,0.0,0.0,0.0,0.0,0.0,0,0,0,0,unknown
370214,808540,07/01/2021,06/30/2022,0.0,0.0,0.0,0.0,0.0,0.0,0.0,0,0,0,0,unknown
370215,808541,01/01/2021,12/31/2021,0.0,0.0,0.0,0.0,0.0,0.0,0.0,0,0,0,0,unknown
370236,808542,07/01/2021,06/30/2022,0.0,0.0,0.0,0.0,0.0,0.0,0.0,0,0,0,0,unknown
380033,808554,07/01/2021,06/30/2022,0.0,0.0,0.0,0.0,0.0,0.0,0.0,0,0,0,0,unknown
390056,808568,07/01/2021,06/30/2022,0.0,0.0,0.0,0.0,0.0,0.0,0.0,0,0,0,0,unknown
390096,808573,07/01/2021,06/30/2022,0.0,0.0,0.0,0.0,0.0,0.0,0.0,0,0,0,0,unknown
390117,808579,07/01/2021,06/30/2022,0.0,0.0,0.0,0.0,0.0,0.0,0.0,0,0,0,0,unknown
390150,808585,07/01/2021,06/30/2022,0.0,0.0,0.0,0.0,0.0,0.0,0.0,0,0,0,0,unknown
390225,808596,07/01/2021,06/30/2022,0.0,0.0,0.0,0.0,0.0,0.0,0.0,0,0,0,0,unknown
390266,808600,07/01/2021,06/30/2022,0.0,0.0,0.0,0.0,0.0,0.0,0.0,0,0,0,0,unknown
390321,808605,07/01/2021,07/31/2022,0.0,0.0,0.0,0.0,0.0,0.0,0.0,0,0,0,0,unknown
390327,808606,07/01/2021,06/30/2022,0.0,0.0,0.0,0.0,0.0,0.0,0.0,0,0,0,0,unknown
390328,808607,07/01/2021,06/30/2022,0.0,0.0,0.0,0.0,0.0,0.0,0.0,0,0,0,0,unknown
393025,808617,07/01/2021,06/30/2022,0.0,0.0,0.0,0.0,0.0,0.0,0.0,0,0,0,0,unknown
400112,808627,07/01/2021,06/30/2022,0.0,0.0,0.0,0.0,0.0,0.0,0.0,0,0,0,0,unknown
400118,808628,01/01/2021,12/31/2021,0.0,0.0,0.0,0.0,0.0,0.0,0.0,0,0,0,0,unknown
400128,808629,01/01/2021,12/31/2021,0.0,0.0,0.0,0.0,0.0,0.0,0.0,0,0,0,0,unknown
400130,808630,01/01/2021,12/31/2021,0.0,0.0,0.0,0.0,0.0,0.0,0.0,0,0,0,0,unknown
420080,808645,01/01/2021,12/31/2021,0.0,0.0,0.0,0.0,0.0,0.0,0.0,0,0,0,0,unknown
430098,808657,10/01/2020,09/30/2021,0.0,0.0,0.0,0.0,0.0,0.0,0.0,0,0,0,0,unknown
440003,808669,05/01/2021,04/30/2022,0.0,0.0,0.0,0.0,0.0,0.0,0.0,0,0,0,0,unknown
440057,808678,07/01/2021,06/30/2022,0.0,0.0,0.0,0.0,0.0,0.0,0.0,0,0,0,0,unknown
440058,808679,01/01/2021,12/31/2021,0.0,0.0,0.0,0.0,0.0,0.0,0.0,0,0,0,0,unknown
440072,808680,07/01/2021,06/30/2022,0.0,0.0,0.0,0.0,0.0,0.0,0.0,0,0,0,0,unknown
440120,808681,10/01/2020,09/30/2021,0.0,0.0,0.0,0.0,0.0,0.0,0.0,0,0,0,0,unknown
441305,808687,10/01/2020,09/30/2021,0.0,0.0,0.0,0.0,0.0,0.0,0.0,0,0,0,0,unknown
441306,808690,07/01/2021,06/30/2022,0.0,0.0,0.0,0.0,0.0,0.0,0.0,0,0,0,0,unknown
450002,808695,06/01/2021,05/31/2022,0.0,0.0,0.0,0.0,0.0,0.0,0.0,0,0,0,0,unknown
450010,808696,01/01/2021,12/31/2021,0.0,0.0,0.0,0.0,0.0,0.0,0.0,0,0,0,0,unknown
450039,808700,10/01/2020,09/30/2021,0.0,0.0,0.0,0.0,0.0,0.0,0.0,0,0,0,0,unknown
450042,808701,07/01/2021,06/30/2022,0.0,0.0,0.0,0.0,0.0,0.0,0.0,0,0,0,0,unknown
450064,808705,01/01/2021,12/31/2021,0.0,0.0,0.0,0.0,0.0,0.0,0.0,0,0,0,0,unknown
450079,808707,07/01/2021,06/30/2022,0.0,0.0,0.0,0.0,0.0,0.0,0.0,0,0,0,0,unknown
450092,808710,01/01/2021,12/31/2021,0.0,0.0,0.0,0.0,0.0,0.0,0.0,0,0,0,0,unknown
450154,808714,07/01/2021,06/30/2022,0.0,0.0,0.0,0.0,0.0,0.0,0.0,0,0,0,0,unknown
450231,808718,01/01/2021,12/31/2021,0.0,0.0,0.0,0.0,0.0,0.0,0.0,0,0,0,0,unknown
450475,808726,10/01/2020,09/30/2021,0.0,0.0,0.0,0.0,0.0,0.0,0.0,0,0,0,0,unknown
450508,808727,07/16/2021,06/30/2022,0.0,0.0,0.0,0.0,0.0,0.0,0.0,0,0,0,0,unknown
450586,808730,07/01/2021,06/30/2022,0.0,0.0,0.0,0.0,0.0,0.0,0.0,0,0,0,0,unknown
450634,808733,01/01/2021,12/31/2021,0.0,0.0,0.0,0.0,0.0,0.0,0.0,0,0,0,0,unknown
450678,808740,06/01/2021,05/31/2022,0.0,0.0,0.0,0.0,0.0,0.0,0.0,0,0,0,0,unknown
450686,808741,01/01/2021,12/31/2021,0.0,0.0,0.0,0.0,0.0,0.0,0.0,0,0,0,0,unknown
460023,808785,01/01/2021,12/31/2021,0.0,0.0,0.0,0.0,0.0,0.0,0.0,0,0,0,0,unknown
460060,808788,07/01/2021,06/30/2022,0.0,0.0,0.0,0.0,0.0,0.0,0.0,0,0,0,0,unknown
470001,808791,10/01/2020,09/30/2021,0.0,0.0,0.0,0.0,0.0,0.0,0.0,0,0,0,0,unknown
490084,808807,01/01/2021,06/30/2021,0.0,0.0,0.0,0.0,0.0,0.0,0.0,0,0,0,0,unknown
490110,808810,10/01/2020,09/30/2021,0.0,0.0,0.0,0.0,0.0,0.0,0.0,0,0,0,0,unknown
500154,808835,01/01/2021,12/31/2021,0.0,0.0,0.0,0.0,0.0,0.0,0.0,0,0,0,0,unknown
501304,808838,01/01/2021,12/31/2021,0.0,0.0,0.0,0.0,0.0,0.0,0.0,0,0,0,0,unknown
510008,808842,01/01/2021,12/31/2021,0.0,0.0,0.0,0.0,0.0,0.0,0.0,0,0,0,0,unknown
510013,808845,01/01/2021,12/31/2021,0.0,0.0,0.0,0.0,0.0,0.0,0.0,0,0,0,0,unknown
520009,808850,07/01/2021,06/30/2022,0.0,0.0,0.0,0.0,0.0,0.0,0.0,0,0,0,0,unknown
520037,808852,10/01/2020,12/31/2020,0.0,0.0,0.0,0.0,0.0,0.0,0.0,0,0,0,0,unknown
520070,808855,01/01/2021,12/31/2021,0.0,0.0,0.0,0.0,0.0,0.0,0.0,0,0,0,0,unknown
521349,808873,01/01/2021,12/31/2021,0.0,0.0,0.0,0.0,0.0,0.0,0.0,0,0,0,0,unknown
530008,808877,01/01/2021,12/31/2021,0.0,0.0,0.0,0.0,0.0,0.0,0.0,0,0,0,0,unknown
533027,808886,06/01/2021,05/31/2022,0.0,0.0,0.0,0.0,0.0,0.0,0.0,0,0,0,0,unknown
670034,808892,06/01/2021,05/31/2022,0.0,0.0,0.0,0.0,0.0,0.0,0.0,0,0,0,0,unknown
670043,808894,12/01/2020,11/30/2021,0.0,0.0,0.0,0.0,0.0,0.0,0.0,0,0,0,0,unknown
670053,808895,07/01/2021,06/30/2022,0.0,0.0,0.0,0.0,0.0,0.0,0.0,0,0,0,0,unknown
670060,808896,01/01/2021,12/31/2021,0.0,0.0,0.0,0.0,0.0,0.0,0.0,0,0,0,0,unknown
670103,808899,02/01/2021,01/31/2022,0.0,0.0,0.0,0.0,0.0,0.0,0.0,0,0,0,0,unknown
673044,808904,07/01/2021,06/30/2022,0.0,0.0,0.0,0.0,0.0,0.0,0.0,0,0,0,0,unknown
010040,808912,10/01/2020,09/30/2021,0.0,0.0,0.0,0.0,0.0,0.0,0.0,0,0,0,0,unknown
010044,808913,10/01/2020,09/30/2021,0.0,0.0,0.0,0.0,0.0,0.0,0.0,0,0,0,0,unknown
010059,808917,10/01/2020,09/30/2021,0.0,0.0,0.0,0.0,0.0,0.0,0.0,0,0,0,0,unknown
030085,808932,10/01/2020,09/30/2021,0.0,0.0,0.0,0.0,0.0,0.0,0.0,0,0,0,0,unknown
030130,808942,01/01/2021,12/31/2021,0.0,0.0,0.0,0.0,0.0,0.0,0.0,0,0,0,0,unknown
040015,808952,01/01/2021,12/31/2021,0.0,0.0,0.0,0.0,0.0,0.0,0.0,0,0,0,0,unknown
040062,808956,07/01/2021,06/30/2022,0.0,0.0,0.0,0.0,0.0,0.0,0.0,0,0,0,0,unknown
050272,808999,10/01/2020,09/30/2021,0.0,0.0,0.0,0.0,0.0,0.0,0.0,0,0,0,0,unknown
050382,809010,01/01/2021,12/31/2021,0.0,0.0,0.0,0.0,0.0,0.0,0.0,0,0,0,0,unknown
050776,809020,01/01/2021,12/31/2021,0.0,0.0,0.0,0.0,0.0,0.0,0.0,0,0,0,0,unknown
060004,809024,01/01/2021,12/31/2021,0.0,0.0,0.0,0.0,0.0,0.0,0.0,0,0,0,0,unknown
060011,809025,01/01/2021,12/31/2021,0.0,0.0,0.0,0.0,0.0,0.0,0.0,0,0,0,0,unknown
060131,809029,07/01/2021,06/30/2022,0.0,0.0,0.0,0.0,0.0,0.0,0.0,0,0,0,0,unknown
070011,809033,10/01/2020,09/30/2021,0.0,0.0,0.0,0.0,0.0,0.0,0.0,0,0,0,0,unknown
100026,809043,07/01/2021,06/30/2022,0.0,0.0,0.0,0.0,0.0,0.0,0.0,0,0,0,0,unknown
100048,809048,10/01/2020,09/30/2021,0.0,0.0,0.0,0.0,0.0,0.0,0.0,0,0,0,0,unknown
100057,809050,01/01/2021,12/31/2021,0.0,0.0,0.0,0.0,0.0,0.0,0.0,0,0,0,0,unknown
100063,809052,01/01/2021,12/31/2021,0.0,0.0,0.0,0.0,0.0,0.0,0.0,0,0,0,0,unknown
100105,809058,01/01/2021,12/31/2021,0.0,0.0,0.0,0.0,0.0,0.0,0.0,0,0,0,0,unknown
100110,809060,01/01/2021,12/31/2021,0.0,0.0,0.0,0.0,0.0,0.0,0.0,0,0,0,0,unknown
100117,809061,10/01/2020,09/30/2021,0.0,0.0,0.0,0.0,0.0,0.0,0.0,0,0,0,0,unknown
100134,809063,10/01/2020,09/30/2021,0.0,0.0,0.0,0.0,0.0,0.0,0.0,0,0,0,0,unknown
100168,809067,10/01/2020,09/30/2021,0.0,0.0,0.0,0.0,0.0,0.0,0.0,0,0,0,0,unknown
100175,809068,10/01/2020,09/30/2021,0.0,0.0,0.0,0.0,0.0,0.0,0.0,0,0,0,0,unknown
100217,809082,01/01/2021,12/31/2021,0.0,0.0,0.0,0.0,0.0,0.0,0.0,0,0,0,0,unknown
100264,809090,03/01/2021,02/28/2022,0.0,0.0,0.0,0.0,0.0,0.0,0.0,0,0,0,0,unknown
100285,809094,05/01/2021,04/30/2022,0.0,0.0,0.0,0.0,0.0,0.0,0.0,0,0,0,0,unknown
100291,809100,01/01/2021,12/31/2021,0.0,0.0,0.0,0.0,0.0,0.0,0.0,0,0,0,0,unknown
110005,809109,10/01/2020,09/30/2021,0.0,0.0,0.0,0.0,0.0,0.0,0.0,0,0,0,0,unknown
110015,809111,07/01/2021,06/30/2022,0.0,0.0,0.0,0.0,0.0,0.0,0.0,0,0,0,0,unknown
110191,809130,07/01/2021,06/30/2022,0.0,0.0,0.0,0.0,0.0,0.0,0.0,0,0,0,0,unknown
110194,809131,07/01/2021,06/30/2022,0.0,0.0,0.0,0.0,0.0,0.0,0.0,0,0,0,0,unknown
110226,809135,09/01/2021,08/31/2022,0.0,0.0,0.0,0.0,0.0,0.0,0.0,0,0,0,0,unknown
140082,809156,06/01/2021,05/31/2022,0.0,0.0,0.0,0.0,0.0,0.0,0.0,0,0,0,0,unknown
140174,809162,07/01/2021,06/30/2022,0.0,0.0,0.0,0.0,0.0,0.0,0.0,0,0,0,0,unknown
140177,809163,04/01/2021,03/31/2022,0.0,0.0,0.0,0.0,0.0,0.0,0.0,0,0,0,0,unknown
141350,809173,07/01/2021,06/30/2022,0.0,0.0,0.0,0.0,0.0,0.0,0.0,0,0,0,0,unknown
150115,809181,07/01/2021,06/30/2022,0.0,0.0,0.0,0.0,0.0,0.0,0.0,0,0,0,0,unknown
170104,809214,01/01/2021,12/31/2021,0.0,0.0,0.0,0.0,0.0,0.0,0.0,0,0,0,0,unknown
171333,809227,01/01/2021,12/31/2021,0.0,0.0,0.0,0.0,0.0,0.0,0.0,0,0,0,0,unknown
190025,809259,01/01/2021,12/31/2021,0.0,0.0,0.0,0.0,0.0,0.0,0.0,0,0,0,0,unknown
190040,809262,01/01/2021,12/31/2021,0.0,0.0,0.0,0.0,0.0,0.0,0.0,0,0,0,0,unknown
190128,809267,10/01/2020,09/30/2021,0.0,0.0,0.0,0.0,0.0,0.0,0.0,0,0,0,0,unknown
190259,809269,01/01/2021,12/31/2021,0.0,0.0,0.0,0.0,0.0,0.0,0.0,0,0,0,0,unknown
190278,809272,01/01/2021,12/31/2021,0.0,0.0,0.0,0.0,0.0,0.0,0.0,0,0,0,0,unknown
190308,809273,01/01/2021,12/31/2021,0.0,0.0,0.0,0.0,0.0,0.0,0.0,0,0,0,0,unknown
240210,809338,01/01/2021,12/31/2021,0.0,0.0,0.0,0.0,0.0,0.0,0.0,0,0,0,0,unknown
250027,809344,01/01/2021,12/31/2021,0.0,0.0,0.0,0.0,0.0,0.0,0.0,0,0,0,0,unknown
250040,809346,10/01/2020,09/30/2021,0.0,0.0,0.0,0.0,0.0,0.0,0.0,0,0,0,0,unknown
250043,809347,10/01/2020,09/30/2021,0.0,0.0,0.0,0.0,0.0,0.0,0.0,0,0,0,0,unknown
260065,809373,07/01/2021,06/30/2022,0.0,0.0,0.0,0.0,0.0,0.0,0.0,0,0,0,0,unknown
260113,809378,10/01/2020,09/30/2021,0.0,0.0,0.0,0.0,0.0,0.0,0.0,0,0,0,0,unknown
260119,809379,01/01/2021,12/31/2021,0.0,0.0,0.0,0.0,0.0,0.0,0.0,0,0,0,0,unknown
261311,809388,04/01/2021,03/31/2022,0.0,0.0,0.0,0.0,0.0,0.0,0.0,0,0,0,0,unknown
280020,809398,07/01/2021,06/30/2022,0.0,0.0,0.0,0.0,0.0,0.0,0.0,0,0,0,0,unknown
290049,809411,07/01/2021,06/30/2022,0.0,0.0,0.0,0.0,0.0,0.0,0.0,0,0,0,0,unknown
291313,809412,01/01/2021,12/31/2021,0.0,0.0,0.0,0.0,0.0,0.0,0.0,0,0,0,0,unknown
293033,809413,01/01/2021,12/31/2021,0.0,0.0,0.0,0.0,0.0,0.0,0.0,0,0,0,0,unknown
310016,809420,01/01/2021,12/31/2021,0.0,0.0,0.0,0.0,0.0,0.0,0.0,0,0,0,0,unknown
310051,809421,01/01/2021,12/31/2021,0.0,0.0,0.0,0.0,0.0,0.0,0.0,0,0,0,0,unknown
320004,809427,07/01/2021,06/30/2022,0.0,0.0,0.0,0.0,0.0,0.0,0.0,0,0,0,0,unknown
330049,809442,10/01/2020,09/30/2021,0.0,0.0,0.0,0.0,0.0,0.0,0.0,0,0,0,0,unknown
330203,809451,01/01/2021,12/31/2021,0.0,0.0,0.0,0.0,0.0,0.0,0.0,0,0,0,0,unknown
330208,809452,01/01/2021,12/31/2021,0.0,0.0,0.0,0.0,0.0,0.0,0.0,0,0,0,0,unknown
330273,809456,10/01/2020,09/30/2021,0.0,0.0,0.0,0.0,0.0,0.0,0.0,0,0,0,0,unknown
330277,809457,07/01/2021,06/30/2022,0.0,0.0,0.0,0.0,0.0,0.0,0.0,0,0,0,0,unknown
340123,809473,10/01/2020,09/30/2021,0.0,0.0,0.0,0.0,0.0,0.0,0.0,0,0,0,0,unknown
340187,809476,07/01/2021,12/31/2021,0.0,0.0,0.0,0.0,0.0,0.0,0.0,0,0,0,0,unknown
360137,809503,01/01/2021,12/31/2021,0.0,0.0,0.0,0.0,0.0,0.0,0.0,0,0,0,0,unknown
360163,809506,07/01/2021,06/30/2022,0.0,0.0,0.0,0.0,0.0,0.0,0.0,0,0,0,0,unknown
361324,809517,07/01/2021,06/30/2022,0.0,0.0,0.0,0.0,0.0,0.0,0.0,0,0,0,0,unknown
370029,809529,04/01/2021,03/31/2022,0.0,0.0,0.0,0.0,0.0,0.0,0.0,0,0,0,0,unknown
370054,809530,01/01/2021,12/31/2021,0.0,0.0,0.0,0.0,0.0,0.0,0.0,0,0,0,0,unknown
370112,809533,04/01/2021,03/31/2022,0.0,0.0,0.0,0.0,0.0,0.0,0.0,0,0,0,0,unknown
370139,809534,01/01/2021,12/31/2021,0.0,0.0,0.0,0.0,0.0,0.0,0.0,0,0,0,0,unknown
380091,809549,01/01/2021,12/31/2021,0.0,0.0,0.0,0.0,0.0,0.0,0.0,0,0,0,0,unknown
390004,809550,07/01/2021,06/30/2022,0.0,0.0,0.0,0.0,0.0,0.0,0.0,0,0,0,0,unknown
390063,809554,07/01/2021,06/30/2022,0.0,0.0,0.0,0.0,0.0,0.0,0.0,0,0,0,0,unknown
390090,809564,07/01/2021,06/30/2022,0.0,0.0,0.0,0.0,0.0,0.0,0.0,0,0,0,0,unknown
390091,809566,07/01/2021,06/30/2022,0.0,0.0,0.0,0.0,0.0,0.0,0.0,0,0,0,0,unknown
390102,809571,07/01/2021,06/30/2022,0.0,0.0,0.0,0.0,0.0,0.0,0.0,0,0,0,0,unknown
390115,809576,07/01/2021,06/30/2022,0.0,0.0,0.0,0.0,0.0,0.0,0.0,0,0,0,0,unknown
390139,809579,07/01/2021,06/30/2022,0.0,0.0,0.0,0.0,0.0,0.0,0.0,0,0,0,0,unknown
390185,809584,07/01/2021,06/30/2022,0.0,0.0,0.0,0.0,0.0,0.0,0.0,0,0,0,0,unknown
390267,809585,07/01/2021,06/30/2022,0.0,0.0,0.0,0.0,0.0,0.0,0.0,0,0,0,0,unknown
391313,809588,07/01/2021,06/30/2022,0.0,0.0,0.0,0.0,0.0,0.0,0.0,0,0,0,0,unknown
400105,809595,07/01/2021,06/30/2022,0.0,0.0,0.0,0.0,0.0,0.0,0.0,0,0,0,0,unknown
400114,809596,01/01/2021,12/31/2021,0.0,0.0,0.0,0.0,0.0,0.0,0.0,0,0,0,0,unknown
400117,809597,01/01/2021,12/31/2021,0.0,0.0,0.0,0.0,0.0,0.0,0.0,0,0,0,0,unknown
400120,809598,01/01/2021,12/31/2021,0.0,0.0,0.0,0.0,0.0,0.0,0.0,0,0,0,0,unknown
400124,809599,07/01/2021,06/30/2022,0.0,0.0,0.0,0.0,0.0,0.0,0.0,0,0,0,0,unknown
420072,809610,10/01/2020,09/30/2021,0.0,0.0,0.0,0.0,0.0,0.0,0.0,0,0,0,0,unknown
423033,809615,10/01/2020,09/30/2021,0.0,0.0,0.0,0.0,0.0,0.0,0.0,0,0,0,0,unknown
430005,809617,06/01/2021,05/31/2022,0.0,0.0,0.0,0.0,0.0,0.0,0.0,0,0,0,0,unknown
440029,809633,07/01/2021,06/30/2022,0.0,0.0,0.0,0.0,0.0,0.0,0.0,0,0,0,0,unknown
440197,809656,06/01/2021,05/31/2022,0.0,0.0,0.0,0.0,0.0,0.0,0.0,0,0,0,0,unknown
450097,809683,01/01/2021,12/31/2021,0.0,0.0,0.0,0.0,0.0,0.0,0.0,0,0,0,0,unknown
450137,809686,10/01/2020,09/30/2021,0.0,0.0,0.0,0.0,0.0,0.0,0.0,0,0,0,0,unknown
450597,809696,10/01/2020,09/30/2021,0.0,0.0,0.0,0.0,0.0,0.0,0.0,0,0,0,0,unknown
450653,809708,01/01/2021,12/31/2021,0.0,0.0,0.0,0.0,0.0,0.0,0.0,0,0,0,0,unknown
450656,809712,01/01/2021,12/31/2021,0.0,0.0,0.0,0.0,0.0,0.0,0.0,0,0,0,0,unknown
450661,809716,10/01/2020,09/30/2021,0.0,0.0,0.0,0.0,0.0,0.0,0.0,0,0,0,0,unknown
450677,809720,01/01/2021,12/31/2021,0.0,0.0,0.0,0.0,0.0,0.0,0.0,0,0,0,0,unknown
450690,809726,09/01/2021,08/31/2022,0.0,0.0,0.0,0.0,0.0,0.0,0.0,0,0,0,0,unknown
450694,809727,01/01/2021,12/31/2021,0.0,0.0,0.0,0.0,0.0,0.0,0.0,0,0,0,0,unknown
450711,809730,10/01/2020,09/30/2021,0.0,0.0,0.0,0.0,0.0,0.0,0.0,0,0,0,0,unknown
460026,809768,01/01/2021,12/31/2021,0.0,0.0,0.0,0.0,0.0,0.0,0.0,0,0,0,0,unknown
460030,809769,02/01/2021,01/31/2022,0.0,0.0,0.0,0.0,0.0,0.0,0.0,0,0,0,0,unknown
470005,809776,10/01/2020,09/30/2021,0.0,0.0,0.0,0.0,0.0,0.0,0.0,0,0,0,0,unknown
470024,809777,10/01/2020,09/30/2021,0.0,0.0,0.0,0.0,0.0,0.0,0.0,0,0,0,0,unknown
471302,809778,10/01/2020,09/30/2021,0.0,0.0,0.0,0.0,0.0,0.0,0.0,0,0,0,0,unknown
490038,809789,07/01/2021,06/30/2022,0.0,0.0,0.0,0.0,0.0,0.0,0.0,0,0,0,0,unknown
490077,809794,01/01/2021,12/31/2021,0.0,0.0,0.0,0.0,0.0,0.0,0.0,0,0,0,0,unknown
490107,809797,01/01/2021,12/31/2021,0.0,0.0,0.0,0.0,0.0,0.0,0.0,0,0,0,0,unknown
490116,809799,09/01/2021,08/31/2022,0.0,0.0,0.0,0.0,0.0,0.0,0.0,0,0,0,0,unknown
500003,809806,01/01/2021,12/31/2021,0.0,0.0,0.0,0.0,0.0,0.0,0.0,0,0,0,0,unknown
500084,809817,01/01/2021,12/31/2021,0.0,0.0,0.0,0.0,0.0,0.0,0.0,0,0,0,0,unknown
510086,809827,07/01/2021,06/30/2022,0.0,0.0,0.0,0.0,0.0,0.0,0.0,0,0,0,0,unknown
520002,809832,07/01/2021,06/30/2022,0.0,0.0,0.0,0.0,0.0,0.0,0.0,0,0,0,0,unknown
520035,809834,01/01/2021,12/31/2021,0.0,0.0,0.0,0.0,0.0,0.0,0.0,0,0,0,0,unknown
521336,809842,04/01/2021,03/31/2022,0.0,0.0,0.0,0.0,0.0,0.0,0.0,0,0,0,0,unknown
521341,809844,01/01/2021,12/31/2021,0.0,0.0,0.0,0.0,0.0,0.0,0.0,0,0,0,0,unknown
670128,809858,10/01/2020,09/30/2021,0.0,0.0,0.0,0.0,0.0,0.0,0.0,0,0,0,0,unknown
673053,809862,01/01/2021,12/31/2021,0.0,0.0,0.0,0.0,0.0,0.0,0.0,0,0,0,0,unknown
713028,809865,08/20/2021,09/30/2022,0.0,0.0,0.0,0.0,0.0,0.0,0.0,0,0,0,0,unknown
010029,809866,10/01/2020,09/30/2021,0.0,0.0,0.0,0.0,0.0,0.0,0.0,0,0,0,0,unknown
050581,809946,06/01/2021,05/31/2022,0.0,0.0,0.0,0.0,0.0,0.0,0.0,0,0,0,0,unknown
060008,809958,07/01/2021,06/30/2022,0.0,0.0,0.0,0.0,0.0,0.0,0.0,0,0,0,0,unknown
060065,809962,01/01/2021,12/31/2021,0.0,0.0,0.0,0.0,0.0,0.0,0.0,0,0,0,0,unknown
060104,809963,07/01/2021,06/30/2022,0.0,0.0,0.0,0.0,0.0,0.0,0.0,0,0,0,0,unknown
060119,809964,07/01/2021,06/30/2022,0.0,0.0,0.0,0.0,0.0,0.0,0.0,0,0,0,0,unknown
080006,809978,07/01/2021,06/30/2022,0.0,0.0,0.0,0.0,0.0,0.0,0.0,0,0,0,0,unknown
083026,809979,10/01/2020,09/30/2021,0.0,0.0,0.0,0.0,0.0,0.0,0.0,0,0,0,0,unknown
100125,809992,10/01/2020,09/30/2021,0.0,0.0,0.0,0.0,0.0,0.0,0.0,0,0,0,0,unknown
100244,810007,10/01/2020,09/30/2021,0.0,0.0,0.0,0.0,0.0,0.0,0.0,0,0,0,0,unknown
100269,810015,06/01/2021,05/31/2022,0.0,0.0,0.0,0.0,0.0,0.0,0.0,0,0,0,0,unknown
101312,810023,10/01/2020,09/30/2021,0.0,0.0,0.0,0.0,0.0,0.0,0.0,0,0,0,0,unknown
110010,810049,09/01/2021,08/31/2022,0.0,0.0,0.0,0.0,0.0,0.0,0.0,0,0,0,0,unknown
140117,810070,07/01/2021,06/30/2022,0.0,0.0,0.0,0.0,0.0,0.0,0.0,0,0,0,0,unknown
140179,810071,10/01/2020,09/30/2021,0.0,0.0,0.0,0.0,0.0,0.0,0.0,0,0,0,0,unknown
143300,810077,09/01/2021,08/31/2022,0.0,0.0,0.0,0.0,0.0,0.0,0.0,0,0,0,0,unknown
160033,810093,07/01/2021,06/30/2022,0.0,0.0,0.0,0.0,0.0,0.0,0.0,0,0,0,0,unknown
180025,810124,07/01/2021,06/30/2022,0.0,0.0,0.0,0.0,0.0,0.0,0.0,0,0,0,0,unknown
190027,810138,07/01/2021,06/30/2022,0.0,0.0,0.0,0.0,0.0,0.0,0.0,0,0,0,0,unknown
190041,810140,07/01/2021,06/30/2022,0.0,0.0,0.0,0.0,0.0,0.0,0.0,0,0,0,0,unknown
190053,810141,12/01/2020,11/30/2021,0.0,0.0,0.0,0.0,0.0,0.0,0.0,0,0,0,0,unknown
190081,810145,01/01/2021,12/31/2021,0.0,0.0,0.0,0.0,0.0,0.0,0.0,0,0,0,0,unknown
190111,810146,10/01/2020,09/30/2021,0.0,0.0,0.0,0.0,0.0,0.0,0.0,0,0,0,0,unknown
190140,810147,05/01/2021,04/30/2022,0.0,0.0,0.0,0.0,0.0,0.0,0.0,0,0,0,0,unknown
190303,810151,01/01/2021,12/31/2021,0.0,0.0,0.0,0.0,0.0,0.0,0.0,0,0,0,0,unknown
190313,810152,01/01/2021,12/31/2021,0.0,0.0,0.0,0.0,0.0,0.0,0.0,0,0,0,0,unknown
193044,810157,07/01/2021,06/30/2022,0.0,0.0,0.0,0.0,0.0,0.0,0.0,0,0,0,0,unknown
193050,810158,04/01/2021,03/31/2022,0.0,0.0,0.0,0.0,0.0,0.0,0.0,0,0,0,0,unknown
201313,810169,10/01/2020,09/30/2021,0.0,0.0,0.0,0.0,0.0,0.0,0.0,0,0,0,0,unknown
220033,810173,10/01/2020,09/30/2021,0.0,0.0,0.0,0.0,0.0,0.0,0.0,0,0,0,0,unknown
230197,810182,07/01/2021,06/30/2022,0.0,0.0,0.0,0.0,0.0,0.0,0.0,0,0,0,0,unknown
250060,810200,10/01/2020,09/30/2021,0.0,0.0,0.0,0.0,0.0,0.0,0.0,0,0,0,0,unknown
250069,810202,01/01/2021,12/31/2021,0.0,0.0,0.0,0.0,0.0,0.0,0.0,0,0,0,0,unknown
250104,810206,10/01/2020,09/30/2021,0.0,0.0,0.0,0.0,0.0,0.0,0.0,0,0,0,0,unknown
290022,810235,01/01/2021,12/31/2021,0.0,0.0,0.0,0.0,0.0,0.0,0.0,0,0,0,0,unknown
300029,810247,03/01/2021,02/28/2022,0.0,0.0,0.0,0.0,0.0,0.0,0.0,0,0,0,0,unknown
320002,810271,07/01/2021,06/30/2022,0.0,0.0,0.0,0.0,0.0,0.0,0.0,0,0,0,0,unknown
330009,810273,01/01/2021,12/31/2021,0.0,0.0,0.0,0.0,0.0,0.0,0.0,0,0,0,0,unknown
330014,810274,01/01/2021,12/31/2021,0.0,0.0,0.0,0.0,0.0,0.0,0.0,0,0,0,0,unknown
330085,810277,01/01/2021,12/31/2021,0.0,0.0,0.0,0.0,0.0,0.0,0.0,0,0,0,0,unknown
330239,810280,01/01/2021,12/31/2021,0.0,0.0,0.0,0.0,0.0,0.0,0.0,0,0,0,0,unknown
340070,810289,10/01/2020,09/30/2021,0.0,0.0,0.0,0.0,0.0,0.0,0.0,0,0,0,0,unknown
340107,810293,10/01/2020,09/30/2021,0.0,0.0,0.0,0.0,0.0,0.0,0.0,0,0,0,0,unknown
360211,810317,07/01/2021,06/30/2022,0.0,0.0,0.0,0.0,0.0,0.0,0.0,0,0,0,0,unknown
370089,810336,07/01/2021,06/30/2022,0.0,0.0,0.0,0.0,0.0,0.0,0.0,0,0,0,0,unknown
370229,810347,04/01/2021,03/31/2022,0.0,0.0,0.0,0.0,0.0,0.0,0.0,0,0,0,0,unknown
390003,810360,07/01/2021,06/30/2022,0.0,0.0,0.0,0.0,0.0,0.0,0.0,0,0,0,0,unknown
390012,810361,07/01/2021,06/30/2022,0.0,0.0,0.0,0.0,0.0,0.0,0.0,0,0,0,0,unknown
390016,810362,07/01/2021,06/30/2022,0.0,0.0,0.0,0.0,0.0,0.0,0.0,0,0,0,0,unknown
390057,810363,07/01/2021,06/30/2022,0.0,0.0,0.0,0.0,0.0,0.0,0.0,0,0,0,0,unknown
390067,810365,07/01/2021,06/30/2022,0.0,0.0,0.0,0.0,0.0,0.0,0.0,0,0,0,0,unknown
390113,810368,07/01/2021,06/30/2022,0.0,0.0,0.0,0.0,0.0,0.0,0.0,0,0,0,0,unknown
390125,810369,07/01/2021,06/30/2022,0.0,0.0,0.0,0.0,0.0,0.0,0.0,0,0,0,0,unknown
390163,810371,07/01/2021,06/30/2022,0.0,0.0,0.0,0.0,0.0,0.0,0.0,0,0,0,0,unknown
390231,810373,07/01/2021,06/30/2022,0.0,0.0,0.0,0.0,0.0,0.0,0.0,0,0,0,0,unknown
393038,810378,07/01/2021,06/30/2022,0.0,0.0,0.0,0.0,0.0,0.0,0.0,0,0,0,0,unknown
400012,810383,07/01/2021,06/30/2022,0.0,0.0,0.0,0.0,0.0,0.0,0.0,0,0,0,0,unknown
400014,810384,01/01/2021,12/31/2021,0.0,0.0,0.0,0.0,0.0,0.0,0.0,0,0,0,0,unknown
400015,810385,07/01/2021,06/30/2022,0.0,0.0,0.0,0.0,0.0,0.0,0.0,0,0,0,0,unknown
400018,810386,04/01/2021,03/31/2022,0.0,0.0,0.0,0.0,0.0,0.0,0.0,0,0,0,0,unknown
400079,810387,01/01/2021,12/31/2021,0.0,0.0,0.0,0.0,0.0,0.0,0.0,0,0,0,0,unknown
400115,810388,01/01/2021,12/31/2021,0.0,0.0,0.0,0.0,0.0,0.0,0.0,0,0,0,0,unknown
420108,810399,10/01/2020,09/30/2021,0.0,0.0,0.0,0.0,0.0,0.0,0.0,0,0,0,0,unknown
423031,810404,01/01/2021,12/31/2021,0.0,0.0,0.0,0.0,0.0,0.0,0.0,0,0,0,0,unknown
423032,810405,10/01/2020,09/30/2021,0.0,0.0,0.0,0.0,0.0,0.0,0.0,0,0,0,0,unknown
440081,810420,01/01/2021,12/31/2021,0.0,0.0,0.0,0.0,0.0,0.0,0.0,0,0,0,0,unknown
440153,810424,10/01/2020,09/30/2021,0.0,0.0,0.0,0.0,0.0,0.0,0.0,0,0,0,0,unknown
450054,810442,09/01/2021,08/31/2022,0.0,0.0,0.0,0.0,0.0,0.0,0.0,0,0,0,0,unknown
450080,810443,10/01/2020,09/30/2021,0.0,0.0,0.0,0.0,0.0,0.0,0.0,0,0,0,0,unknown
450107,810446,08/01/2021,07/31/2022,0.0,0.0,0.0,0.0,0.0,0.0,0.0,0,0,0,0,unknown
450135,810447,10/01/2020,09/30/2021,0.0,0.0,0.0,0.0,0.0,0.0,0.0,0,0,0,0,unknown
450236,810449,07/01/2021,06/30/2022,0.0,0.0,0.0,0.0,0.0,0.0,0.0,0,0,0,0,unknown
450272,810451,07/01/2021,06/30/2022,0.0,0.0,0.0,0.0,0.0,0.0,0.0,0,0,0,0,unknown
450389,810455,05/01/2021,04/30/2022,0.0,0.0,0.0,0.0,0.0,0.0,0.0,0,0,0,0,unknown
450573,810459,07/01/2021,06/30/2022,0.0,0.0,0.0,0.0,0.0,0.0,0.0,0,0,0,0,unknown
450617,810460,01/01/2021,12/31/2021,0.0,0.0,0.0,0.0,0.0,0.0,0.0,0,0,0,0,unknown
450662,810470,04/01/2021,03/31/2022,0.0,0.0,0.0,0.0,0.0,0.0,0.0,0,0,0,0,unknown
450833,810480,05/01/2021,04/30/2022,0.0,0.0,0.0,0.0,0.0,0.0,0.0,0,0,0,0,unknown
450840,810481,01/01/2021,12/31/2021,0.0,0.0,0.0,0.0,0.0,0.0,0.0,0,0,0,0,unknown
450844,810482,01/01/2021,12/31/2021,0.0,0.0,0.0,0.0,0.0,0.0,0.0,0,0,0,0,unknown
450847,810483,01/01/2021,12/31/2021,0.0,0.0,0.0,0.0,0.0,0.0,0.0,0,0,0,0,unknown
453056,810495,01/01/2021,12/31/2021,0.0,0.0,0.0,0.0,0.0,0.0,0.0,0,0,0,0,unknown
500027,810542,01/01/2021,12/31/2021,0.0,0.0,0.0,0.0,0.0,0.0,0.0,0,0,0,0,unknown
520198,810581,01/01/2021,12/31/2021,0.0,0.0,0.0,0.0,0.0,0.0,0.0,0,0,0,0,unknown
670044,810596,01/01/2021,12/31/2021,0.0,0.0,0.0,0.0,0.0,0.0,0.0,0,0,0,0,unknown
670260,810604,01/01/2021,12/31/2021,0.0,0.0,0.0,0.0,0.0,0.0,0.0,0,0,0,0,unknown
713026,810612,01/01/2021,12/31/2021,0.0,0.0,0.0,0.0,0.0,0.0,0.0,0,0,0,0,unknown
010112,810620,10/01/2020,09/30/2021,0.0,0.0,0.0,0.0,0.0,0.0,0.0,0,0,0,0,unknown
030055,810626,07/01/2021,06/30/2022,0.0,0.0,0.0,0.0,0.0,0.0,0.0,0,0,0,0,unknown
030065,810627,01/01/2021,12/31/2021,0.0,0.0,0.0,0.0,0.0,0.0,0.0,0,0,0,0,unknown
030088,810628,01/01/2021,12/31/2021,0.0,0.0,0.0,0.0,0.0,0.0,0.0,0,0,0,0,unknown
030105,810630,01/01/2021,12/31/2021,0.0,0.0,0.0,0.0,0.0,0.0,0.0,0,0,0,0,unknown
030111,810632,01/01/2021,12/31/2021,0.0,0.0,0.0,0.0,0.0,0.0,0.0,0,0,0,0,unknown
030122,810634,01/01/2021,12/31/2021,0.0,0.0,0.0,0.0,0.0,0.0,0.0,0,0,0,0,unknown
040004,810639,01/01/2021,12/31/2021,0.0,0.0,0.0,0.0,0.0,0.0,0.0,0,0,0,0,unknown
040010,810640,07/01/2021,06/30/2022,0.0,0.0,0.0,0.0,0.0,0.0,0.0,0,0,0,0,unknown
050393,810670,10/01/2020,09/30/2021,0.0,0.0,0.0,0.0,0.0,0.0,0.0,0,0,0,0,unknown
060030,810710,01/01/2021,12/31/2021,0.0,0.0,0.0,0.0,0.0,0.0,0.0,0,0,0,0,unknown
060076,810713,01/01/2021,12/31/2021,0.0,0.0,0.0,0.0,0.0,0.0,0.0,0,0,0,0,unknown
080007,810728,07/01/2021,06/30/2022,0.0,0.0,0.0,0.0,0.0,0.0,0.0,0,0,0,0,unknown
090008,810730,10/01/2020,09/30/2021,0.0,0.0,0.0,0.0,0.0,0.0,0.0,0,0,0,0,unknown
100316,810754,10/01/2020,09/30/2021,0.0,0.0,0.0,0.0,0.0,0.0,0.0,0,0,0,0,unknown
110104,810768,07/01/2021,06/30/2022,0.0,0.0,0.0,0.0,0.0,0.0,0.0,0,0,0,0,unknown
140008,810784,07/01/2021,06/30/2022,0.0,0.0,0.0,0.0,0.0,0.0,0.0,0,0,0,0,unknown
171381,810844,01/01/2021,12/31/2021,0.0,0.0,0.0,0.0,0.0,0.0,0.0,0,0,0,0,unknown
190007,810849,07/01/2021,06/30/2022,0.0,0.0,0.0,0.0,0.0,0.0,0.0,0,0,0,0,unknown
190065,810851,10/01/2020,09/30/2021,0.0,0.0,0.0,0.0,0.0,0.0,0.0,0,0,0,0,unknown
190298,810856,06/01/2021,06/30/2022,0.0,0.0,0.0,0.0,0.0,0.0,0.0,0,0,0,0,unknown
191324,810861,01/01/2021,12/31/2021,0.0,0.0,0.0,0.0,0.0,0.0,0.0,0,0,0,0,unknown
193080,810865,01/01/2021,12/31/2021,0.0,0.0,0.0,0.0,0.0,0.0,0.0,0,0,0,0,unknown
230013,810880,01/01/2021,12/31/2021,0.0,0.0,0.0,0.0,0.0,0.0,0.0,0,0,0,0,unknown
250123,810948,10/01/2020,09/30/2021,0.0,0.0,0.0,0.0,0.0,0.0,0.0,0,0,0,0,unknown
254010,810951,07/01/2021,06/30/2022,0.0,0.0,0.0,0.0,0.0,0.0,0.0,0,0,0,0,unknown
270049,810976,01/01/2021,12/31/2021,0.0,0.0,0.0,0.0,0.0,0.0,0.0,0,0,0,0,unknown
281342,810988,07/01/2021,06/30/2022,0.0,0.0,0.0,0.0,0.0,0.0,0.0,0,0,0,0,unknown
300005,810995,05/01/2021,09/30/2021,0.0,0.0,0.0,0.0,0.0,0.0,0.0,0,0,0,0,unknown
300034,810997,10/01/2020,09/30/2021,0.0,0.0,0.0,0.0,0.0,0.0,0.0,0,0,0,0,unknown
330019,811022,01/01/2021,12/31/2021,0.0,0.0,0.0,0.0,0.0,0.0,0.0,0,0,0,0,unknown
330057,811024,07/01/2021,06/30/2022,0.0,0.0,0.0,0.0,0.0,0.0,0.0,0,0,0,0,unknown
330103,811027,01/01/2021,12/31/2021,0.0,0.0,0.0,0.0,0.0,0.0,0.0,0,0,0,0,unknown
330241,811033,01/01/2021,12/31/2021,0.0,0.0,0.0,0.0,0.0,0.0,0.0,0,0,0,0,unknown
380047,811074,01/01/2021,12/31/2021,0.0,0.0,0.0,0.0,0.0,0.0,0.0,0,0,0,0,unknown
380089,811075,04/01/2021,03/31/2022,0.0,0.0,0.0,0.0,0.0,0.0,0.0,0,0,0,0,unknown
390001,811082,07/01/2021,06/30/2022,0.0,0.0,0.0,0.0,0.0,0.0,0.0,0,0,0,0,unknown
390203,811086,07/01/2021,06/30/2022,0.0,0.0,0.0,0.0,0.0,0.0,0.0,0,0,0,0,unknown
440073,811111,07/01/2021,06/30/2022,0.0,0.0,0.0,0.0,0.0,0.0,0.0,0,0,0,0,unknown
450101,811123,09/01/2021,08/31/2022,0.0,0.0,0.0,0.0,0.0,0.0,0.0,0,0,0,0,unknown
450237,811126,07/01/2021,06/30/2022,0.0,0.0,0.0,0.0,0.0,0.0,0.0,0,0,0,0,unknown
450848,811140,10/01/2020,09/30/2021,0.0,0.0,0.0,0.0,0.0,0.0,0.0,0,0,0,0,unknown
520089,811207,01/01/2021,12/31/2021,0.0,0.0,0.0,0.0,0.0,0.0,0.0,0,0,0,0,unknown
670047,811227,01/01/2021,12/31/2021,0.0,0.0,0.0,0.0,0.0,0.0,0.0,0,0,0,0,unknown
670098,811236,06/01/2021,05/31/2022,0.0,0.0,0.0,0.0,0.0,0.0,0.0,0,0,0,0,unknown
670108,811237,06/01/2021,05/31/2022,0.0,0.0,0.0,0.0,0.0,0.0,0.0,0,0,0,0,unknown
040014,811274,10/01/2020,09/30/2021,0.0,0.0,0.0,0.0,0.0,0.0,0.0,0,0,0,0,unknown
043037,811291,06/21/2021,12/31/2021,0.0,0.0,0.0,0.0,0.0,0.0,0.0,0,0,0,0,unknown
050772,811353,01/01/2021,12/31/2021,0.0,0.0,0.0,0.0,0.0,0.0,0.0,0,0,0,0,unknown
100268,811422,01/01/2021,12/31/2021,0.0,0.0,0.0,0.0,0.0,0.0,0.0,0,0,0,0,unknown
110115,811445,07/01/2021,06/30/2022,0.0,0.0,0.0,0.0,0.0,0.0,0.0,0,0,0,0,unknown
150086,811491,01/01/2021,12/31/2021,0.0,0.0,0.0,0.0,0.0,0.0,0.0,0,0,0,0,unknown
161353,811538,07/01/2021,06/30/2022,0.0,0.0,0.0,0.0,0.0,0.0,0.0,0,0,0,0,unknown
170012,811543,10/01/2020,09/30/2021,0.0,0.0,0.0,0.0,0.0,0.0,0.0,0,0,0,0,unknown
170166,811547,01/01/2021,12/31/2021,0.0,0.0,0.0,0.0,0.0,0.0,0.0,0,0,0,0,unknown
171346,811559,01/01/2021,12/31/2021,0.0,0.0,0.0,0.0,0.0,0.0,0.0,0,0,0,0,unknown
190145,811593,10/01/2020,09/30/2021,0.0,0.0,0.0,0.0,0.0,0.0,0.0,0,0,0,0,unknown
220001,811619,10/01/2020,09/30/2021,0.0,0.0,0.0,0.0,0.0,0.0,0.0,0,0,0,0,unknown
250020,811672,10/01/2020,09/30/2021,0.0,0.0,0.0,0.0,0.0,0.0,0.0,0,0,0,0,unknown
260001,811684,07/01/2021,06/30/2022,0.0,0.0,0.0,0.0,0.0,0.0,0.0,0,0,0,0,unknown
260137,811696,04/01/2021,03/31/2022,0.0,0.0,0.0,0.0,0.0,0.0,0.0,0,0,0,0,unknown
260138,811698,01/01/2021,12/31/2021,0.0,0.0,0.0,0.0,0.0,0.0,0.0,0,0,0,0,unknown
281362,811715,01/01/2021,12/31/2021,0.0,0.0,0.0,0.0,0.0,0.0,0.0,0,0,0,0,unknown
281363,811716,07/01/2021,06/30/2022,0.0,0.0,0.0,0.0,0.0,0.0,0.0,0,0,0,0,unknown
330065,811763,01/01/2021,12/31/2021,0.0,0.0,0.0,0.0,0.0,0.0,0.0,0,0,0,0,unknown
340027,811845,07/01/2021,06/30/2022,0.0,0.0,0.0,0.0,0.0,0.0,0.0,0,0,0,0,unknown
390233,811929,07/01/2021,06/30/2022,0.0,0.0,0.0,0.0,0.0,0.0,0.0,0,0,0,0,unknown
400048,811936,04/01/2021,03/31/2022,0.0,0.0,0.0,0.0,0.0,0.0,0.0,0,0,0,0,unknown
420067,811947,10/01/2020,09/30/2021,0.0,0.0,0.0,0.0,0.0,0.0,0.0,0,0,0,0,unknown
423030,811952,01/01/2021,12/31/2021,0.0,0.0,0.0,0.0,0.0,0.0,0.0,0,0,0,0,unknown
440030,811958,07/01/2021,06/30/2022,0.0,0.0,0.0,0.0,0.0,0.0,0.0,0,0,0,0,unknown
450610,811992,07/01/2021,06/30/2022,0.0,0.0,0.0,0.0,0.0,0.0,0.0,0,0,0,0,unknown
450644,811995,01/01/2021,12/31/2021,0.0,0.0,0.0,0.0,0.0,0.0,0.0,0,0,0,0,unknown
450730,812002,01/01/2021,12/31/2021,0.0,0.0,0.0,0.0,0.0,0.0,0.0,0,0,0,0,unknown
493036,812055,10/01/2020,09/30/2021,0.0,0.0,0.0,0.0,0.0,0.0,0.0,0,0,0,0,unknown
500053,812061,01/01/2021,12/31/2021,0.0,0.0,0.0,0.0,0.0,0.0,0.0,0,0,0,0,unknown
521318,812098,01/01/2021,12/31/2021,0.0,0.0,0.0,0.0,0.0,0.0,0.0,0,0,0,0,unknown
670069,812115,01/01/2021,12/31/2021,0.0,0.0,0.0,0.0,0.0,0.0,0.0,0,0,0,0,unknown
670085,812117,07/01/2021,06/30/2022,0.0,0.0,0.0,0.0,0.0,0.0,0.0,0,0,0,0,unknown
673041,812129,08/01/2021,07/31/2022,0.0,0.0,0.0,0.0,0.0,0.0,0.0,0,0,0,0,unknown
010164,812161,08/01/2021,07/31/2022,0.0,0.0,0.0,0.0,0.0,0.0,0.0,0,0,0,0,unknown
030002,812174,01/01/2021,12/31/2021,0.0,0.0,0.0,0.0,0.0,0.0,0.0,0,0,0,0,unknown
040072,812202,01/01/2021,12/31/2021,0.0,0.0,0.0,0.0,0.0,0.0,0.0,0,0,0,0,unknown
050101,812234,01/01/2021,12/31/2021,0.0,0.0,0.0,0.0,0.0,0.0,0.0,0,0,0,0,unknown
050137,812250,01/01/2021,12/31/2021,0.0,0.0,0.0,0.0,0.0,0.0,0.0,0,0,0,0,unknown
050179,812263,01/01/2021,12/31/2021,0.0,0.0,0.0,0.0,0.0,0.0,0.0,0,0,0,0,unknown
050590,812335,01/01/2021,12/31/2021,0.0,0.0,0.0,0.0,0.0,0.0,0.0,0,0,0,0,unknown
050684,812343,01/01/2021,12/31/2021,0.0,0.0,0.0,0.0,0.0,0.0,0.0,0,0,0,0,unknown
053037,812411,07/01/2021,06/30/2022,0.0,0.0,0.0,0.0,0.0,0.0,0.0,0,0,0,0,unknown
100053,812472,06/01/2021,07/31/2021,0.0,0.0,0.0,0.0,0.0,0.0,0.0,0,0,0,0,unknown
100053,812473,08/01/2021,04/30/2022,0.0,0.0,0.0,0.0,0.0,0.0,0.0,0,0,0,0,unknown
100187,812498,01/01/2021,07/31/2021,0.0,0.0,0.0,0.0,0.0,0.0,0.0,0,0,0,0,unknown
100187,812499,08/01/2021,04/30/2022,0.0,0.0,0.0,0.0,0.0,0.0,0.0,0,0,0,0,unknown
100204,812503,03/01/2021,02/28/2022,0.0,0.0,0.0,0.0,0.0,0.0,0.0,0,0,0,0,unknown
100277,812519,07/01/2021,06/30/2022,0.0,0.0,0.0,0.0,0.0,0.0,0.0,0,0,0,0,unknown
100284,812520,01/01/2021,12/31/2021,0.0,0.0,0.0,0.0,0.0,0.0,0.0,0,0,0,0,unknown
110003,812537,01/01/2021,12/31/2021,0.0,0.0,0.0,0.0,0.0,0.0,0.0,0,0,0,0,unknown
110024,812542,07/01/2021,06/30/2022,0.0,0.0,0.0,0.0,0.0,0.0,0.0,0,0,0,0,unknown
110076,812552,09/01/2021,08/31/2022,0.0,0.0,0.0,0.0,0.0,0.0,0.0,0,0,0,0,unknown
110100,812555,01/01/2021,12/31/2021,0.0,0.0,0.0,0.0,0.0,0.0,0.0,0,0,0,0,unknown
110233,812563,07/01/2021,09/30/2022,0.0,0.0,0.0,0.0,0.0,0.0,0.0,0,0,0,0,unknown
111324,812570,05/01/2021,04/30/2022,0.0,0.0,0.0,0.0,0.0,0.0,0.0,0,0,0,0,unknown
140209,812618,01/01/2021,12/31/2021,0.0,0.0,0.0,0.0,0.0,0.0,0.0,0,0,0,0,unknown
140211,812620,09/01/2021,08/31/2022,0.0,0.0,0.0,0.0,0.0,0.0,0.0,0,0,0,0,unknown
141337,812635,05/01/2021,06/30/2021,0.0,0.0,0.0,0.0,0.0,0.0,0.0,0,0,0,0,unknown
150089,812649,01/01/2021,12/31/2021,0.0,0.0,0.0,0.0,0.0,0.0,0.0,0,0,0,0,unknown
150128,812652,01/01/2021,12/31/2021,0.0,0.0,0.0,0.0,0.0,0.0,0.0,0,0,0,0,unknown
151330,812661,01/01/2021,12/31/2021,0.0,0.0,0.0,0.0,0.0,0.0,0.0,0,0,0,0,unknown
170123,812672,01/01/2021,12/31/2021,0.0,0.0,0.0,0.0,0.0,0.0,0.0,0,0,0,0,unknown
180005,812689,07/01/2021,06/30/2022,0.0,0.0,0.0,0.0,0.0,0.0,0.0,0,0,0,0,unknown
180010,812690,07/01/2021,06/30/2022,0.0,0.0,0.0,0.0,0.0,0.0,0.0,0,0,0,0,unknown
200019,812753,10/01/2020,09/30/2021,0.0,0.0,0.0,0.0,0.0,0.0,0.0,0,0,0,0,unknown
220010,812758,10/01/2020,09/30/2021,0.0,0.0,0.0,0.0,0.0,0.0,0.0,0,0,0,0,unknown
232019,812795,06/01/2021,05/31/2022,0.0,0.0,0.0,0.0,0.0,0.0,0.0,0,0,0,0,unknown
250093,812819,04/01/2021,03/31/2022,0.0,0.0,0.0,0.0,0.0,0.0,0.0,0,0,0,0,unknown
250099,812821,10/01/2020,09/30/2021,0.0,0.0,0.0,0.0,0.0,0.0,0.0,0,0,0,0,unknown
250102,812822,10/01/2020,09/30/2021,0.0,0.0,0.0,0.0,0.0,0.0,0.0,0,0,0,0,unknown
290047,812916,02/01/2021,01/31/2022,0.0,0.0,0.0,0.0,0.0,0.0,0.0,0,0,0,0,unknown
310119,812955,07/01/2021,06/30/2022,0.0,0.0,0.0,0.0,0.0,0.0,0.0,0,0,0,0,unknown
320021,812960,01/01/2021,12/31/2021,0.0,0.0,0.0,0.0,0.0,0.0,0.0,0,0,0,0,unknown
330096,812986,07/01/2021,06/30/2022,0.0,0.0,0.0,0.0,0.0,0.0,0.0,0,0,0,0,unknown
330107,812990,01/01/2021,12/31/2021,0.0,0.0,0.0,0.0,0.0,0.0,0.0,0,0,0,0,unknown
330198,813015,01/01/2021,12/31/2021,0.0,0.0,0.0,0.0,0.0,0.0,0.0,0,0,0,0,unknown
340028,813056,10/01/2020,09/30/2021,0.0,0.0,0.0,0.0,0.0,0.0,0.0,0,0,0,0,unknown
340069,813065,10/01/2020,09/30/2021,0.0,0.0,0.0,0.0,0.0,0.0,0.0,0,0,0,0,unknown
340142,813075,10/01/2020,09/30/2021,0.0,0.0,0.0,0.0,0.0,0.0,0.0,0,0,0,0,unknown
373035,813193,05/01/2021,04/30/2022,0.0,0.0,0.0,0.0,0.0,0.0,0.0,0,0,0,0,unknown
380061,813206,01/01/2021,12/31/2021,0.0,0.0,0.0,0.0,0.0,0.0,0.0,0,0,0,0,unknown
390009,813219,07/01/2021,06/30/2022,0.0,0.0,0.0,0.0,0.0,0.0,0.0,0,0,0,0,unknown
390079,813230,07/01/2021,06/30/2022,0.0,0.0,0.0,0.0,0.0,0.0,0.0,0,0,0,0,unknown
390093,813233,07/01/2021,06/30/2022,0.0,0.0,0.0,0.0,0.0,0.0,0.0,0,0,0,0,unknown
390119,813238,07/01/2021,06/30/2022,0.0,0.0,0.0,0.0,0.0,0.0,0.0,0,0,0,0,unknown
390137,813240,07/01/2021,06/30/2022,0.0,0.0,0.0,0.0,0.0,0.0,0.0,0,0,0,0,unknown
390142,813241,07/01/2021,06/30/2022,0.0,0.0,0.0,0.0,0.0,0.0,0.0,0,0,0,0,unknown
390147,813242,07/01/2021,06/30/2022,0.0,0.0,0.0,0.0,0.0,0.0,0.0,0,0,0,0,unknown
390160,813243,07/01/2021,06/30/2022,0.0,0.0,0.0,0.0,0.0,0.0,0.0,0,0,0,0,unknown
390164,813245,07/01/2021,06/30/2022,0.0,0.0,0.0,0.0,0.0,0.0,0.0,0,0,0,0,unknown
390184,813247,07/01/2021,06/30/2022,0.0,0.0,0.0,0.0,0.0,0.0,0.0,0,0,0,0,unknown
390211,813249,07/01/2021,06/30/2022,0.0,0.0,0.0,0.0,0.0,0.0,0.0,0,0,0,0,unknown
390270,813253,07/01/2021,06/30/2022,0.0,0.0,0.0,0.0,0.0,0.0,0.0,0,0,0,0,unknown
420037,813290,10/01/2020,09/30/2021,0.0,0.0,0.0,0.0,0.0,0.0,0.0,0,0,0,0,unknown
420048,813291,10/01/2020,07/31/2021,0.0,0.0,0.0,0.0,0.0,0.0,0.0,0,0,0,0,unknown
423034,813300,01/01/2021,12/31/2021,0.0,0.0,0.0,0.0,0.0,0.0,0.0,0,0,0,0,unknown
423035,813301,08/20/2021,09/30/2022,0.0,0.0,0.0,0.0,0.0,0.0,0.0,0,0,0,0,unknown
440001,813310,01/01/2021,12/31/2021,0.0,0.0,0.0,0.0,0.0,0.0,0.0,0,0,0,0,unknown
440002,813312,07/01/2021,06/30/2022,0.0,0.0,0.0,0.0,0.0,0.0,0.0,0,0,0,0,unknown
440011,813316,07/01/2021,06/30/2022,0.0,0.0,0.0,0.0,0.0,0.0,0.0,0,0,0,0,unknown
440184,813331,04/01/2021,03/31/2022,0.0,0.0,0.0,0.0,0.0,0.0,0.0,0,0,0,0,unknown
450011,813344,07/01/2021,06/30/2022,0.0,0.0,0.0,0.0,0.0,0.0,0.0,0,0,0,0,unknown
450024,813351,10/01/2020,09/30/2021,0.0,0.0,0.0,0.0,0.0,0.0,0.0,0,0,0,0,unknown
450090,813359,01/01/2021,12/31/2021,0.0,0.0,0.0,0.0,0.0,0.0,0.0,0,0,0,0,unknown
450187,813366,01/01/2021,12/31/2021,0.0,0.0,0.0,0.0,0.0,0.0,0.0,0,0,0,0,unknown
450235,813371,07/01/2021,06/30/2022,0.0,0.0,0.0,0.0,0.0,0.0,0.0,0,0,0,0,unknown
450346,813375,09/01/2021,08/31/2022,0.0,0.0,0.0,0.0,0.0,0.0,0.0,0,0,0,0,unknown
450462,813379,01/01/2021,12/31/2021,0.0,0.0,0.0,0.0,0.0,0.0,0.0,0,0,0,0,unknown
450788,813398,09/01/2021,08/31/2022,0.0,0.0,0.0,0.0,0.0,0.0,0.0,0,0,0,0,unknown
500014,813484,01/01/2021,12/31/2021,0.0,0.0,0.0,0.0,0.0,0.0,0.0,0,0,0,0,unknown
503026,813518,01/01/2021,12/31/2021,0.0,0.0,0.0,0.0,0.0,0.0,0.0,0,0,0,0,unknown
521353,813542,07/01/2021,06/30/2022,0.0,0.0,0.0,0.0,0.0,0.0,0.0,0,0,0,0,unknown
670088,813560,06/01/2021,05/31/2022,0.0,0.0,0.0,0.0,0.0,0.0,0.0,0,0,0,0,unknown
673025,813570,01/01/2021,12/31/2021,0.0,0.0,0.0,0.0,0.0,0.0,0.0,0,0,0,0,unknown
673027,813571,01/01/2021,12/31/2021,0.0,0.0,0.0,0.0,0.0,0.0,0.0,0,0,0,0,unknown
673057,813575,09/01/2021,08/31/2022,0.0,0.0,0.0,0.0,0.0,0.0,0.0,0,0,0,0,unknown
034027,813589,10/01/2020,09/30/2021,0.0,0.0,0.0,0.0,0.0,0.0,0.0,0,0,0,0,unknown
040007,813591,07/01/2021,06/30/2022,0.0,0.0,0.0,0.0,0.0,0.0,0.0,0,0,0,0,unknown
040022,813592,11/01/2020,10/31/2021,0.0,0.0,0.0,0.0,0.0,0.0,0.0,0,0,0,0,unknown
040153,813597,10/01/2020,09/30/2021,0.0,0.0,0.0,0.0,0.0,0.0,0.0,0,0,0,0,unknown
043026,813599,01/01/2021,12/31/2021,0.0,0.0,0.0,0.0,0.0,0.0,0.0,0,0,0,0,unknown
050113,813600,07/01/2021,06/30/2022,0.0,0.0,0.0,0.0,0.0,0.0,0.0,0,0,0,0,unknown
060010,813606,07/01/2021,06/30/2022,0.0,0.0,0.0,0.0,0.0,0.0,0.0,0,0,0,0,unknown
060027,813609,01/01/2021,12/31/2021,0.0,0.0,0.0,0.0,0.0,0.0,0.0,0,0,0,0,unknown
063036,813611,04/22/2021,12/31/2021,0.0,0.0,0.0,0.0,0.0,0.0,0.0,0,0,0,0,unknown
141321,813633,07/01/2021,06/30/2022,0.0,0.0,0.0,0.0,0.0,0.0,0.0,0,0,0,0,unknown
250009,813652,10/01/2020,09/30/2021,0.0,0.0,0.0,0.0,0.0,0.0,0.0,0,0,0,0,unknown
270014,813656,01/01/2021,12/31/2021,0.0,0.0,0.0,0.0,0.0,0.0,0.0,0,0,0,0,unknown
270023,813657,01/01/2021,12/31/2021,0.0,0.0,0.0,0.0,0.0,0.0,0.0,0,0,0,0,unknown
330286,813680,01/01/2021,12/31/2021,0.0,0.0,0.0,0.0,0.0,0.0,0.0,0,0,0,0,unknown
340168,813685,01/01/2021,12/31/2021,0.0,0.0,0.0,0.0,0.0,0.0,0.0,0,0,0,0,unknown
370019,813688,07/01/2021,06/30/2022,0.0,0.0,0.0,0.0,0.0,0.0,0.0,0,0,0,0,unknown
370049,813689,01/01/2021,12/31/2021,0.0,0.0,0.0,0.0,0.0,0.0,0.0,0,0,0,0,unknown
390045,813693,07/01/2021,06/30/2022,0.0,0.0,0.0,0.0,0.0,0.0,0.0,0,0,0,0,unknown
390048,813694,07/01/2021,06/30/2022,0.0,0.0,0.0,0.0,0.0,0.0,0.0,0,0,0,0,unknown
390066,813695,07/01/2021,06/30/2022,0.0,0.0,0.0,0.0,0.0,0.0,0.0,0,0,0,0,unknown
390173,813697,07/01/2021,06/30/2022,0.0,0.0,0.0,0.0,0.0,0.0,0.0,0,0,0,0,unknown
390183,813698,07/01/2021,06/30/2022,0.0,0.0,0.0,0.0,0.0,0.0,0.0,0,0,0,0,unknown
430091,813704,01/01/2021,12/31/2021,0.0,0.0,0.0,0.0,0.0,0.0,0.0,0,0,0,0,unknown
450046,813708,07/01/2021,06/30/2022,0.0,0.0,0.0,0.0,0.0,0.0,0.0,0,0,0,0,unknown
450087,813709,06/01/2021,05/31/2022,0.0,0.0,0.0,0.0,0.0,0.0,0.0,0,0,0,0,unknown
450229,813712,09/01/2021,08/31/2022,0.0,0.0,0.0,0.0,0.0,0.0,0.0,0,0,0,0,unknown
450370,813713,05/01/2021,04/30/2022,0.0,0.0,0.0,0.0,0.0,0.0,0.0,0,0,0,0,unknown
450639,813716,10/01/2020,09/30/2021,0.0,0.0,0.0,0.0,0.0,0.0,0.0,0,0,0,0,unknown
520138,813733,01/01/2021,12/31/2021,0.0,0.0,0.0,0.0,0.0,0.0,0.0,0,0,0,0,unknown
521322,813735,01/01/2021,12/31/2021,0.0,0.0,0.0,0.0,0.0,0.0,0.0,0,0,0,0,unknown
673052,813741,01/01/2021,12/31/2021,0.0,0.0,0.0,0.0,0.0,0.0,0.0,0,0,0,0,unknown
673063,813742,08/01/2021,07/31/2022,0.0,0.0,0.0,0.0,0.0,0.0,0.0,0,0,0,0,unknown
673072,813743,09/01/2021,08/31/2022,0.0,0.0,0.0,0.0,0.0,0.0,0.0,0,0,0,0,unknown
011300,813787,10/01/2020,09/30/2021,0.0,0.0,0.0,0.0,0.0,0.0,0.0,0,0,0,0,unknown
020024,813795,07/01/2021,06/30/2022,0.0,0.0,0.0,0.0,0.0,0.0,0.0,0,0,0,0,unknown
030043,813807,05/01/2021,04/30/2022,0.0,0.0,0.0,0.0,0.0,0.0,0.0,0,0,0,0,unknown
030110,813816,05/01/2021,04/30/2022,0.0,0.0,0.0,0.0,0.0,0.0,0.0,0,0,0,0,unknown
050060,813872,09/01/2021,08/31/2022,0.0,0.0,0.0,0.0,0.0,0.0,0.0,0,0,0,0,unknown
050107,813879,07/01/2021,06/30/2022,0.0,0.0,0.0,0.0,0.0,0.0,0.0,0,0,0,0,unknown
050125,813884,01/01/2021,12/31/2021,0.0,0.0,0.0,0.0,0.0,0.0,0.0,0,0,0,0,unknown
050135,813886,01/01/2021,12/31/2021,0.0,0.0,0.0,0.0,0.0,0.0,0.0,0,0,0,0,unknown
050139,813888,01/01/2021,12/31/2021,0.0,0.0,0.0,0.0,0.0,0.0,0.0,0,0,0,0,unknown
050222,813904,10/01/2020,09/30/2021,0.0,0.0,0.0,0.0,0.0,0.0,0.0,0,0,0,0,unknown
050290,813920,01/01/2021,12/31/2021,0.0,0.0,0.0,0.0,0.0,0.0,0.0,0,0,0,0,unknown
050435,813947,07/01/2021,06/30/2022,0.0,0.0,0.0,0.0,0.0,0.0,0.0,0,0,0,0,unknown
050438,813950,01/01/2021,12/31/2021,0.0,0.0,0.0,0.0,0.0,0.0,0.0,0,0,0,0,unknown
050457,813955,07/01/2021,06/30/2022,0.0,0.0,0.0,0.0,0.0,0.0,0.0,0,0,0,0,unknown
050464,813956,06/01/2021,05/31/2022,0.0,0.0,0.0,0.0,0.0,0.0,0.0,0,0,0,0,unknown
050568,813975,07/01/2021,06/30/2022,0.0,0.0,0.0,0.0,0.0,0.0,0.0,0,0,0,0,unknown
061328,814047,01/01/2021,12/31/2021,0.0,0.0,0.0,0.0,0.0,0.0,0.0,0,0,0,0,unknown
063301,814053,01/01/2021,12/31/2021,0.0,0.0,0.0,0.0,0.0,0.0,0.0,0,0,0,0,unknown
080009,814065,07/01/2021,06/30/2022,0.0,0.0,0.0,0.0,0.0,0.0,0.0,0,0,0,0,unknown
090005,814068,07/01/2021,06/30/2022,0.0,0.0,0.0,0.0,0.0,0.0,0.0,0,0,0,0,unknown
100166,814103,01/01/2021,12/31/2021,0.0,0.0,0.0,0.0,0.0,0.0,0.0,0,0,0,0,unknown
100209,814112,01/01/2021,12/31/2021,0.0,0.0,0.0,0.0,0.0,0.0,0.0,0,0,0,0,unknown
100212,814115,09/01/2021,08/31/2022,0.0,0.0,0.0,0.0,0.0,0.0,0.0,0,0,0,0,unknown
100226,814120,07/01/2021,06/30/2022,0.0,0.0,0.0,0.0,0.0,0.0,0.0,0,0,0,0,unknown
100228,814121,02/01/2021,01/31/2022,0.0,0.0,0.0,0.0,0.0,0.0,0.0,0,0,0,0,unknown
100243,814129,01/01/2021,12/31/2021,0.0,0.0,0.0,0.0,0.0,0.0,0.0,0,0,0,0,unknown
100256,814135,03/01/2021,02/28/2022,0.0,0.0,0.0,0.0,0.0,0.0,0.0,0,0,0,0,unknown
100288,814145,06/01/2021,05/31/2022,0.0,0.0,0.0,0.0,0.0,0.0,0.0,0,0,0,0,unknown
100289,814146,01/01/2021,12/31/2021,0.0,0.0,0.0,0.0,0.0,0.0,0.0,0,0,0,0,unknown
110113,814184,06/22/2021,12/31/2021,0.0,0.0,0.0,0.0,0.0,0.0,0.0,0,0,0,0,unknown
111328,814216,08/01/2021,07/31/2022,0.0,0.0,0.0,0.0,0.0,0.0,0.0,0,0,0,0,unknown
140143,814262,10/01/2020,09/30/2021,0.0,0.0,0.0,0.0,0.0,0.0,0.0,0,0,0,0,unknown
140160,814268,01/01/2021,12/31/2021,0.0,0.0,0.0,0.0,0.0,0.0,0.0,0,0,0,0,unknown
140202,814281,01/01/2021,12/31/2021,0.0,0.0,0.0,0.0,0.0,0.0,0.0,0,0,0,0,unknown
141351,814292,03/01/2021,02/28/2022,0.0,0.0,0.0,0.0,0.0,0.0,0.0,0,0,0,0,unknown
151310,814317,01/01/2021,12/31/2021,0.0,0.0,0.0,0.0,0.0,0.0,0.0,0,0,0,0,unknown
160064,814331,07/01/2021,06/30/2022,0.0,0.0,0.0,0.0,0.0,0.0,0.0,0,0,0,0,unknown
161321,814337,07/01/2021,06/30/2022,0.0,0.0,0.0,0.0,0.0,0.0,0.0,0,0,0,0,unknown
161365,814343,07/01/2021,06/30/2022,0.0,0.0,0.0,0.0,0.0,0.0,0.0,0,0,0,0,unknown
170086,814349,10/01/2020,09/30/2021,0.0,0.0,0.0,0.0,0.0,0.0,0.0,0,0,0,0,unknown
170176,814353,06/01/2021,05/31/2022,0.0,0.0,0.0,0.0,0.0,0.0,0.0,0,0,0,0,unknown
180017,814374,10/01/2020,09/30/2021,0.0,0.0,0.0,0.0,0.0,0.0,0.0,0,0,0,0,unknown
190316,814418,10/01/2020,09/30/2021,0.0,0.0,0.0,0.0,0.0,0.0,0.0,0,0,0,0,unknown
220111,814465,01/01/2021,12/31/2021,0.0,0.0,0.0,0.0,0.0,0.0,0.0,0,0,0,0,unknown
220119,814467,10/01/2020,09/30/2021,0.0,0.0,0.0,0.0,0.0,0.0,0.0,0,0,0,0,unknown
220176,814471,02/01/2021,01/31/2022,0.0,0.0,0.0,0.0,0.0,0.0,0.0,0,0,0,0,unknown
230066,814487,07/01/2021,06/30/2022,0.0,0.0,0.0,0.0,0.0,0.0,0.0,0,0,0,0,unknown
230085,814491,01/01/2021,12/31/2021,0.0,0.0,0.0,0.0,0.0,0.0,0.0,0,0,0,0,unknown
240093,814518,01/01/2021,12/31/2021,0.0,0.0,0.0,0.0,0.0,0.0,0.0,0,0,0,0,unknown
241316,814530,01/01/2021,12/31/2021,0.0,0.0,0.0,0.0,0.0,0.0,0.0,0,0,0,0,unknown
241330,814536,07/01/2021,06/30/2022,0.0,0.0,0.0,0.0,0.0,0.0,0.0,0,0,0,0,unknown
250017,814549,07/01/2021,06/30/2022,0.0,0.0,0.0,0.0,0.0,0.0,0.0,0,0,0,0,unknown
250061,814553,10/01/2020,09/30/2021,0.0,0.0,0.0,0.0,0.0,0.0,0.0,0,0,0,0,unknown
251302,814563,01/01/2021,12/31/2021,0.0,0.0,0.0,0.0,0.0,0.0,0.0,0,0,0,0,unknown
260032,814576,01/01/2021,12/31/2021,0.0,0.0,0.0,0.0,0.0,0.0,0.0,0,0,0,0,unknown
260040,814578,10/01/2020,09/30/2021,0.0,0.0,0.0,0.0,0.0,0.0,0.0,0,0,0,0,unknown
310019,814638,01/01/2021,12/31/2021,0.0,0.0,0.0,0.0,0.0,0.0,0.0,0,0,0,0,unknown
330027,814670,01/01/2021,12/31/2021,0.0,0.0,0.0,0.0,0.0,0.0,0.0,0,0,0,0,unknown
330175,814681,07/01/2021,06/30/2022,0.0,0.0,0.0,0.0,0.0,0.0,0.0,0,0,0,0,unknown
330184,814682,01/01/2021,12/31/2021,0.0,0.0,0.0,0.0,0.0,0.0,0.0,0,0,0,0,unknown
330197,814685,01/01/2021,12/31/2021,0.0,0.0,0.0,0.0,0.0,0.0,0.0,0,0,0,0,unknown
340015,814715,01/01/2021,12/31/2021,0.0,0.0,0.0,0.0,0.0,0.0,0.0,0,0,0,0,unknown
340042,814717,10/01/2020,09/30/2021,0.0,0.0,0.0,0.0,0.0,0.0,0.0,0,0,0,0,unknown
340049,814719,01/01/2021,12/31/2021,0.0,0.0,0.0,0.0,0.0,0.0,0.0,0,0,0,0,unknown
340060,814720,07/01/2021,06/30/2022,0.0,0.0,0.0,0.0,0.0,0.0,0.0,0,0,0,0,unknown
340084,814723,01/01/2021,12/31/2021,0.0,0.0,0.0,0.0,0.0,0.0,0.0,0,0,0,0,unknown
340116,814728,10/01/2020,09/30/2021,0.0,0.0,0.0,0.0,0.0,0.0,0.0,0,0,0,0,unknown
340155,814734,07/01/2021,06/30/2022,0.0,0.0,0.0,0.0,0.0,0.0,0.0,0,0,0,0,unknown
340158,814737,01/01/2021,12/31/2021,0.0,0.0,0.0,0.0,0.0,0.0,0.0,0,0,0,0,unknown
340171,814740,01/01/2021,12/31/2021,0.0,0.0,0.0,0.0,0.0,0.0,0.0,0,0,0,0,unknown
380025,814807,04/01/2021,03/31/2022,0.0,0.0,0.0,0.0,0.0,0.0,0.0,0,0,0,0,unknown
390116,814825,01/01/2021,12/31/2021,0.0,0.0,0.0,0.0,0.0,0.0,0.0,0,0,0,0,unknown
390133,814826,07/01/2021,06/30/2022,0.0,0.0,0.0,0.0,0.0,0.0,0.0,0,0,0,0,unknown
390199,814831,07/01/2021,06/30/2022,0.0,0.0,0.0,0.0,0.0,0.0,0.0,0,0,0,0,unknown
390228,814833,07/01/2021,06/30/2022,0.0,0.0,0.0,0.0,0.0,0.0,0.0,0,0,0,0,unknown
390237,814835,07/01/2021,06/30/2022,0.0,0.0,0.0,0.0,0.0,0.0,0.0,0,0,0,0,unknown
420048,814880,08/01/2021,06/30/2022,0.0,0.0,0.0,0.0,0.0,0.0,0.0,0,0,0,0,unknown
420051,814882,10/01/2020,09/30/2021,0.0,0.0,0.0,0.0,0.0,0.0,0.0,0,0,0,0,unknown
420085,814887,05/01/2021,04/30/2022,0.0,0.0,0.0,0.0,0.0,0.0,0.0,0,0,0,0,unknown
420110,814891,01/01/2021,12/31/2021,0.0,0.0,0.0,0.0,0.0,0.0,0.0,0,0,0,0,unknown
430013,814899,07/01/2021,07/20/2022,0.0,0.0,0.0,0.0,0.0,0.0,0.0,0,0,0,0,unknown
440006,814909,12/01/2020,11/30/2021,0.0,0.0,0.0,0.0,0.0,0.0,0.0,0,0,0,0,unknown
440012,814914,07/01/2021,06/30/2022,0.0,0.0,0.0,0.0,0.0,0.0,0.0,0,0,0,0,unknown
440017,814915,07/01/2021,06/30/2022,0.0,0.0,0.0,0.0,0.0,0.0,0.0,0,0,0,0,unknown
440176,814929,04/01/2021,03/31/2022,0.0,0.0,0.0,0.0,0.0,0.0,0.0,0,0,0,0,unknown
450028,814961,05/01/2021,04/30/2022,0.0,0.0,0.0,0.0,0.0,0.0,0.0,0,0,0,0,unknown
450068,814965,07/01/2021,06/30/2022,0.0,0.0,0.0,0.0,0.0,0.0,0.0,0,0,0,0,unknown
450083,814967,11/01/2020,10/31/2021,0.0,0.0,0.0,0.0,0.0,0.0,0.0,0,0,0,0,unknown
450124,814969,07/01/2021,06/30/2022,0.0,0.0,0.0,0.0,0.0,0.0,0.0,0,0,0,0,unknown
450155,814971,10/01/2020,09/30/2021,0.0,0.0,0.0,0.0,0.0,0.0,0.0,0,0,0,0,unknown
450184,814972,07/01/2021,06/30/2022,0.0,0.0,0.0,0.0,0.0,0.0,0.0,0,0,0,0,unknown
450289,814980,03/01/2021,02/28/2022,0.0,0.0,0.0,0.0,0.0,0.0,0.0,0,0,0,0,unknown
450460,814988,07/01/2021,06/30/2022,0.0,0.0,0.0,0.0,0.0,0.0,0.0,0,0,0,0,unknown
450743,815019,05/01/2021,04/30/2022,0.0,0.0,0.0,0.0,0.0,0.0,0.0,0,0,0,0,unknown
450820,815025,01/01/2021,12/31/2021,0.0,0.0,0.0,0.0,0.0,0.0,0.0,0,0,0,0,unknown
450828,815026,07/01/2021,06/30/2022,0.0,0.0,0.0,0.0,0.0,0.0,0.0,0,0,0,0,unknown
460011,815080,01/01/2021,12/31/2021,0.0,0.0,0.0,0.0,0.0,0.0,0.0,0,0,0,0,unknown
490041,815106,09/01/2021,08/31/2022,0.0,0.0,0.0,0.0,0.0,0.0,0.0,0,0,0,0,unknown
490042,815107,10/01/2020,09/30/2021,0.0,0.0,0.0,0.0,0.0,0.0,0.0,0,0,0,0,unknown
490045,815108,01/01/2021,12/31/2021,0.0,0.0,0.0,0.0,0.0,0.0,0.0,0,0,0,0,unknown
490094,815111,09/01/2021,08/31/2022,0.0,0.0,0.0,0.0,0.0,0.0,0.0,0,0,0,0,unknown
490119,815113,01/01/2021,12/31/2021,0.0,0.0,0.0,0.0,0.0,0.0,0.0,0,0,0,0,unknown
490130,815114,01/01/2021,12/31/2021,0.0,0.0,0.0,0.0,0.0,0.0,0.0,0,0,0,0,unknown
500050,815124,07/01/2021,06/30/2022,0.0,0.0,0.0,0.0,0.0,0.0,0.0,0,0,0,0,unknown
500088,815127,07/01/2021,06/30/2022,0.0,0.0,0.0,0.0,0.0,0.0,0.0,0,0,0,0,unknown
503025,815133,01/01/2021,12/31/2021,0.0,0.0,0.0,0.0,0.0,0.0,0.0,0,0,0,0,unknown
510002,815136,05/01/2021,04/30/2022,0.0,0.0,0.0,0.0,0.0,0.0,0.0,0,0,0,0,unknown
510023,815139,07/01/2021,06/30/2022,0.0,0.0,0.0,0.0,0.0,0.0,0.0,0,0,0,0,unknown
511318,815153,01/01/2021,12/31/2021,0.0,0.0,0.0,0.0,0.0,0.0,0.0,0,0,0,0,unknown
520071,815167,10/01/2020,09/30/2021,0.0,0.0,0.0,0.0,0.0,0.0,0.0,0,0,0,0,unknown
520100,815168,01/01/2021,12/31/2021,0.0,0.0,0.0,0.0,0.0,0.0,0.0,0,0,0,0,unknown
520177,815171,07/01/2021,06/30/2022,0.0,0.0,0.0,0.0,0.0,0.0,0.0,0,0,0,0,unknown
521337,815180,07/01/2021,06/30/2022,0.0,0.0,0.0,0.0,0.0,0.0,0.0,0,0,0,0,unknown
670041,815189,07/01/2021,06/30/2022,0.0,0.0,0.0,0.0,0.0,0.0,0.0,0,0,0,0,unknown
040067,815262,10/01/2020,09/30/2021,0.0,0.0,0.0,0.0,0.0,0.0,0.0,0,0,0,0,unknown
050030,815281,12/01/2020,11/30/2021,0.0,0.0,0.0,0.0,0.0,0.0,0.0,0,0,0,0,unknown
050394,815313,01/01/2021,12/31/2021,0.0,0.0,0.0,0.0,0.0,0.0,0.0,0,0,0,0,unknown
060044,815367,11/01/2020,10/31/2021,0.0,0.0,0.0,0.0,0.0,0.0,0.0,0,0,0,0,unknown
070005,815384,01/01/2021,12/31/2021,0.0,0.0,0.0,0.0,0.0,0.0,0.0,0,0,0,0,unknown
070025,815386,10/01/2020,09/30/2021,0.0,0.0,0.0,0.0,0.0,0.0,0.0,0,0,0,0,unknown
090003,815392,07/01/2021,06/30/2022,0.0,0.0,0.0,0.0,0.0,0.0,0.0,0,0,0,0,unknown
100072,815419,01/01/2021,12/31/2021,0.0,0.0,0.0,0.0,0.0,0.0,0.0,0,0,0,0,unknown
100080,815422,07/01/2021,06/30/2022,0.0,0.0,0.0,0.0,0.0,0.0,0.0,0,0,0,0,unknown
100131,815435,01/01/2021,12/31/2021,0.0,0.0,0.0,0.0,0.0,0.0,0.0,0,0,0,0,unknown
100231,815460,06/01/2021,05/31/2022,0.0,0.0,0.0,0.0,0.0,0.0,0.0,0,0,0,0,unknown
100248,815461,03/01/2021,02/28/2022,0.0,0.0,0.0,0.0,0.0,0.0,0.0,0,0,0,0,unknown
102024,815480,10/01/2020,09/30/2021,0.0,0.0,0.0,0.0,0.0,0.0,0.0,0,0,0,0,unknown
104040,815487,07/01/2021,06/30/2022,0.0,0.0,0.0,0.0,0.0,0.0,0.0,0,0,0,0,unknown
110164,815503,07/01/2021,06/30/2022,0.0,0.0,0.0,0.0,0.0,0.0,0.0,0,0,0,0,unknown
110168,815506,07/01/2021,06/30/2022,0.0,0.0,0.0,0.0,0.0,0.0,0.0,0,0,0,0,unknown
130018,815531,10/01/2020,09/30/2021,0.0,0.0,0.0,0.0,0.0,0.0,0.0,0,0,0,0,unknown
140030,815537,01/01/2021,12/31/2021,0.0,0.0,0.0,0.0,0.0,0.0,0.0,0,0,0,0,unknown
140217,815558,07/01/2021,06/30/2022,0.0,0.0,0.0,0.0,0.0,0.0,0.0,0,0,0,0,unknown
141326,815567,07/01/2021,06/30/2022,0.0,0.0,0.0,0.0,0.0,0.0,0.0,0,0,0,0,unknown
141334,815570,04/01/2021,03/31/2022,0.0,0.0,0.0,0.0,0.0,0.0,0.0,0,0,0,0,unknown
170122,815635,10/01/2020,09/30/2021,0.0,0.0,0.0,0.0,0.0,0.0,0.0,0,0,0,0,unknown
170182,815637,06/01/2021,05/31/2022,0.0,0.0,0.0,0.0,0.0,0.0,0.0,0,0,0,0,unknown
180040,815666,07/01/2021,06/30/2022,0.0,0.0,0.0,0.0,0.0,0.0,0.0,0,0,0,0,unknown
180049,815668,09/01/2021,08/31/2022,0.0,0.0,0.0,0.0,0.0,0.0,0.0,0,0,0,0,unknown
180067,815671,07/01/2021,06/30/2022,0.0,0.0,0.0,0.0,0.0,0.0,0.0,0,0,0,0,unknown
220077,815758,10/01/2020,09/30/2021,0.0,0.0,0.0,0.0,0.0,0.0,0.0,0,0,0,0,unknown
230024,815784,01/01/2021,12/31/2021,0.0,0.0,0.0,0.0,0.0,0.0,0.0,0,0,0,0,unknown
230273,815814,01/01/2021,12/31/2021,0.0,0.0,0.0,0.0,0.0,0.0,0.0,0,0,0,0,unknown
231318,815817,07/01/2021,06/30/2022,0.0,0.0,0.0,0.0,0.0,0.0,0.0,0,0,0,0,unknown
240001,815824,01/01/2021,12/31/2021,0.0,0.0,0.0,0.0,0.0,0.0,0.0,0,0,0,0,unknown
240075,815829,07/01/2021,06/30/2022,0.0,0.0,0.0,0.0,0.0,0.0,0.0,0,0,0,0,unknown
260024,815862,01/01/2021,12/31/2021,0.0,0.0,0.0,0.0,0.0,0.0,0.0,0,0,0,0,unknown
280003,815882,01/01/2021,12/31/2021,0.0,0.0,0.0,0.0,0.0,0.0,0.0,0,0,0,0,unknown
280060,815885,07/01/2021,06/30/2022,0.0,0.0,0.0,0.0,0.0,0.0,0.0,0,0,0,0,unknown
312022,815909,09/01/2021,08/31/2022,0.0,0.0,0.0,0.0,0.0,0.0,0.0,0,0,0,0,unknown
330056,815938,01/01/2021,12/31/2021,0.0,0.0,0.0,0.0,0.0,0.0,0.0,0,0,0,0,unknown
330084,815943,10/01/2020,09/30/2021,0.0,0.0,0.0,0.0,0.0,0.0,0.0,0,0,0,0,unknown
332006,815970,01/01/2021,12/31/2021,0.0,0.0,0.0,0.0,0.0,0.0,0.0,0,0,0,0,unknown
340004,815977,07/01/2021,12/31/2021,0.0,0.0,0.0,0.0,0.0,0.0,0.0,0,0,0,0,unknown
340010,815978,07/01/2021,06/30/2022,0.0,0.0,0.0,0.0,0.0,0.0,0.0,0,0,0,0,unknown
340013,815979,06/01/2021,05/31/2022,0.0,0.0,0.0,0.0,0.0,0.0,0.0,0,0,0,0,unknown
340016,815981,08/01/2021,07/31/2022,0.0,0.0,0.0,0.0,0.0,0.0,0.0,0,0,0,0,unknown
340021,815982,01/01/2021,12/31/2021,0.0,0.0,0.0,0.0,0.0,0.0,0.0,0,0,0,0,unknown
340039,815984,10/01/2020,09/30/2021,0.0,0.0,0.0,0.0,0.0,0.0,0.0,0,0,0,0,unknown
340041,815985,07/01/2021,06/30/2022,0.0,0.0,0.0,0.0,0.0,0.0,0.0,0,0,0,0,unknown
340064,815987,07/01/2021,12/31/2021,0.0,0.0,0.0,0.0,0.0,0.0,0.0,0,0,0,0,unknown
340068,815988,10/01/2020,09/30/2021,0.0,0.0,0.0,0.0,0.0,0.0,0.0,0,0,0,0,unknown
340085,815993,01/01/2021,12/31/2021,0.0,0.0,0.0,0.0,0.0,0.0,0.0,0,0,0,0,unknown
340090,815994,07/01/2021,06/30/2022,0.0,0.0,0.0,0.0,0.0,0.0,0.0,0,0,0,0,unknown
340096,815996,07/01/2021,12/31/2021,0.0,0.0,0.0,0.0,0.0,0.0,0.0,0,0,0,0,unknown
340109,815997,01/01/2021,12/31/2021,0.0,0.0,0.0,0.0,0.0,0.0,0.0,0,0,0,0,unknown
340119,815999,01/01/2021,12/31/2021,0.0,0.0,0.0,0.0,0.0,0.0,0.0,0,0,0,0,unknown
340127,816001,10/01/2020,09/30/2021,0.0,0.0,0.0,0.0,0.0,0.0,0.0,0,0,0,0,unknown
340143,816003,07/01/2021,06/30/2022,0.0,0.0,0.0,0.0,0.0,0.0,0.0,0,0,0,0,unknown
340145,816004,01/01/2021,12/31/2021,0.0,0.0,0.0,0.0,0.0,0.0,0.0,0,0,0,0,unknown
340148,816006,01/01/2021,12/31/2021,0.0,0.0,0.0,0.0,0.0,0.0,0.0,0,0,0,0,unknown
340159,816008,07/01/2021,06/30/2022,0.0,0.0,0.0,0.0,0.0,0.0,0.0,0,0,0,0,unknown
340166,816009,01/01/2021,12/31/2021,0.0,0.0,0.0,0.0,0.0,0.0,0.0,0,0,0,0,unknown
340184,816011,08/01/2021,07/31/2022,0.0,0.0,0.0,0.0,0.0,0.0,0.0,0,0,0,0,unknown
340190,816013,01/01/2021,12/31/2021,0.0,0.0,0.0,0.0,0.0,0.0,0.0,0,0,0,0,unknown
343025,816029,12/01/2020,11/30/2021,0.0,0.0,0.0,0.0,0.0,0.0,0.0,0,0,0,0,unknown
360055,816071,01/01/2021,12/31/2021,0.0,0.0,0.0,0.0,0.0,0.0,0.0,0,0,0,0,unknown
360143,816105,01/01/2021,12/31/2021,0.0,0.0,0.0,0.0,0.0,0.0,0.0,0,0,0,0,unknown
361326,816130,01/01/2021,12/31/2021,0.0,0.0,0.0,0.0,0.0,0.0,0.0,0,0,0,0,unknown
363300,816140,07/01/2021,06/30/2022,0.0,0.0,0.0,0.0,0.0,0.0,0.0,0,0,0,0,unknown
420005,816223,10/01/2020,09/30/2021,0.0,0.0,0.0,0.0,0.0,0.0,0.0,0,0,0,0,unknown
420091,816234,07/01/2021,06/30/2022,0.0,0.0,0.0,0.0,0.0,0.0,0.0,0,0,0,0,unknown
420102,816239,10/01/2020,09/30/2021,0.0,0.0,0.0,0.0,0.0,0.0,0.0,0,0,0,0,unknown
420106,816243,10/01/2020,09/30/2021,0.0,0.0,0.0,0.0,0.0,0.0,0.0,0,0,0,0,unknown
440031,816265,07/01/2021,06/30/2022,0.0,0.0,0.0,0.0,0.0,0.0,0.0,0,0,0,0,unknown
440068,816272,10/01/2020,09/30/2021,0.0,0.0,0.0,0.0,0.0,0.0,0.0,0,0,0,0,unknown
440104,816275,07/01/2021,06/30/2022,0.0,0.0,0.0,0.0,0.0,0.0,0.0,0,0,0,0,unknown
440132,816278,07/01/2021,06/30/2022,0.0,0.0,0.0,0.0,0.0,0.0,0.0,0,0,0,0,unknown
440183,816284,06/01/2021,05/31/2022,0.0,0.0,0.0,0.0,0.0,0.0,0.0,0,0,0,0,unknown
450029,816297,10/01/2020,09/30/2021,0.0,0.0,0.0,0.0,0.0,0.0,0.0,0,0,0,0,unknown
450044,816300,09/01/2021,08/31/2022,0.0,0.0,0.0,0.0,0.0,0.0,0.0,0,0,0,0,unknown
450604,816334,01/01/2021,12/31/2021,0.0,0.0,0.0,0.0,0.0,0.0,0.0,0,0,0,0,unknown
460051,816386,07/01/2021,06/30/2022,0.0,0.0,0.0,0.0,0.0,0.0,0.0,0,0,0,0,unknown
471303,816397,10/01/2020,09/30/2021,0.0,0.0,0.0,0.0,0.0,0.0,0.0,0,0,0,0,unknown
490001,816398,10/01/2020,02/27/2021,0.0,0.0,0.0,0.0,0.0,0.0,0.0,0,0,0,0,unknown
490037,816403,01/01/2021,12/31/2021,0.0,0.0,0.0,0.0,0.0,0.0,0.0,0,0,0,0,unknown
490043,816405,01/01/2021,12/31/2021,0.0,0.0,0.0,0.0,0.0,0.0,0.0,0,0,0,0,unknown
490101,816412,01/01/2021,12/31/2021,0.0,0.0,0.0,0.0,0.0,0.0,0.0,0,0,0,0,unknown
490111,816413,11/01/2020,10/31/2021,0.0,0.0,0.0,0.0,0.0,0.0,0.0,0,0,0,0,unknown
490117,816415,10/01/2020,09/30/2021,0.0,0.0,0.0,0.0,0.0,0.0,0.0,0,0,0,0,unknown
490120,816418,07/01/2021,06/30/2022,0.0,0.0,0.0,0.0,0.0,0.0,0.0,0,0,0,0,unknown
490127,816422,07/01/2021,06/30/2022,0.0,0.0,0.0,0.0,0.0,0.0,0.0,0,0,0,0,unknown
493034,816427,06/01/2021,05/31/2022,0.0,0.0,0.0,0.0,0.0,0.0,0.0,0,0,0,0,unknown
500141,816452,07/01/2021,06/30/2022,0.0,0.0,0.0,0.0,0.0,0.0,0.0,0,0,0,0,unknown
510007,816463,10/01/2020,09/30/2021,0.0,0.0,0.0,0.0,0.0,0.0,0.0,0,0,0,0,unknown
510046,816469,07/01/2021,06/30/2022,0.0,0.0,0.0,0.0,0.0,0.0,0.0,0,0,0,0,unknown
510072,816471,01/01/2021,12/31/2021,0.0,0.0,0.0,0.0,0.0,0.0,0.0,0,0,0,0,unknown
520004,816482,01/01/2021,12/31/2021,0.0,0.0,0.0,0.0,0.0,0.0,0.0,0,0,0,0,unknown
520088,816489,01/01/2021,12/31/2021,0.0,0.0,0.0,0.0,0.0,0.0,0.0,0,0,0,0,unknown
520109,816492,10/01/2020,09/30/2021,0.0,0.0,0.0,0.0,0.0,0.0,0.0,0,0,0,0,unknown
520193,816495,01/01/2021,12/31/2021,0.0,0.0,0.0,0.0,0.0,0.0,0.0,0,0,0,0,unknown
673073,816531,01/01/2021,12/31/2021,0.0,0.0,0.0,0.0,0.0,0.0,0.0,0,0,0,0,unknown
110025,816544,05/01/2021,04/30/2022,0.0,0.0,0.0,0.0,0.0,0.0,0.0,0,0,0,0,unknown
190090,816553,04/01/2021,03/31/2022,0.0,0.0,0.0,0.0,0.0,0.0,0.0,0,0,0,0,unknown
230132,816557,07/01/2021,06/30/2022,0.0,0.0,0.0,0.0,0.0,0.0,0.0,0,0,0,0,unknown
340131,816568,10/01/2020,09/30/2021,0.0,0.0,0.0,0.0,0.0,0.0,0.0,0,0,0,0,unknown
420086,816573,10/01/2020,09/30/2021,0.0,0.0,0.0,0.0,0.0,0.0,0.0,0,0,0,0,unknown
110064,816607,07/01/2021,06/30/2022,0.0,0.0,0.0,0.0,0.0,0.0,0.0,0,0,0,0,unknown
140213,816614,10/01/2020,09/30/2021,0.0,0.0,0.0,0.0,0.0,0.0,0.0,0,0,0,0,unknown
220036,816661,01/01/2021,12/31/2021,0.0,0.0,0.0,0.0,0.0,0.0,0.0,0,0,0,0,unknown
340087,816725,02/01/2021,01/31/2022,0.0,0.0,0.0,0.0,0.0,0.0,0.0,0,0,0,0,unknown
340097,816726,10/01/2020,09/30/2021,0.0,0.0,0.0,0.0,0.0,0.0,0.0,0,0,0,0,unknown
340132,816727,11/01/2020,10/31/2021,0.0,0.0,0.0,0.0,0.0,0.0,0.0,0,0,0,0,unknown
340186,816728,10/01/2020,09/30/2021,0.0,0.0,0.0,0.0,0.0,0.0,0.0,0,0,0,0,unknown
343026,816733,01/01/2021,12/31/2021,0.0,0.0,0.0,0.0,0.0,0.0,0.0,0,0,0,0,unknown
440125,816750,01/01/2021,12/31/2021,0.0,0.0,0.0,0.0,0.0,0.0,0.0,0,0,0,0,unknown
340003,816837,10/01/2020,09/30/2021,0.0,0.0,0.0,0.0,0.0,0.0,0.0,0,0,0,0,unknown
340014,816838,01/01/2021,12/31/2021,0.0,0.0,0.0,0.0,0.0,0.0,0.0,0,0,0,0,unknown
340120,816844,10/01/2020,09/30/2021,0.0,0.0,0.0,0.0,0.0,0.0,0.0,0,0,0,0,unknown
340126,816845,03/01/2021,02/28/2022,0.0,0.0,0.0,0.0,0.0,0.0,0.0,0,0,0,0,unknown
340173,816846,10/01/2020,09/30/2021,0.0,0.0,0.0,0.0,0.0,0.0,0.0,0,0,0,0,unknown
420098,816880,10/01/2020,09/30/2021,0.0,0.0,0.0,0.0,0.0,0.0,0.0,0,0,0,0,unknown
420103,816881,10/01/2020,09/30/2021,0.0,0.0,0.0,0.0,0.0,0.0,0.0,0,0,0,0,unknown
420104,816882,01/01/2021,12/31/2021,0.0,0.0,0.0,0.0,0.0,0.0,0.0,0,0,0,0,unknown
440150,816887,01/01/2021,12/31/2021,0.0,0.0,0.0,0.0,0.0,0.0,0.0,0,0,0,0,unknown
450211,816889,07/01/2021,06/30/2022,0.0,0.0,0.0,0.0,0.0,0.0,0.0,0,0,0,0,unknown
520021,816897,07/01/2021,06/30/2022,0.0,0.0,0.0,0.0,0.0,0.0,0.0,0,0,0,0,unknown
520189,816898,01/01/2021,12/31/2021,0.0,0.0,0.0,0.0,0.0,0.0,0.0,0,0,0,0,unknown
520207,816899,01/01/2021,12/31/2021,0.0,0.0,0.0,0.0,0.0,0.0,0.0,0,0,0,0,unknown
050057,816908,07/01/2021,06/30/2022,0.0,0.0,0.0,0.0,0.0,0.0,0.0,0,0,0,0,unknown
340099,816930,10/01/2020,09/30/2021,0.0,0.0,0.0,0.0,0.0,0.0,0.0,0,0,0,0,unknown
340115,816931,10/01/2020,09/30/2021,0.0,0.0,0.0,0.0,0.0,0.0,0.0,0,0,0,0,unknown
340151,816933,10/01/2020,09/30/2021,0.0,0.0,0.0,0.0,0.0,0.0,0.0,0,0,0,0,unknown
340188,816934,10/01/2020,09/30/2021,0.0,0.0,0.0,0.0,0.0,0.0,0.0,0,0,0,0,unknown
420053,816952,07/01/2021,06/30/2022,0.0,0.0,0.0,0.0,0.0,0.0,0.0,0,0,0,0,unknown
420055,816953,07/01/2021,06/30/2022,0.0,0.0,0.0,0.0,0.0,0.0,0.0,0,0,0,0,unknown
420105,816961,10/01/2020,09/30/2021,0.0,0.0,0.0,0.0,0.0,0.0,0.0,0,0,0,0,unknown
440033,816973,10/01/2020,09/30/2021,0.0,0.0,0.0,0.0,0.0,0.0,0.0,0,0,0,0,unknown
050028,816979,07/01/2021,06/30/2022,0.0,0.0,0.0,0.0,0.0,0.0,0.0,0,0,0,0,unknown
140067,816992,10/01/2020,09/30/2021,0.0,0.0,0.0,0.0,0.0,0.0,0.0,0,0,0,0,unknown
160112,816999,07/01/2021,06/30/2022,0.0,0.0,0.0,0.0,0.0,0.0,0.0,0,0,0,0,unknown
180116,817004,03/01/2021,02/28/2022,0.0,0.0,0.0,0.0,0.0,0.0,0.0,0,0,0,0,unknown
300018,817018,10/01/2020,09/30/2021,0.0,0.0,0.0,0.0,0.0,0.0,0.0,0,0,0,0,unknown
140052,817100,10/01/2020,09/30/2021,0.0,0.0,0.0,0.0,0.0,0.0,0.0,0,0,0,0,unknown
010085,817179,04/01/2021,03/31/2022,0.0,0.0,0.0,0.0,0.0,0.0,0.0,0,0,0,0,unknown
060024,817187,07/01/2021,06/30/2022,0.0,0.0,0.0,0.0,0.0,0.0,0.0,0,0,0,0,unknown
150074,817201,01/01/2021,12/31/2021,0.0,0.0,0.0,0.0,0.0,0.0,0.0,0,0,0,0,unknown
162003,817203,01/01/2021,12/31/2021,0.0,0.0,0.0,0.0,0.0,0.0,0.0,0,0,0,0,unknown
191316,817211,11/01/2020,10/31/2021,0.0,0.0,0.0,0.0,0.0,0.0,0.0,0,0,0,0,unknown
450351,817254,10/01/2020,09/30/2021,0.0,0.0,0.0,0.0,0.0,0.0,0.0,0,0,0,0,unknown
521351,817268,10/01/2020,09/30/2021,0.0,0.0,0.0,0.0,0.0,0.0,0.0,0,0,0,0,unknown
150082,817293,10/01/2020,09/30/2021,0.0,0.0,0.0,0.0,0.0,0.0,0.0,0,0,0,0,unknown
330005,817323,01/01/2021,12/31/2021,0.0,0.0,0.0,0.0,0.0,0.0,0.0,0,0,0,0,unknown
500072,817351,01/01/2021,12/31/2021,0.0,0.0,0.0,0.0,0.0,0.0,0.0,0,0,0,0,unknown
104049,817364,01/01/2021,12/31/2021,0.0,0.0,0.0,0.0,0.0,0.0,0.0,0,0,0,0,unknown
110091,817367,07/01/2021,06/30/2022,0.0,0.0,0.0,0.0,0.0,0.0,0.0,0,0,0,0,unknown
110095,817368,10/01/2020,09/30/2021,0.0,0.0,0.0,0.0,0.0,0.0,0.0,0,0,0,0,unknown
450518,817423,12/01/2020,11/30/2021,0.0,0.0,0.0,0.0,0.0,0.0,0.0,0,0,0,0,unknown
140242,817445,09/01/2021,08/31/2022,0.0,0.0,0.0,0.0,0.0,0.0,0.0,0,0,0,0,unknown
150024,817449,01/01/2021,12/31/2021,0.0,0.0,0.0,0.0,0.0,0.0,0.0,0,0,0,0,unknown
261303,817472,07/01/2021,06/30/2022,0.0,0.0,0.0,0.0,0.0,0.0,0.0,0,0,0,0,unknown
331319,817484,01/01/2021,12/31/2021,0.0,0.0,0.0,0.0,0.0,0.0,0.0,0,0,0,0,unknown
520013,817499,07/01/2021,06/30/2022,0.0,0.0,0.0,0.0,0.0,0.0,0.0,0,0,0,0,unknown
520136,817500,07/01/2021,06/30/2022,0.0,0.0,0.0,0.0,0.0,0.0,0.0,0,0,0,0,unknown
140281,817520,09/01/2021,08/31/2022,0.0,0.0,0.0,0.0,0.0,0.0,0.0,0,0,0,0,unknown
452073,817560,06/01/2021,08/31/2021,0.0,0.0,0.0,0.0,0.0,0.0,0.0,0,0,0,0,unknown
161325,817576,07/01/2021,06/30/2022,0.0,0.0,0.0,0.0,0.0,0.0,0.0,0,0,0,0,unknown
171360,817580,04/01/2021,03/31/2022,0.0,0.0,0.0,0.0,0.0,0.0,0.0,0,0,0,0,unknown
330080,817603,07/01/2021,06/30/2022,0.0,0.0,0.0,0.0,0.0,0.0,0.0,0,0,0,0,unknown
040088,817638,07/01/2021,06/30/2022,0.0,0.0,0.0,0.0,0.0,0.0,0.0,0,0,0,0,unknown
110128,817668,05/01/2021,02/28/2022,0.0,0.0,0.0,0.0,0.0,0.0,0.0,0,0,0,0,unknown
230003,817749,01/01/2021,12/31/2021,0.0,0.0,0.0,0.0,0.0,0.0,0.0,0,0,0,0,unknown
360014,817765,07/01/2021,06/30/2022,0.0,0.0,0.0,0.0,0.0,0.0,0.0,0,0,0,0,unknown
360180,817776,01/01/2021,12/31/2021,0.0,0.0,0.0,0.0,0.0,0.0,0.0,0,0,0,0,unknown
050127,817803,01/01/2021,12/31/2021,0.0,0.0,0.0,0.0,0.0,0.0,0.0,0,0,0,0,unknown
061324,817805,01/01/2021,12/31/2021,0.0,0.0,0.0,0.0,0.0,0.0,0.0,0,0,0,0,unknown
140127,817816,01/01/2021,12/31/2021,0.0,0.0,0.0,0.0,0.0,0.0,0.0,0,0,0,0,unknown
230077,817846,07/01/2021,06/30/2022,0.0,0.0,0.0,0.0,0.0,0.0,0.0,0,0,0,0,unknown
240100,817854,01/01/2021,12/31/2021,0.0,0.0,0.0,0.0,0.0,0.0,0.0,0,0,0,0,unknown
300011,817859,01/01/2021,12/31/2021,0.0,0.0,0.0,0.0,0.0,0.0,0.0,0,0,0,0,unknown
490093,817883,01/01/2021,12/31/2021,0.0,0.0,0.0,0.0,0.0,0.0,0.0,0,0,0,0,unknown
520028,817890,01/01/2021,12/31/2021,0.0,0.0,0.0,0.0,0.0,0.0,0.0,0,0,0,0,unknown
330141,818023,01/01/2021,12/31/2021,0.0,0.0,0.0,0.0,0.0,0.0,0.0,0,0,0,0,unknown
370016,818026,07/01/2021,06/30/2022,0.0,0.0,0.0,0.0,0.0,0.0,0.0,0,0,0,0,unknown
673038,818041,10/01/2020,09/30/2021,0.0,0.0,0.0,0.0,0.0,0.0,0.0,0,0,0,0,unknown
150100,818090,07/01/2021,06/30/2022,0.0,0.0,0.0,0.0,0.0,0.0,0.0,0,0,0,0,unknown
230151,818104,01/01/2021,12/31/2021,0.0,0.0,0.0,0.0,0.0,0.0,0.0,0,0,0,0,unknown
230176,818105,07/01/2021,06/30/2022,0.0,0.0,0.0,0.0,0.0,0.0,0.0,0,0,0,0,unknown
090011,818169,07/01/2021,06/30/2022,0.0,0.0,0.0,0.0,0.0,0.0,0.0,0,0,0,0,unknown
110002,818174,01/01/2021,12/31/2021,0.0,0.0,0.0,0.0,0.0,0.0,0.0,0,0,0,0,unknown
190060,818185,01/01/2021,12/31/2021,0.0,0.0,0.0,0.0,0.0,0.0,0.0,0,0,0,0,unknown
280040,818197,01/01/2021,12/31/2021,0.0,0.0,0.0,0.0,0.0,0.0,0.0,0,0,0,0,unknown
360003,818203,07/01/2021,06/30/2022,0.0,0.0,0.0,0.0,0.0,0.0,0.0,0,0,0,0,unknown
360032,818204,01/01/2021,12/31/2021,0.0,0.0,0.0,0.0,0.0,0.0,0.0,0,0,0,0,unknown
360078,818205,01/01/2021,12/31/2021,0.0,0.0,0.0,0.0,0.0,0.0,0.0,0,0,0,0,unknown
420033,818284,10/01/2020,09/30/2021,0.0,0.0,0.0,0.0,0.0,0.0,0.0,0,0,0,0,unknown
520011,818297,01/01/2021,12/31/2021,0.0,0.0,0.0,0.0,0.0,0.0,0.0,0,0,0,0,unknown
190098,818399,07/01/2021,06/30/2022,0.0,0.0,0.0,0.0,0.0,0.0,0.0,0,0,0,0,unknown
250034,818442,10/01/2020,09/30/2021,0.0,0.0,0.0,0.0,0.0,0.0,0.0,0,0,0,0,unknown
360051,818449,01/01/2021,12/31/2021,0.0,0.0,0.0,0.0,0.0,0.0,0.0,0,0,0,0,unknown
360095,818450,01/01/2021,12/31/2021,0.0,0.0,0.0,0.0,0.0,0.0,0.0,0,0,0,0,unknown
360239,818451,01/01/2021,12/31/2021,0.0,0.0,0.0,0.0,0.0,0.0,0.0,0,0,0,0,unknown
390180,818458,01/01/2021,12/31/2021,0.0,0.0,0.0,0.0,0.0,0.0,0.0,0,0,0,0,unknown
230099,818545,01/01/2021,12/31/2021,0.0,0.0,0.0,0.0,0.0,0.0,0.0,0,0,0,0,unknown
232023,818547,01/01/2021,12/31/2021,0.0,0.0,0.0,0.0,0.0,0.0,0.0,0,0,0,0,unknown
250001,818551,07/01/2021,06/30/2022,0.0,0.0,0.0,0.0,0.0,0.0,0.0,0,0,0,0,unknown
440059,818578,07/01/2021,06/30/2022,0.0,0.0,0.0,0.0,0.0,0.0,0.0,0,0,0,0,unknown
490040,818586,01/01/2021,12/31/2021,0.0,0.0,0.0,0.0,0.0,0.0,0.0,0,0,0,0,unknown
010061,818597,10/01/2020,09/30/2021,0.0,0.0,0.0,0.0,0.0,0.0,0.0,0,0,0,0,unknown
200001,818662,01/01/2021,12/31/2021,0.0,0.0,0.0,0.0,0.0,0.0,0.0,0,0,0,0,unknown
230005,818666,01/01/2021,12/31/2021,0.0,0.0,0.0,0.0,0.0,0.0,0.0,0,0,0,0,unknown
