provider_num,rpt_rec_num,fy_begin,fy_end,total_revenue,medicare_revenue,medicaid_revenue,other_revenue,medicare_pct,medicaid_pct,other_pct,medicare_days,medicaid_days,other_days,total_days,data_quality
344028,717629,01/01/2022,01/31/2022,0.0,0.0,0.0,0.0,0.0,0.0,0.0,0,0,0,0,unknown
520210,719460,10/01/2021,12/31/2021,0.0,0.0,0.0,0.0,0.0,0.0,0.0,0,0,0,0,unknown
294016,721615,11/30/2021,12/31/2021,0.0,0.0,0.0,0.0,0.0,0.0,0.0,0,0,0,0,unknown
341307,722316,10/01/2021,12/31/2021,0.0,0.0,0.0,0.0,0.0,0.0,0.0,0,0,0,0,unknown
524042,722751,11/22/2021,12/31/2021,0.0,0.0,0.0,0.0,0.0,0.0,0.0,0,0,0,0,unknown
430083,725037,10/01/2021,11/23/2021,0.0,0.0,0.0,0.0,0.0,0.0,0.0,0,0,0,0,unknown
033043,726030,02/03/2022,03/31/2022,0.0,0.0,0.0,0.0,0.0,0.0,0.0,0,0,0,0,unknown
403025,726763,01/01/2022,05/31/2022,0.0,0.0,0.0,0.0,0.0,0.0,0.0,0,0,0,0,unknown
320058,730294,10/01/2021,02/01/2022,0.0,0.0,0.0,0.0,0.0,0.0,0.0,0,0,0,0,unknown
320070,730295,10/01/2021,02/15/2022,0.0,0.0,0.0,0.0,0.0,0.0,0.0,0,0,0,0,unknown
713029,730319,02/18/2022,03/31/2022,0.0,0.0,0.0,0.0,0.0,0.0,0.0,0,0,0,0,unknown
060044,730531,11/01/2021,04/30/2022,0.0,0.0,0.0,0.0,0.0,0.0,0.0,0,0,0,0,unknown
033034,730690,01/01/2022,07/31/2022,0.0,0.0,0.0,0.0,0.0,0.0,0.0,0,0,0,0,unknown
183027,730822,01/01/2022,07/31/2022,0.0,0.0,0.0,0.0,0.0,0.0,0.0,0,0,0,0,unknown
373303,730862,11/10/2021,06/30/2022,0.0,0.0,0.0,0.0,0.0,0.0,0.0,0,0,0,0,unknown
033029,731049,01/01/2022,07/31/2022,0.0,0.0,0.0,0.0,0.0,0.0,0.0,0,0,0,0,unknown
453059,731192,01/01/2022,07/31/2022,0.0,0.0,0.0,0.0,0.0,0.0,0.0,0,0,0,0,unknown
490045,731194,01/01/2022,06/30/2022,0.0,0.0,0.0,0.0,0.0,0.0,0.0,0,0,0,0,unknown
490144,731198,01/01/2022,06/30/2022,0.0,0.0,0.0,0.0,0.0,0.0,0.0,0,0,0,0,unknown
513027,731199,01/01/2022,07/31/2022,0.0,0.0,0.0,0.0,0.0,0.0,0.0,0,0,0,0,unknown
110030,732016,10/01/2021,06/30/2022,0.0,0.0,0.0,0.0,0.0,0.0,0.0,0,0,0,0,unknown
240063,732529,01/01/2022,06/30/2022,0.0,0.0,0.0,0.0,0.0,0.0,0.0,0,0,0,0,unknown
034039,733019,10/21/2021,03/31/2022,0.0,0.0,0.0,0.0,0.0,0.0,0.0,0,0,0,0,unknown
490019,734549,01/01/2022,06/30/2022,0.0,0.0,0.0,0.0,0.0,0.0,0.0,0,0,0,0,unknown
101993,735073,10/01/2021,11/30/2021,0.0,0.0,0.0,0.0,0.0,0.0,0.0,0,0,0,0,unknown
313035,735178,01/01/2022,08/31/2022,0.0,0.0,0.0,0.0,0.0,0.0,0.0,0,0,0,0,unknown
450187,735197,01/01/2022,04/20/2022,0.0,0.0,0.0,0.0,0.0,0.0,0.0,0,0,0,0,unknown
340075,735715,01/01/2022,06/30/2022,0.0,0.0,0.0,0.0,0.0,0.0,0.0,0,0,0,0,unknown
014012,735758,10/01/2021,09/30/2022,0.0,0.0,0.0,0.0,0.0,0.0,0.0,0,0,0,0,unknown
452111,736324,12/01/2021,11/30/2022,0.0,0.0,0.0,0.0,0.0,0.0,0.0,0,0,0,0,unknown
050849,736428,01/01/2022,04/25/2022,0.0,0.0,0.0,0.0,0.0,0.0,0.0,0,0,0,0,unknown
304001,736471,01/01/2022,06/07/2022,0.0,0.0,0.0,0.0,0.0,0.0,0.0,0,0,0,0,unknown
514011,736988,10/01/2021,09/30/2022,0.0,0.0,0.0,0.0,0.0,0.0,0.0,0,0,0,0,unknown
423033,737190,10/01/2021,09/30/2022,0.0,0.0,0.0,0.0,0.0,0.0,0.0,0,0,0,0,unknown
014014,737350,10/01/2021,09/30/2022,0.0,0.0,0.0,0.0,0.0,0.0,0.0,0,0,0,0,unknown
014017,737398,10/01/2021,09/30/2022,0.0,0.0,0.0,0.0,0.0,0.0,0.0,0,0,0,0,unknown
491302,737578,10/01/2021,09/30/2022,0.0,0.0,0.0,0.0,0.0,0.0,0.0,0,0,0,0,unknown
491304,737579,10/01/2021,09/30/2022,0.0,0.0,0.0,0.0,0.0,0.0,0.0,0,0,0,0,unknown
013301,737650,10/01/2021,09/30/2022,0.0,0.0,0.0,0.0,0.0,0.0,0.0,0,0,0,0,unknown
341315,737691,10/01/2021,09/30/2022,0.0,0.0,0.0,0.0,0.0,0.0,0.0,0,0,0,0,unknown
421303,737700,10/01/2021,09/30/2022,0.0,0.0,0.0,0.0,0.0,0.0,0.0,0,0,0,0,unknown
011300,737720,10/01/2021,09/30/2022,0.0,0.0,0.0,0.0,0.0,0.0,0.0,0,0,0,0,unknown
111313,737744,10/01/2021,09/30/2022,0.0,0.0,0.0,0.0,0.0,0.0,0.0,0,0,0,0,unknown
371301,737820,10/01/2021,09/30/2022,0.0,0.0,0.0,0.0,0.0,0.0,0.0,0,0,0,0,unknown
251334,737901,10/01/2021,09/30/2022,0.0,0.0,0.0,0.0,0.0,0.0,0.0,0,0,0,0,unknown
341327,737911,10/01/2021,09/30/2022,0.0,0.0,0.0,0.0,0.0,0.0,0.0,0,0,0,0,unknown
141337,737986,10/01/2021,09/30/2022,0.0,0.0,0.0,0.0,0.0,0.0,0.0,0,0,0,0,unknown
422006,738020,10/01/2021,09/30/2022,0.0,0.0,0.0,0.0,0.0,0.0,0.0,0,0,0,0,unknown
673038,738052,10/01/2021,09/30/2022,0.0,0.0,0.0,0.0,0.0,0.0,0.0,0,0,0,0,unknown
341303,738085,10/01/2021,09/30/2022,0.0,0.0,0.0,0.0,0.0,0.0,0.0,0,0,0,0,unknown
341304,738086,10/01/2021,09/30/2022,0.0,0.0,0.0,0.0,0.0,0.0,0.0,0,0,0,0,unknown
341318,738087,10/01/2021,09/30/2022,0.0,0.0,0.0,0.0,0.0,0.0,0.0,0,0,0,0,unknown
341320,738088,10/01/2021,09/30/2022,0.0,0.0,0.0,0.0,0.0,0.0,0.0,0,0,0,0,unknown
341324,738090,10/01/2021,09/30/2022,0.0,0.0,0.0,0.0,0.0,0.0,0.0,0,0,0,0,unknown
511306,738096,10/01/2021,09/30/2022,0.0,0.0,0.0,0.0,0.0,0.0,0.0,0,0,0,0,unknown
011302,738103,10/01/2021,09/30/2022,0.0,0.0,0.0,0.0,0.0,0.0,0.0,0,0,0,0,unknown
050146,738174,10/01/2021,09/30/2022,0.0,0.0,0.0,0.0,0.0,0.0,0.0,0,0,0,0,unknown
190053,738193,12/01/2021,03/31/2022,0.0,0.0,0.0,0.0,0.0,0.0,0.0,0,0,0,0,unknown
234045,738316,03/24/2022,08/31/2022,0.0,0.0,0.0,0.0,0.0,0.0,0.0,0,0,0,0,unknown
123025,738372,10/01/2021,09/30/2022,0.0,0.0,0.0,0.0,0.0,0.0,0.0,0,0,0,0,unknown
131312,738379,10/01/2021,09/30/2022,0.0,0.0,0.0,0.0,0.0,0.0,0.0,0,0,0,0,unknown
301312,738399,10/01/2021,09/30/2022,0.0,0.0,0.0,0.0,0.0,0.0,0.0,0,0,0,0,unknown
361319,738406,10/01/2021,09/30/2022,0.0,0.0,0.0,0.0,0.0,0.0,0.0,0,0,0,0,unknown
390333,738413,01/01/2022,06/30/2022,0.0,0.0,0.0,0.0,0.0,0.0,0.0,0,0,0,0,unknown
450578,738424,10/01/2021,09/30/2022,0.0,0.0,0.0,0.0,0.0,0.0,0.0,0,0,0,0,unknown
014015,738440,01/01/2022,12/31/2022,0.0,0.0,0.0,0.0,0.0,0.0,0.0,0,0,0,0,unknown
041327,738445,10/01/2021,09/30/2022,0.0,0.0,0.0,0.0,0.0,0.0,0.0,0,0,0,0,unknown
101313,738461,10/01/2021,09/30/2022,0.0,0.0,0.0,0.0,0.0,0.0,0.0,0,0,0,0,unknown
103027,738462,10/01/2021,09/30/2022,0.0,0.0,0.0,0.0,0.0,0.0,0.0,0,0,0,0,unknown
191315,738470,10/01/2021,09/30/2022,0.0,0.0,0.0,0.0,0.0,0.0,0.0,0,0,0,0,unknown
201300,738472,10/01/2021,09/30/2022,0.0,0.0,0.0,0.0,0.0,0.0,0.0,0,0,0,0,unknown
201308,738474,10/01/2021,09/30/2022,0.0,0.0,0.0,0.0,0.0,0.0,0.0,0,0,0,0,unknown
201309,738475,10/01/2021,09/30/2022,0.0,0.0,0.0,0.0,0.0,0.0,0.0,0,0,0,0,unknown
201312,738476,10/01/2021,09/30/2022,0.0,0.0,0.0,0.0,0.0,0.0,0.0,0,0,0,0,unknown
301307,738492,10/01/2021,09/30/2022,0.0,0.0,0.0,0.0,0.0,0.0,0.0,0,0,0,0,unknown
341323,738497,10/01/2021,09/30/2022,0.0,0.0,0.0,0.0,0.0,0.0,0.0,0,0,0,0,unknown
471301,738523,10/01/2021,09/30/2022,0.0,0.0,0.0,0.0,0.0,0.0,0.0,0,0,0,0,unknown
471303,738524,10/01/2021,09/30/2022,0.0,0.0,0.0,0.0,0.0,0.0,0.0,0,0,0,0,unknown
471305,738525,10/01/2021,09/30/2022,0.0,0.0,0.0,0.0,0.0,0.0,0.0,0,0,0,0,unknown
301301,738561,10/01/2021,09/30/2022,0.0,0.0,0.0,0.0,0.0,0.0,0.0,0,0,0,0,unknown
371314,738575,11/01/2021,09/30/2022,0.0,0.0,0.0,0.0,0.0,0.0,0.0,0,0,0,0,unknown
371316,738576,11/01/2021,09/30/2022,0.0,0.0,0.0,0.0,0.0,0.0,0.0,0,0,0,0,unknown
371318,738688,10/01/2021,09/30/2022,0.0,0.0,0.0,0.0,0.0,0.0,0.0,0,0,0,0,unknown
191309,738792,10/01/2021,09/30/2022,0.0,0.0,0.0,0.0,0.0,0.0,0.0,0,0,0,0,unknown
101312,739001,10/01/2021,09/30/2022,0.0,0.0,0.0,0.0,0.0,0.0,0.0,0,0,0,0,unknown
220162,739182,10/01/2021,09/30/2022,0.0,0.0,0.0,0.0,0.0,0.0,0.0,0,0,0,0,unknown
390337,739215,02/24/2022,06/30/2022,0.0,0.0,0.0,0.0,0.0,0.0,0.0,0,0,0,0,unknown
221300,739289,10/01/2021,09/30/2022,0.0,0.0,0.0,0.0,0.0,0.0,0.0,0,0,0,0,unknown
301302,739304,10/01/2021,09/30/2022,0.0,0.0,0.0,0.0,0.0,0.0,0.0,0,0,0,0,unknown
330084,739309,10/01/2021,09/30/2022,0.0,0.0,0.0,0.0,0.0,0.0,0.0,0,0,0,0,unknown
331302,739311,10/01/2021,09/30/2022,0.0,0.0,0.0,0.0,0.0,0.0,0.0,0,0,0,0,unknown
471306,739322,10/01/2021,09/30/2022,0.0,0.0,0.0,0.0,0.0,0.0,0.0,0,0,0,0,unknown
031317,739330,10/01/2021,09/30/2022,0.0,0.0,0.0,0.0,0.0,0.0,0.0,0,0,0,0,unknown
201302,739353,10/01/2021,09/30/2022,0.0,0.0,0.0,0.0,0.0,0.0,0.0,0,0,0,0,unknown
362032,739369,10/01/2021,09/30/2022,0.0,0.0,0.0,0.0,0.0,0.0,0.0,0,0,0,0,unknown
400136,739372,01/20/2022,08/31/2022,0.0,0.0,0.0,0.0,0.0,0.0,0.0,0,0,0,0,unknown
201313,739414,10/01/2021,09/30/2022,0.0,0.0,0.0,0.0,0.0,0.0,0.0,0,0,0,0,unknown
521351,739542,10/01/2021,09/30/2022,0.0,0.0,0.0,0.0,0.0,0.0,0.0,0,0,0,0,unknown
660001,739637,10/01/2021,09/30/2022,0.0,0.0,0.0,0.0,0.0,0.0,0.0,0,0,0,0,unknown
044021,739642,01/01/2022,12/31/2022,0.0,0.0,0.0,0.0,0.0,0.0,0.0,0,0,0,0,unknown
414003,739759,10/01/2021,09/30/2022,0.0,0.0,0.0,0.0,0.0,0.0,0.0,0,0,0,0,unknown
031309,739912,10/01/2021,09/30/2022,0.0,0.0,0.0,0.0,0.0,0.0,0.0,0,0,0,0,unknown
104078,740041,11/01/2021,10/31/2022,0.0,0.0,0.0,0.0,0.0,0.0,0.0,0,0,0,0,unknown
191316,740136,11/01/2021,10/31/2022,0.0,0.0,0.0,0.0,0.0,0.0,0.0,0,0,0,0,unknown
341319,740272,11/01/2021,10/31/2022,0.0,0.0,0.0,0.0,0.0,0.0,0.0,0,0,0,0,unknown
341329,740276,11/01/2021,10/31/2022,0.0,0.0,0.0,0.0,0.0,0.0,0.0,0,0,0,0,unknown
344034,740279,01/13/2022,09/30/2022,0.0,0.0,0.0,0.0,0.0,0.0,0.0,0,0,0,0,unknown
400010,740333,10/01/2021,09/30/2022,0.0,0.0,0.0,0.0,0.0,0.0,0.0,0,0,0,0,unknown
453314,740425,10/01/2021,09/30/2022,0.0,0.0,0.0,0.0,0.0,0.0,0.0,0,0,0,0,unknown
492011,740448,07/01/2022,08/30/2022,0.0,0.0,0.0,0.0,0.0,0.0,0.0,0,0,0,0,unknown
503300,740458,10/01/2021,09/30/2022,0.0,0.0,0.0,0.0,0.0,0.0,0.0,0,0,0,0,unknown
524038,740576,10/01/2021,09/30/2022,0.0,0.0,0.0,0.0,0.0,0.0,0.0,0,0,0,0,unknown
042011,740681,10/01/2021,09/30/2022,0.0,0.0,0.0,0.0,0.0,0.0,0.0,0,0,0,0,unknown
111335,740688,12/01/2021,11/30/2022,0.0,0.0,0.0,0.0,0.0,0.0,0.0,0,0,0,0,unknown
252014,740707,03/31/2022,09/30/2022,0.0,0.0,0.0,0.0,0.0,0.0,0.0,0,0,0,0,unknown
521348,740735,10/01/2021,09/30/2022,0.0,0.0,0.0,0.0,0.0,0.0,0.0,0,0,0,0,unknown
194107,740815,10/01/2021,09/30/2022,0.0,0.0,0.0,0.0,0.0,0.0,0.0,0,0,0,0,unknown
062011,740860,10/01/2021,09/30/2022,0.0,0.0,0.0,0.0,0.0,0.0,0.0,0,0,0,0,unknown
673073,740993,01/01/2022,12/31/2022,0.0,0.0,0.0,0.0,0.0,0.0,0.0,0,0,0,0,unknown
233027,741116,11/01/2021,10/31/2022,0.0,0.0,0.0,0.0,0.0,0.0,0.0,0,0,0,0,unknown
341316,741136,12/01/2021,11/30/2022,0.0,0.0,0.0,0.0,0.0,0.0,0.0,0,0,0,0,unknown
421304,741152,10/01/2021,09/30/2022,0.0,0.0,0.0,0.0,0.0,0.0,0.0,0,0,0,0,unknown
501302,741166,01/01/2022,12/31/2022,0.0,0.0,0.0,0.0,0.0,0.0,0.0,0,0,0,0,unknown
501319,741397,01/01/2022,12/31/2022,0.0,0.0,0.0,0.0,0.0,0.0,0.0,0,0,0,0,unknown
341326,741434,11/01/2021,10/31/2022,0.0,0.0,0.0,0.0,0.0,0.0,0.0,0,0,0,0,unknown
480002,741568,10/01/2021,09/30/2022,0.0,0.0,0.0,0.0,0.0,0.0,0.0,0,0,0,0,unknown
444023,741789,01/01/2022,12/31/2022,0.0,0.0,0.0,0.0,0.0,0.0,0.0,0,0,0,0,unknown
461302,742079,01/01/2022,12/31/2022,0.0,0.0,0.0,0.0,0.0,0.0,0.0,0,0,0,0,unknown
250060,742128,10/01/2021,09/30/2022,0.0,0.0,0.0,0.0,0.0,0.0,0.0,0,0,0,0,unknown
480001,742288,10/01/2021,09/30/2022,0.0,0.0,0.0,0.0,0.0,0.0,0.0,0,0,0,0,unknown
454153,742360,01/01/2022,12/31/2022,0.0,0.0,0.0,0.0,0.0,0.0,0.0,0,0,0,0,unknown
431336,742437,01/01/2022,12/31/2022,0.0,0.0,0.0,0.0,0.0,0.0,0.0,0,0,0,0,unknown
501308,742447,01/01/2022,12/31/2022,0.0,0.0,0.0,0.0,0.0,0.0,0.0,0,0,0,0,unknown
053041,742614,01/01/2022,12/31/2022,0.0,0.0,0.0,0.0,0.0,0.0,0.0,0,0,0,0,unknown
372023,742658,10/01/2021,09/30/2022,0.0,0.0,0.0,0.0,0.0,0.0,0.0,0,0,0,0,unknown
521318,742686,01/01/2022,12/31/2022,0.0,0.0,0.0,0.0,0.0,0.0,0.0,0,0,0,0,unknown
034023,742692,10/01/2021,09/30/2022,0.0,0.0,0.0,0.0,0.0,0.0,0.0,0,0,0,0,unknown
131316,742701,01/01/2022,12/31/2022,0.0,0.0,0.0,0.0,0.0,0.0,0.0,0,0,0,0,unknown
144029,742704,01/01/2022,12/31/2022,0.0,0.0,0.0,0.0,0.0,0.0,0.0,0,0,0,0,unknown
351321,742729,01/01/2022,12/31/2022,0.0,0.0,0.0,0.0,0.0,0.0,0.0,0,0,0,0,unknown
501320,742818,01/01/2022,12/31/2022,0.0,0.0,0.0,0.0,0.0,0.0,0.0,0,0,0,0,unknown
521330,742821,01/01/2022,12/31/2022,0.0,0.0,0.0,0.0,0.0,0.0,0.0,0,0,0,0,unknown
053043,742833,01/01/2022,12/31/2022,0.0,0.0,0.0,0.0,0.0,0.0,0.0,0,0,0,0,unknown
273025,742854,01/01/2022,12/31/2022,0.0,0.0,0.0,0.0,0.0,0.0,0.0,0,0,0,0,unknown
293032,742970,01/01/2022,12/31/2022,0.0,0.0,0.0,0.0,0.0,0.0,0.0,0,0,0,0,unknown
293033,742971,01/01/2022,12/31/2022,0.0,0.0,0.0,0.0,0.0,0.0,0.0,0,0,0,0,unknown
463027,743018,01/01/2022,12/31/2022,0.0,0.0,0.0,0.0,0.0,0.0,0.0,0,0,0,0,unknown
491305,743019,01/01/2022,12/31/2022,0.0,0.0,0.0,0.0,0.0,0.0,0.0,0,0,0,0,unknown
491307,743020,01/01/2022,12/31/2022,0.0,0.0,0.0,0.0,0.0,0.0,0.0,0,0,0,0,unknown
511309,743026,01/01/2022,12/31/2022,0.0,0.0,0.0,0.0,0.0,0.0,0.0,0,0,0,0,unknown
511311,743027,01/01/2022,12/31/2022,0.0,0.0,0.0,0.0,0.0,0.0,0.0,0,0,0,0,unknown
511321,743028,01/01/2022,12/31/2022,0.0,0.0,0.0,0.0,0.0,0.0,0.0,0,0,0,0,unknown
241322,743075,01/01/2022,12/31/2022,0.0,0.0,0.0,0.0,0.0,0.0,0.0,0,0,0,0,unknown
031302,743148,01/01/2022,12/31/2022,0.0,0.0,0.0,0.0,0.0,0.0,0.0,0,0,0,0,unknown
033040,743149,01/01/2022,12/31/2022,0.0,0.0,0.0,0.0,0.0,0.0,0.0,0,0,0,0,unknown
103032,743166,01/01/2022,12/31/2022,0.0,0.0,0.0,0.0,0.0,0.0,0.0,0,0,0,0,unknown
103033,743167,01/01/2022,12/31/2022,0.0,0.0,0.0,0.0,0.0,0.0,0.0,0,0,0,0,unknown
051990,743256,01/01/2022,12/31/2022,0.0,0.0,0.0,0.0,0.0,0.0,0.0,0,0,0,0,unknown
241316,743283,01/01/2022,12/31/2022,0.0,0.0,0.0,0.0,0.0,0.0,0.0,0,0,0,0,unknown
241329,743284,01/01/2022,12/31/2022,0.0,0.0,0.0,0.0,0.0,0.0,0.0,0,0,0,0,unknown
241334,743285,01/01/2022,12/31/2022,0.0,0.0,0.0,0.0,0.0,0.0,0.0,0,0,0,0,unknown
521349,743324,01/01/2022,12/31/2022,0.0,0.0,0.0,0.0,0.0,0.0,0.0,0,0,0,0,unknown
051338,743330,01/01/2022,12/31/2022,0.0,0.0,0.0,0.0,0.0,0.0,0.0,0,0,0,0,unknown
374012,743416,01/01/2022,12/31/2022,0.0,0.0,0.0,0.0,0.0,0.0,0.0,0,0,0,0,unknown
431319,743422,01/01/2022,12/31/2022,0.0,0.0,0.0,0.0,0.0,0.0,0.0,0,0,0,0,unknown
461309,743432,01/01/2022,12/31/2022,0.0,0.0,0.0,0.0,0.0,0.0,0.0,0,0,0,0,unknown
673045,743445,01/01/2022,12/31/2022,0.0,0.0,0.0,0.0,0.0,0.0,0.0,0,0,0,0,unknown
673059,743447,01/01/2022,12/31/2022,0.0,0.0,0.0,0.0,0.0,0.0,0.0,0,0,0,0,unknown
014006,743449,01/01/2022,12/31/2022,0.0,0.0,0.0,0.0,0.0,0.0,0.0,0,0,0,0,unknown
194031,743488,01/01/2022,12/31/2022,0.0,0.0,0.0,0.0,0.0,0.0,0.0,0,0,0,0,unknown
453092,743518,01/01/2022,12/31/2022,0.0,0.0,0.0,0.0,0.0,0.0,0.0,0,0,0,0,unknown
673049,743533,01/01/2022,12/31/2022,0.0,0.0,0.0,0.0,0.0,0.0,0.0,0,0,0,0,unknown
013300,743535,01/01/2022,12/31/2022,0.0,0.0,0.0,0.0,0.0,0.0,0.0,0,0,0,0,unknown
043037,743543,01/01/2022,12/31/2022,0.0,0.0,0.0,0.0,0.0,0.0,0.0,0,0,0,0,unknown
103049,743563,03/25/2022,12/31/2022,0.0,0.0,0.0,0.0,0.0,0.0,0.0,0,0,0,0,unknown
143029,743572,01/01/2022,12/31/2022,0.0,0.0,0.0,0.0,0.0,0.0,0.0,0,0,0,0,unknown
281362,743615,01/01/2022,12/31/2022,0.0,0.0,0.0,0.0,0.0,0.0,0.0,0,0,0,0,unknown
393055,743628,01/01/2022,12/31/2022,0.0,0.0,0.0,0.0,0.0,0.0,0.0,0,0,0,0,unknown
171384,743687,01/01/2022,12/31/2022,0.0,0.0,0.0,0.0,0.0,0.0,0.0,0,0,0,0,unknown
213028,743698,01/01/2022,12/31/2022,0.0,0.0,0.0,0.0,0.0,0.0,0.0,0,0,0,0,unknown
303027,743731,01/01/2022,12/31/2022,0.0,0.0,0.0,0.0,0.0,0.0,0.0,0,0,0,0,unknown
463025,743787,01/01/2022,12/31/2022,0.0,0.0,0.0,0.0,0.0,0.0,0.0,0,0,0,0,unknown
493028,743791,01/01/2022,12/31/2022,0.0,0.0,0.0,0.0,0.0,0.0,0.0,0,0,0,0,unknown
513026,743795,01/01/2022,12/31/2022,0.0,0.0,0.0,0.0,0.0,0.0,0.0,0,0,0,0,unknown
513028,743796,01/01/2022,12/31/2022,0.0,0.0,0.0,0.0,0.0,0.0,0.0,0,0,0,0,unknown
513030,743797,01/01/2022,12/31/2022,0.0,0.0,0.0,0.0,0.0,0.0,0.0,0,0,0,0,unknown
521308,743800,01/01/2022,12/31/2022,0.0,0.0,0.0,0.0,0.0,0.0,0.0,0,0,0,0,unknown
521345,743803,01/01/2022,12/31/2022,0.0,0.0,0.0,0.0,0.0,0.0,0.0,0,0,0,0,unknown
241378,743851,01/01/2022,12/31/2022,0.0,0.0,0.0,0.0,0.0,0.0,0.0,0,0,0,0,unknown
423030,743876,01/01/2022,12/31/2022,0.0,0.0,0.0,0.0,0.0,0.0,0.0,0,0,0,0,unknown
423031,743877,01/01/2022,12/31/2022,0.0,0.0,0.0,0.0,0.0,0.0,0.0,0,0,0,0,unknown
423034,743878,01/01/2022,12/31/2022,0.0,0.0,0.0,0.0,0.0,0.0,0.0,0,0,0,0,unknown
423300,743879,01/01/2022,12/31/2022,0.0,0.0,0.0,0.0,0.0,0.0,0.0,0,0,0,0,unknown
424006,743880,01/01/2022,12/31/2022,0.0,0.0,0.0,0.0,0.0,0.0,0.0,0,0,0,0,unknown
443037,743889,01/01/2022,12/31/2022,0.0,0.0,0.0,0.0,0.0,0.0,0.0,0,0,0,0,unknown
113300,743933,01/01/2022,12/31/2022,0.0,0.0,0.0,0.0,0.0,0.0,0.0,0,0,0,0,unknown
370192,743971,01/01/2022,12/31/2022,0.0,0.0,0.0,0.0,0.0,0.0,0.0,0,0,0,0,unknown
421301,743976,10/01/2021,09/30/2022,0.0,0.0,0.0,0.0,0.0,0.0,0.0,0,0,0,0,unknown
063033,744022,01/01/2022,12/31/2022,0.0,0.0,0.0,0.0,0.0,0.0,0.0,0,0,0,0,unknown
063037,744023,01/01/2022,12/31/2022,0.0,0.0,0.0,0.0,0.0,0.0,0.0,0,0,0,0,unknown
103053,744037,06/28/2022,12/31/2022,0.0,0.0,0.0,0.0,0.0,0.0,0.0,0,0,0,0,unknown
331317,744088,01/01/2022,12/31/2022,0.0,0.0,0.0,0.0,0.0,0.0,0.0,0,0,0,0,unknown
381302,744097,01/01/2022,12/31/2022,0.0,0.0,0.0,0.0,0.0,0.0,0.0,0,0,0,0,unknown
393054,744098,01/01/2022,12/31/2022,0.0,0.0,0.0,0.0,0.0,0.0,0.0,0,0,0,0,unknown
503026,744128,01/01/2022,12/31/2022,0.0,0.0,0.0,0.0,0.0,0.0,0.0,0,0,0,0,unknown
511320,744130,01/01/2022,12/31/2022,0.0,0.0,0.0,0.0,0.0,0.0,0.0,0,0,0,0,unknown
670136,744134,01/01/2022,12/31/2022,0.0,0.0,0.0,0.0,0.0,0.0,0.0,0,0,0,0,unknown
673053,744135,01/01/2022,12/31/2022,0.0,0.0,0.0,0.0,0.0,0.0,0.0,0,0,0,0,unknown
131325,744145,01/01/2022,12/31/2022,0.0,0.0,0.0,0.0,0.0,0.0,0.0,0,0,0,0,unknown
141320,744157,01/01/2022,12/31/2022,0.0,0.0,0.0,0.0,0.0,0.0,0.0,0,0,0,0,unknown
241381,744176,01/01/2022,12/31/2022,0.0,0.0,0.0,0.0,0.0,0.0,0.0,0,0,0,0,unknown
511319,744229,01/01/2022,12/31/2022,0.0,0.0,0.0,0.0,0.0,0.0,0.0,0,0,0,0,unknown
051310,744252,01/01/2022,12/31/2022,0.0,0.0,0.0,0.0,0.0,0.0,0.0,0,0,0,0,unknown
051325,744254,01/01/2022,12/31/2022,0.0,0.0,0.0,0.0,0.0,0.0,0.0,0,0,0,0,unknown
363036,744340,01/01/2022,12/31/2022,0.0,0.0,0.0,0.0,0.0,0.0,0.0,0,0,0,0,unknown
381323,744347,01/01/2022,12/31/2022,0.0,0.0,0.0,0.0,0.0,0.0,0.0,0,0,0,0,unknown
400134,744354,01/01/2022,12/31/2022,0.0,0.0,0.0,0.0,0.0,0.0,0.0,0,0,0,0,unknown
513025,744369,01/01/2022,12/31/2022,0.0,0.0,0.0,0.0,0.0,0.0,0.0,0,0,0,0,unknown
673025,744375,01/01/2022,12/31/2022,0.0,0.0,0.0,0.0,0.0,0.0,0.0,0,0,0,0,unknown
673027,744376,01/01/2022,12/31/2022,0.0,0.0,0.0,0.0,0.0,0.0,0.0,0,0,0,0,unknown
673056,744377,01/01/2022,12/31/2022,0.0,0.0,0.0,0.0,0.0,0.0,0.0,0,0,0,0,unknown
673068,744378,12/30/2021,12/31/2022,0.0,0.0,0.0,0.0,0.0,0.0,0.0,0,0,0,0,unknown
271307,744439,01/01/2022,12/31/2022,0.0,0.0,0.0,0.0,0.0,0.0,0.0,0,0,0,0,unknown
464014,744468,01/01/2022,12/31/2022,0.0,0.0,0.0,0.0,0.0,0.0,0.0,0,0,0,0,unknown
074014,744485,01/01/2022,12/31/2022,0.0,0.0,0.0,0.0,0.0,0.0,0.0,0,0,0,0,unknown
250012,744516,01/01/2022,12/31/2022,0.0,0.0,0.0,0.0,0.0,0.0,0.0,0,0,0,0,unknown
293034,744519,01/01/2022,12/31/2022,0.0,0.0,0.0,0.0,0.0,0.0,0.0,0,0,0,0,unknown
341325,744553,01/01/2022,12/31/2022,0.0,0.0,0.0,0.0,0.0,0.0,0.0,0,0,0,0,unknown
521333,744573,01/01/2022,12/31/2022,0.0,0.0,0.0,0.0,0.0,0.0,0.0,0,0,0,0,unknown
101300,744590,01/01/2022,12/31/2022,0.0,0.0,0.0,0.0,0.0,0.0,0.0,0,0,0,0,unknown
183028,744602,01/01/2022,12/31/2022,0.0,0.0,0.0,0.0,0.0,0.0,0.0,0,0,0,0,unknown
331318,744625,01/01/2022,12/31/2022,0.0,0.0,0.0,0.0,0.0,0.0,0.0,0,0,0,0,unknown
103045,744701,01/01/2022,12/31/2022,0.0,0.0,0.0,0.0,0.0,0.0,0.0,0,0,0,0,unknown
103050,744702,05/26/2022,12/31/2022,0.0,0.0,0.0,0.0,0.0,0.0,0.0,0,0,0,0,unknown
103052,744703,07/14/2022,12/31/2022,0.0,0.0,0.0,0.0,0.0,0.0,0.0,0,0,0,0,unknown
241369,744744,01/01/2022,12/31/2022,0.0,0.0,0.0,0.0,0.0,0.0,0.0,0,0,0,0,unknown
363304,744793,01/01/2022,12/31/2022,0.0,0.0,0.0,0.0,0.0,0.0,0.0,0,0,0,0,unknown
670010,744834,01/01/2022,12/31/2022,0.0,0.0,0.0,0.0,0.0,0.0,0.0,0,0,0,0,unknown
673048,744838,01/01/2022,12/31/2022,0.0,0.0,0.0,0.0,0.0,0.0,0.0,0,0,0,0,unknown
673077,744839,01/01/2022,12/31/2022,0.0,0.0,0.0,0.0,0.0,0.0,0.0,0,0,0,0,unknown
061322,744853,01/01/2022,12/31/2022,0.0,0.0,0.0,0.0,0.0,0.0,0.0,0,0,0,0,unknown
141316,744883,01/01/2022,12/31/2022,0.0,0.0,0.0,0.0,0.0,0.0,0.0,0,0,0,0,unknown
193080,744907,01/01/2022,12/31/2022,0.0,0.0,0.0,0.0,0.0,0.0,0.0,0,0,0,0,unknown
241366,744920,01/01/2022,12/31/2022,0.0,0.0,0.0,0.0,0.0,0.0,0.0,0,0,0,0,unknown
251317,744921,01/01/2022,12/31/2022,0.0,0.0,0.0,0.0,0.0,0.0,0.0,0,0,0,0,unknown
313025,744943,01/01/2022,12/31/2022,0.0,0.0,0.0,0.0,0.0,0.0,0.0,0,0,0,0,unknown
343026,744957,01/01/2022,12/31/2022,0.0,0.0,0.0,0.0,0.0,0.0,0.0,0,0,0,0,unknown
361326,744978,01/01/2022,12/31/2022,0.0,0.0,0.0,0.0,0.0,0.0,0.0,0,0,0,0,unknown
441322,745004,08/01/2022,12/31/2022,0.0,0.0,0.0,0.0,0.0,0.0,0.0,0,0,0,0,unknown
441323,745005,01/01/2022,12/31/2022,0.0,0.0,0.0,0.0,0.0,0.0,0.0,0,0,0,0,unknown
501305,745043,01/01/2022,12/31/2022,0.0,0.0,0.0,0.0,0.0,0.0,0.0,0,0,0,0,unknown
673055,745047,01/01/2022,12/31/2022,0.0,0.0,0.0,0.0,0.0,0.0,0.0,0,0,0,0,unknown
673075,745048,01/01/2022,12/31/2022,0.0,0.0,0.0,0.0,0.0,0.0,0.0,0,0,0,0,unknown
713026,745049,01/01/2022,12/31/2022,0.0,0.0,0.0,0.0,0.0,0.0,0.0,0,0,0,0,unknown
063036,745087,01/01/2022,12/31/2022,0.0,0.0,0.0,0.0,0.0,0.0,0.0,0,0,0,0,unknown
271321,745122,01/01/2022,12/31/2022,0.0,0.0,0.0,0.0,0.0,0.0,0.0,0,0,0,0,unknown
271347,745123,01/01/2022,12/31/2022,0.0,0.0,0.0,0.0,0.0,0.0,0.0,0,0,0,0,unknown
330154,745137,01/01/2022,12/31/2022,0.0,0.0,0.0,0.0,0.0,0.0,0.0,0,0,0,0,unknown
331314,745143,01/01/2022,12/31/2022,0.0,0.0,0.0,0.0,0.0,0.0,0.0,0,0,0,0,unknown
331316,745144,01/01/2022,12/31/2022,0.0,0.0,0.0,0.0,0.0,0.0,0.0,0,0,0,0,unknown
331319,745145,01/01/2022,12/31/2022,0.0,0.0,0.0,0.0,0.0,0.0,0.0,0,0,0,0,unknown
351319,745151,01/01/2022,12/31/2022,0.0,0.0,0.0,0.0,0.0,0.0,0.0,0,0,0,0,unknown
381320,745153,01/01/2022,12/31/2022,0.0,0.0,0.0,0.0,0.0,0.0,0.0,0,0,0,0,unknown
431313,745167,01/01/2022,12/31/2022,0.0,0.0,0.0,0.0,0.0,0.0,0.0,0,0,0,0,unknown
670116,745196,01/01/2022,12/31/2022,0.0,0.0,0.0,0.0,0.0,0.0,0.0,0,0,0,0,unknown
043036,745215,01/01/2022,12/31/2022,0.0,0.0,0.0,0.0,0.0,0.0,0.0,0,0,0,0,unknown
061312,745262,01/01/2022,12/31/2022,0.0,0.0,0.0,0.0,0.0,0.0,0.0,0,0,0,0,unknown
061324,745265,01/01/2022,12/31/2022,0.0,0.0,0.0,0.0,0.0,0.0,0.0,0,0,0,0,unknown
101308,745277,01/01/2022,12/31/2022,0.0,0.0,0.0,0.0,0.0,0.0,0.0,0,0,0,0,unknown
213029,745324,01/01/2022,12/31/2022,0.0,0.0,0.0,0.0,0.0,0.0,0.0,0,0,0,0,unknown
341307,745364,01/01/2022,12/31/2022,0.0,0.0,0.0,0.0,0.0,0.0,0.0,0,0,0,0,unknown
511300,745411,01/01/2022,12/31/2022,0.0,0.0,0.0,0.0,0.0,0.0,0.0,0,0,0,0,unknown
511312,745413,07/01/2022,12/31/2022,0.0,0.0,0.0,0.0,0.0,0.0,0.0,0,0,0,0,unknown
673076,745422,01/01/2022,12/31/2022,0.0,0.0,0.0,0.0,0.0,0.0,0.0,0,0,0,0,unknown
184017,745483,01/01/2022,12/31/2022,0.0,0.0,0.0,0.0,0.0,0.0,0.0,0,0,0,0,unknown
341322,745548,10/01/2021,09/30/2022,0.0,0.0,0.0,0.0,0.0,0.0,0.0,0,0,0,0,unknown
381303,745555,01/01/2022,12/31/2022,0.0,0.0,0.0,0.0,0.0,0.0,0.0,0,0,0,0,unknown
381314,745556,01/01/2022,12/31/2022,0.0,0.0,0.0,0.0,0.0,0.0,0.0,0,0,0,0,unknown
501338,745619,01/01/2022,12/31/2022,0.0,0.0,0.0,0.0,0.0,0.0,0.0,0,0,0,0,unknown
511303,745621,01/01/2022,12/31/2022,0.0,0.0,0.0,0.0,0.0,0.0,0.0,0,0,0,0,unknown
051316,745647,01/01/2022,12/31/2022,0.0,0.0,0.0,0.0,0.0,0.0,0.0,0,0,0,0,unknown
141309,745689,01/01/2022,12/31/2022,0.0,0.0,0.0,0.0,0.0,0.0,0.0,0,0,0,0,unknown
241320,745728,10/01/2021,09/30/2022,0.0,0.0,0.0,0.0,0.0,0.0,0.0,0,0,0,0,unknown
363308,745785,01/01/2022,12/31/2022,0.0,0.0,0.0,0.0,0.0,0.0,0.0,0,0,0,0,unknown
381318,745797,01/01/2022,12/31/2022,0.0,0.0,0.0,0.0,0.0,0.0,0.0,0,0,0,0,unknown
451393,745847,01/01/2022,12/31/2022,0.0,0.0,0.0,0.0,0.0,0.0,0.0,0,0,0,0,unknown
521316,745865,01/01/2022,12/31/2022,0.0,0.0,0.0,0.0,0.0,0.0,0.0,0,0,0,0,unknown
650003,745867,01/01/2022,12/31/2022,0.0,0.0,0.0,0.0,0.0,0.0,0.0,0,0,0,0,unknown
021301,745883,01/01/2022,12/31/2022,0.0,0.0,0.0,0.0,0.0,0.0,0.0,0,0,0,0,unknown
021306,745885,01/01/2022,12/31/2022,0.0,0.0,0.0,0.0,0.0,0.0,0.0,0,0,0,0,unknown
022001,745886,01/01/2022,12/31/2022,0.0,0.0,0.0,0.0,0.0,0.0,0.0,0,0,0,0,unknown
121305,745932,01/01/2022,12/31/2022,0.0,0.0,0.0,0.0,0.0,0.0,0.0,0,0,0,0,unknown
154041,745954,01/01/2022,12/31/2022,0.0,0.0,0.0,0.0,0.0,0.0,0.0,0,0,0,0,unknown
224044,745970,01/01/2022,12/31/2022,0.0,0.0,0.0,0.0,0.0,0.0,0.0,0,0,0,0,unknown
234030,745973,01/01/2022,12/31/2022,0.0,0.0,0.0,0.0,0.0,0.0,0.0,0,0,0,0,unknown
291306,745984,01/01/2022,12/31/2022,0.0,0.0,0.0,0.0,0.0,0.0,0.0,0,0,0,0,unknown
341317,746005,01/01/2022,12/31/2022,0.0,0.0,0.0,0.0,0.0,0.0,0.0,0,0,0,0,unknown
031314,746104,01/01/2022,12/31/2022,0.0,0.0,0.0,0.0,0.0,0.0,0.0,0,0,0,0,unknown
044005,746111,01/01/2022,12/31/2022,0.0,0.0,0.0,0.0,0.0,0.0,0.0,0,0,0,0,unknown
051306,746148,01/01/2022,12/31/2022,0.0,0.0,0.0,0.0,0.0,0.0,0.0,0,0,0,0,unknown
051329,746149,01/01/2022,12/31/2022,0.0,0.0,0.0,0.0,0.0,0.0,0.0,0,0,0,0,unknown
052055,746151,01/01/2022,12/31/2022,0.0,0.0,0.0,0.0,0.0,0.0,0.0,0,0,0,0,unknown
170166,746197,01/01/2022,12/31/2022,0.0,0.0,0.0,0.0,0.0,0.0,0.0,0,0,0,0,unknown
271325,746239,01/01/2022,12/31/2022,0.0,0.0,0.0,0.0,0.0,0.0,0.0,0,0,0,0,unknown
271343,746240,01/01/2022,12/31/2022,0.0,0.0,0.0,0.0,0.0,0.0,0.0,0,0,0,0,unknown
370139,746273,01/01/2022,12/31/2022,0.0,0.0,0.0,0.0,0.0,0.0,0.0,0,0,0,0,unknown
454148,746335,01/01/2022,12/31/2022,0.0,0.0,0.0,0.0,0.0,0.0,0.0,0,0,0,0,unknown
501310,746347,01/01/2022,12/31/2022,0.0,0.0,0.0,0.0,0.0,0.0,0.0,0,0,0,0,unknown
501314,746348,01/01/2022,12/31/2022,0.0,0.0,0.0,0.0,0.0,0.0,0.0,0,0,0,0,unknown
501316,746349,01/01/2022,12/31/2022,0.0,0.0,0.0,0.0,0.0,0.0,0.0,0,0,0,0,unknown
501325,746351,01/01/2022,12/31/2022,0.0,0.0,0.0,0.0,0.0,0.0,0.0,0,0,0,0,unknown
501327,746352,01/01/2022,12/31/2022,0.0,0.0,0.0,0.0,0.0,0.0,0.0,0,0,0,0,unknown
501333,746353,01/01/2022,12/31/2022,0.0,0.0,0.0,0.0,0.0,0.0,0.0,0,0,0,0,unknown
503025,746354,01/01/2022,12/31/2022,0.0,0.0,0.0,0.0,0.0,0.0,0.0,0,0,0,0,unknown
024001,746367,01/01/2022,12/31/2022,0.0,0.0,0.0,0.0,0.0,0.0,0.0,0,0,0,0,unknown
044019,746379,01/01/2022,12/31/2022,0.0,0.0,0.0,0.0,0.0,0.0,0.0,0,0,0,0,unknown
054055,746407,01/01/2022,12/31/2022,0.0,0.0,0.0,0.0,0.0,0.0,0.0,0,0,0,0,unknown
131320,746415,01/01/2022,12/31/2022,0.0,0.0,0.0,0.0,0.0,0.0,0.0,0,0,0,0,unknown
131321,746416,01/01/2022,12/31/2022,0.0,0.0,0.0,0.0,0.0,0.0,0.0,0,0,0,0,unknown
131327,746417,01/01/2022,12/31/2022,0.0,0.0,0.0,0.0,0.0,0.0,0.0,0,0,0,0,unknown
240206,746463,10/01/2021,09/30/2022,0.0,0.0,0.0,0.0,0.0,0.0,0.0,0,0,0,0,unknown
241305,746464,10/01/2021,09/30/2022,0.0,0.0,0.0,0.0,0.0,0.0,0.0,0,0,0,0,unknown
313038,746594,01/01/2022,12/31/2022,0.0,0.0,0.0,0.0,0.0,0.0,0.0,0,0,0,0,unknown
461308,746600,01/01/2022,12/31/2022,0.0,0.0,0.0,0.0,0.0,0.0,0.0,0,0,0,0,unknown
044020,746615,01/01/2022,12/31/2022,0.0,0.0,0.0,0.0,0.0,0.0,0.0,0,0,0,0,unknown
051317,746621,01/01/2022,12/31/2022,0.0,0.0,0.0,0.0,0.0,0.0,0.0,0,0,0,0,unknown
263304,746656,01/01/2022,12/31/2022,0.0,0.0,0.0,0.0,0.0,0.0,0.0,0,0,0,0,unknown
264033,746657,01/01/2022,12/31/2022,0.0,0.0,0.0,0.0,0.0,0.0,0.0,0,0,0,0,unknown
313030,746658,01/01/2022,12/31/2022,0.0,0.0,0.0,0.0,0.0,0.0,0.0,0,0,0,0,unknown
501336,746698,01/01/2022,12/31/2022,0.0,0.0,0.0,0.0,0.0,0.0,0.0,0,0,0,0,unknown
670006,746700,01/01/2022,12/31/2022,0.0,0.0,0.0,0.0,0.0,0.0,0.0,0,0,0,0,unknown
394039,746798,07/01/2022,10/29/2022,0.0,0.0,0.0,0.0,0.0,0.0,0.0,0,0,0,0,unknown
030071,746824,10/01/2021,09/30/2022,0.0,0.0,0.0,0.0,0.0,0.0,0.0,0,0,0,0,unknown
184009,746840,01/01/2022,12/31/2022,0.0,0.0,0.0,0.0,0.0,0.0,0.0,0,0,0,0,unknown
362023,746850,06/14/2022,10/31/2022,0.0,0.0,0.0,0.0,0.0,0.0,0.0,0,0,0,0,unknown
673035,746866,01/01/2022,12/31/2022,0.0,0.0,0.0,0.0,0.0,0.0,0.0,0,0,0,0,unknown
144026,746885,01/01/2022,12/31/2022,0.0,0.0,0.0,0.0,0.0,0.0,0.0,0,0,0,0,unknown
320059,746911,10/01/2021,09/30/2022,0.0,0.0,0.0,0.0,0.0,0.0,0.0,0,0,0,0,unknown
514008,746946,01/01/2022,12/31/2022,0.0,0.0,0.0,0.0,0.0,0.0,0.0,0,0,0,0,unknown
363045,747017,06/06/2022,12/31/2022,0.0,0.0,0.0,0.0,0.0,0.0,0.0,0,0,0,0,unknown
501313,747030,01/01/2022,12/31/2022,0.0,0.0,0.0,0.0,0.0,0.0,0.0,0,0,0,0,unknown
501323,747031,01/01/2022,12/31/2022,0.0,0.0,0.0,0.0,0.0,0.0,0.0,0,0,0,0,unknown
521322,747033,01/01/2022,12/31/2022,0.0,0.0,0.0,0.0,0.0,0.0,0.0,0,0,0,0,unknown
271323,747129,01/01/2022,12/31/2022,0.0,0.0,0.0,0.0,0.0,0.0,0.0,0,0,0,0,unknown
501326,747161,01/01/2022,12/31/2022,0.0,0.0,0.0,0.0,0.0,0.0,0.0,0,0,0,0,unknown
524019,747167,01/01/2022,12/31/2022,0.0,0.0,0.0,0.0,0.0,0.0,0.0,0,0,0,0,unknown
193301,747232,01/01/2022,10/31/2022,0.0,0.0,0.0,0.0,0.0,0.0,0.0,0,0,0,0,unknown
381317,747257,01/01/2022,12/31/2022,0.0,0.0,0.0,0.0,0.0,0.0,0.0,0,0,0,0,unknown
431301,747269,01/01/2022,12/31/2022,0.0,0.0,0.0,0.0,0.0,0.0,0.0,0,0,0,0,unknown
030084,747277,10/01/2021,09/30/2022,0.0,0.0,0.0,0.0,0.0,0.0,0.0,0,0,0,0,unknown
353026,747311,01/01/2022,12/31/2022,0.0,0.0,0.0,0.0,0.0,0.0,0.0,0,0,0,0,unknown
453309,747318,01/01/2022,12/31/2022,0.0,0.0,0.0,0.0,0.0,0.0,0.0,0,0,0,0,unknown
184008,747335,01/01/2022,12/31/2022,0.0,0.0,0.0,0.0,0.0,0.0,0.0,0,0,0,0,unknown
184014,747336,01/01/2022,12/31/2022,0.0,0.0,0.0,0.0,0.0,0.0,0.0,0,0,0,0,unknown
361301,747347,01/01/2022,12/31/2022,0.0,0.0,0.0,0.0,0.0,0.0,0.0,0,0,0,0,unknown
364065,747349,01/01/2022,12/31/2022,0.0,0.0,0.0,0.0,0.0,0.0,0.0,0,0,0,0,unknown
054104,747359,02/01/2022,01/31/2023,0.0,0.0,0.0,0.0,0.0,0.0,0.0,0,0,0,0,unknown
112000,747364,01/01/2022,12/31/2022,0.0,0.0,0.0,0.0,0.0,0.0,0.0,0,0,0,0,unknown
154005,747369,01/01/2022,12/31/2022,0.0,0.0,0.0,0.0,0.0,0.0,0.0,0,0,0,0,unknown
190302,747373,01/01/2022,12/31/2022,0.0,0.0,0.0,0.0,0.0,0.0,0.0,0,0,0,0,unknown
501303,747407,01/01/2022,12/31/2022,0.0,0.0,0.0,0.0,0.0,0.0,0.0,0,0,0,0,unknown
103046,747418,01/01/2022,12/31/2022,0.0,0.0,0.0,0.0,0.0,0.0,0.0,0,0,0,0,unknown
374017,747443,01/01/2022,12/31/2022,0.0,0.0,0.0,0.0,0.0,0.0,0.0,0,0,0,0,unknown
524026,747456,01/01/2022,12/31/2022,0.0,0.0,0.0,0.0,0.0,0.0,0.0,0,0,0,0,unknown
030078,747457,10/01/2021,09/30/2022,0.0,0.0,0.0,0.0,0.0,0.0,0.0,0,0,0,0,unknown
524041,747517,01/01/2022,12/31/2022,0.0,0.0,0.0,0.0,0.0,0.0,0.0,0,0,0,0,unknown
064026,747530,01/01/2022,12/31/2022,0.0,0.0,0.0,0.0,0.0,0.0,0.0,0,0,0,0,unknown
184007,747542,01/01/2022,12/31/2022,0.0,0.0,0.0,0.0,0.0,0.0,0.0,0,0,0,0,unknown
524042,747578,01/01/2022,12/31/2022,0.0,0.0,0.0,0.0,0.0,0.0,0.0,0,0,0,0,unknown
051301,747580,01/01/2022,12/31/2022,0.0,0.0,0.0,0.0,0.0,0.0,0.0,0,0,0,0,unknown
064007,747585,01/01/2022,12/31/2022,0.0,0.0,0.0,0.0,0.0,0.0,0.0,0,0,0,0,unknown
164006,747606,01/01/2022,12/31/2022,0.0,0.0,0.0,0.0,0.0,0.0,0.0,0,0,0,0,unknown
194090,747609,01/01/2022,12/31/2022,0.0,0.0,0.0,0.0,0.0,0.0,0.0,0,0,0,0,unknown
264024,747615,01/01/2022,12/31/2022,0.0,0.0,0.0,0.0,0.0,0.0,0.0,0,0,0,0,unknown
524014,747634,01/01/2022,12/31/2022,0.0,0.0,0.0,0.0,0.0,0.0,0.0,0,0,0,0,unknown
324012,747671,01/01/2022,12/31/2022,0.0,0.0,0.0,0.0,0.0,0.0,0.0,0,0,0,0,unknown
054032,747690,02/01/2022,01/31/2023,0.0,0.0,0.0,0.0,0.0,0.0,0.0,0,0,0,0,unknown
143028,747712,01/01/2022,07/31/2022,0.0,0.0,0.0,0.0,0.0,0.0,0.0,0,0,0,0,unknown
153025,747716,01/01/2022,07/31/2022,0.0,0.0,0.0,0.0,0.0,0.0,0.0,0,0,0,0,unknown
524025,747752,01/01/2022,12/31/2022,0.0,0.0,0.0,0.0,0.0,0.0,0.0,0,0,0,0,unknown
034004,747754,01/01/2022,12/31/2022,0.0,0.0,0.0,0.0,0.0,0.0,0.0,0,0,0,0,unknown
154060,747759,01/01/2022,12/31/2022,0.0,0.0,0.0,0.0,0.0,0.0,0.0,0,0,0,0,unknown
194044,747765,01/01/2022,12/31/2022,0.0,0.0,0.0,0.0,0.0,0.0,0.0,0,0,0,0,unknown
362025,747772,01/01/2022,12/31/2022,0.0,0.0,0.0,0.0,0.0,0.0,0.0,0,0,0,0,unknown
453311,747782,01/01/2022,12/31/2022,0.0,0.0,0.0,0.0,0.0,0.0,0.0,0,0,0,0,unknown
013030,747783,01/01/2022,07/31/2022,0.0,0.0,0.0,0.0,0.0,0.0,0.0,0,0,0,0,unknown
223304,747804,01/01/2022,12/31/2022,0.0,0.0,0.0,0.0,0.0,0.0,0.0,0,0,0,0,unknown
244018,747809,01/01/2022,12/31/2022,0.0,0.0,0.0,0.0,0.0,0.0,0.0,0,0,0,0,unknown
393309,747816,01/01/2022,12/31/2022,0.0,0.0,0.0,0.0,0.0,0.0,0.0,0,0,0,0,unknown
034022,747832,01/01/2022,12/31/2022,0.0,0.0,0.0,0.0,0.0,0.0,0.0,0,0,0,0,unknown
040132,747834,01/01/2022,12/31/2022,0.0,0.0,0.0,0.0,0.0,0.0,0.0,0,0,0,0,unknown
053038,747835,01/01/2022,12/31/2022,0.0,0.0,0.0,0.0,0.0,0.0,0.0,0,0,0,0,unknown
394050,747873,01/01/2022,12/31/2022,0.0,0.0,0.0,0.0,0.0,0.0,0.0,0,0,0,0,unknown
454149,747889,01/01/2022,12/31/2022,0.0,0.0,0.0,0.0,0.0,0.0,0.0,0,0,0,0,unknown
670109,747897,01/01/2022,12/31/2022,0.0,0.0,0.0,0.0,0.0,0.0,0.0,0,0,0,0,unknown
191324,747904,01/01/2022,12/31/2022,0.0,0.0,0.0,0.0,0.0,0.0,0.0,0,0,0,0,unknown
064029,747938,01/01/2022,12/31/2022,0.0,0.0,0.0,0.0,0.0,0.0,0.0,0,0,0,0,unknown
143302,747944,01/01/2022,12/31/2022,0.0,0.0,0.0,0.0,0.0,0.0,0.0,0,0,0,0,unknown
254007,747954,01/01/2022,12/31/2022,0.0,0.0,0.0,0.0,0.0,0.0,0.0,0,0,0,0,unknown
011304,747980,01/01/2022,12/31/2022,0.0,0.0,0.0,0.0,0.0,0.0,0.0,0,0,0,0,unknown
064009,747985,01/01/2022,12/31/2022,0.0,0.0,0.0,0.0,0.0,0.0,0.0,0,0,0,0,unknown
154057,747996,01/01/2022,12/31/2022,0.0,0.0,0.0,0.0,0.0,0.0,0.0,0,0,0,0,unknown
192057,748004,01/01/2022,12/31/2022,0.0,0.0,0.0,0.0,0.0,0.0,0.0,0,0,0,0,unknown
194069,748005,01/01/2022,12/31/2022,0.0,0.0,0.0,0.0,0.0,0.0,0.0,0,0,0,0,unknown
194112,748006,01/01/2022,12/31/2022,0.0,0.0,0.0,0.0,0.0,0.0,0.0,0,0,0,0,unknown
223303,748008,01/01/2022,12/31/2022,0.0,0.0,0.0,0.0,0.0,0.0,0.0,0,0,0,0,unknown
290042,748013,01/01/2022,12/31/2022,0.0,0.0,0.0,0.0,0.0,0.0,0.0,0,0,0,0,unknown
313027,748014,01/01/2022,01/31/2023,0.0,0.0,0.0,0.0,0.0,0.0,0.0,0,0,0,0,unknown
372012,748017,01/01/2022,12/31/2022,0.0,0.0,0.0,0.0,0.0,0.0,0.0,0,0,0,0,unknown
454146,748023,01/01/2022,12/31/2022,0.0,0.0,0.0,0.0,0.0,0.0,0.0,0,0,0,0,unknown
501331,748026,01/01/2022,12/31/2022,0.0,0.0,0.0,0.0,0.0,0.0,0.0,0,0,0,0,unknown
064024,748042,01/01/2022,12/31/2022,0.0,0.0,0.0,0.0,0.0,0.0,0.0,0,0,0,0,unknown
194007,748054,01/01/2022,12/31/2022,0.0,0.0,0.0,0.0,0.0,0.0,0.0,0,0,0,0,unknown
194118,748055,01/01/2022,12/31/2022,0.0,0.0,0.0,0.0,0.0,0.0,0.0,0,0,0,0,unknown
501332,748080,01/01/2022,12/31/2022,0.0,0.0,0.0,0.0,0.0,0.0,0.0,0,0,0,0,unknown
034029,748087,01/01/2022,12/31/2022,0.0,0.0,0.0,0.0,0.0,0.0,0.0,0,0,0,0,unknown
104079,748097,01/01/2022,12/31/2022,0.0,0.0,0.0,0.0,0.0,0.0,0.0,0,0,0,0,unknown
324013,748116,01/01/2022,12/31/2022,0.0,0.0,0.0,0.0,0.0,0.0,0.0,0,0,0,0,unknown
453029,748140,01/01/2022,07/31/2022,0.0,0.0,0.0,0.0,0.0,0.0,0.0,0,0,0,0,unknown
453040,748142,01/01/2022,07/31/2022,0.0,0.0,0.0,0.0,0.0,0.0,0.0,0,0,0,0,unknown
454114,748144,01/01/2022,12/31/2022,0.0,0.0,0.0,0.0,0.0,0.0,0.0,0,0,0,0,unknown
194113,748170,01/01/2022,12/31/2022,0.0,0.0,0.0,0.0,0.0,0.0,0.0,0,0,0,0,unknown
344029,748185,01/01/2022,12/31/2022,0.0,0.0,0.0,0.0,0.0,0.0,0.0,0,0,0,0,unknown
051315,748206,01/01/2022,12/31/2022,0.0,0.0,0.0,0.0,0.0,0.0,0.0,0,0,0,0,unknown
501339,748243,01/01/2022,12/31/2022,0.0,0.0,0.0,0.0,0.0,0.0,0.0,0,0,0,0,unknown
453042,748292,01/01/2022,07/31/2022,0.0,0.0,0.0,0.0,0.0,0.0,0.0,0,0,0,0,unknown
044006,748307,01/01/2022,12/31/2022,0.0,0.0,0.0,0.0,0.0,0.0,0.0,0,0,0,0,unknown
054158,748310,08/25/2022,12/31/2022,0.0,0.0,0.0,0.0,0.0,0.0,0.0,0,0,0,0,unknown
141351,748326,03/01/2022,02/28/2023,0.0,0.0,0.0,0.0,0.0,0.0,0.0,0,0,0,0,unknown
324010,748353,01/01/2022,12/31/2022,0.0,0.0,0.0,0.0,0.0,0.0,0.0,0,0,0,0,unknown
074008,748373,10/01/2021,09/30/2022,0.0,0.0,0.0,0.0,0.0,0.0,0.0,0,0,0,0,unknown
334022,748412,01/01/2022,12/31/2022,0.0,0.0,0.0,0.0,0.0,0.0,0.0,0,0,0,0,unknown
334049,748413,01/01/2022,12/31/2022,0.0,0.0,0.0,0.0,0.0,0.0,0.0,0,0,0,0,unknown
364066,748440,01/25/2022,12/31/2022,0.0,0.0,0.0,0.0,0.0,0.0,0.0,0,0,0,0,unknown
394057,748443,01/01/2022,12/31/2022,0.0,0.0,0.0,0.0,0.0,0.0,0.0,0,0,0,0,unknown
503301,748450,01/01/2022,12/31/2022,0.0,0.0,0.0,0.0,0.0,0.0,0.0,0,0,0,0,unknown
054159,748505,04/21/2022,12/31/2022,0.0,0.0,0.0,0.0,0.0,0.0,0.0,0,0,0,0,unknown
083027,748506,05/01/2022,04/30/2023,0.0,0.0,0.0,0.0,0.0,0.0,0.0,0,0,0,0,unknown
104084,748511,07/01/2022,01/31/2023,0.0,0.0,0.0,0.0,0.0,0.0,0.0,0,0,0,0,unknown
334002,748566,01/01/2022,12/31/2022,0.0,0.0,0.0,0.0,0.0,0.0,0.0,0,0,0,0,unknown
373035,748574,05/01/2022,04/30/2023,0.0,0.0,0.0,0.0,0.0,0.0,0.0,0,0,0,0,unknown
374021,748575,01/01/2022,12/31/2022,0.0,0.0,0.0,0.0,0.0,0.0,0.0,0,0,0,0,unknown
454126,748588,01/01/2022,12/31/2022,0.0,0.0,0.0,0.0,0.0,0.0,0.0,0,0,0,0,unknown
464012,748591,01/01/2022,12/31/2022,0.0,0.0,0.0,0.0,0.0,0.0,0.0,0,0,0,0,unknown
514001,748597,01/01/2022,12/31/2022,0.0,0.0,0.0,0.0,0.0,0.0,0.0,0,0,0,0,unknown
154054,748620,01/01/2022,12/31/2022,0.0,0.0,0.0,0.0,0.0,0.0,0.0,0,0,0,0,unknown
194083,748621,01/01/2022,12/31/2022,0.0,0.0,0.0,0.0,0.0,0.0,0.0,0,0,0,0,unknown
244016,748628,01/01/2022,12/31/2022,0.0,0.0,0.0,0.0,0.0,0.0,0.0,0,0,0,0,unknown
504009,748662,01/01/2022,12/31/2022,0.0,0.0,0.0,0.0,0.0,0.0,0.0,0,0,0,0,unknown
453302,748733,01/01/2022,12/31/2022,0.0,0.0,0.0,0.0,0.0,0.0,0.0,0,0,0,0,unknown
224038,748756,01/01/2022,12/31/2022,0.0,0.0,0.0,0.0,0.0,0.0,0.0,0,0,0,0,unknown
241306,748757,01/01/2022,12/31/2022,0.0,0.0,0.0,0.0,0.0,0.0,0.0,0,0,0,0,unknown
250163,748758,01/01/2022,12/31/2022,0.0,0.0,0.0,0.0,0.0,0.0,0.0,0,0,0,0,unknown
504016,748794,01/01/2022,12/31/2022,0.0,0.0,0.0,0.0,0.0,0.0,0.0,0,0,0,0,unknown
014018,748798,01/01/2022,12/31/2022,0.0,0.0,0.0,0.0,0.0,0.0,0.0,0,0,0,0,unknown
103051,748852,06/17/2022,12/31/2022,0.0,0.0,0.0,0.0,0.0,0.0,0.0,0,0,0,0,unknown
294014,748874,01/01/2022,12/31/2022,0.0,0.0,0.0,0.0,0.0,0.0,0.0,0,0,0,0,unknown
443038,748892,07/15/2022,12/31/2022,0.0,0.0,0.0,0.0,0.0,0.0,0.0,0,0,0,0,unknown
194117,748917,01/01/2022,12/31/2022,0.0,0.0,0.0,0.0,0.0,0.0,0.0,0,0,0,0,unknown
064028,748953,01/01/2022,12/31/2022,0.0,0.0,0.0,0.0,0.0,0.0,0.0,0,0,0,0,unknown
193050,748969,04/01/2022,03/31/2023,0.0,0.0,0.0,0.0,0.0,0.0,0.0,0,0,0,0,unknown
364050,748990,01/01/2022,12/31/2022,0.0,0.0,0.0,0.0,0.0,0.0,0.0,0,0,0,0,unknown
053311,749016,01/01/2022,12/31/2022,0.0,0.0,0.0,0.0,0.0,0.0,0.0,0,0,0,0,unknown
123301,749020,01/01/2022,12/31/2022,0.0,0.0,0.0,0.0,0.0,0.0,0.0,0,0,0,0,unknown
154068,749023,07/08/2022,12/31/2022,0.0,0.0,0.0,0.0,0.0,0.0,0.0,0,0,0,0,unknown
241353,749062,04/01/2022,03/31/2023,0.0,0.0,0.0,0.0,0.0,0.0,0.0,0,0,0,0,unknown
383300,749075,01/01/2022,12/31/2022,0.0,0.0,0.0,0.0,0.0,0.0,0.0,0,0,0,0,unknown
051333,749139,01/01/2022,12/31/2022,0.0,0.0,0.0,0.0,0.0,0.0,0.0,0,0,0,0,unknown
054156,749141,01/01/2022,12/31/2022,0.0,0.0,0.0,0.0,0.0,0.0,0.0,0,0,0,0,unknown
332006,749168,01/01/2022,12/31/2022,0.0,0.0,0.0,0.0,0.0,0.0,0.0,0,0,0,0,unknown
371326,749186,04/01/2022,03/31/2023,0.0,0.0,0.0,0.0,0.0,0.0,0.0,0,0,0,0,unknown
452035,749199,04/01/2022,03/31/2023,0.0,0.0,0.0,0.0,0.0,0.0,0.0,0,0,0,0,unknown
051336,749210,10/01/2021,09/30/2022,0.0,0.0,0.0,0.0,0.0,0.0,0.0,0,0,0,0,unknown
063038,749213,03/04/2022,03/31/2023,0.0,0.0,0.0,0.0,0.0,0.0,0.0,0,0,0,0,unknown
112012,749222,01/01/2022,12/31/2022,0.0,0.0,0.0,0.0,0.0,0.0,0.0,0,0,0,0,unknown
444019,749271,01/01/2022,12/31/2022,0.0,0.0,0.0,0.0,0.0,0.0,0.0,0,0,0,0,unknown
444021,749272,01/01/2022,12/31/2022,0.0,0.0,0.0,0.0,0.0,0.0,0.0,0,0,0,0,unknown
444024,749273,01/01/2022,12/31/2022,0.0,0.0,0.0,0.0,0.0,0.0,0.0,0,0,0,0,unknown
444031,749274,09/06/2022,12/31/2022,0.0,0.0,0.0,0.0,0.0,0.0,0.0,0,0,0,0,unknown
454129,749282,01/01/2022,12/31/2022,0.0,0.0,0.0,0.0,0.0,0.0,0.0,0,0,0,0,unknown
670134,749287,01/01/2022,12/31/2022,0.0,0.0,0.0,0.0,0.0,0.0,0.0,0,0,0,0,unknown
034024,749296,01/01/2022,12/31/2022,0.0,0.0,0.0,0.0,0.0,0.0,0.0,0,0,0,0,unknown
034028,749297,01/01/2022,12/31/2022,0.0,0.0,0.0,0.0,0.0,0.0,0.0,0,0,0,0,unknown
034034,749298,01/01/2022,12/31/2022,0.0,0.0,0.0,0.0,0.0,0.0,0.0,0,0,0,0,unknown
130073,749314,01/01/2022,12/31/2022,0.0,0.0,0.0,0.0,0.0,0.0,0.0,0,0,0,0,unknown
264032,749327,01/01/2022,12/31/2022,0.0,0.0,0.0,0.0,0.0,0.0,0.0,0,0,0,0,unknown
444007,749365,03/01/2022,02/28/2023,0.0,0.0,0.0,0.0,0.0,0.0,0.0,0,0,0,0,unknown
494023,749370,02/01/2022,01/31/2023,0.0,0.0,0.0,0.0,0.0,0.0,0.0,0,0,0,0,unknown
503302,749505,01/01/2022,12/31/2022,0.0,0.0,0.0,0.0,0.0,0.0,0.0,0,0,0,0,unknown
521336,749507,04/01/2022,03/31/2023,0.0,0.0,0.0,0.0,0.0,0.0,0.0,0,0,0,0,unknown
194105,749649,01/01/2022,12/31/2022,0.0,0.0,0.0,0.0,0.0,0.0,0.0,0,0,0,0,unknown
713029,749718,04/01/2022,03/31/2023,0.0,0.0,0.0,0.0,0.0,0.0,0.0,0,0,0,0,unknown
154059,749828,01/01/2022,12/31/2022,0.0,0.0,0.0,0.0,0.0,0.0,0.0,0,0,0,0,unknown
154067,749829,01/01/2022,12/31/2022,0.0,0.0,0.0,0.0,0.0,0.0,0.0,0,0,0,0,unknown
251322,749849,01/01/2022,12/31/2022,0.0,0.0,0.0,0.0,0.0,0.0,0.0,0,0,0,0,unknown
054150,749902,01/01/2022,12/31/2022,0.0,0.0,0.0,0.0,0.0,0.0,0.0,0,0,0,0,unknown
144035,749914,07/01/2022,12/31/2022,0.0,0.0,0.0,0.0,0.0,0.0,0.0,0,0,0,0,unknown
333301,749927,01/01/2022,12/31/2022,0.0,0.0,0.0,0.0,0.0,0.0,0.0,0,0,0,0,unknown
224046,750004,01/01/2022,12/31/2022,0.0,0.0,0.0,0.0,0.0,0.0,0.0,0,0,0,0,unknown
362038,750010,03/01/2022,02/28/2023,0.0,0.0,0.0,0.0,0.0,0.0,0.0,0,0,0,0,unknown
404007,750164,01/01/2022,12/31/2022,0.0,0.0,0.0,0.0,0.0,0.0,0.0,0,0,0,0,unknown
291314,750216,04/01/2022,03/31/2023,0.0,0.0,0.0,0.0,0.0,0.0,0.0,0,0,0,0,unknown
294016,750217,01/01/2022,12/31/2022,0.0,0.0,0.0,0.0,0.0,0.0,0.0,0,0,0,0,unknown
454134,750247,01/01/2022,12/31/2022,0.0,0.0,0.0,0.0,0.0,0.0,0.0,0,0,0,0,unknown
241367,750291,01/01/2022,12/31/2022,0.0,0.0,0.0,0.0,0.0,0.0,0.0,0,0,0,0,unknown
034035,750343,01/01/2022,12/31/2022,0.0,0.0,0.0,0.0,0.0,0.0,0.0,0,0,0,0,unknown
034036,750344,01/01/2022,12/04/2022,0.0,0.0,0.0,0.0,0.0,0.0,0.0,0,0,0,0,unknown
141343,750362,05/01/2022,04/30/2023,0.0,0.0,0.0,0.0,0.0,0.0,0.0,0,0,0,0,unknown
194115,750369,01/01/2022,12/31/2022,0.0,0.0,0.0,0.0,0.0,0.0,0.0,0,0,0,0,unknown
264031,750379,01/01/2022,12/31/2022,0.0,0.0,0.0,0.0,0.0,0.0,0.0,0,0,0,0,unknown
443030,750405,06/01/2022,05/31/2023,0.0,0.0,0.0,0.0,0.0,0.0,0.0,0,0,0,0,unknown
052057,750432,04/01/2022,03/31/2023,0.0,0.0,0.0,0.0,0.0,0.0,0.0,0,0,0,0,unknown
143030,750441,03/08/2022,05/31/2023,0.0,0.0,0.0,0.0,0.0,0.0,0.0,0,0,0,0,unknown
164007,750443,04/01/2022,03/31/2023,0.0,0.0,0.0,0.0,0.0,0.0,0.0,0,0,0,0,unknown
293035,750454,04/01/2022,03/31/2023,0.0,0.0,0.0,0.0,0.0,0.0,0.0,0,0,0,0,unknown
452018,750476,04/01/2022,03/31/2023,0.0,0.0,0.0,0.0,0.0,0.0,0.0,0,0,0,0,unknown
493034,750481,06/01/2022,05/31/2023,0.0,0.0,0.0,0.0,0.0,0.0,0.0,0,0,0,0,unknown
033043,750487,04/01/2022,03/31/2023,0.0,0.0,0.0,0.0,0.0,0.0,0.0,0,0,0,0,unknown
201304,750503,05/01/2022,04/30/2023,0.0,0.0,0.0,0.0,0.0,0.0,0.0,0,0,0,0,unknown
313036,750515,06/01/2022,05/31/2023,0.0,0.0,0.0,0.0,0.0,0.0,0.0,0,0,0,0,unknown
442006,750533,09/01/2022,02/03/2023,0.0,0.0,0.0,0.0,0.0,0.0,0.0,0,0,0,0,unknown
171354,750553,04/01/2022,03/31/2023,0.0,0.0,0.0,0.0,0.0,0.0,0.0,0,0,0,0,unknown
320057,750564,10/01/2021,09/30/2022,0.0,0.0,0.0,0.0,0.0,0.0,0.0,0,0,0,0,unknown
670093,750596,01/01/2022,12/31/2022,0.0,0.0,0.0,0.0,0.0,0.0,0.0,0,0,0,0,unknown
053044,750604,04/08/2022,04/30/2023,0.0,0.0,0.0,0.0,0.0,0.0,0.0,0,0,0,0,unknown
111324,750614,05/01/2022,04/30/2023,0.0,0.0,0.0,0.0,0.0,0.0,0.0,0,0,0,0,unknown
141307,750650,05/01/2022,04/30/2023,0.0,0.0,0.0,0.0,0.0,0.0,0.0,0,0,0,0,unknown
322004,750662,03/01/2022,02/28/2023,0.0,0.0,0.0,0.0,0.0,0.0,0.0,0,0,0,0,unknown
124001,750679,01/01/2022,12/31/2022,0.0,0.0,0.0,0.0,0.0,0.0,0.0,0,0,0,0,unknown
251330,750741,05/01/2022,04/30/2023,0.0,0.0,0.0,0.0,0.0,0.0,0.0,0,0,0,0,unknown
371334,750748,05/01/2022,04/30/2023,0.0,0.0,0.0,0.0,0.0,0.0,0.0,0,0,0,0,unknown
381321,750842,05/01/2022,04/30/2023,0.0,0.0,0.0,0.0,0.0,0.0,0.0,0,0,0,0,unknown
351330,750946,04/01/2022,03/31/2023,0.0,0.0,0.0,0.0,0.0,0.0,0.0,0,0,0,0,unknown
044013,751250,06/01/2022,05/31/2023,0.0,0.0,0.0,0.0,0.0,0.0,0.0,0,0,0,0,unknown
373300,751292,07/01/2022,06/30/2023,0.0,0.0,0.0,0.0,0.0,0.0,0.0,0,0,0,0,unknown
394038,751297,07/01/2022,06/30/2023,0.0,0.0,0.0,0.0,0.0,0.0,0.0,0,0,0,0,unknown
133027,751329,06/01/2022,05/31/2023,0.0,0.0,0.0,0.0,0.0,0.0,0.0,0,0,0,0,unknown
141327,751330,01/01/2022,12/31/2022,0.0,0.0,0.0,0.0,0.0,0.0,0.0,0,0,0,0,unknown
464007,751383,07/01/2022,06/30/2023,0.0,0.0,0.0,0.0,0.0,0.0,0.0,0,0,0,0,unknown
533027,751384,06/01/2022,05/31/2023,0.0,0.0,0.0,0.0,0.0,0.0,0.0,0,0,0,0,unknown
673061,751386,06/01/2022,05/31/2023,0.0,0.0,0.0,0.0,0.0,0.0,0.0,0,0,0,0,unknown
673067,751387,06/01/2022,05/31/2023,0.0,0.0,0.0,0.0,0.0,0.0,0.0,0,0,0,0,unknown
364038,751427,05/01/2022,04/30/2023,0.0,0.0,0.0,0.0,0.0,0.0,0.0,0,0,0,0,unknown
524043,751587,06/03/2022,04/30/2023,0.0,0.0,0.0,0.0,0.0,0.0,0.0,0,0,0,0,unknown
141345,751979,04/01/2022,03/31/2023,0.0,0.0,0.0,0.0,0.0,0.0,0.0,0,0,0,0,unknown
144039,751980,07/01/2022,06/30/2023,0.0,0.0,0.0,0.0,0.0,0.0,0.0,0,0,0,0,unknown
381306,752015,07/01/2022,06/30/2023,0.0,0.0,0.0,0.0,0.0,0.0,0.0,0,0,0,0,unknown
493300,752035,06/01/2022,05/31/2023,0.0,0.0,0.0,0.0,0.0,0.0,0.0,0,0,0,0,unknown
063027,752052,06/01/2022,05/31/2023,0.0,0.0,0.0,0.0,0.0,0.0,0.0,0,0,0,0,unknown
393026,752145,07/01/2022,06/30/2023,0.0,0.0,0.0,0.0,0.0,0.0,0.0,0,0,0,0,unknown
393027,752146,07/01/2022,06/30/2023,0.0,0.0,0.0,0.0,0.0,0.0,0.0,0,0,0,0,unknown
393046,752152,07/01/2022,06/30/2023,0.0,0.0,0.0,0.0,0.0,0.0,0.0,0,0,0,0,unknown
393047,752153,07/01/2022,06/30/2023,0.0,0.0,0.0,0.0,0.0,0.0,0.0,0,0,0,0,unknown
393053,752154,06/01/2022,05/31/2023,0.0,0.0,0.0,0.0,0.0,0.0,0.0,0,0,0,0,unknown
673044,752189,07/01/2022,06/30/2023,0.0,0.0,0.0,0.0,0.0,0.0,0.0,0,0,0,0,unknown
014013,752306,07/01/2022,06/30/2023,0.0,0.0,0.0,0.0,0.0,0.0,0.0,0,0,0,0,unknown
111305,752326,07/01/2022,06/30/2023,0.0,0.0,0.0,0.0,0.0,0.0,0.0,0,0,0,0,unknown
250152,752354,07/01/2022,06/30/2023,0.0,0.0,0.0,0.0,0.0,0.0,0.0,0,0,0,0,unknown
334064,752645,04/01/2022,03/31/2023,0.0,0.0,0.0,0.0,0.0,0.0,0.0,0,0,0,0,unknown
014000,752785,07/01/2022,06/30/2023,0.0,0.0,0.0,0.0,0.0,0.0,0.0,0,0,0,0,unknown
034032,752788,01/01/2022,12/31/2022,0.0,0.0,0.0,0.0,0.0,0.0,0.0,0,0,0,0,unknown
521329,753133,07/01/2022,06/30/2023,0.0,0.0,0.0,0.0,0.0,0.0,0.0,0,0,0,0,unknown
282003,753559,07/01/2022,06/30/2023,0.0,0.0,0.0,0.0,0.0,0.0,0.0,0,0,0,0,unknown
334065,754422,04/01/2022,03/31/2023,0.0,0.0,0.0,0.0,0.0,0.0,0.0,0,0,0,0,unknown
334066,754423,04/01/2022,03/31/2023,0.0,0.0,0.0,0.0,0.0,0.0,0.0,0,0,0,0,unknown
100079,755565,06/01/2022,05/31/2023,0.0,0.0,0.0,0.0,0.0,0.0,0.0,0,0,0,0,unknown
171382,755571,10/01/2021,12/31/2021,0.0,0.0,0.0,0.0,0.0,0.0,0.0,0,0,0,0,unknown
254011,755580,04/01/2022,03/31/2023,0.0,0.0,0.0,0.0,0.0,0.0,0.0,0,0,0,0,unknown
051303,755709,07/01/2022,06/30/2023,0.0,0.0,0.0,0.0,0.0,0.0,0.0,0,0,0,0,unknown
501337,755818,07/01/2022,06/30/2023,0.0,0.0,0.0,0.0,0.0,0.0,0.0,0,0,0,0,unknown
271317,755940,07/01/2022,06/30/2023,0.0,0.0,0.0,0.0,0.0,0.0,0.0,0,0,0,0,unknown
381304,755954,07/01/2022,06/30/2023,0.0,0.0,0.0,0.0,0.0,0.0,0.0,0,0,0,0,unknown
431312,755961,07/01/2022,06/30/2023,0.0,0.0,0.0,0.0,0.0,0.0,0.0,0,0,0,0,unknown
053302,756010,07/01/2022,06/30/2023,0.0,0.0,0.0,0.0,0.0,0.0,0.0,0,0,0,0,unknown
452060,756117,08/01/2022,01/26/2023,0.0,0.0,0.0,0.0,0.0,0.0,0.0,0,0,0,0,unknown
504014,756126,04/01/2022,03/31/2023,0.0,0.0,0.0,0.0,0.0,0.0,0.0,0,0,0,0,unknown
511316,756128,07/01/2022,06/30/2023,0.0,0.0,0.0,0.0,0.0,0.0,0.0,0,0,0,0,unknown
531313,756135,07/01/2022,06/30/2023,0.0,0.0,0.0,0.0,0.0,0.0,0.0,0,0,0,0,unknown
033034,756141,08/01/2022,07/31/2023,0.0,0.0,0.0,0.0,0.0,0.0,0.0,0,0,0,0,unknown
144041,756173,01/01/2022,12/31/2022,0.0,0.0,0.0,0.0,0.0,0.0,0.0,0,0,0,0,unknown
271313,756204,07/01/2022,06/30/2023,0.0,0.0,0.0,0.0,0.0,0.0,0.0,0,0,0,0,unknown
344026,756212,07/01/2022,06/30/2023,0.0,0.0,0.0,0.0,0.0,0.0,0.0,0,0,0,0,unknown
381312,756217,07/01/2022,06/30/2023,0.0,0.0,0.0,0.0,0.0,0.0,0.0,0,0,0,0,unknown
431300,756218,07/01/2022,06/30/2023,0.0,0.0,0.0,0.0,0.0,0.0,0.0,0,0,0,0,unknown
454014,756239,09/01/2022,06/30/2023,0.0,0.0,0.0,0.0,0.0,0.0,0.0,0,0,0,0,unknown
180106,756325,04/01/2022,03/31/2023,0.0,0.0,0.0,0.0,0.0,0.0,0.0,0,0,0,0,unknown
301304,756350,07/01/2022,06/30/2023,0.0,0.0,0.0,0.0,0.0,0.0,0.0,0,0,0,0,unknown
321305,756351,07/01/2022,06/30/2023,0.0,0.0,0.0,0.0,0.0,0.0,0.0,0,0,0,0,unknown
363037,756366,07/01/2022,06/30/2023,0.0,0.0,0.0,0.0,0.0,0.0,0.0,0,0,0,0,unknown
393025,756386,07/01/2022,06/30/2023,0.0,0.0,0.0,0.0,0.0,0.0,0.0,0,0,0,0,unknown
424013,756398,07/01/2022,06/30/2023,0.0,0.0,0.0,0.0,0.0,0.0,0.0,0,0,0,0,unknown
443025,756411,07/01/2022,06/30/2023,0.0,0.0,0.0,0.0,0.0,0.0,0.0,0,0,0,0,unknown
521354,756456,07/01/2022,06/30/2023,0.0,0.0,0.0,0.0,0.0,0.0,0.0,0,0,0,0,unknown
111306,756492,07/01/2022,06/30/2023,0.0,0.0,0.0,0.0,0.0,0.0,0.0,0,0,0,0,unknown
394056,756551,07/01/2022,06/30/2023,0.0,0.0,0.0,0.0,0.0,0.0,0.0,0,0,0,0,unknown
093025,756593,07/01/2022,06/30/2023,0.0,0.0,0.0,0.0,0.0,0.0,0.0,0,0,0,0,unknown
193044,756624,07/01/2022,06/30/2023,0.0,0.0,0.0,0.0,0.0,0.0,0.0,0,0,0,0,unknown
241330,756646,07/01/2022,06/30/2023,0.0,0.0,0.0,0.0,0.0,0.0,0.0,0,0,0,0,unknown
241349,756647,07/01/2022,06/30/2023,0.0,0.0,0.0,0.0,0.0,0.0,0.0,0,0,0,0,unknown
291300,756660,07/01/2022,06/30/2023,0.0,0.0,0.0,0.0,0.0,0.0,0.0,0,0,0,0,unknown
341311,756678,07/01/2022,06/30/2023,0.0,0.0,0.0,0.0,0.0,0.0,0.0,0,0,0,0,unknown
341328,756680,07/01/2022,06/30/2023,0.0,0.0,0.0,0.0,0.0,0.0,0.0,0,0,0,0,unknown
391303,756702,07/01/2022,06/30/2023,0.0,0.0,0.0,0.0,0.0,0.0,0.0,0,0,0,0,unknown
441310,756722,07/01/2022,06/30/2023,0.0,0.0,0.0,0.0,0.0,0.0,0.0,0,0,0,0,unknown
511307,756738,07/01/2022,06/30/2023,0.0,0.0,0.0,0.0,0.0,0.0,0.0,0,0,0,0,unknown
511313,756739,07/01/2022,06/30/2023,0.0,0.0,0.0,0.0,0.0,0.0,0.0,0,0,0,0,unknown
521323,756743,01/01/2022,12/31/2022,0.0,0.0,0.0,0.0,0.0,0.0,0.0,0,0,0,0,unknown
034040,756758,05/31/2022,05/31/2023,0.0,0.0,0.0,0.0,0.0,0.0,0.0,0,0,0,0,unknown
114013,756790,07/01/2022,06/30/2023,0.0,0.0,0.0,0.0,0.0,0.0,0.0,0,0,0,0,unknown
114019,756791,07/01/2022,06/30/2023,0.0,0.0,0.0,0.0,0.0,0.0,0.0,0,0,0,0,unknown
141349,756804,07/01/2022,06/30/2023,0.0,0.0,0.0,0.0,0.0,0.0,0.0,0,0,0,0,unknown
214018,756832,07/01/2022,06/30/2023,0.0,0.0,0.0,0.0,0.0,0.0,0.0,0,0,0,0,unknown
241362,756840,07/01/2022,06/30/2023,0.0,0.0,0.0,0.0,0.0,0.0,0.0,0,0,0,0,unknown
344033,756868,07/01/2022,06/30/2023,0.0,0.0,0.0,0.0,0.0,0.0,0.0,0,0,0,0,unknown
444010,756910,07/01/2022,06/30/2023,0.0,0.0,0.0,0.0,0.0,0.0,0.0,0,0,0,0,unknown
451315,756926,07/01/2022,06/30/2023,0.0,0.0,0.0,0.0,0.0,0.0,0.0,0,0,0,0,unknown
271311,757016,07/01/2022,06/30/2023,0.0,0.0,0.0,0.0,0.0,0.0,0.0,0,0,0,0,unknown
291302,757020,07/01/2022,06/30/2023,0.0,0.0,0.0,0.0,0.0,0.0,0.0,0,0,0,0,unknown
304001,757021,06/08/2022,06/30/2023,0.0,0.0,0.0,0.0,0.0,0.0,0.0,0,0,0,0,unknown
351320,757027,07/01/2022,06/30/2023,0.0,0.0,0.0,0.0,0.0,0.0,0.0,0,0,0,0,unknown
443302,757046,07/01/2022,06/30/2023,0.0,0.0,0.0,0.0,0.0,0.0,0.0,0,0,0,0,unknown
673046,757083,07/01/2022,06/30/2023,0.0,0.0,0.0,0.0,0.0,0.0,0.0,0,0,0,0,unknown
170110,757121,07/01/2022,06/30/2023,0.0,0.0,0.0,0.0,0.0,0.0,0.0,0,0,0,0,unknown
241359,757159,07/01/2022,06/30/2023,0.0,0.0,0.0,0.0,0.0,0.0,0.0,0,0,0,0,unknown
361324,757212,07/01/2022,06/30/2023,0.0,0.0,0.0,0.0,0.0,0.0,0.0,0,0,0,0,unknown
361325,757213,07/01/2022,06/30/2023,0.0,0.0,0.0,0.0,0.0,0.0,0.0,0,0,0,0,unknown
363300,757214,07/01/2022,06/30/2023,0.0,0.0,0.0,0.0,0.0,0.0,0.0,0,0,0,0,unknown
381322,757226,07/01/2022,06/30/2023,0.0,0.0,0.0,0.0,0.0,0.0,0.0,0,0,0,0,unknown
393035,757233,07/01/2022,06/30/2023,0.0,0.0,0.0,0.0,0.0,0.0,0.0,0,0,0,0,unknown
100271,757308,07/01/2022,06/30/2023,0.0,0.0,0.0,0.0,0.0,0.0,0.0,0,0,0,0,unknown
161339,757333,07/01/2022,06/30/2023,0.0,0.0,0.0,0.0,0.0,0.0,0.0,0,0,0,0,unknown
443303,757414,07/01/2022,06/30/2023,0.0,0.0,0.0,0.0,0.0,0.0,0.0,0,0,0,0,unknown
531304,757432,07/01/2022,06/30/2023,0.0,0.0,0.0,0.0,0.0,0.0,0.0,0,0,0,0,unknown
051312,757462,07/01/2022,06/30/2023,0.0,0.0,0.0,0.0,0.0,0.0,0.0,0,0,0,0,unknown
051326,757465,07/01/2022,06/30/2023,0.0,0.0,0.0,0.0,0.0,0.0,0.0,0,0,0,0,unknown
051328,757466,07/01/2022,06/30/2023,0.0,0.0,0.0,0.0,0.0,0.0,0.0,0,0,0,0,unknown
051337,757467,07/01/2022,06/30/2023,0.0,0.0,0.0,0.0,0.0,0.0,0.0,0,0,0,0,unknown
053303,757469,07/01/2022,06/30/2023,0.0,0.0,0.0,0.0,0.0,0.0,0.0,0,0,0,0,unknown
160124,757532,07/01/2022,06/30/2023,0.0,0.0,0.0,0.0,0.0,0.0,0.0,0,0,0,0,unknown
301311,757577,07/01/2022,06/30/2023,0.0,0.0,0.0,0.0,0.0,0.0,0.0,0,0,0,0,unknown
500138,757618,07/01/2022,06/30/2023,0.0,0.0,0.0,0.0,0.0,0.0,0.0,0,0,0,0,unknown
521357,757628,07/01/2022,06/30/2023,0.0,0.0,0.0,0.0,0.0,0.0,0.0,0,0,0,0,unknown
041318,757643,07/01/2022,06/30/2023,0.0,0.0,0.0,0.0,0.0,0.0,0.0,0,0,0,0,unknown
143025,757671,07/01/2022,06/30/2023,0.0,0.0,0.0,0.0,0.0,0.0,0.0,0,0,0,0,unknown
201306,757691,07/01/2022,06/30/2023,0.0,0.0,0.0,0.0,0.0,0.0,0.0,0,0,0,0,unknown
201310,757692,07/01/2022,06/30/2023,0.0,0.0,0.0,0.0,0.0,0.0,0.0,0,0,0,0,unknown
222003,757693,07/01/2022,06/30/2023,0.0,0.0,0.0,0.0,0.0,0.0,0.0,0,0,0,0,unknown
222023,757694,07/01/2022,06/30/2023,0.0,0.0,0.0,0.0,0.0,0.0,0.0,0,0,0,0,unknown
224001,757695,07/01/2022,06/30/2023,0.0,0.0,0.0,0.0,0.0,0.0,0.0,0,0,0,0,unknown
224032,757696,07/01/2022,06/30/2023,0.0,0.0,0.0,0.0,0.0,0.0,0.0,0,0,0,0,unknown
224040,757697,07/01/2022,06/30/2023,0.0,0.0,0.0,0.0,0.0,0.0,0.0,0,0,0,0,unknown
241350,757709,07/01/2022,06/30/2023,0.0,0.0,0.0,0.0,0.0,0.0,0.0,0,0,0,0,unknown
241351,757710,07/01/2022,06/30/2023,0.0,0.0,0.0,0.0,0.0,0.0,0.0,0,0,0,0,unknown
271318,757716,07/01/2022,06/30/2023,0.0,0.0,0.0,0.0,0.0,0.0,0.0,0,0,0,0,unknown
271330,757717,07/01/2022,06/30/2023,0.0,0.0,0.0,0.0,0.0,0.0,0.0,0,0,0,0,unknown
271332,757718,07/01/2022,06/30/2023,0.0,0.0,0.0,0.0,0.0,0.0,0.0,0,0,0,0,unknown
334067,757734,04/01/2022,03/31/2023,0.0,0.0,0.0,0.0,0.0,0.0,0.0,0,0,0,0,unknown
521324,757787,07/01/2022,06/30/2023,0.0,0.0,0.0,0.0,0.0,0.0,0.0,0,0,0,0,unknown
034031,757796,06/01/2022,05/31/2023,0.0,0.0,0.0,0.0,0.0,0.0,0.0,0,0,0,0,unknown
064003,757818,07/01/2022,06/30/2023,0.0,0.0,0.0,0.0,0.0,0.0,0.0,0,0,0,0,unknown
222043,757881,01/01/2022,12/31/2022,0.0,0.0,0.0,0.0,0.0,0.0,0.0,0,0,0,0,unknown
271316,757910,07/01/2022,06/30/2023,0.0,0.0,0.0,0.0,0.0,0.0,0.0,0,0,0,0,unknown
271340,757912,07/01/2022,06/30/2023,0.0,0.0,0.0,0.0,0.0,0.0,0.0,0,0,0,0,unknown
271345,757913,07/01/2022,06/30/2023,0.0,0.0,0.0,0.0,0.0,0.0,0.0,0,0,0,0,unknown
291308,757919,07/01/2022,06/30/2023,0.0,0.0,0.0,0.0,0.0,0.0,0.0,0,0,0,0,unknown
364036,757947,01/01/2022,12/31/2022,0.0,0.0,0.0,0.0,0.0,0.0,0.0,0,0,0,0,unknown
393038,757980,07/01/2022,06/30/2023,0.0,0.0,0.0,0.0,0.0,0.0,0.0,0,0,0,0,unknown
431335,757991,07/01/2022,06/30/2023,0.0,0.0,0.0,0.0,0.0,0.0,0.0,0,0,0,0,unknown
431338,757993,07/01/2022,06/30/2023,0.0,0.0,0.0,0.0,0.0,0.0,0.0,0,0,0,0,unknown
431340,757994,07/21/2022,06/30/2023,0.0,0.0,0.0,0.0,0.0,0.0,0.0,0,0,0,0,unknown
531315,758043,07/01/2022,06/30/2023,0.0,0.0,0.0,0.0,0.0,0.0,0.0,0,0,0,0,unknown
254010,758124,07/01/2022,06/30/2023,0.0,0.0,0.0,0.0,0.0,0.0,0.0,0,0,0,0,unknown
281342,758134,07/01/2022,06/30/2023,0.0,0.0,0.0,0.0,0.0,0.0,0.0,0,0,0,0,unknown
381308,758170,07/01/2022,06/30/2023,0.0,0.0,0.0,0.0,0.0,0.0,0.0,0,0,0,0,unknown
521350,758211,07/01/2022,06/30/2023,0.0,0.0,0.0,0.0,0.0,0.0,0.0,0,0,0,0,unknown
041324,758423,07/01/2022,06/30/2023,0.0,0.0,0.0,0.0,0.0,0.0,0.0,0,0,0,0,unknown
301303,758512,10/01/2021,09/30/2022,0.0,0.0,0.0,0.0,0.0,0.0,0.0,0,0,0,0,unknown
301310,758513,10/01/2021,09/30/2022,0.0,0.0,0.0,0.0,0.0,0.0,0.0,0,0,0,0,unknown
391314,758565,07/01/2022,06/30/2023,0.0,0.0,0.0,0.0,0.0,0.0,0.0,0,0,0,0,unknown
393036,758567,07/01/2022,06/30/2023,0.0,0.0,0.0,0.0,0.0,0.0,0.0,0,0,0,0,unknown
673041,758605,08/01/2022,07/31/2023,0.0,0.0,0.0,0.0,0.0,0.0,0.0,0,0,0,0,unknown
021313,758610,07/01/2022,06/30/2023,0.0,0.0,0.0,0.0,0.0,0.0,0.0,0,0,0,0,unknown
024002,758773,07/01/2022,06/30/2023,0.0,0.0,0.0,0.0,0.0,0.0,0.0,0,0,0,0,unknown
051305,758816,07/01/2022,06/30/2023,0.0,0.0,0.0,0.0,0.0,0.0,0.0,0,0,0,0,unknown
051324,758819,07/01/2022,06/30/2023,0.0,0.0,0.0,0.0,0.0,0.0,0.0,0,0,0,0,unknown
051335,758821,07/01/2022,06/30/2023,0.0,0.0,0.0,0.0,0.0,0.0,0.0,0,0,0,0,unknown
351335,759003,07/01/2022,06/30/2023,0.0,0.0,0.0,0.0,0.0,0.0,0.0,0,0,0,0,unknown
531301,759073,07/01/2022,06/30/2023,0.0,0.0,0.0,0.0,0.0,0.0,0.0,0,0,0,0,unknown
121300,759161,07/01/2022,06/30/2023,0.0,0.0,0.0,0.0,0.0,0.0,0.0,0,0,0,0,unknown
201314,759220,07/01/2022,06/30/2023,0.0,0.0,0.0,0.0,0.0,0.0,0.0,0,0,0,0,unknown
263302,759245,07/01/2022,06/30/2023,0.0,0.0,0.0,0.0,0.0,0.0,0.0,0,0,0,0,unknown
364048,759275,01/01/2022,12/31/2022,0.0,0.0,0.0,0.0,0.0,0.0,0.0,0,0,0,0,unknown
390196,759300,07/01/2022,06/30/2023,0.0,0.0,0.0,0.0,0.0,0.0,0.0,0,0,0,0,unknown
424005,759309,07/01/2022,06/30/2023,0.0,0.0,0.0,0.0,0.0,0.0,0.0,0,0,0,0,unknown
424011,759310,07/01/2022,06/30/2023,0.0,0.0,0.0,0.0,0.0,0.0,0.0,0,0,0,0,unknown
494021,759343,07/01/2022,06/30/2023,0.0,0.0,0.0,0.0,0.0,0.0,0.0,0,0,0,0,unknown
494029,759344,07/01/2022,06/30/2023,0.0,0.0,0.0,0.0,0.0,0.0,0.0,0,0,0,0,unknown
494033,759345,07/01/2022,06/30/2023,0.0,0.0,0.0,0.0,0.0,0.0,0.0,0,0,0,0,unknown
051318,759440,07/01/2022,06/30/2023,0.0,0.0,0.0,0.0,0.0,0.0,0.0,0,0,0,0,unknown
344004,759543,07/01/2022,06/30/2023,0.0,0.0,0.0,0.0,0.0,0.0,0.0,0,0,0,0,unknown
381309,759553,07/01/2022,06/30/2023,0.0,0.0,0.0,0.0,0.0,0.0,0.0,0,0,0,0,unknown
381325,759554,07/01/2022,06/30/2023,0.0,0.0,0.0,0.0,0.0,0.0,0.0,0,0,0,0,unknown
313035,759809,09/01/2022,08/31/2023,0.0,0.0,0.0,0.0,0.0,0.0,0.0,0,0,0,0,unknown
444001,759888,07/01/2022,06/30/2023,0.0,0.0,0.0,0.0,0.0,0.0,0.0,0,0,0,0,unknown
444002,759889,07/01/2022,06/30/2023,0.0,0.0,0.0,0.0,0.0,0.0,0.0,0,0,0,0,unknown
444008,759890,07/01/2022,06/30/2023,0.0,0.0,0.0,0.0,0.0,0.0,0.0,0,0,0,0,unknown
444014,759891,07/01/2022,06/30/2023,0.0,0.0,0.0,0.0,0.0,0.0,0.0,0,0,0,0,unknown
453053,759909,09/01/2022,08/31/2023,0.0,0.0,0.0,0.0,0.0,0.0,0.0,0,0,0,0,unknown
494010,759920,07/01/2022,06/30/2023,0.0,0.0,0.0,0.0,0.0,0.0,0.0,0,0,0,0,unknown
074012,760077,07/01/2022,06/30/2023,0.0,0.0,0.0,0.0,0.0,0.0,0.0,0,0,0,0,unknown
224028,760110,07/01/2022,06/30/2023,0.0,0.0,0.0,0.0,0.0,0.0,0.0,0,0,0,0,unknown
224031,760111,07/01/2022,06/30/2023,0.0,0.0,0.0,0.0,0.0,0.0,0.0,0,0,0,0,unknown
673063,760165,08/01/2022,07/31/2023,0.0,0.0,0.0,0.0,0.0,0.0,0.0,0,0,0,0,unknown
034039,760181,04/01/2022,03/31/2023,0.0,0.0,0.0,0.0,0.0,0.0,0.0,0,0,0,0,unknown
043026,760292,01/01/2022,12/31/2022,0.0,0.0,0.0,0.0,0.0,0.0,0.0,0,0,0,0,unknown
213301,760423,07/01/2022,06/30/2023,0.0,0.0,0.0,0.0,0.0,0.0,0.0,0,0,0,0,unknown
441307,760583,08/01/2022,07/31/2023,0.0,0.0,0.0,0.0,0.0,0.0,0.0,0,0,0,0,unknown
264020,760749,07/01/2022,06/30/2023,0.0,0.0,0.0,0.0,0.0,0.0,0.0,0,0,0,0,unknown
031301,760863,01/01/2022,12/31/2022,0.0,0.0,0.0,0.0,0.0,0.0,0.0,0,0,0,0,unknown
213300,760882,07/01/2022,06/30/2023,0.0,0.0,0.0,0.0,0.0,0.0,0.0,0,0,0,0,unknown
394040,760902,07/01/2022,06/30/2023,0.0,0.0,0.0,0.0,0.0,0.0,0.0,0,0,0,0,unknown
444029,760906,08/01/2022,07/31/2023,0.0,0.0,0.0,0.0,0.0,0.0,0.0,0,0,0,0,unknown
514012,760914,07/01/2022,06/30/2023,0.0,0.0,0.0,0.0,0.0,0.0,0.0,0,0,0,0,unknown
014007,760918,07/01/2022,06/30/2023,0.0,0.0,0.0,0.0,0.0,0.0,0.0,0,0,0,0,unknown
114028,760930,07/01/2022,06/30/2023,0.0,0.0,0.0,0.0,0.0,0.0,0.0,0,0,0,0,unknown
114029,760931,07/01/2022,06/30/2023,0.0,0.0,0.0,0.0,0.0,0.0,0.0,0,0,0,0,unknown
444003,761004,07/01/2022,06/30/2023,0.0,0.0,0.0,0.0,0.0,0.0,0.0,0,0,0,0,unknown
104001,761041,07/01/2022,06/30/2023,0.0,0.0,0.0,0.0,0.0,0.0,0.0,0,0,0,0,unknown
104007,761042,07/01/2022,06/30/2023,0.0,0.0,0.0,0.0,0.0,0.0,0.0,0,0,0,0,unknown
341305,761081,08/01/2022,07/31/2023,0.0,0.0,0.0,0.0,0.0,0.0,0.0,0,0,0,0,unknown
364044,761087,07/01/2022,06/30/2023,0.0,0.0,0.0,0.0,0.0,0.0,0.0,0,0,0,0,unknown
344016,761169,07/01/2022,06/30/2023,0.0,0.0,0.0,0.0,0.0,0.0,0.0,0,0,0,0,unknown
344023,761170,07/01/2022,06/30/2023,0.0,0.0,0.0,0.0,0.0,0.0,0.0,0,0,0,0,unknown
344025,761171,07/01/2022,06/30/2023,0.0,0.0,0.0,0.0,0.0,0.0,0.0,0,0,0,0,unknown
344027,761172,07/01/2022,06/30/2023,0.0,0.0,0.0,0.0,0.0,0.0,0.0,0,0,0,0,unknown
373303,761176,07/01/2022,06/30/2023,0.0,0.0,0.0,0.0,0.0,0.0,0.0,0,0,0,0,unknown
451379,761183,08/01/2022,07/31/2023,0.0,0.0,0.0,0.0,0.0,0.0,0.0,0,0,0,0,unknown
494017,761188,07/01/2022,06/30/2023,0.0,0.0,0.0,0.0,0.0,0.0,0.0,0,0,0,0,unknown
514009,761192,07/01/2022,06/30/2023,0.0,0.0,0.0,0.0,0.0,0.0,0.0,0,0,0,0,unknown
144028,761206,07/01/2022,06/30/2023,0.0,0.0,0.0,0.0,0.0,0.0,0.0,0,0,0,0,unknown
144034,761207,07/01/2022,06/30/2023,0.0,0.0,0.0,0.0,0.0,0.0,0.0,0,0,0,0,unknown
214012,761216,07/01/2022,06/30/2023,0.0,0.0,0.0,0.0,0.0,0.0,0.0,0,0,0,0,unknown
264028,761223,07/01/2022,06/30/2023,0.0,0.0,0.0,0.0,0.0,0.0,0.0,0,0,0,0,unknown
454152,761251,06/01/2022,05/31/2023,0.0,0.0,0.0,0.0,0.0,0.0,0.0,0,0,0,0,unknown
164002,761277,07/01/2022,06/30/2023,0.0,0.0,0.0,0.0,0.0,0.0,0.0,0,0,0,0,unknown
214004,761288,07/01/2022,06/30/2023,0.0,0.0,0.0,0.0,0.0,0.0,0.0,0,0,0,0,unknown
254009,761300,07/01/2022,06/30/2023,0.0,0.0,0.0,0.0,0.0,0.0,0.0,0,0,0,0,unknown
072003,761362,10/01/2021,09/30/2022,0.0,0.0,0.0,0.0,0.0,0.0,0.0,0,0,0,0,unknown
074011,761363,07/01/2022,06/30/2023,0.0,0.0,0.0,0.0,0.0,0.0,0.0,0,0,0,0,unknown
204004,761375,07/01/2022,06/30/2023,0.0,0.0,0.0,0.0,0.0,0.0,0.0,0,0,0,0,unknown
214003,761376,07/01/2022,06/30/2023,0.0,0.0,0.0,0.0,0.0,0.0,0.0,0,0,0,0,unknown
244005,761380,07/01/2022,06/30/2023,0.0,0.0,0.0,0.0,0.0,0.0,0.0,0,0,0,0,unknown
394051,761403,07/01/2022,06/30/2023,0.0,0.0,0.0,0.0,0.0,0.0,0.0,0,0,0,0,unknown
181327,761441,01/01/2022,12/31/2022,0.0,0.0,0.0,0.0,0.0,0.0,0.0,0,0,0,0,unknown
271300,761448,07/01/2022,06/30/2023,0.0,0.0,0.0,0.0,0.0,0.0,0.0,0,0,0,0,unknown
362015,761463,07/01/2022,06/30/2023,0.0,0.0,0.0,0.0,0.0,0.0,0.0,0,0,0,0,unknown
364040,761465,07/01/2022,06/30/2023,0.0,0.0,0.0,0.0,0.0,0.0,0.0,0,0,0,0,unknown
364054,761466,01/01/2022,12/31/2022,0.0,0.0,0.0,0.0,0.0,0.0,0.0,0,0,0,0,unknown
364063,761468,07/01/2022,06/30/2023,0.0,0.0,0.0,0.0,0.0,0.0,0.0,0,0,0,0,unknown
393304,761471,07/01/2022,06/30/2023,0.0,0.0,0.0,0.0,0.0,0.0,0.0,0,0,0,0,unknown
394043,761472,07/01/2022,06/30/2023,0.0,0.0,0.0,0.0,0.0,0.0,0.0,0,0,0,0,unknown
034013,761496,06/01/2022,05/31/2023,0.0,0.0,0.0,0.0,0.0,0.0,0.0,0,0,0,0,unknown
312014,761548,07/01/2022,06/30/2023,0.0,0.0,0.0,0.0,0.0,0.0,0.0,0,0,0,0,unknown
214020,761589,07/01/2022,06/30/2023,0.0,0.0,0.0,0.0,0.0,0.0,0.0,0,0,0,0,unknown
074015,761626,07/01/2022,06/30/2023,0.0,0.0,0.0,0.0,0.0,0.0,0.0,0,0,0,0,unknown
144010,761642,07/01/2022,06/30/2023,0.0,0.0,0.0,0.0,0.0,0.0,0.0,0,0,0,0,unknown
144016,761643,07/01/2022,06/30/2023,0.0,0.0,0.0,0.0,0.0,0.0,0.0,0,0,0,0,unknown
394027,761712,07/01/2022,06/30/2023,0.0,0.0,0.0,0.0,0.0,0.0,0.0,0,0,0,0,unknown
144021,761766,07/01/2022,06/30/2023,0.0,0.0,0.0,0.0,0.0,0.0,0.0,0,0,0,0,unknown
144037,761767,07/01/2022,06/30/2023,0.0,0.0,0.0,0.0,0.0,0.0,0.0,0,0,0,0,unknown
194025,761892,07/01/2022,06/30/2023,0.0,0.0,0.0,0.0,0.0,0.0,0.0,0,0,0,0,unknown
362023,761921,11/01/2021,06/13/2022,0.0,0.0,0.0,0.0,0.0,0.0,0.0,0,0,0,0,unknown
244011,762066,07/01/2022,06/30/2023,0.0,0.0,0.0,0.0,0.0,0.0,0.0,0,0,0,0,unknown
244015,762067,07/01/2022,06/30/2023,0.0,0.0,0.0,0.0,0.0,0.0,0.0,0,0,0,0,unknown
244017,762068,07/01/2022,06/30/2023,0.0,0.0,0.0,0.0,0.0,0.0,0.0,0,0,0,0,unknown
374008,762111,07/01/2022,06/30/2023,0.0,0.0,0.0,0.0,0.0,0.0,0.0,0,0,0,0,unknown
013025,762133,01/01/2022,12/31/2022,0.0,0.0,0.0,0.0,0.0,0.0,0.0,0,0,0,0,unknown
013028,762134,01/01/2022,12/31/2022,0.0,0.0,0.0,0.0,0.0,0.0,0.0,0,0,0,0,unknown
013032,762135,01/01/2022,12/31/2022,0.0,0.0,0.0,0.0,0.0,0.0,0.0,0,0,0,0,unknown
053031,762140,01/01/2022,12/31/2022,0.0,0.0,0.0,0.0,0.0,0.0,0.0,0,0,0,0,unknown
053040,762141,10/01/2021,09/30/2022,0.0,0.0,0.0,0.0,0.0,0.0,0.0,0,0,0,0,unknown
083026,762144,10/01/2021,09/30/2022,0.0,0.0,0.0,0.0,0.0,0.0,0.0,0,0,0,0,unknown
103028,762148,01/01/2022,12/31/2022,0.0,0.0,0.0,0.0,0.0,0.0,0.0,0,0,0,0,unknown
103031,762149,01/01/2022,12/31/2022,0.0,0.0,0.0,0.0,0.0,0.0,0.0,0,0,0,0,unknown
103034,762150,01/01/2022,12/31/2022,0.0,0.0,0.0,0.0,0.0,0.0,0.0,0,0,0,0,unknown
103037,762151,01/01/2022,12/31/2022,0.0,0.0,0.0,0.0,0.0,0.0,0.0,0,0,0,0,unknown
103038,762152,01/01/2022,12/31/2022,0.0,0.0,0.0,0.0,0.0,0.0,0.0,0,0,0,0,unknown
103040,762153,01/01/2022,12/31/2022,0.0,0.0,0.0,0.0,0.0,0.0,0.0,0,0,0,0,unknown
103042,762154,01/01/2022,12/31/2022,0.0,0.0,0.0,0.0,0.0,0.0,0.0,0,0,0,0,unknown
113032,762158,10/01/2021,09/30/2022,0.0,0.0,0.0,0.0,0.0,0.0,0.0,0,0,0,0,unknown
203025,762169,01/01/2022,12/31/2022,0.0,0.0,0.0,0.0,0.0,0.0,0.0,0,0,0,0,unknown
222027,762171,01/01/2022,12/31/2022,0.0,0.0,0.0,0.0,0.0,0.0,0.0,0,0,0,0,unknown
223030,762172,01/01/2022,12/31/2022,0.0,0.0,0.0,0.0,0.0,0.0,0.0,0,0,0,0,unknown
263027,762180,01/01/2022,08/31/2022,0.0,0.0,0.0,0.0,0.0,0.0,0.0,0,0,0,0,unknown
313029,762184,01/01/2022,12/31/2022,0.0,0.0,0.0,0.0,0.0,0.0,0.0,0,0,0,0,unknown
323027,762185,01/01/2022,12/31/2022,0.0,0.0,0.0,0.0,0.0,0.0,0.0,0,0,0,0,unknown
340131,762194,10/01/2021,06/30/2022,0.0,0.0,0.0,0.0,0.0,0.0,0.0,0,0,0,0,unknown
343027,762195,10/01/2021,09/30/2022,0.0,0.0,0.0,0.0,0.0,0.0,0.0,0,0,0,0,unknown
423025,762204,01/01/2022,12/31/2022,0.0,0.0,0.0,0.0,0.0,0.0,0.0,0,0,0,0,unknown
423026,762205,01/01/2022,12/31/2022,0.0,0.0,0.0,0.0,0.0,0.0,0.0,0,0,0,0,unknown
423027,762206,01/01/2022,12/31/2022,0.0,0.0,0.0,0.0,0.0,0.0,0.0,0,0,0,0,unknown
423029,762207,01/01/2022,12/31/2022,0.0,0.0,0.0,0.0,0.0,0.0,0.0,0,0,0,0,unknown
423032,762208,10/01/2021,09/30/2022,0.0,0.0,0.0,0.0,0.0,0.0,0.0,0,0,0,0,unknown
443029,762213,01/01/2022,12/31/2022,0.0,0.0,0.0,0.0,0.0,0.0,0.0,0,0,0,0,unknown
443031,762214,01/01/2022,12/31/2022,0.0,0.0,0.0,0.0,0.0,0.0,0.0,0,0,0,0,unknown
443036,762216,10/01/2021,09/30/2022,0.0,0.0,0.0,0.0,0.0,0.0,0.0,0,0,0,0,unknown
453053,762221,01/01/2022,08/31/2022,0.0,0.0,0.0,0.0,0.0,0.0,0.0,0,0,0,0,unknown
453057,762222,01/01/2022,08/31/2022,0.0,0.0,0.0,0.0,0.0,0.0,0.0,0,0,0,0,unknown
493029,762226,01/01/2022,12/31/2022,0.0,0.0,0.0,0.0,0.0,0.0,0.0,0,0,0,0,unknown
673072,762314,09/01/2022,08/31/2023,0.0,0.0,0.0,0.0,0.0,0.0,0.0,0,0,0,0,unknown
103043,762325,01/01/2022,12/31/2022,0.0,0.0,0.0,0.0,0.0,0.0,0.0,0,0,0,0,unknown
264034,762413,09/01/2022,08/31/2023,0.0,0.0,0.0,0.0,0.0,0.0,0.0,0,0,0,0,unknown
054149,762472,07/01/2022,06/30/2023,0.0,0.0,0.0,0.0,0.0,0.0,0.0,0,0,0,0,unknown
031312,762562,07/01/2022,06/30/2023,0.0,0.0,0.0,0.0,0.0,0.0,0.0,0,0,0,0,unknown
204008,762579,07/01/2022,06/30/2023,0.0,0.0,0.0,0.0,0.0,0.0,0.0,0,0,0,0,unknown
403025,762608,06/01/2022,05/31/2023,0.0,0.0,0.0,0.0,0.0,0.0,0.0,0,0,0,0,unknown
403026,762609,06/01/2022,05/31/2023,0.0,0.0,0.0,0.0,0.0,0.0,0.0,0,0,0,0,unknown
450076,762614,09/01/2022,08/31/2023,0.0,0.0,0.0,0.0,0.0,0.0,0.0,0,0,0,0,unknown
474004,762619,07/01/2022,06/30/2023,0.0,0.0,0.0,0.0,0.0,0.0,0.0,0,0,0,0,unknown
491308,762622,09/01/2022,08/31/2023,0.0,0.0,0.0,0.0,0.0,0.0,0.0,0,0,0,0,unknown
063030,762643,01/01/2022,12/31/2022,0.0,0.0,0.0,0.0,0.0,0.0,0.0,0,0,0,0,unknown
064023,762644,07/01/2022,06/30/2023,0.0,0.0,0.0,0.0,0.0,0.0,0.0,0,0,0,0,unknown
133028,762656,10/01/2021,09/30/2022,0.0,0.0,0.0,0.0,0.0,0.0,0.0,0,0,0,0,unknown
154011,762667,07/01/2022,06/30/2023,0.0,0.0,0.0,0.0,0.0,0.0,0.0,0,0,0,0,unknown
154035,762668,07/01/2022,06/30/2023,0.0,0.0,0.0,0.0,0.0,0.0,0.0,0,0,0,0,unknown
160032,762669,07/01/2022,06/30/2023,0.0,0.0,0.0,0.0,0.0,0.0,0.0,0,0,0,0,unknown
193092,762673,09/01/2022,08/31/2023,0.0,0.0,0.0,0.0,0.0,0.0,0.0,0,0,0,0,unknown
351326,762706,01/01/2022,12/31/2022,0.0,0.0,0.0,0.0,0.0,0.0,0.0,0,0,0,0,unknown
370158,762708,07/01/2022,06/30/2023,0.0,0.0,0.0,0.0,0.0,0.0,0.0,0,0,0,0,unknown
433027,762727,10/01/2021,09/30/2022,0.0,0.0,0.0,0.0,0.0,0.0,0.0,0,0,0,0,unknown
450078,762736,04/01/2022,03/26/2023,0.0,0.0,0.0,0.0,0.0,0.0,0.0,0,0,0,0,unknown
454029,762743,07/01/2022,06/30/2023,0.0,0.0,0.0,0.0,0.0,0.0,0.0,0,0,0,0,unknown
053034,762784,01/01/2022,12/31/2022,0.0,0.0,0.0,0.0,0.0,0.0,0.0,0,0,0,0,unknown
293026,762821,01/01/2022,12/31/2022,0.0,0.0,0.0,0.0,0.0,0.0,0.0,0,0,0,0,unknown
141336,762891,07/01/2022,06/30/2023,0.0,0.0,0.0,0.0,0.0,0.0,0.0,0,0,0,0,unknown
141350,762892,07/01/2022,06/30/2023,0.0,0.0,0.0,0.0,0.0,0.0,0.0,0,0,0,0,unknown
214002,762902,07/01/2022,06/30/2023,0.0,0.0,0.0,0.0,0.0,0.0,0.0,0,0,0,0,unknown
394020,762919,07/01/2022,06/30/2023,0.0,0.0,0.0,0.0,0.0,0.0,0.0,0,0,0,0,unknown
394033,762920,07/01/2022,06/30/2023,0.0,0.0,0.0,0.0,0.0,0.0,0.0,0,0,0,0,unknown
453056,762932,01/01/2022,12/31/2022,0.0,0.0,0.0,0.0,0.0,0.0,0.0,0,0,0,0,unknown
531312,762938,07/01/2022,06/30/2023,0.0,0.0,0.0,0.0,0.0,0.0,0.0,0,0,0,0,unknown
673065,762941,10/01/2021,09/30/2022,0.0,0.0,0.0,0.0,0.0,0.0,0.0,0,0,0,0,unknown
054146,762953,07/01/2022,06/30/2023,0.0,0.0,0.0,0.0,0.0,0.0,0.0,0,0,0,0,unknown
054152,762954,07/01/2022,06/30/2023,0.0,0.0,0.0,0.0,0.0,0.0,0.0,0,0,0,0,unknown
143026,762975,09/01/2022,08/31/2023,0.0,0.0,0.0,0.0,0.0,0.0,0.0,0,0,0,0,unknown
320067,763003,07/01/2022,08/31/2023,0.0,0.0,0.0,0.0,0.0,0.0,0.0,0,0,0,0,unknown
673050,763080,10/01/2021,09/30/2022,0.0,0.0,0.0,0.0,0.0,0.0,0.0,0,0,0,0,unknown
673057,763081,09/01/2022,08/31/2023,0.0,0.0,0.0,0.0,0.0,0.0,0.0,0,0,0,0,unknown
154024,763198,08/01/2022,07/31/2023,0.0,0.0,0.0,0.0,0.0,0.0,0.0,0,0,0,0,unknown
181310,763206,01/01/2022,12/31/2022,0.0,0.0,0.0,0.0,0.0,0.0,0.0,0,0,0,0,unknown
244012,763209,07/01/2022,06/30/2023,0.0,0.0,0.0,0.0,0.0,0.0,0.0,0,0,0,0,unknown
244013,763210,07/01/2022,06/30/2023,0.0,0.0,0.0,0.0,0.0,0.0,0.0,0,0,0,0,unknown
244014,763211,07/01/2022,06/30/2023,0.0,0.0,0.0,0.0,0.0,0.0,0.0,0,0,0,0,unknown
394055,763255,07/01/2022,06/30/2023,0.0,0.0,0.0,0.0,0.0,0.0,0.0,0,0,0,0,unknown
504008,763280,07/01/2022,06/30/2023,0.0,0.0,0.0,0.0,0.0,0.0,0.0,0,0,0,0,unknown
274004,763344,07/01/2022,06/30/2023,0.0,0.0,0.0,0.0,0.0,0.0,0.0,0,0,0,0,unknown
363038,763359,09/01/2022,08/31/2023,0.0,0.0,0.0,0.0,0.0,0.0,0.0,0,0,0,0,unknown
454121,763388,08/01/2022,07/31/2023,0.0,0.0,0.0,0.0,0.0,0.0,0.0,0,0,0,0,unknown
461307,763390,01/01/2022,12/31/2022,0.0,0.0,0.0,0.0,0.0,0.0,0.0,0,0,0,0,unknown
384008,763422,07/01/2022,06/30/2023,0.0,0.0,0.0,0.0,0.0,0.0,0.0,0,0,0,0,unknown
154047,763480,09/01/2022,08/31/2023,0.0,0.0,0.0,0.0,0.0,0.0,0.0,0,0,0,0,unknown
451340,763540,10/01/2021,03/31/2022,0.0,0.0,0.0,0.0,0.0,0.0,0.0,0,0,0,0,unknown
144038,763587,07/01/2022,06/30/2023,0.0,0.0,0.0,0.0,0.0,0.0,0.0,0,0,0,0,unknown
412001,763640,07/01/2022,06/30/2023,0.0,0.0,0.0,0.0,0.0,0.0,0.0,0,0,0,0,unknown
673052,763657,01/01/2022,12/31/2022,0.0,0.0,0.0,0.0,0.0,0.0,0.0,0,0,0,0,unknown
673054,763658,01/01/2022,12/31/2022,0.0,0.0,0.0,0.0,0.0,0.0,0.0,0,0,0,0,unknown
673071,763660,10/01/2021,09/30/2022,0.0,0.0,0.0,0.0,0.0,0.0,0.0,0,0,0,0,unknown
154050,763684,07/01/2022,06/30/2023,0.0,0.0,0.0,0.0,0.0,0.0,0.0,0,0,0,0,unknown
351313,763748,01/01/2022,12/31/2022,0.0,0.0,0.0,0.0,0.0,0.0,0.0,0,0,0,0,unknown
374006,763774,07/01/2022,06/30/2023,0.0,0.0,0.0,0.0,0.0,0.0,0.0,0,0,0,0,unknown
053305,763808,09/01/2022,08/31/2023,0.0,0.0,0.0,0.0,0.0,0.0,0.0,0,0,0,0,unknown
053306,763875,07/01/2022,06/30/2023,0.0,0.0,0.0,0.0,0.0,0.0,0.0,0,0,0,0,unknown
054083,763876,07/01/2022,06/30/2023,0.0,0.0,0.0,0.0,0.0,0.0,0.0,0,0,0,0,unknown
251318,763993,10/01/2021,09/30/2022,0.0,0.0,0.0,0.0,0.0,0.0,0.0,0,0,0,0,unknown
034025,764072,07/01/2022,06/30/2023,0.0,0.0,0.0,0.0,0.0,0.0,0.0,0,0,0,0,unknown
154009,764091,07/01/2022,06/30/2023,0.0,0.0,0.0,0.0,0.0,0.0,0.0,0,0,0,0,unknown
154014,764092,07/01/2022,06/30/2023,0.0,0.0,0.0,0.0,0.0,0.0,0.0,0,0,0,0,unknown
154021,764093,07/01/2022,06/30/2023,0.0,0.0,0.0,0.0,0.0,0.0,0.0,0,0,0,0,unknown
154031,764094,07/01/2022,06/30/2023,0.0,0.0,0.0,0.0,0.0,0.0,0.0,0,0,0,0,unknown
154052,764095,07/01/2022,06/30/2023,0.0,0.0,0.0,0.0,0.0,0.0,0.0,0,0,0,0,unknown
234045,764112,09/01/2022,08/31/2023,0.0,0.0,0.0,0.0,0.0,0.0,0.0,0,0,0,0,unknown
264004,764115,07/01/2022,06/30/2023,0.0,0.0,0.0,0.0,0.0,0.0,0.0,0,0,0,0,unknown
053301,764159,07/01/2022,06/30/2023,0.0,0.0,0.0,0.0,0.0,0.0,0.0,0,0,0,0,unknown
054122,764160,07/01/2022,06/30/2023,0.0,0.0,0.0,0.0,0.0,0.0,0.0,0,0,0,0,unknown
054133,764161,07/01/2022,06/30/2023,0.0,0.0,0.0,0.0,0.0,0.0,0.0,0,0,0,0,unknown
374001,764219,07/01/2022,06/30/2023,0.0,0.0,0.0,0.0,0.0,0.0,0.0,0,0,0,0,unknown
034030,764319,09/01/2022,08/31/2023,0.0,0.0,0.0,0.0,0.0,0.0,0.0,0,0,0,0,unknown
194008,764338,07/01/2022,06/30/2023,0.0,0.0,0.0,0.0,0.0,0.0,0.0,0,0,0,0,unknown
271339,764342,10/01/2021,09/30/2022,0.0,0.0,0.0,0.0,0.0,0.0,0.0,0,0,0,0,unknown
430093,764354,07/01/2022,06/30/2023,0.0,0.0,0.0,0.0,0.0,0.0,0.0,0,0,0,0,unknown
433300,764355,07/01/2022,06/30/2023,0.0,0.0,0.0,0.0,0.0,0.0,0.0,0,0,0,0,unknown
351336,764436,07/01/2022,06/30/2023,0.0,0.0,0.0,0.0,0.0,0.0,0.0,0,0,0,0,unknown
122001,764501,07/01/2022,06/30/2023,0.0,0.0,0.0,0.0,0.0,0.0,0.0,0,0,0,0,unknown
192058,764598,09/01/2022,08/31/2023,0.0,0.0,0.0,0.0,0.0,0.0,0.0,0,0,0,0,unknown
241358,764608,10/01/2021,09/30/2022,0.0,0.0,0.0,0.0,0.0,0.0,0.0,0,0,0,0,unknown
531302,764778,07/01/2022,06/30/2023,0.0,0.0,0.0,0.0,0.0,0.0,0.0,0,0,0,0,unknown
054028,764907,07/01/2022,06/30/2023,0.0,0.0,0.0,0.0,0.0,0.0,0.0,0,0,0,0,unknown
281319,765108,10/01/2021,09/30/2022,0.0,0.0,0.0,0.0,0.0,0.0,0.0,0,0,0,0,unknown
291312,765216,07/01/2022,06/30/2023,0.0,0.0,0.0,0.0,0.0,0.0,0.0,0,0,0,0,unknown
334021,765244,04/01/2022,03/31/2023,0.0,0.0,0.0,0.0,0.0,0.0,0.0,0,0,0,0,unknown
531309,765285,07/01/2022,06/30/2023,0.0,0.0,0.0,0.0,0.0,0.0,0.0,0,0,0,0,unknown
531310,765286,07/01/2022,06/30/2023,0.0,0.0,0.0,0.0,0.0,0.0,0.0,0,0,0,0,unknown
521358,765459,07/01/2022,06/30/2023,0.0,0.0,0.0,0.0,0.0,0.0,0.0,0,0,0,0,unknown
281365,765536,10/01/2021,09/30/2022,0.0,0.0,0.0,0.0,0.0,0.0,0.0,0,0,0,0,unknown
450348,765626,09/01/2022,02/07/2023,0.0,0.0,0.0,0.0,0.0,0.0,0.0,0,0,0,0,unknown
054114,765668,07/01/2022,06/30/2023,0.0,0.0,0.0,0.0,0.0,0.0,0.0,0,0,0,0,unknown
164003,765701,07/01/2022,06/30/2023,0.0,0.0,0.0,0.0,0.0,0.0,0.0,0,0,0,0,unknown
204005,765708,10/01/2021,09/30/2022,0.0,0.0,0.0,0.0,0.0,0.0,0.0,0,0,0,0,unknown
400136,765821,09/01/2022,08/31/2023,0.0,0.0,0.0,0.0,0.0,0.0,0.0,0,0,0,0,unknown
174016,765899,07/01/2022,06/30/2023,0.0,0.0,0.0,0.0,0.0,0.0,0.0,0,0,0,0,unknown
264007,765931,07/01/2022,06/30/2023,0.0,0.0,0.0,0.0,0.0,0.0,0.0,0,0,0,0,unknown
264010,765932,07/01/2022,06/30/2023,0.0,0.0,0.0,0.0,0.0,0.0,0.0,0,0,0,0,unknown
154056,766060,07/01/2022,06/30/2023,0.0,0.0,0.0,0.0,0.0,0.0,0.0,0,0,0,0,unknown
264005,766221,07/01/2022,06/30/2023,0.0,0.0,0.0,0.0,0.0,0.0,0.0,0,0,0,0,unknown
403027,766241,01/01/2022,12/31/2022,0.0,0.0,0.0,0.0,0.0,0.0,0.0,0,0,0,0,unknown
134009,766435,07/01/2022,06/30/2023,0.0,0.0,0.0,0.0,0.0,0.0,0.0,0,0,0,0,unknown
154008,766444,07/01/2022,06/30/2023,0.0,0.0,0.0,0.0,0.0,0.0,0.0,0,0,0,0,unknown
154019,766445,07/01/2022,06/30/2023,0.0,0.0,0.0,0.0,0.0,0.0,0.0,0,0,0,0,unknown
271315,766471,10/01/2021,09/30/2022,0.0,0.0,0.0,0.0,0.0,0.0,0.0,0,0,0,0,unknown
323028,766704,09/01/2022,08/31/2023,0.0,0.0,0.0,0.0,0.0,0.0,0.0,0,0,0,0,unknown
053039,766860,01/01/2022,12/31/2022,0.0,0.0,0.0,0.0,0.0,0.0,0.0,0,0,0,0,unknown
154018,766879,07/01/2022,06/30/2023,0.0,0.0,0.0,0.0,0.0,0.0,0.0,0,0,0,0,unknown
284003,766923,07/01/2022,06/30/2023,0.0,0.0,0.0,0.0,0.0,0.0,0.0,0,0,0,0,unknown
323026,767081,07/01/2022,06/30/2023,0.0,0.0,0.0,0.0,0.0,0.0,0.0,0,0,0,0,unknown
393302,767099,07/01/2022,06/30/2023,0.0,0.0,0.0,0.0,0.0,0.0,0.0,0,0,0,0,unknown
454084,767131,09/01/2022,08/31/2023,0.0,0.0,0.0,0.0,0.0,0.0,0.0,0,0,0,0,unknown
510093,767241,04/01/2022,06/30/2022,0.0,0.0,0.0,0.0,0.0,0.0,0.0,0,0,0,0,unknown
171301,767672,10/01/2021,09/30/2022,0.0,0.0,0.0,0.0,0.0,0.0,0.0,0,0,0,0,unknown
104082,768187,11/01/2021,10/31/2022,0.0,0.0,0.0,0.0,0.0,0.0,0.0,0,0,0,0,unknown
271336,768280,04/01/2022,03/31/2023,0.0,0.0,0.0,0.0,0.0,0.0,0.0,0,0,0,0,unknown
521352,768296,10/01/2021,09/30/2022,0.0,0.0,0.0,0.0,0.0,0.0,0.0,0,0,0,0,unknown
184006,768398,01/01/2022,12/31/2022,0.0,0.0,0.0,0.0,0.0,0.0,0.0,0,0,0,0,unknown
454108,768457,01/01/2022,12/31/2022,0.0,0.0,0.0,0.0,0.0,0.0,0.0,0,0,0,0,unknown
121301,768504,07/01/2022,06/30/2023,0.0,0.0,0.0,0.0,0.0,0.0,0.0,0,0,0,0,unknown
441303,768582,01/01/2022,06/30/2022,0.0,0.0,0.0,0.0,0.0,0.0,0.0,0,0,0,0,unknown
224041,768711,01/01/2022,12/31/2022,0.0,0.0,0.0,0.0,0.0,0.0,0.0,0,0,0,0,unknown
670004,768729,07/01/2022,02/23/2023,0.0,0.0,0.0,0.0,0.0,0.0,0.0,0,0,0,0,unknown
224039,768791,01/01/2022,12/31/2022,0.0,0.0,0.0,0.0,0.0,0.0,0.0,0,0,0,0,unknown
301308,768803,10/01/2021,09/30/2022,0.0,0.0,0.0,0.0,0.0,0.0,0.0,0,0,0,0,unknown
524008,768815,07/01/2022,06/30/2023,0.0,0.0,0.0,0.0,0.0,0.0,0.0,0,0,0,0,unknown
072004,768835,04/01/2022,03/31/2023,0.0,0.0,0.0,0.0,0.0,0.0,0.0,0,0,0,0,unknown
141317,768843,10/01/2021,09/30/2022,0.0,0.0,0.0,0.0,0.0,0.0,0.0,0,0,0,0,unknown
180143,768886,07/01/2022,06/30/2023,0.0,0.0,0.0,0.0,0.0,0.0,0.0,0,0,0,0,unknown
161324,769166,10/01/2021,09/30/2022,0.0,0.0,0.0,0.0,0.0,0.0,0.0,0,0,0,0,unknown
194103,769177,10/01/2021,09/30/2022,0.0,0.0,0.0,0.0,0.0,0.0,0.0,0,0,0,0,unknown
251313,769432,10/01/2021,09/30/2022,0.0,0.0,0.0,0.0,0.0,0.0,0.0,0,0,0,0,unknown
261306,769435,11/01/2021,10/31/2022,0.0,0.0,0.0,0.0,0.0,0.0,0.0,0,0,0,0,unknown
454009,769505,09/01/2022,08/31/2023,0.0,0.0,0.0,0.0,0.0,0.0,0.0,0,0,0,0,unknown
454100,769506,09/01/2022,08/31/2023,0.0,0.0,0.0,0.0,0.0,0.0,0.0,0,0,0,0,unknown
062012,769537,09/01/2022,08/31/2023,0.0,0.0,0.0,0.0,0.0,0.0,0.0,0,0,0,0,unknown
222000,769588,10/01/2021,09/30/2022,0.0,0.0,0.0,0.0,0.0,0.0,0.0,0,0,0,0,unknown
252013,769753,11/01/2021,10/31/2022,0.0,0.0,0.0,0.0,0.0,0.0,0.0,0,0,0,0,unknown
191323,769851,10/01/2021,09/30/2022,0.0,0.0,0.0,0.0,0.0,0.0,0.0,0,0,0,0,unknown
222007,769861,10/01/2021,09/30/2022,0.0,0.0,0.0,0.0,0.0,0.0,0.0,0,0,0,0,unknown
343025,769887,12/01/2021,11/30/2022,0.0,0.0,0.0,0.0,0.0,0.0,0.0,0,0,0,0,unknown
151315,769952,10/01/2021,09/30/2022,0.0,0.0,0.0,0.0,0.0,0.0,0.0,0,0,0,0,unknown
171334,769954,01/01/2022,12/31/2022,0.0,0.0,0.0,0.0,0.0,0.0,0.0,0,0,0,0,unknown
111333,770025,10/01/2021,09/30/2022,0.0,0.0,0.0,0.0,0.0,0.0,0.0,0,0,0,0,unknown
234043,770041,09/01/2022,08/31/2023,0.0,0.0,0.0,0.0,0.0,0.0,0.0,0,0,0,0,unknown
281364,770043,10/01/2021,09/30/2022,0.0,0.0,0.0,0.0,0.0,0.0,0.0,0,0,0,0,unknown
442017,770068,07/01/2022,06/30/2023,0.0,0.0,0.0,0.0,0.0,0.0,0.0,0,0,0,0,unknown
054147,770106,09/01/2022,08/31/2023,0.0,0.0,0.0,0.0,0.0,0.0,0.0,0,0,0,0,unknown
104016,770109,07/01/2022,06/30/2023,0.0,0.0,0.0,0.0,0.0,0.0,0.0,0,0,0,0,unknown
251304,770200,10/01/2021,09/30/2022,0.0,0.0,0.0,0.0,0.0,0.0,0.0,0,0,0,0,unknown
104057,770287,10/01/2021,09/30/2022,0.0,0.0,0.0,0.0,0.0,0.0,0.0,0,0,0,0,unknown
074003,770350,07/01/2022,06/30/2023,0.0,0.0,0.0,0.0,0.0,0.0,0.0,0,0,0,0,unknown
241344,770419,10/01/2021,09/30/2022,0.0,0.0,0.0,0.0,0.0,0.0,0.0,0,0,0,0,unknown
670131,770472,09/01/2022,08/31/2023,0.0,0.0,0.0,0.0,0.0,0.0,0.0,0,0,0,0,unknown
171336,770545,01/01/2022,12/31/2022,0.0,0.0,0.0,0.0,0.0,0.0,0.0,0,0,0,0,unknown
281320,770577,10/01/2021,09/30/2022,0.0,0.0,0.0,0.0,0.0,0.0,0.0,0,0,0,0,unknown
281363,770578,07/01/2022,06/30/2023,0.0,0.0,0.0,0.0,0.0,0.0,0.0,0,0,0,0,unknown
190190,770651,01/01/2022,12/31/2022,0.0,0.0,0.0,0.0,0.0,0.0,0.0,0,0,0,0,unknown
222047,770653,10/01/2021,09/30/2022,0.0,0.0,0.0,0.0,0.0,0.0,0.0,0,0,0,0,unknown
521355,770701,01/01/2022,12/31/2022,0.0,0.0,0.0,0.0,0.0,0.0,0.0,0,0,0,0,unknown
104071,770733,07/01/2022,06/30/2023,0.0,0.0,0.0,0.0,0.0,0.0,0.0,0,0,0,0,unknown
453308,770783,01/01/2022,07/18/2022,0.0,0.0,0.0,0.0,0.0,0.0,0.0,0,0,0,0,unknown
670082,770789,07/01/2022,06/30/2023,0.0,0.0,0.0,0.0,0.0,0.0,0.0,0,0,0,0,unknown
032001,770802,12/01/2021,11/30/2022,0.0,0.0,0.0,0.0,0.0,0.0,0.0,0,0,0,0,unknown
033302,770803,01/01/2022,12/31/2022,0.0,0.0,0.0,0.0,0.0,0.0,0.0,0,0,0,0,unknown
224022,770880,01/01/2022,12/31/2022,0.0,0.0,0.0,0.0,0.0,0.0,0.0,0,0,0,0,unknown
454109,770939,01/01/2022,12/31/2022,0.0,0.0,0.0,0.0,0.0,0.0,0.0,0,0,0,0,unknown
171359,770977,01/01/2022,12/31/2022,0.0,0.0,0.0,0.0,0.0,0.0,0.0,0,0,0,0,unknown
190208,771320,06/01/2022,05/31/2023,0.0,0.0,0.0,0.0,0.0,0.0,0.0,0,0,0,0,unknown
224045,771324,01/01/2022,12/31/2022,0.0,0.0,0.0,0.0,0.0,0.0,0.0,0,0,0,0,unknown
301306,771366,10/01/2021,09/30/2022,0.0,0.0,0.0,0.0,0.0,0.0,0.0,0,0,0,0,unknown
521356,771462,10/01/2021,09/30/2022,0.0,0.0,0.0,0.0,0.0,0.0,0.0,0,0,0,0,unknown
232039,771559,10/01/2021,09/30/2022,0.0,0.0,0.0,0.0,0.0,0.0,0.0,0,0,0,0,unknown
390334,771594,12/10/2021,06/30/2022,0.0,0.0,0.0,0.0,0.0,0.0,0.0,0,0,0,0,unknown
454026,771606,01/01/2022,12/31/2022,0.0,0.0,0.0,0.0,0.0,0.0,0.0,0,0,0,0,unknown
053308,771644,09/01/2022,08/31/2023,0.0,0.0,0.0,0.0,0.0,0.0,0.0,0,0,0,0,unknown
104076,771655,01/01/2022,12/31/2022,0.0,0.0,0.0,0.0,0.0,0.0,0.0,0,0,0,0,unknown
281339,771728,10/01/2021,09/30/2022,0.0,0.0,0.0,0.0,0.0,0.0,0.0,0,0,0,0,unknown
371311,771737,07/01/2022,06/30/2023,0.0,0.0,0.0,0.0,0.0,0.0,0.0,0,0,0,0,unknown
114004,771811,01/01/2022,12/31/2022,0.0,0.0,0.0,0.0,0.0,0.0,0.0,0,0,0,0,unknown
394008,771874,01/01/2022,12/31/2022,0.0,0.0,0.0,0.0,0.0,0.0,0.0,0,0,0,0,unknown
104073,771932,11/01/2021,10/31/2022,0.0,0.0,0.0,0.0,0.0,0.0,0.0,0,0,0,0,unknown
231307,771982,10/01/2021,09/30/2022,0.0,0.0,0.0,0.0,0.0,0.0,0.0,0,0,0,0,unknown
281330,771995,10/01/2021,09/30/2022,0.0,0.0,0.0,0.0,0.0,0.0,0.0,0,0,0,0,unknown
304000,771996,07/01/2022,06/30/2023,0.0,0.0,0.0,0.0,0.0,0.0,0.0,0,0,0,0,unknown
524000,772233,01/01/2022,12/31/2022,0.0,0.0,0.0,0.0,0.0,0.0,0.0,0,0,0,0,unknown
151335,772275,07/01/2022,12/15/2022,0.0,0.0,0.0,0.0,0.0,0.0,0.0,0,0,0,0,unknown
454104,772321,01/01/2022,12/31/2022,0.0,0.0,0.0,0.0,0.0,0.0,0.0,0,0,0,0,unknown
131324,772353,10/01/2021,09/30/2022,0.0,0.0,0.0,0.0,0.0,0.0,0.0,0,0,0,0,unknown
261302,772372,10/01/2021,09/30/2022,0.0,0.0,0.0,0.0,0.0,0.0,0.0,0,0,0,0,unknown
454107,772400,01/01/2022,12/31/2022,0.0,0.0,0.0,0.0,0.0,0.0,0.0,0,0,0,0,unknown
454133,772401,01/01/2022,12/31/2022,0.0,0.0,0.0,0.0,0.0,0.0,0.0,0,0,0,0,unknown
114032,772435,01/01/2022,12/31/2022,0.0,0.0,0.0,0.0,0.0,0.0,0.0,0,0,0,0,unknown
444004,772508,01/01/2022,12/31/2022,0.0,0.0,0.0,0.0,0.0,0.0,0.0,0,0,0,0,unknown
451329,772519,10/01/2021,09/30/2022,0.0,0.0,0.0,0.0,0.0,0.0,0.0,0,0,0,0,unknown
404005,772603,01/01/2022,12/31/2022,0.0,0.0,0.0,0.0,0.0,0.0,0.0,0,0,0,0,unknown
454124,772605,01/01/2022,12/31/2022,0.0,0.0,0.0,0.0,0.0,0.0,0.0,0,0,0,0,unknown
050423,772619,07/01/2022,06/30/2023,0.0,0.0,0.0,0.0,0.0,0.0,0.0,0,0,0,0,unknown
171361,772652,10/01/2021,09/30/2022,0.0,0.0,0.0,0.0,0.0,0.0,0.0,0,0,0,0,unknown
241312,772659,01/01/2022,12/31/2022,0.0,0.0,0.0,0.0,0.0,0.0,0.0,0,0,0,0,unknown
281341,772665,10/01/2021,09/30/2022,0.0,0.0,0.0,0.0,0.0,0.0,0.0,0,0,0,0,unknown
112016,772762,11/01/2021,10/31/2022,0.0,0.0,0.0,0.0,0.0,0.0,0.0,0,0,0,0,unknown
141352,772771,04/26/2022,09/30/2022,0.0,0.0,0.0,0.0,0.0,0.0,0.0,0,0,0,0,unknown
224043,772808,01/01/2022,12/31/2022,0.0,0.0,0.0,0.0,0.0,0.0,0.0,0,0,0,0,unknown
261322,772819,10/01/2021,09/30/2022,0.0,0.0,0.0,0.0,0.0,0.0,0.0,0,0,0,0,unknown
191310,772901,10/01/2021,09/30/2022,0.0,0.0,0.0,0.0,0.0,0.0,0.0,0,0,0,0,unknown
451351,772959,10/01/2021,09/30/2022,0.0,0.0,0.0,0.0,0.0,0.0,0.0,0,0,0,0,unknown
454110,772965,01/01/2022,12/31/2022,0.0,0.0,0.0,0.0,0.0,0.0,0.0,0,0,0,0,unknown
491303,772978,10/01/2021,09/30/2022,0.0,0.0,0.0,0.0,0.0,0.0,0.0,0,0,0,0,unknown
512003,772985,11/01/2021,10/31/2022,0.0,0.0,0.0,0.0,0.0,0.0,0.0,0,0,0,0,unknown
524017,773095,01/01/2022,12/31/2022,0.0,0.0,0.0,0.0,0.0,0.0,0.0,0,0,0,0,unknown
454131,773302,01/01/2022,12/31/2022,0.0,0.0,0.0,0.0,0.0,0.0,0.0,0,0,0,0,unknown
041323,773328,10/01/2021,09/30/2022,0.0,0.0,0.0,0.0,0.0,0.0,0.0,0,0,0,0,unknown
104075,773381,01/01/2022,12/31/2022,0.0,0.0,0.0,0.0,0.0,0.0,0.0,0,0,0,0,unknown
162001,773551,02/01/2022,01/31/2023,0.0,0.0,0.0,0.0,0.0,0.0,0.0,0,0,0,0,unknown
191318,773567,10/01/2021,09/30/2022,0.0,0.0,0.0,0.0,0.0,0.0,0.0,0,0,0,0,unknown
241318,773576,10/01/2021,09/30/2022,0.0,0.0,0.0,0.0,0.0,0.0,0.0,0,0,0,0,unknown
451303,773634,10/01/2021,09/30/2022,0.0,0.0,0.0,0.0,0.0,0.0,0.0,0,0,0,0,unknown
114010,773815,01/01/2022,12/31/2022,0.0,0.0,0.0,0.0,0.0,0.0,0.0,0,0,0,0,unknown
254012,773847,01/01/2022,12/31/2022,0.0,0.0,0.0,0.0,0.0,0.0,0.0,0,0,0,0,unknown
102020,773946,03/01/2022,02/28/2023,0.0,0.0,0.0,0.0,0.0,0.0,0.0,0,0,0,0,unknown
171337,773991,10/01/2021,09/30/2022,0.0,0.0,0.0,0.0,0.0,0.0,0.0,0,0,0,0,unknown
194102,773998,01/01/2022,12/31/2022,0.0,0.0,0.0,0.0,0.0,0.0,0.0,0,0,0,0,unknown
223302,773999,10/01/2021,09/30/2022,0.0,0.0,0.0,0.0,0.0,0.0,0.0,0,0,0,0,unknown
232012,774006,02/01/2022,01/31/2023,0.0,0.0,0.0,0.0,0.0,0.0,0.0,0,0,0,0,unknown
404004,774050,01/01/2022,12/31/2022,0.0,0.0,0.0,0.0,0.0,0.0,0.0,0,0,0,0,unknown
471300,774071,10/01/2021,09/30/2022,0.0,0.0,0.0,0.0,0.0,0.0,0.0,0,0,0,0,unknown
251307,774143,10/01/2021,09/30/2022,0.0,0.0,0.0,0.0,0.0,0.0,0.0,0,0,0,0,unknown
281300,774291,01/01/2022,12/31/2022,0.0,0.0,0.0,0.0,0.0,0.0,0.0,0,0,0,0,unknown
281336,774293,10/01/2021,09/30/2022,0.0,0.0,0.0,0.0,0.0,0.0,0.0,0,0,0,0,unknown
171306,774397,01/01/2022,12/31/2022,0.0,0.0,0.0,0.0,0.0,0.0,0.0,0,0,0,0,unknown
204006,774720,10/01/2021,09/30/2022,0.0,0.0,0.0,0.0,0.0,0.0,0.0,0,0,0,0,unknown
342017,774763,10/01/2021,09/30/2022,0.0,0.0,0.0,0.0,0.0,0.0,0.0,0,0,0,0,unknown
141313,774868,10/01/2021,09/30/2022,0.0,0.0,0.0,0.0,0.0,0.0,0.0,0,0,0,0,unknown
181302,774885,10/01/2021,09/30/2022,0.0,0.0,0.0,0.0,0.0,0.0,0.0,0,0,0,0,unknown
181306,774886,10/01/2021,09/30/2022,0.0,0.0,0.0,0.0,0.0,0.0,0.0,0,0,0,0,unknown
364047,774952,10/01/2021,09/30/2022,0.0,0.0,0.0,0.0,0.0,0.0,0.0,0,0,0,0,unknown
371324,774954,10/01/2021,09/30/2022,0.0,0.0,0.0,0.0,0.0,0.0,0.0,0,0,0,0,unknown
111331,775043,10/01/2021,09/30/2022,0.0,0.0,0.0,0.0,0.0,0.0,0.0,0,0,0,0,unknown
171351,775055,01/01/2022,12/31/2022,0.0,0.0,0.0,0.0,0.0,0.0,0.0,0,0,0,0,unknown
171363,775056,01/01/2022,12/31/2022,0.0,0.0,0.0,0.0,0.0,0.0,0.0,0,0,0,0,unknown
191300,775061,11/01/2021,10/31/2022,0.0,0.0,0.0,0.0,0.0,0.0,0.0,0,0,0,0,unknown
330354,775095,04/01/2022,03/31/2023,0.0,0.0,0.0,0.0,0.0,0.0,0.0,0,0,0,0,unknown
050546,775173,07/01/2022,06/30/2023,0.0,0.0,0.0,0.0,0.0,0.0,0.0,0,0,0,0,unknown
111326,775193,10/01/2021,09/30/2022,0.0,0.0,0.0,0.0,0.0,0.0,0.0,0,0,0,0,unknown
111332,775194,10/01/2021,09/30/2022,0.0,0.0,0.0,0.0,0.0,0.0,0.0,0,0,0,0,unknown
234011,775228,01/01/2022,12/31/2022,0.0,0.0,0.0,0.0,0.0,0.0,0.0,0,0,0,0,unknown
431325,775261,10/01/2021,09/30/2022,0.0,0.0,0.0,0.0,0.0,0.0,0.0,0,0,0,0,unknown
441305,775263,10/01/2021,09/30/2022,0.0,0.0,0.0,0.0,0.0,0.0,0.0,0,0,0,0,unknown
041307,775314,10/01/2021,09/30/2022,0.0,0.0,0.0,0.0,0.0,0.0,0.0,0,0,0,0,unknown
194020,775381,01/01/2022,12/31/2022,0.0,0.0,0.0,0.0,0.0,0.0,0.0,0,0,0,0,unknown
031305,775528,10/01/2021,09/30/2022,0.0,0.0,0.0,0.0,0.0,0.0,0.0,0,0,0,0,unknown
102024,775547,10/01/2021,09/30/2022,0.0,0.0,0.0,0.0,0.0,0.0,0.0,0,0,0,0,unknown
171312,775557,01/01/2022,12/31/2022,0.0,0.0,0.0,0.0,0.0,0.0,0.0,0,0,0,0,unknown
354004,775590,10/01/2021,09/30/2022,0.0,0.0,0.0,0.0,0.0,0.0,0.0,0,0,0,0,unknown
111318,775832,10/01/2021,09/30/2022,0.0,0.0,0.0,0.0,0.0,0.0,0.0,0,0,0,0,unknown
134002,775836,10/01/2021,09/30/2022,0.0,0.0,0.0,0.0,0.0,0.0,0.0,0,0,0,0,unknown
171349,775867,10/01/2021,09/30/2022,0.0,0.0,0.0,0.0,0.0,0.0,0.0,0,0,0,0,unknown
101307,775998,10/01/2021,09/30/2022,0.0,0.0,0.0,0.0,0.0,0.0,0.0,0,0,0,0,unknown
114036,776001,01/01/2022,12/31/2022,0.0,0.0,0.0,0.0,0.0,0.0,0.0,0,0,0,0,unknown
151305,776007,10/01/2021,09/30/2022,0.0,0.0,0.0,0.0,0.0,0.0,0.0,0,0,0,0,unknown
161320,776010,01/01/2022,12/31/2022,0.0,0.0,0.0,0.0,0.0,0.0,0.0,0,0,0,0,unknown
171331,776013,01/01/2022,12/31/2022,0.0,0.0,0.0,0.0,0.0,0.0,0.0,0,0,0,0,unknown
444030,776096,01/01/2022,12/31/2022,0.0,0.0,0.0,0.0,0.0,0.0,0.0,0,0,0,0,unknown
451363,776107,10/01/2021,09/30/2022,0.0,0.0,0.0,0.0,0.0,0.0,0.0,0,0,0,0,unknown
511304,776121,10/01/2021,09/30/2022,0.0,0.0,0.0,0.0,0.0,0.0,0.0,0,0,0,0,unknown
073300,776190,10/01/2021,09/30/2022,0.0,0.0,0.0,0.0,0.0,0.0,0.0,0,0,0,0,unknown
171328,776441,10/01/2021,09/30/2022,0.0,0.0,0.0,0.0,0.0,0.0,0.0,0,0,0,0,unknown
231317,776469,01/01/2022,12/31/2022,0.0,0.0,0.0,0.0,0.0,0.0,0.0,0,0,0,0,unknown
241345,776471,01/01/2022,12/31/2022,0.0,0.0,0.0,0.0,0.0,0.0,0.0,0,0,0,0,unknown
261329,776477,10/01/2021,09/30/2022,0.0,0.0,0.0,0.0,0.0,0.0,0.0,0,0,0,0,unknown
281334,776480,10/01/2021,09/30/2022,0.0,0.0,0.0,0.0,0.0,0.0,0.0,0,0,0,0,unknown
294011,776483,01/01/2022,12/31/2022,0.0,0.0,0.0,0.0,0.0,0.0,0.0,0,0,0,0,unknown
451394,776529,10/01/2021,09/30/2022,0.0,0.0,0.0,0.0,0.0,0.0,0.0,0,0,0,0,unknown
181315,776604,10/01/2021,09/30/2022,0.0,0.0,0.0,0.0,0.0,0.0,0.0,0,0,0,0,unknown
361309,776626,11/01/2021,10/31/2022,0.0,0.0,0.0,0.0,0.0,0.0,0.0,0,0,0,0,unknown
364051,776629,01/01/2022,12/31/2022,0.0,0.0,0.0,0.0,0.0,0.0,0.0,0,0,0,0,unknown
364058,776630,01/01/2022,12/31/2022,0.0,0.0,0.0,0.0,0.0,0.0,0.0,0,0,0,0,unknown
031307,776673,10/01/2021,09/30/2022,0.0,0.0,0.0,0.0,0.0,0.0,0.0,0,0,0,0,unknown
131319,776707,10/01/2021,09/30/2022,0.0,0.0,0.0,0.0,0.0,0.0,0.0,0,0,0,0,unknown
241338,776746,01/01/2022,12/31/2022,0.0,0.0,0.0,0.0,0.0,0.0,0.0,0,0,0,0,unknown
251325,776749,10/01/2021,09/30/2022,0.0,0.0,0.0,0.0,0.0,0.0,0.0,0,0,0,0,unknown
453304,776821,10/01/2021,09/30/2022,0.0,0.0,0.0,0.0,0.0,0.0,0.0,0,0,0,0,unknown
021310,776857,10/01/2021,09/30/2022,0.0,0.0,0.0,0.0,0.0,0.0,0.0,0,0,0,0,unknown
131315,776876,10/01/2021,09/30/2022,0.0,0.0,0.0,0.0,0.0,0.0,0.0,0,0,0,0,unknown
131318,776877,10/01/2021,09/30/2022,0.0,0.0,0.0,0.0,0.0,0.0,0.0,0,0,0,0,unknown
131322,776878,10/01/2021,09/30/2022,0.0,0.0,0.0,0.0,0.0,0.0,0.0,0,0,0,0,unknown
171339,776896,10/01/2021,09/30/2022,0.0,0.0,0.0,0.0,0.0,0.0,0.0,0,0,0,0,unknown
171356,776897,10/01/2021,09/30/2022,0.0,0.0,0.0,0.0,0.0,0.0,0.0,0,0,0,0,unknown
171358,776898,10/01/2021,09/30/2022,0.0,0.0,0.0,0.0,0.0,0.0,0.0,0,0,0,0,unknown
234035,776932,10/01/2021,09/30/2022,0.0,0.0,0.0,0.0,0.0,0.0,0.0,0,0,0,0,unknown
251324,776936,10/01/2021,09/30/2022,0.0,0.0,0.0,0.0,0.0,0.0,0.0,0,0,0,0,unknown
251326,776937,10/01/2021,09/30/2022,0.0,0.0,0.0,0.0,0.0,0.0,0.0,0,0,0,0,unknown
451300,776993,10/01/2021,09/30/2022,0.0,0.0,0.0,0.0,0.0,0.0,0.0,0,0,0,0,unknown
521331,777021,10/01/2021,09/30/2022,0.0,0.0,0.0,0.0,0.0,0.0,0.0,0,0,0,0,unknown
521338,777022,10/01/2021,09/30/2022,0.0,0.0,0.0,0.0,0.0,0.0,0.0,0,0,0,0,unknown
141302,777057,10/01/2021,09/30/2022,0.0,0.0,0.0,0.0,0.0,0.0,0.0,0,0,0,0,unknown
241342,777100,10/01/2021,09/30/2022,0.0,0.0,0.0,0.0,0.0,0.0,0.0,0,0,0,0,unknown
241372,777101,10/01/2021,09/30/2022,0.0,0.0,0.0,0.0,0.0,0.0,0.0,0,0,0,0,unknown
241375,777102,01/01/2022,12/31/2022,0.0,0.0,0.0,0.0,0.0,0.0,0.0,0,0,0,0,unknown
261325,777105,10/01/2021,09/30/2022,0.0,0.0,0.0,0.0,0.0,0.0,0.0,0,0,0,0,unknown
271329,777108,10/01/2021,09/30/2022,0.0,0.0,0.0,0.0,0.0,0.0,0.0,0,0,0,0,unknown
451343,777136,10/01/2021,09/30/2022,0.0,0.0,0.0,0.0,0.0,0.0,0.0,0,0,0,0,unknown
451350,777137,10/01/2021,09/30/2022,0.0,0.0,0.0,0.0,0.0,0.0,0.0,0,0,0,0,unknown
451353,777138,10/01/2021,09/30/2022,0.0,0.0,0.0,0.0,0.0,0.0,0.0,0,0,0,0,unknown
451359,777139,10/01/2021,09/30/2022,0.0,0.0,0.0,0.0,0.0,0.0,0.0,0,0,0,0,unknown
451362,777140,10/01/2021,09/30/2022,0.0,0.0,0.0,0.0,0.0,0.0,0.0,0,0,0,0,unknown
463301,777145,01/01/2022,12/31/2022,0.0,0.0,0.0,0.0,0.0,0.0,0.0,0,0,0,0,unknown
171347,777204,01/01/2022,12/31/2022,0.0,0.0,0.0,0.0,0.0,0.0,0.0,0,0,0,0,unknown
231314,777214,10/01/2021,09/30/2022,0.0,0.0,0.0,0.0,0.0,0.0,0.0,0,0,0,0,unknown
251329,777222,10/01/2021,09/30/2022,0.0,0.0,0.0,0.0,0.0,0.0,0.0,0,0,0,0,unknown
451311,777276,10/01/2021,09/30/2022,0.0,0.0,0.0,0.0,0.0,0.0,0.0,0,0,0,0,unknown
451323,777277,10/01/2021,09/30/2022,0.0,0.0,0.0,0.0,0.0,0.0,0.0,0,0,0,0,unknown
451347,777278,10/01/2021,09/30/2022,0.0,0.0,0.0,0.0,0.0,0.0,0.0,0,0,0,0,unknown
451372,777279,10/01/2021,09/30/2022,0.0,0.0,0.0,0.0,0.0,0.0,0.0,0,0,0,0,unknown
452106,777281,10/01/2021,09/30/2022,0.0,0.0,0.0,0.0,0.0,0.0,0.0,0,0,0,0,unknown
021309,777299,10/01/2021,09/30/2022,0.0,0.0,0.0,0.0,0.0,0.0,0.0,0,0,0,0,unknown
041311,777300,10/01/2021,09/30/2022,0.0,0.0,0.0,0.0,0.0,0.0,0.0,0,0,0,0,unknown
132001,777312,10/01/2021,09/30/2022,0.0,0.0,0.0,0.0,0.0,0.0,0.0,0,0,0,0,unknown
171303,777319,01/01/2022,12/31/2022,0.0,0.0,0.0,0.0,0.0,0.0,0.0,0,0,0,0,unknown
231329,777337,10/01/2021,09/30/2022,0.0,0.0,0.0,0.0,0.0,0.0,0.0,0,0,0,0,unknown
232020,777339,10/01/2021,09/30/2022,0.0,0.0,0.0,0.0,0.0,0.0,0.0,0,0,0,0,unknown
250036,777340,10/01/2021,09/30/2022,0.0,0.0,0.0,0.0,0.0,0.0,0.0,0,0,0,0,unknown
251306,777343,01/01/2022,09/30/2022,0.0,0.0,0.0,0.0,0.0,0.0,0.0,0,0,0,0,unknown
251333,777344,10/01/2021,09/30/2022,0.0,0.0,0.0,0.0,0.0,0.0,0.0,0,0,0,0,unknown
364029,777363,01/01/2022,12/31/2022,0.0,0.0,0.0,0.0,0.0,0.0,0.0,0,0,0,0,unknown
381316,777369,07/01/2022,06/30/2023,0.0,0.0,0.0,0.0,0.0,0.0,0.0,0,0,0,0,unknown
451330,777379,10/01/2021,09/30/2022,0.0,0.0,0.0,0.0,0.0,0.0,0.0,0,0,0,0,unknown
451375,777380,10/01/2021,09/30/2022,0.0,0.0,0.0,0.0,0.0,0.0,0.0,0,0,0,0,unknown
041310,777399,10/01/2021,09/30/2022,0.0,0.0,0.0,0.0,0.0,0.0,0.0,0,0,0,0,unknown
241308,777407,01/01/2022,12/31/2022,0.0,0.0,0.0,0.0,0.0,0.0,0.0,0,0,0,0,unknown
371309,777416,10/01/2021,09/30/2022,0.0,0.0,0.0,0.0,0.0,0.0,0.0,0,0,0,0,unknown
451306,777420,10/01/2021,09/30/2022,0.0,0.0,0.0,0.0,0.0,0.0,0.0,0,0,0,0,unknown
451309,777421,10/01/2021,09/30/2022,0.0,0.0,0.0,0.0,0.0,0.0,0.0,0,0,0,0,unknown
451355,777422,10/01/2021,09/30/2022,0.0,0.0,0.0,0.0,0.0,0.0,0.0,0,0,0,0,unknown
451366,777423,10/01/2021,09/30/2022,0.0,0.0,0.0,0.0,0.0,0.0,0.0,0,0,0,0,unknown
451392,777424,10/01/2021,09/30/2022,0.0,0.0,0.0,0.0,0.0,0.0,0.0,0,0,0,0,unknown
021305,777430,10/01/2021,09/30/2022,0.0,0.0,0.0,0.0,0.0,0.0,0.0,0,0,0,0,unknown
101311,777437,10/01/2021,09/30/2022,0.0,0.0,0.0,0.0,0.0,0.0,0.0,0,0,0,0,unknown
131310,777441,10/01/2021,09/30/2022,0.0,0.0,0.0,0.0,0.0,0.0,0.0,0,0,0,0,unknown
131311,777442,10/01/2021,09/30/2022,0.0,0.0,0.0,0.0,0.0,0.0,0.0,0,0,0,0,unknown
131323,777443,10/01/2021,09/30/2022,0.0,0.0,0.0,0.0,0.0,0.0,0.0,0,0,0,0,unknown
241314,777460,10/01/2021,09/30/2022,0.0,0.0,0.0,0.0,0.0,0.0,0.0,0,0,0,0,unknown
241317,777461,01/01/2022,12/31/2022,0.0,0.0,0.0,0.0,0.0,0.0,0.0,0,0,0,0,unknown
451358,777471,10/01/2021,09/30/2022,0.0,0.0,0.0,0.0,0.0,0.0,0.0,0,0,0,0,unknown
131304,777506,10/01/2021,09/30/2022,0.0,0.0,0.0,0.0,0.0,0.0,0.0,0,0,0,0,unknown
152014,777515,01/01/2022,12/31/2022,0.0,0.0,0.0,0.0,0.0,0.0,0.0,0,0,0,0,unknown
191317,777531,10/01/2021,09/30/2022,0.0,0.0,0.0,0.0,0.0,0.0,0.0,0,0,0,0,unknown
241303,777543,01/01/2022,12/31/2022,0.0,0.0,0.0,0.0,0.0,0.0,0.0,0,0,0,0,unknown
251305,777547,10/01/2021,09/30/2022,0.0,0.0,0.0,0.0,0.0,0.0,0.0,0,0,0,0,unknown
444027,777573,01/01/2022,12/31/2022,0.0,0.0,0.0,0.0,0.0,0.0,0.0,0,0,0,0,unknown
451310,777576,10/01/2021,09/30/2022,0.0,0.0,0.0,0.0,0.0,0.0,0.0,0,0,0,0,unknown
501329,777584,07/01/2022,06/30/2023,0.0,0.0,0.0,0.0,0.0,0.0,0.0,0,0,0,0,unknown
501340,777585,07/01/2022,06/30/2023,0.0,0.0,0.0,0.0,0.0,0.0,0.0,0,0,0,0,unknown
162003,777637,01/01/2022,12/31/2022,0.0,0.0,0.0,0.0,0.0,0.0,0.0,0,0,0,0,unknown
021311,777697,07/01/2022,06/30/2023,0.0,0.0,0.0,0.0,0.0,0.0,0.0,0,0,0,0,unknown
131305,777725,10/01/2021,09/30/2022,0.0,0.0,0.0,0.0,0.0,0.0,0.0,0,0,0,0,unknown
151322,777738,01/01/2022,12/31/2022,0.0,0.0,0.0,0.0,0.0,0.0,0.0,0,0,0,0,unknown
181321,777739,11/01/2021,10/31/2022,0.0,0.0,0.0,0.0,0.0,0.0,0.0,0,0,0,0,unknown
201301,777743,10/01/2021,09/30/2022,0.0,0.0,0.0,0.0,0.0,0.0,0.0,0,0,0,0,unknown
231340,777746,10/01/2021,09/30/2022,0.0,0.0,0.0,0.0,0.0,0.0,0.0,0,0,0,0,unknown
234026,777747,10/01/2021,09/30/2022,0.0,0.0,0.0,0.0,0.0,0.0,0.0,0,0,0,0,unknown
244002,777748,07/01/2022,06/30/2023,0.0,0.0,0.0,0.0,0.0,0.0,0.0,0,0,0,0,unknown
493036,777783,10/01/2021,09/30/2022,0.0,0.0,0.0,0.0,0.0,0.0,0.0,0,0,0,0,unknown
524001,777798,01/01/2022,09/15/2022,0.0,0.0,0.0,0.0,0.0,0.0,0.0,0,0,0,0,unknown
194085,777849,01/01/2022,12/31/2022,0.0,0.0,0.0,0.0,0.0,0.0,0.0,0,0,0,0,unknown
250020,777854,10/01/2021,09/30/2022,0.0,0.0,0.0,0.0,0.0,0.0,0.0,0,0,0,0,unknown
261327,777860,11/01/2021,10/31/2022,0.0,0.0,0.0,0.0,0.0,0.0,0.0,0,0,0,0,unknown
451301,777910,10/01/2021,09/30/2022,0.0,0.0,0.0,0.0,0.0,0.0,0.0,0,0,0,0,unknown
453313,777912,10/01/2021,09/30/2022,0.0,0.0,0.0,0.0,0.0,0.0,0.0,0,0,0,0,unknown
041304,777929,01/01/2022,12/31/2022,0.0,0.0,0.0,0.0,0.0,0.0,0.0,0,0,0,0,unknown
101309,777946,10/01/2021,09/30/2022,0.0,0.0,0.0,0.0,0.0,0.0,0.0,0,0,0,0,unknown
141318,777951,10/01/2021,09/30/2022,0.0,0.0,0.0,0.0,0.0,0.0,0.0,0,0,0,0,unknown
144042,777952,10/01/2021,09/30/2022,0.0,0.0,0.0,0.0,0.0,0.0,0.0,0,0,0,0,unknown
192041,777955,01/01/2022,12/31/2022,0.0,0.0,0.0,0.0,0.0,0.0,0.0,0,0,0,0,unknown
224007,777960,10/01/2021,09/30/2022,0.0,0.0,0.0,0.0,0.0,0.0,0.0,0,0,0,0,unknown
234041,777961,10/01/2021,09/30/2022,0.0,0.0,0.0,0.0,0.0,0.0,0.0,0,0,0,0,unknown
264030,777962,01/01/2022,12/31/2022,0.0,0.0,0.0,0.0,0.0,0.0,0.0,0,0,0,0,unknown
351316,777970,10/01/2021,09/30/2022,0.0,0.0,0.0,0.0,0.0,0.0,0.0,0,0,0,0,unknown
454103,778006,01/01/2022,12/31/2022,0.0,0.0,0.0,0.0,0.0,0.0,0.0,0,0,0,0,unknown
121302,778042,07/01/2022,06/30/2023,0.0,0.0,0.0,0.0,0.0,0.0,0.0,0,0,0,0,unknown
131302,778043,10/01/2021,09/30/2022,0.0,0.0,0.0,0.0,0.0,0.0,0.0,0,0,0,0,unknown
141322,778051,10/01/2021,09/30/2022,0.0,0.0,0.0,0.0,0.0,0.0,0.0,0,0,0,0,unknown
141325,778052,10/01/2021,09/30/2022,0.0,0.0,0.0,0.0,0.0,0.0,0.0,0,0,0,0,unknown
241341,778072,10/01/2021,09/30/2022,0.0,0.0,0.0,0.0,0.0,0.0,0.0,0,0,0,0,unknown
241376,778073,10/01/2021,09/30/2022,0.0,0.0,0.0,0.0,0.0,0.0,0.0,0,0,0,0,unknown
331301,778087,01/01/2022,12/31/2022,0.0,0.0,0.0,0.0,0.0,0.0,0.0,0,0,0,0,unknown
424002,778097,01/01/2022,12/31/2022,0.0,0.0,0.0,0.0,0.0,0.0,0.0,0,0,0,0,unknown
452114,778111,10/01/2021,09/30/2022,0.0,0.0,0.0,0.0,0.0,0.0,0.0,0,0,0,0,unknown
154055,778165,01/01/2022,12/31/2022,0.0,0.0,0.0,0.0,0.0,0.0,0.0,0,0,0,0,unknown
414000,778201,10/01/2021,09/30/2022,0.0,0.0,0.0,0.0,0.0,0.0,0.0,0,0,0,0,unknown
454151,778215,01/01/2022,12/31/2022,0.0,0.0,0.0,0.0,0.0,0.0,0.0,0,0,0,0,unknown
104063,778239,01/01/2022,12/31/2022,0.0,0.0,0.0,0.0,0.0,0.0,0.0,0,0,0,0,unknown
154061,778262,01/01/2022,12/31/2022,0.0,0.0,0.0,0.0,0.0,0.0,0.0,0,0,0,0,unknown
154063,778263,01/01/2022,12/31/2022,0.0,0.0,0.0,0.0,0.0,0.0,0.0,0,0,0,0,unknown
154065,778264,01/01/2022,12/31/2022,0.0,0.0,0.0,0.0,0.0,0.0,0.0,0,0,0,0,unknown
231316,778300,10/01/2021,09/30/2022,0.0,0.0,0.0,0.0,0.0,0.0,0.0,0,0,0,0,unknown
241356,778301,10/01/2021,09/30/2022,0.0,0.0,0.0,0.0,0.0,0.0,0.0,0,0,0,0,unknown
241379,778302,10/01/2021,09/30/2022,0.0,0.0,0.0,0.0,0.0,0.0,0.0,0,0,0,0,unknown
301300,778307,10/01/2021,09/30/2022,0.0,0.0,0.0,0.0,0.0,0.0,0.0,0,0,0,0,unknown
351364,778313,10/29/2021,09/30/2022,0.0,0.0,0.0,0.0,0.0,0.0,0.0,0,0,0,0,unknown
140058,778348,10/01/2021,04/25/2022,0.0,0.0,0.0,0.0,0.0,0.0,0.0,0,0,0,0,unknown
152028,778360,11/01/2021,10/31/2022,0.0,0.0,0.0,0.0,0.0,0.0,0.0,0,0,0,0,unknown
154058,778361,01/01/2022,12/31/2022,0.0,0.0,0.0,0.0,0.0,0.0,0.0,0,0,0,0,unknown
221303,778375,10/01/2021,09/30/2022,0.0,0.0,0.0,0.0,0.0,0.0,0.0,0,0,0,0,unknown
223300,778376,10/01/2021,09/30/2022,0.0,0.0,0.0,0.0,0.0,0.0,0.0,0,0,0,0,unknown
262016,778381,01/01/2022,12/31/2022,0.0,0.0,0.0,0.0,0.0,0.0,0.0,0,0,0,0,unknown
021308,778432,10/01/2021,09/30/2022,0.0,0.0,0.0,0.0,0.0,0.0,0.0,0,0,0,0,unknown
031313,778437,10/01/2021,09/30/2022,0.0,0.0,0.0,0.0,0.0,0.0,0.0,0,0,0,0,unknown
054145,778443,10/01/2021,09/30/2022,0.0,0.0,0.0,0.0,0.0,0.0,0.0,0,0,0,0,unknown
131313,778455,10/01/2021,09/30/2022,0.0,0.0,0.0,0.0,0.0,0.0,0.0,0,0,0,0,unknown
351307,778470,10/01/2021,09/30/2022,0.0,0.0,0.0,0.0,0.0,0.0,0.0,0,0,0,0,unknown
351327,778471,10/01/2021,09/30/2022,0.0,0.0,0.0,0.0,0.0,0.0,0.0,0,0,0,0,unknown
422004,778478,10/01/2021,09/30/2022,0.0,0.0,0.0,0.0,0.0,0.0,0.0,0,0,0,0,unknown
451314,778489,10/01/2021,09/30/2022,0.0,0.0,0.0,0.0,0.0,0.0,0.0,0,0,0,0,unknown
521312,778503,01/01/2022,12/31/2022,0.0,0.0,0.0,0.0,0.0,0.0,0.0,0,0,0,0,unknown
522006,778504,11/01/2021,10/31/2022,0.0,0.0,0.0,0.0,0.0,0.0,0.0,0,0,0,0,unknown
250067,778541,10/01/2021,09/30/2022,0.0,0.0,0.0,0.0,0.0,0.0,0.0,0,0,0,0,unknown
521359,778591,10/01/2021,09/30/2022,0.0,0.0,0.0,0.0,0.0,0.0,0.0,0,0,0,0,unknown
031311,778596,10/01/2021,09/30/2022,0.0,0.0,0.0,0.0,0.0,0.0,0.0,0,0,0,0,unknown
114008,778619,01/01/2022,12/31/2022,0.0,0.0,0.0,0.0,0.0,0.0,0.0,0,0,0,0,unknown
141341,778626,01/01/2022,12/31/2022,0.0,0.0,0.0,0.0,0.0,0.0,0.0,0,0,0,0,unknown
152024,778627,02/01/2022,01/31/2023,0.0,0.0,0.0,0.0,0.0,0.0,0.0,0,0,0,0,unknown
171352,778628,01/01/2022,12/31/2022,0.0,0.0,0.0,0.0,0.0,0.0,0.0,0,0,0,0,unknown
271344,778643,07/01/2022,06/30/2023,0.0,0.0,0.0,0.0,0.0,0.0,0.0,0,0,0,0,unknown
331304,778651,01/01/2022,12/31/2022,0.0,0.0,0.0,0.0,0.0,0.0,0.0,0,0,0,0,unknown
454083,778669,01/01/2022,08/26/2022,0.0,0.0,0.0,0.0,0.0,0.0,0.0,0,0,0,0,unknown
461310,778670,10/01/2021,09/30/2022,0.0,0.0,0.0,0.0,0.0,0.0,0.0,0,0,0,0,unknown
112013,778697,04/01/2022,03/31/2023,0.0,0.0,0.0,0.0,0.0,0.0,0.0,0,0,0,0,unknown
171355,778702,01/01/2022,12/31/2022,0.0,0.0,0.0,0.0,0.0,0.0,0.0,0,0,0,0,unknown
192007,778704,01/01/2022,12/31/2022,0.0,0.0,0.0,0.0,0.0,0.0,0.0,0,0,0,0,unknown
194022,778705,01/01/2022,12/31/2022,0.0,0.0,0.0,0.0,0.0,0.0,0.0,0,0,0,0,unknown
232037,778709,01/01/2022,12/31/2022,0.0,0.0,0.0,0.0,0.0,0.0,0.0,0,0,0,0,unknown
234042,778710,01/01/2022,12/31/2022,0.0,0.0,0.0,0.0,0.0,0.0,0.0,0,0,0,0,unknown
431383,778740,11/24/2021,09/30/2022,0.0,0.0,0.0,0.0,0.0,0.0,0.0,0,0,0,0,unknown
451395,778752,01/01/2022,12/31/2022,0.0,0.0,0.0,0.0,0.0,0.0,0.0,0,0,0,0,unknown
522005,778759,01/01/2022,12/31/2022,0.0,0.0,0.0,0.0,0.0,0.0,0.0,0,0,0,0,unknown
013029,778767,06/01/2022,05/31/2023,0.0,0.0,0.0,0.0,0.0,0.0,0.0,0,0,0,0,unknown
013033,778768,06/01/2022,05/31/2023,0.0,0.0,0.0,0.0,0.0,0.0,0.0,0,0,0,0,unknown
043028,778770,06/01/2022,05/31/2023,0.0,0.0,0.0,0.0,0.0,0.0,0.0,0,0,0,0,unknown
073025,778778,10/01/2021,09/30/2022,0.0,0.0,0.0,0.0,0.0,0.0,0.0,0,0,0,0,unknown
102030,778783,12/01/2021,11/30/2022,0.0,0.0,0.0,0.0,0.0,0.0,0.0,0,0,0,0,unknown
113030,778790,04/01/2022,03/31/2023,0.0,0.0,0.0,0.0,0.0,0.0,0.0,0,0,0,0,unknown
113033,778791,04/01/2022,03/31/2023,0.0,0.0,0.0,0.0,0.0,0.0,0.0,0,0,0,0,unknown
113035,778792,03/01/2022,02/28/2023,0.0,0.0,0.0,0.0,0.0,0.0,0.0,0,0,0,0,unknown
143028,778795,08/01/2022,07/31/2023,0.0,0.0,0.0,0.0,0.0,0.0,0.0,0,0,0,0,unknown
144040,778796,01/01/2022,12/31/2022,0.0,0.0,0.0,0.0,0.0,0.0,0.0,0,0,0,0,unknown
151334,778798,01/01/2022,12/31/2022,0.0,0.0,0.0,0.0,0.0,0.0,0.0,0,0,0,0,unknown
262017,778821,11/01/2021,10/31/2022,0.0,0.0,0.0,0.0,0.0,0.0,0.0,0,0,0,0,unknown
263028,778822,06/01/2022,05/31/2023,0.0,0.0,0.0,0.0,0.0,0.0,0.0,0,0,0,0,unknown
312019,778825,11/01/2021,10/31/2022,0.0,0.0,0.0,0.0,0.0,0.0,0.0,0,0,0,0,unknown
393031,778864,07/01/2022,06/30/2023,0.0,0.0,0.0,0.0,0.0,0.0,0.0,0,0,0,0,unknown
393037,778865,07/01/2022,06/30/2023,0.0,0.0,0.0,0.0,0.0,0.0,0.0,0,0,0,0,unknown
393039,778866,07/01/2022,06/30/2023,0.0,0.0,0.0,0.0,0.0,0.0,0.0,0,0,0,0,unknown
393040,778867,07/01/2022,06/30/2023,0.0,0.0,0.0,0.0,0.0,0.0,0.0,0,0,0,0,unknown
423028,778873,06/01/2022,05/31/2023,0.0,0.0,0.0,0.0,0.0,0.0,0.0,0,0,0,0,unknown
443032,778878,06/01/2022,05/31/2023,0.0,0.0,0.0,0.0,0.0,0.0,0.0,0,0,0,0,unknown
453029,778880,08/01/2022,07/31/2023,0.0,0.0,0.0,0.0,0.0,0.0,0.0,0,0,0,0,unknown
453031,778881,06/01/2022,05/31/2023,0.0,0.0,0.0,0.0,0.0,0.0,0.0,0,0,0,0,unknown
453040,778882,08/01/2022,07/31/2023,0.0,0.0,0.0,0.0,0.0,0.0,0.0,0,0,0,0,unknown
453059,778883,08/01/2022,07/31/2023,0.0,0.0,0.0,0.0,0.0,0.0,0.0,0,0,0,0,unknown
454064,778953,01/01/2022,12/31/2022,0.0,0.0,0.0,0.0,0.0,0.0,0.0,0,0,0,0,unknown
493031,778958,06/01/2022,05/31/2023,0.0,0.0,0.0,0.0,0.0,0.0,0.0,0,0,0,0,unknown
493032,778959,06/01/2022,05/31/2023,0.0,0.0,0.0,0.0,0.0,0.0,0.0,0,0,0,0,unknown
513027,778962,08/01/2022,07/31/2023,0.0,0.0,0.0,0.0,0.0,0.0,0.0,0,0,0,0,unknown
041332,778982,07/14/2022,09/30/2022,0.0,0.0,0.0,0.0,0.0,0.0,0.0,0,0,0,0,unknown
154066,779001,01/01/2022,12/31/2022,0.0,0.0,0.0,0.0,0.0,0.0,0.0,0,0,0,0,unknown
171310,779003,01/01/2022,12/31/2022,0.0,0.0,0.0,0.0,0.0,0.0,0.0,0,0,0,0,unknown
171316,779004,01/01/2022,12/31/2022,0.0,0.0,0.0,0.0,0.0,0.0,0.0,0,0,0,0,unknown
131308,779067,10/01/2021,09/30/2022,0.0,0.0,0.0,0.0,0.0,0.0,0.0,0,0,0,0,unknown
144009,779068,01/01/2022,12/31/2022,0.0,0.0,0.0,0.0,0.0,0.0,0.0,0,0,0,0,unknown
192036,779075,01/01/2022,12/31/2022,0.0,0.0,0.0,0.0,0.0,0.0,0.0,0,0,0,0,unknown
234038,779077,01/01/2022,12/31/2022,0.0,0.0,0.0,0.0,0.0,0.0,0.0,0,0,0,0,unknown
013030,779128,08/01/2022,07/31/2023,0.0,0.0,0.0,0.0,0.0,0.0,0.0,0,0,0,0,unknown
033028,779131,08/01/2022,07/31/2023,0.0,0.0,0.0,0.0,0.0,0.0,0.0,0,0,0,0,unknown
033032,779132,06/01/2022,05/31/2023,0.0,0.0,0.0,0.0,0.0,0.0,0.0,0,0,0,0,unknown
033037,779133,06/01/2022,05/31/2023,0.0,0.0,0.0,0.0,0.0,0.0,0.0,0,0,0,0,unknown
141321,779143,07/01/2022,06/30/2023,0.0,0.0,0.0,0.0,0.0,0.0,0.0,0,0,0,0,unknown
141326,779144,07/01/2022,06/30/2023,0.0,0.0,0.0,0.0,0.0,0.0,0.0,0,0,0,0,unknown
153025,779147,08/01/2022,07/31/2023,0.0,0.0,0.0,0.0,0.0,0.0,0.0,0,0,0,0,unknown
183027,779149,08/01/2022,07/31/2023,0.0,0.0,0.0,0.0,0.0,0.0,0.0,0,0,0,0,unknown
261313,779164,01/01/2022,12/31/2022,0.0,0.0,0.0,0.0,0.0,0.0,0.0,0,0,0,0,unknown
361318,779193,01/01/2022,12/31/2022,0.0,0.0,0.0,0.0,0.0,0.0,0.0,0,0,0,0,unknown
361332,779194,01/01/2022,12/31/2022,0.0,0.0,0.0,0.0,0.0,0.0,0.0,0,0,0,0,unknown
361333,779196,01/01/2022,12/31/2022,0.0,0.0,0.0,0.0,0.0,0.0,0.0,0,0,0,0,unknown
364041,779198,01/01/2022,12/31/2022,0.0,0.0,0.0,0.0,0.0,0.0,0.0,0,0,0,0,unknown
371320,779203,01/01/2022,12/31/2022,0.0,0.0,0.0,0.0,0.0,0.0,0.0,0,0,0,0,unknown
393045,779205,07/01/2022,06/30/2023,0.0,0.0,0.0,0.0,0.0,0.0,0.0,0,0,0,0,unknown
443028,779223,06/01/2022,05/31/2023,0.0,0.0,0.0,0.0,0.0,0.0,0.0,0,0,0,0,unknown
451342,779234,10/01/2021,09/30/2022,0.0,0.0,0.0,0.0,0.0,0.0,0.0,0,0,0,0,unknown
174020,779265,01/01/2022,12/31/2022,0.0,0.0,0.0,0.0,0.0,0.0,0.0,0,0,0,0,unknown
262013,779280,11/01/2021,10/31/2022,0.0,0.0,0.0,0.0,0.0,0.0,0.0,0,0,0,0,unknown
492008,779311,01/01/2022,12/31/2022,0.0,0.0,0.0,0.0,0.0,0.0,0.0,0,0,0,0,unknown
034027,779319,10/01/2021,09/30/2022,0.0,0.0,0.0,0.0,0.0,0.0,0.0,0,0,0,0,unknown
172005,779343,11/01/2021,10/31/2022,0.0,0.0,0.0,0.0,0.0,0.0,0.0,0,0,0,0,unknown
194088,779347,01/01/2022,12/31/2022,0.0,0.0,0.0,0.0,0.0,0.0,0.0,0,0,0,0,unknown
453042,779402,08/01/2022,07/31/2023,0.0,0.0,0.0,0.0,0.0,0.0,0.0,0,0,0,0,unknown
454139,779403,01/01/2022,12/31/2022,0.0,0.0,0.0,0.0,0.0,0.0,0.0,0,0,0,0,unknown
191306,779453,11/01/2021,10/31/2022,0.0,0.0,0.0,0.0,0.0,0.0,0.0,0,0,0,0,unknown
442016,779488,11/01/2021,10/31/2022,0.0,0.0,0.0,0.0,0.0,0.0,0.0,0,0,0,0,unknown
454060,779494,01/01/2022,12/31/2022,0.0,0.0,0.0,0.0,0.0,0.0,0.0,0,0,0,0,unknown
194114,779541,01/01/2022,12/31/2022,0.0,0.0,0.0,0.0,0.0,0.0,0.0,0,0,0,0,unknown
262020,779548,01/01/2022,12/31/2022,0.0,0.0,0.0,0.0,0.0,0.0,0.0,0,0,0,0,unknown
264012,779549,01/01/2022,12/31/2022,0.0,0.0,0.0,0.0,0.0,0.0,0.0,0,0,0,0,unknown
320089,779552,07/01/2022,06/30/2023,0.0,0.0,0.0,0.0,0.0,0.0,0.0,0,0,0,0,unknown
151319,779614,10/01/2021,09/30/2022,0.0,0.0,0.0,0.0,0.0,0.0,0.0,0,0,0,0,unknown
194087,779624,01/01/2022,12/31/2022,0.0,0.0,0.0,0.0,0.0,0.0,0.0,0,0,0,0,unknown
222048,779633,10/01/2021,09/30/2022,0.0,0.0,0.0,0.0,0.0,0.0,0.0,0,0,0,0,unknown
241346,779638,01/01/2022,12/31/2022,0.0,0.0,0.0,0.0,0.0,0.0,0.0,0,0,0,0,unknown
171379,779704,01/01/2022,12/31/2022,0.0,0.0,0.0,0.0,0.0,0.0,0.0,0,0,0,0,unknown
521327,779745,01/01/2022,12/31/2022,0.0,0.0,0.0,0.0,0.0,0.0,0.0,0,0,0,0,unknown
521347,779746,10/01/2021,09/30/2022,0.0,0.0,0.0,0.0,0.0,0.0,0.0,0,0,0,0,unknown
534004,779748,01/01/2022,12/31/2022,0.0,0.0,0.0,0.0,0.0,0.0,0.0,0,0,0,0,unknown
241302,779796,01/01/2022,12/31/2022,0.0,0.0,0.0,0.0,0.0,0.0,0.0,0,0,0,0,unknown
281324,779801,05/01/2022,04/30/2023,0.0,0.0,0.0,0.0,0.0,0.0,0.0,0,0,0,0,unknown
452038,779828,01/01/2022,12/31/2022,0.0,0.0,0.0,0.0,0.0,0.0,0.0,0,0,0,0,unknown
053042,779857,04/01/2022,03/31/2023,0.0,0.0,0.0,0.0,0.0,0.0,0.0,0,0,0,0,unknown
151323,779863,01/01/2022,12/31/2022,0.0,0.0,0.0,0.0,0.0,0.0,0.0,0,0,0,0,unknown
171383,779941,01/01/2022,12/31/2022,0.0,0.0,0.0,0.0,0.0,0.0,0.0,0,0,0,0,unknown
452051,779982,05/01/2022,04/30/2023,0.0,0.0,0.0,0.0,0.0,0.0,0.0,0,0,0,0,unknown
061303,779995,01/01/2022,12/31/2022,0.0,0.0,0.0,0.0,0.0,0.0,0.0,0,0,0,0,unknown
171326,780012,01/01/2022,12/31/2022,0.0,0.0,0.0,0.0,0.0,0.0,0.0,0,0,0,0,unknown
241333,780033,01/01/2022,12/31/2022,0.0,0.0,0.0,0.0,0.0,0.0,0.0,0,0,0,0,unknown
673043,780101,07/01/2022,06/30/2023,0.0,0.0,0.0,0.0,0.0,0.0,0.0,0,0,0,0,unknown
673078,780102,07/01/2022,06/30/2023,0.0,0.0,0.0,0.0,0.0,0.0,0.0,0,0,0,0,unknown
171369,780129,01/01/2022,12/31/2022,0.0,0.0,0.0,0.0,0.0,0.0,0.0,0,0,0,0,unknown
281347,780176,07/01/2022,06/30/2023,0.0,0.0,0.0,0.0,0.0,0.0,0.0,0,0,0,0,unknown
361306,780224,01/01/2022,12/31/2022,0.0,0.0,0.0,0.0,0.0,0.0,0.0,0,0,0,0,unknown
363042,780225,07/01/2022,06/30/2023,0.0,0.0,0.0,0.0,0.0,0.0,0.0,0,0,0,0,unknown
363043,780226,04/01/2022,03/31/2023,0.0,0.0,0.0,0.0,0.0,0.0,0.0,0,0,0,0,unknown
363303,780228,01/01/2022,12/31/2022,0.0,0.0,0.0,0.0,0.0,0.0,0.0,0,0,0,0,unknown
363305,780229,01/01/2022,12/31/2022,0.0,0.0,0.0,0.0,0.0,0.0,0.0,0,0,0,0,unknown
364060,780230,01/01/2022,12/31/2022,0.0,0.0,0.0,0.0,0.0,0.0,0.0,0,0,0,0,unknown
161381,780312,01/01/2022,12/31/2022,0.0,0.0,0.0,0.0,0.0,0.0,0.0,0,0,0,0,unknown
194096,780423,01/01/2022,12/31/2022,0.0,0.0,0.0,0.0,0.0,0.0,0.0,0,0,0,0,unknown
241336,780435,10/01/2021,09/30/2022,0.0,0.0,0.0,0.0,0.0,0.0,0.0,0,0,0,0,unknown
442014,780475,12/01/2021,11/30/2022,0.0,0.0,0.0,0.0,0.0,0.0,0.0,0,0,0,0,unknown
140234,780542,10/01/2021,09/30/2022,0.0,0.0,0.0,0.0,0.0,0.0,0.0,0,0,0,0,unknown
241371,780571,01/01/2022,12/31/2022,0.0,0.0,0.0,0.0,0.0,0.0,0.0,0,0,0,0,unknown
374023,780587,01/01/2022,12/31/2022,0.0,0.0,0.0,0.0,0.0,0.0,0.0,0,0,0,0,unknown
014016,780621,07/01/2022,03/23/2023,0.0,0.0,0.0,0.0,0.0,0.0,0.0,0,0,0,0,unknown
241319,780670,01/01/2022,12/31/2022,0.0,0.0,0.0,0.0,0.0,0.0,0.0,0,0,0,0,unknown
241327,780671,01/01/2022,12/31/2022,0.0,0.0,0.0,0.0,0.0,0.0,0.0,0,0,0,0,unknown
494025,780720,01/01/2022,12/31/2022,0.0,0.0,0.0,0.0,0.0,0.0,0.0,0,0,0,0,unknown
521309,780734,01/01/2022,12/31/2022,0.0,0.0,0.0,0.0,0.0,0.0,0.0,0,0,0,0,unknown
521341,780735,01/01/2022,12/31/2022,0.0,0.0,0.0,0.0,0.0,0.0,0.0,0,0,0,0,unknown
031300,780749,01/01/2022,12/31/2022,0.0,0.0,0.0,0.0,0.0,0.0,0.0,0,0,0,0,unknown
151327,780826,01/01/2022,12/31/2022,0.0,0.0,0.0,0.0,0.0,0.0,0.0,0,0,0,0,unknown
231323,780882,01/01/2022,12/31/2022,0.0,0.0,0.0,0.0,0.0,0.0,0.0,0,0,0,0,unknown
231339,780883,01/01/2022,12/31/2022,0.0,0.0,0.0,0.0,0.0,0.0,0.0,0,0,0,0,unknown
283300,780891,01/01/2022,12/31/2022,0.0,0.0,0.0,0.0,0.0,0.0,0.0,0,0,0,0,unknown
362027,780963,12/01/2021,11/30/2022,0.0,0.0,0.0,0.0,0.0,0.0,0.0,0,0,0,0,unknown
104026,781084,01/01/2022,12/31/2022,0.0,0.0,0.0,0.0,0.0,0.0,0.0,0,0,0,0,unknown
194116,781104,01/01/2022,12/31/2022,0.0,0.0,0.0,0.0,0.0,0.0,0.0,0,0,0,0,unknown
201315,781105,10/01/2021,09/30/2022,0.0,0.0,0.0,0.0,0.0,0.0,0.0,0,0,0,0,unknown
314021,781115,01/01/2022,12/31/2022,0.0,0.0,0.0,0.0,0.0,0.0,0.0,0,0,0,0,unknown
424010,781129,01/01/2022,12/31/2022,0.0,0.0,0.0,0.0,0.0,0.0,0.0,0,0,0,0,unknown
442010,781142,10/01/2021,09/30/2022,0.0,0.0,0.0,0.0,0.0,0.0,0.0,0,0,0,0,unknown
241354,781202,01/01/2022,12/31/2022,0.0,0.0,0.0,0.0,0.0,0.0,0.0,0,0,0,0,unknown
462003,781251,01/01/2022,12/31/2022,0.0,0.0,0.0,0.0,0.0,0.0,0.0,0,0,0,0,unknown
451367,781385,12/01/2021,11/30/2022,0.0,0.0,0.0,0.0,0.0,0.0,0.0,0,0,0,0,unknown
032000,781405,09/01/2022,12/31/2022,0.0,0.0,0.0,0.0,0.0,0.0,0.0,0,0,0,0,unknown
141339,781429,10/01/2021,09/30/2022,0.0,0.0,0.0,0.0,0.0,0.0,0.0,0,0,0,0,unknown
241304,781449,01/01/2022,12/31/2022,0.0,0.0,0.0,0.0,0.0,0.0,0.0,0,0,0,0,unknown
262015,781460,01/01/2022,12/31/2022,0.0,0.0,0.0,0.0,0.0,0.0,0.0,0,0,0,0,unknown
351312,781498,01/01/2022,12/31/2022,0.0,0.0,0.0,0.0,0.0,0.0,0.0,0,0,0,0,unknown
454008,781533,09/01/2022,08/31/2023,0.0,0.0,0.0,0.0,0.0,0.0,0.0,0,0,0,0,unknown
044004,781555,01/01/2022,12/31/2022,0.0,0.0,0.0,0.0,0.0,0.0,0.0,0,0,0,0,unknown
052047,781562,01/01/2022,12/31/2022,0.0,0.0,0.0,0.0,0.0,0.0,0.0,0,0,0,0,unknown
061308,781574,07/01/2022,06/30/2023,0.0,0.0,0.0,0.0,0.0,0.0,0.0,0,0,0,0,unknown
104072,781591,01/01/2022,12/31/2022,0.0,0.0,0.0,0.0,0.0,0.0,0.0,0,0,0,0,unknown
114016,781595,01/01/2022,12/31/2022,0.0,0.0,0.0,0.0,0.0,0.0,0.0,0,0,0,0,unknown
224013,781606,01/01/2022,12/31/2022,0.0,0.0,0.0,0.0,0.0,0.0,0.0,0,0,0,0,unknown
364062,781645,01/01/2022,12/31/2022,0.0,0.0,0.0,0.0,0.0,0.0,0.0,0,0,0,0,unknown
271335,781725,01/01/2022,12/31/2022,0.0,0.0,0.0,0.0,0.0,0.0,0.0,0,0,0,0,unknown
281354,781726,01/01/2022,12/31/2022,0.0,0.0,0.0,0.0,0.0,0.0,0.0,0,0,0,0,unknown
431311,781753,01/01/2022,12/31/2022,0.0,0.0,0.0,0.0,0.0,0.0,0.0,0,0,0,0,unknown
451344,781771,10/01/2021,09/30/2022,0.0,0.0,0.0,0.0,0.0,0.0,0.0,0,0,0,0,unknown
191322,781785,10/01/2021,09/30/2022,0.0,0.0,0.0,0.0,0.0,0.0,0.0,0,0,0,0,unknown
251331,781793,10/01/2021,09/30/2022,0.0,0.0,0.0,0.0,0.0,0.0,0.0,0,0,0,0,unknown
451337,781839,10/01/2021,09/30/2022,0.0,0.0,0.0,0.0,0.0,0.0,0.0,0,0,0,0,unknown
454130,781841,01/01/2022,12/31/2022,0.0,0.0,0.0,0.0,0.0,0.0,0.0,0,0,0,0,unknown
104049,781866,01/01/2022,12/31/2022,0.0,0.0,0.0,0.0,0.0,0.0,0.0,0,0,0,0,unknown
194081,781883,01/01/2022,12/31/2022,0.0,0.0,0.0,0.0,0.0,0.0,0.0,0,0,0,0,unknown
451390,782024,10/01/2021,09/30/2022,0.0,0.0,0.0,0.0,0.0,0.0,0.0,0,0,0,0,unknown
050660,782110,10/01/2021,09/30/2022,0.0,0.0,0.0,0.0,0.0,0.0,0.0,0,0,0,0,unknown
094004,782116,01/01/2022,12/31/2022,0.0,0.0,0.0,0.0,0.0,0.0,0.0,0,0,0,0,unknown
231312,782160,04/01/2022,03/31/2023,0.0,0.0,0.0,0.0,0.0,0.0,0.0,0,0,0,0,unknown
393030,782211,07/01/2022,06/30/2023,0.0,0.0,0.0,0.0,0.0,0.0,0.0,0,0,0,0,unknown
181311,782307,01/01/2022,12/31/2022,0.0,0.0,0.0,0.0,0.0,0.0,0.0,0,0,0,0,unknown
181319,782308,01/01/2022,12/31/2022,0.0,0.0,0.0,0.0,0.0,0.0,0.0,0,0,0,0,unknown
361303,782349,01/01/2022,12/31/2022,0.0,0.0,0.0,0.0,0.0,0.0,0.0,0,0,0,0,unknown
361330,782350,01/01/2022,12/31/2022,0.0,0.0,0.0,0.0,0.0,0.0,0.0,0,0,0,0,unknown
362036,782351,01/01/2022,12/31/2022,0.0,0.0,0.0,0.0,0.0,0.0,0.0,0,0,0,0,unknown
451320,782395,10/01/2021,09/30/2022,0.0,0.0,0.0,0.0,0.0,0.0,0.0,0,0,0,0,unknown
454094,782397,09/01/2022,08/31/2023,0.0,0.0,0.0,0.0,0.0,0.0,0.0,0,0,0,0,unknown
012006,782405,04/01/2022,03/31/2023,0.0,0.0,0.0,0.0,0.0,0.0,0.0,0,0,0,0,unknown
012009,782406,09/01/2022,08/31/2023,0.0,0.0,0.0,0.0,0.0,0.0,0.0,0,0,0,0,unknown
112007,782429,07/01/2022,06/30/2023,0.0,0.0,0.0,0.0,0.0,0.0,0.0,0,0,0,0,unknown
114035,782430,01/01/2022,12/31/2022,0.0,0.0,0.0,0.0,0.0,0.0,0.0,0,0,0,0,unknown
444005,782467,01/01/2022,12/31/2022,0.0,0.0,0.0,0.0,0.0,0.0,0.0,0,0,0,0,unknown
444025,782468,01/01/2022,12/31/2022,0.0,0.0,0.0,0.0,0.0,0.0,0.0,0,0,0,0,unknown
461333,782493,01/01/2022,12/31/2022,0.0,0.0,0.0,0.0,0.0,0.0,0.0,0,0,0,0,unknown
494032,782494,01/01/2022,12/31/2022,0.0,0.0,0.0,0.0,0.0,0.0,0.0,0,0,0,0,unknown
101305,782524,10/01/2021,09/30/2022,0.0,0.0,0.0,0.0,0.0,0.0,0.0,0,0,0,0,unknown
102023,782525,12/01/2021,11/30/2022,0.0,0.0,0.0,0.0,0.0,0.0,0.0,0,0,0,0,unknown
171376,782543,01/01/2022,12/31/2022,0.0,0.0,0.0,0.0,0.0,0.0,0.0,0,0,0,0,unknown
351309,782618,01/01/2022,12/31/2022,0.0,0.0,0.0,0.0,0.0,0.0,0.0,0,0,0,0,unknown
501307,782683,01/01/2022,12/31/2022,0.0,0.0,0.0,0.0,0.0,0.0,0.0,0,0,0,0,unknown
504011,782684,01/01/2022,12/31/2022,0.0,0.0,0.0,0.0,0.0,0.0,0.0,0,0,0,0,unknown
171335,782754,01/01/2022,12/31/2022,0.0,0.0,0.0,0.0,0.0,0.0,0.0,0,0,0,0,unknown
251336,782769,10/01/2021,09/30/2022,0.0,0.0,0.0,0.0,0.0,0.0,0.0,0,0,0,0,unknown
291313,782773,01/01/2022,12/31/2022,0.0,0.0,0.0,0.0,0.0,0.0,0.0,0,0,0,0,unknown
424014,782842,01/01/2022,12/31/2022,0.0,0.0,0.0,0.0,0.0,0.0,0.0,0,0,0,0,unknown
054153,782914,01/01/2022,12/31/2022,0.0,0.0,0.0,0.0,0.0,0.0,0.0,0,0,0,0,unknown
061306,782915,01/01/2022,12/31/2022,0.0,0.0,0.0,0.0,0.0,0.0,0.0,0,0,0,0,unknown
154064,782924,01/01/2022,12/31/2022,0.0,0.0,0.0,0.0,0.0,0.0,0.0,0,0,0,0,unknown
161306,782925,01/01/2022,12/31/2022,0.0,0.0,0.0,0.0,0.0,0.0,0.0,0,0,0,0,unknown
171353,782927,04/01/2022,03/31/2023,0.0,0.0,0.0,0.0,0.0,0.0,0.0,0,0,0,0,unknown
174023,782930,01/01/2022,12/31/2022,0.0,0.0,0.0,0.0,0.0,0.0,0.0,0,0,0,0,unknown
174025,782931,01/01/2022,12/31/2022,0.0,0.0,0.0,0.0,0.0,0.0,0.0,0,0,0,0,unknown
194082,782936,01/01/2022,12/31/2022,0.0,0.0,0.0,0.0,0.0,0.0,0.0,0,0,0,0,unknown
234040,782939,01/01/2022,12/31/2022,0.0,0.0,0.0,0.0,0.0,0.0,0.0,0,0,0,0,unknown
234044,782940,01/01/2022,12/31/2022,0.0,0.0,0.0,0.0,0.0,0.0,0.0,0,0,0,0,unknown
251320,782947,01/01/2022,12/31/2022,0.0,0.0,0.0,0.0,0.0,0.0,0.0,0,0,0,0,unknown
261337,782948,01/01/2022,12/31/2022,0.0,0.0,0.0,0.0,0.0,0.0,0.0,0,0,0,0,unknown
281355,782949,01/01/2022,12/31/2022,0.0,0.0,0.0,0.0,0.0,0.0,0.0,0,0,0,0,unknown
283301,782950,01/01/2022,12/31/2022,0.0,0.0,0.0,0.0,0.0,0.0,0.0,0,0,0,0,unknown
431333,783024,01/01/2022,12/31/2022,0.0,0.0,0.0,0.0,0.0,0.0,0.0,0,0,0,0,unknown
431339,783025,01/01/2022,12/31/2022,0.0,0.0,0.0,0.0,0.0,0.0,0.0,0,0,0,0,unknown
171325,783105,01/01/2022,12/31/2022,0.0,0.0,0.0,0.0,0.0,0.0,0.0,0,0,0,0,unknown
171380,783106,01/01/2022,12/31/2022,0.0,0.0,0.0,0.0,0.0,0.0,0.0,0,0,0,0,unknown
182005,783111,02/01/2022,01/31/2023,0.0,0.0,0.0,0.0,0.0,0.0,0.0,0,0,0,0,unknown
182008,783112,04/01/2022,03/31/2023,0.0,0.0,0.0,0.0,0.0,0.0,0.0,0,0,0,0,unknown
301305,783129,07/01/2022,06/30/2023,0.0,0.0,0.0,0.0,0.0,0.0,0.0,0,0,0,0,unknown
361313,783146,01/01/2022,12/31/2022,0.0,0.0,0.0,0.0,0.0,0.0,0.0,0,0,0,0,unknown
362037,783147,07/01/2022,06/30/2023,0.0,0.0,0.0,0.0,0.0,0.0,0.0,0,0,0,0,unknown
364059,783149,01/01/2022,12/31/2022,0.0,0.0,0.0,0.0,0.0,0.0,0.0,0,0,0,0,unknown
054087,783199,01/01/2022,12/31/2022,0.0,0.0,0.0,0.0,0.0,0.0,0.0,0,0,0,0,unknown
113301,783219,01/01/2022,12/31/2022,0.0,0.0,0.0,0.0,0.0,0.0,0.0,0,0,0,0,unknown
431329,783270,01/01/2022,12/31/2022,0.0,0.0,0.0,0.0,0.0,0.0,0.0,0,0,0,0,unknown
451341,783308,10/01/2021,09/30/2022,0.0,0.0,0.0,0.0,0.0,0.0,0.0,0,0,0,0,unknown
451384,783309,01/01/2022,12/31/2022,0.0,0.0,0.0,0.0,0.0,0.0,0.0,0,0,0,0,unknown
021307,783322,01/01/2022,12/31/2022,0.0,0.0,0.0,0.0,0.0,0.0,0.0,0,0,0,0,unknown
281328,783379,01/01/2022,12/31/2022,0.0,0.0,0.0,0.0,0.0,0.0,0.0,0,0,0,0,unknown
331307,783460,01/01/2022,12/31/2022,0.0,0.0,0.0,0.0,0.0,0.0,0.0,0,0,0,0,unknown
424007,783491,01/01/2022,12/31/2022,0.0,0.0,0.0,0.0,0.0,0.0,0.0,0,0,0,0,unknown
521315,783525,01/01/2022,12/31/2022,0.0,0.0,0.0,0.0,0.0,0.0,0.0,0,0,0,0,unknown
523302,783527,01/01/2022,12/31/2022,0.0,0.0,0.0,0.0,0.0,0.0,0.0,0,0,0,0,unknown
031319,783537,01/01/2022,12/31/2022,0.0,0.0,0.0,0.0,0.0,0.0,0.0,0,0,0,0,unknown
084005,783561,01/01/2022,12/31/2022,0.0,0.0,0.0,0.0,0.0,0.0,0.0,0,0,0,0,unknown
094001,783562,10/01/2021,09/30/2022,0.0,0.0,0.0,0.0,0.0,0.0,0.0,0,0,0,0,unknown
131328,783575,01/01/2022,12/31/2022,0.0,0.0,0.0,0.0,0.0,0.0,0.0,0,0,0,0,unknown
261309,783612,01/01/2022,12/31/2022,0.0,0.0,0.0,0.0,0.0,0.0,0.0,0,0,0,0,unknown
384012,783689,01/01/2022,12/31/2022,0.0,0.0,0.0,0.0,0.0,0.0,0.0,0,0,0,0,unknown
521335,783770,01/01/2022,12/31/2022,0.0,0.0,0.0,0.0,0.0,0.0,0.0,0,0,0,0,unknown
131301,783808,01/01/2022,12/31/2022,0.0,0.0,0.0,0.0,0.0,0.0,0.0,0,0,0,0,unknown
181320,783817,01/01/2022,12/31/2022,0.0,0.0,0.0,0.0,0.0,0.0,0.0,0,0,0,0,unknown
234025,783831,10/01/2021,09/30/2022,0.0,0.0,0.0,0.0,0.0,0.0,0.0,0,0,0,0,unknown
342020,783907,05/01/2022,04/30/2023,0.0,0.0,0.0,0.0,0.0,0.0,0.0,0,0,0,0,unknown
361311,783908,01/01/2022,12/31/2022,0.0,0.0,0.0,0.0,0.0,0.0,0.0,0,0,0,0,unknown
361321,783909,01/01/2022,12/31/2022,0.0,0.0,0.0,0.0,0.0,0.0,0.0,0,0,0,0,unknown
363302,783911,01/01/2022,12/31/2022,0.0,0.0,0.0,0.0,0.0,0.0,0.0,0,0,0,0,unknown
521326,783972,01/01/2022,12/31/2022,0.0,0.0,0.0,0.0,0.0,0.0,0.0,0,0,0,0,unknown
031304,783979,01/01/2022,12/31/2022,0.0,0.0,0.0,0.0,0.0,0.0,0.0,0,0,0,0,unknown
054053,783987,01/01/2022,12/31/2022,0.0,0.0,0.0,0.0,0.0,0.0,0.0,0,0,0,0,unknown
061300,783989,01/01/2022,12/31/2022,0.0,0.0,0.0,0.0,0.0,0.0,0.0,0,0,0,0,unknown
231332,784075,01/01/2022,12/31/2022,0.0,0.0,0.0,0.0,0.0,0.0,0.0,0,0,0,0,unknown
254005,784080,01/01/2022,12/31/2022,0.0,0.0,0.0,0.0,0.0,0.0,0.0,0,0,0,0,unknown
294010,784089,01/01/2022,12/31/2022,0.0,0.0,0.0,0.0,0.0,0.0,0.0,0,0,0,0,unknown
454101,784197,01/01/2022,12/31/2022,0.0,0.0,0.0,0.0,0.0,0.0,0.0,0,0,0,0,unknown
501301,784207,01/01/2022,12/31/2022,0.0,0.0,0.0,0.0,0.0,0.0,0.0,0,0,0,0,unknown
044007,784216,01/01/2022,12/31/2022,0.0,0.0,0.0,0.0,0.0,0.0,0.0,0,0,0,0,unknown
171338,784246,01/01/2022,12/31/2022,0.0,0.0,0.0,0.0,0.0,0.0,0.0,0,0,0,0,unknown
194089,784254,01/01/2022,12/31/2022,0.0,0.0,0.0,0.0,0.0,0.0,0.0,0,0,0,0,unknown
221990,784255,01/01/2022,12/31/2022,0.0,0.0,0.0,0.0,0.0,0.0,0.0,0,0,0,0,unknown
281310,784263,01/01/2022,12/31/2022,0.0,0.0,0.0,0.0,0.0,0.0,0.0,0,0,0,0,unknown
314027,784285,01/01/2022,12/31/2022,0.0,0.0,0.0,0.0,0.0,0.0,0.0,0,0,0,0,unknown
331990,784302,01/01/2022,12/31/2022,0.0,0.0,0.0,0.0,0.0,0.0,0.0,0,0,0,0,unknown
431328,784375,01/01/2022,12/31/2022,0.0,0.0,0.0,0.0,0.0,0.0,0.0,0,0,0,0,unknown
451318,784384,10/01/2021,09/30/2022,0.0,0.0,0.0,0.0,0.0,0.0,0.0,0,0,0,0,unknown
451990,784385,01/01/2022,12/31/2022,0.0,0.0,0.0,0.0,0.0,0.0,0.0,0,0,0,0,unknown
454050,784386,01/01/2022,12/31/2022,0.0,0.0,0.0,0.0,0.0,0.0,0.0,0,0,0,0,unknown
464015,784388,01/01/2022,12/31/2022,0.0,0.0,0.0,0.0,0.0,0.0,0.0,0,0,0,0,unknown
491991,784389,01/01/2022,12/31/2022,0.0,0.0,0.0,0.0,0.0,0.0,0.0,0,0,0,0,unknown
041317,784407,01/01/2022,12/31/2022,0.0,0.0,0.0,0.0,0.0,0.0,0.0,0,0,0,0,unknown
154051,784447,01/01/2022,12/31/2022,0.0,0.0,0.0,0.0,0.0,0.0,0.0,0,0,0,0,unknown
054154,784603,01/01/2022,12/31/2022,0.0,0.0,0.0,0.0,0.0,0.0,0.0,0,0,0,0,unknown
061313,784604,01/01/2022,12/31/2022,0.0,0.0,0.0,0.0,0.0,0.0,0.0,0,0,0,0,unknown
151302,784635,01/01/2022,12/31/2022,0.0,0.0,0.0,0.0,0.0,0.0,0.0,0,0,0,0,unknown
161354,784638,01/01/2022,12/31/2022,0.0,0.0,0.0,0.0,0.0,0.0,0.0,0,0,0,0,unknown
161366,784639,01/01/2022,12/31/2022,0.0,0.0,0.0,0.0,0.0,0.0,0.0,0,0,0,0,unknown
171314,784642,01/01/2022,12/31/2022,0.0,0.0,0.0,0.0,0.0,0.0,0.0,0,0,0,0,unknown
171357,784645,01/01/2022,12/31/2022,0.0,0.0,0.0,0.0,0.0,0.0,0.0,0,0,0,0,unknown
171362,784646,01/01/2022,12/31/2022,0.0,0.0,0.0,0.0,0.0,0.0,0.0,0,0,0,0,unknown
171370,784647,01/01/2022,12/31/2022,0.0,0.0,0.0,0.0,0.0,0.0,0.0,0,0,0,0,unknown
231326,784663,01/01/2022,12/31/2022,0.0,0.0,0.0,0.0,0.0,0.0,0.0,0,0,0,0,unknown
231338,784664,01/01/2022,12/31/2022,0.0,0.0,0.0,0.0,0.0,0.0,0.0,0,0,0,0,unknown
261314,784669,01/01/2022,12/31/2022,0.0,0.0,0.0,0.0,0.0,0.0,0.0,0,0,0,0,unknown
271310,784672,07/01/2022,06/30/2023,0.0,0.0,0.0,0.0,0.0,0.0,0.0,0,0,0,0,unknown
451313,784799,01/01/2022,12/31/2022,0.0,0.0,0.0,0.0,0.0,0.0,0.0,0,0,0,0,unknown
451389,784801,01/01/2022,12/31/2022,0.0,0.0,0.0,0.0,0.0,0.0,0.0,0,0,0,0,unknown
531305,784814,01/01/2022,12/31/2022,0.0,0.0,0.0,0.0,0.0,0.0,0.0,0,0,0,0,unknown
531306,784815,01/01/2022,12/31/2022,0.0,0.0,0.0,0.0,0.0,0.0,0.0,0,0,0,0,unknown
084003,784823,01/01/2022,12/31/2022,0.0,0.0,0.0,0.0,0.0,0.0,0.0,0,0,0,0,unknown
131317,784832,01/01/2022,12/31/2022,0.0,0.0,0.0,0.0,0.0,0.0,0.0,0,0,0,0,unknown
313300,784860,01/01/2022,12/31/2022,0.0,0.0,0.0,0.0,0.0,0.0,0.0,0,0,0,0,unknown
331312,784864,01/01/2022,12/31/2022,0.0,0.0,0.0,0.0,0.0,0.0,0.0,0,0,0,0,unknown
521340,784949,01/01/2022,12/31/2022,0.0,0.0,0.0,0.0,0.0,0.0,0.0,0,0,0,0,unknown
151304,784984,01/01/2022,12/31/2022,0.0,0.0,0.0,0.0,0.0,0.0,0.0,0,0,0,0,unknown
171346,784985,01/01/2022,12/31/2022,0.0,0.0,0.0,0.0,0.0,0.0,0.0,0,0,0,0,unknown
171367,784986,01/01/2022,12/31/2022,0.0,0.0,0.0,0.0,0.0,0.0,0.0,0,0,0,0,unknown
171374,784987,01/01/2022,12/31/2022,0.0,0.0,0.0,0.0,0.0,0.0,0.0,0,0,0,0,unknown
241300,785000,01/01/2022,12/31/2022,0.0,0.0,0.0,0.0,0.0,0.0,0.0,0,0,0,0,unknown
314020,785010,01/01/2022,12/31/2022,0.0,0.0,0.0,0.0,0.0,0.0,0.0,0,0,0,0,unknown
331303,785016,01/01/2022,12/31/2022,0.0,0.0,0.0,0.0,0.0,0.0,0.0,0,0,0,0,unknown
450200,785050,01/01/2022,12/31/2022,0.0,0.0,0.0,0.0,0.0,0.0,0.0,0,0,0,0,unknown
450888,785060,01/01/2022,12/31/2022,0.0,0.0,0.0,0.0,0.0,0.0,0.0,0,0,0,0,unknown
451334,785061,06/01/2022,05/31/2023,0.0,0.0,0.0,0.0,0.0,0.0,0.0,0,0,0,0,unknown
031308,785069,10/01/2021,09/30/2022,0.0,0.0,0.0,0.0,0.0,0.0,0.0,0,0,0,0,unknown
054148,785082,01/01/2022,12/31/2022,0.0,0.0,0.0,0.0,0.0,0.0,0.0,0,0,0,0,unknown
061309,785084,01/01/2022,12/31/2022,0.0,0.0,0.0,0.0,0.0,0.0,0.0,0,0,0,0,unknown
061311,785085,01/01/2022,12/31/2022,0.0,0.0,0.0,0.0,0.0,0.0,0.0,0,0,0,0,unknown
061316,785086,01/01/2022,12/31/2022,0.0,0.0,0.0,0.0,0.0,0.0,0.0,0,0,0,0,unknown
062017,785087,03/01/2022,02/28/2023,0.0,0.0,0.0,0.0,0.0,0.0,0.0,0,0,0,0,unknown
151326,785105,01/01/2022,12/31/2022,0.0,0.0,0.0,0.0,0.0,0.0,0.0,0,0,0,0,unknown
151329,785106,01/01/2022,12/31/2022,0.0,0.0,0.0,0.0,0.0,0.0,0.0,0,0,0,0,unknown
201303,785113,01/01/2022,12/31/2022,0.0,0.0,0.0,0.0,0.0,0.0,0.0,0,0,0,0,unknown
371300,785139,01/01/2022,12/31/2022,0.0,0.0,0.0,0.0,0.0,0.0,0.0,0,0,0,0,unknown
371307,785140,01/01/2022,12/31/2022,0.0,0.0,0.0,0.0,0.0,0.0,0.0,0,0,0,0,unknown
424008,785159,01/01/2022,12/31/2022,0.0,0.0,0.0,0.0,0.0,0.0,0.0,0,0,0,0,unknown
452094,785174,01/01/2022,12/31/2022,0.0,0.0,0.0,0.0,0.0,0.0,0.0,0,0,0,0,unknown
452122,785175,01/01/2022,12/31/2022,0.0,0.0,0.0,0.0,0.0,0.0,0.0,0,0,0,0,unknown
454012,785176,01/01/2022,12/31/2022,0.0,0.0,0.0,0.0,0.0,0.0,0.0,0,0,0,0,unknown
501317,785180,01/01/2022,12/31/2022,0.0,0.0,0.0,0.0,0.0,0.0,0.0,0,0,0,0,unknown
061310,785213,01/01/2022,12/31/2022,0.0,0.0,0.0,0.0,0.0,0.0,0.0,0,0,0,0,unknown
171304,785228,01/01/2022,12/31/2022,0.0,0.0,0.0,0.0,0.0,0.0,0.0,0,0,0,0,unknown
171309,785229,01/01/2022,12/31/2022,0.0,0.0,0.0,0.0,0.0,0.0,0.0,0,0,0,0,unknown
171332,785230,01/01/2022,12/31/2022,0.0,0.0,0.0,0.0,0.0,0.0,0.0,0,0,0,0,unknown
171365,785231,01/01/2022,12/31/2022,0.0,0.0,0.0,0.0,0.0,0.0,0.0,0,0,0,0,unknown
194080,785233,01/01/2022,12/31/2022,0.0,0.0,0.0,0.0,0.0,0.0,0.0,0,0,0,0,unknown
233300,785237,01/01/2022,12/31/2022,0.0,0.0,0.0,0.0,0.0,0.0,0.0,0,0,0,0,unknown
281357,785242,01/01/2022,12/31/2022,0.0,0.0,0.0,0.0,0.0,0.0,0.0,0,0,0,0,unknown
344007,785256,01/01/2022,12/31/2022,0.0,0.0,0.0,0.0,0.0,0.0,0.0,0,0,0,0,unknown
361328,785257,01/01/2022,12/31/2022,0.0,0.0,0.0,0.0,0.0,0.0,0.0,0,0,0,0,unknown
364049,785258,01/01/2022,12/31/2022,0.0,0.0,0.0,0.0,0.0,0.0,0.0,0,0,0,0,unknown
364053,785259,01/01/2022,12/31/2022,0.0,0.0,0.0,0.0,0.0,0.0,0.0,0,0,0,0,unknown
053037,785309,07/01/2022,06/30/2023,0.0,0.0,0.0,0.0,0.0,0.0,0.0,0,0,0,0,unknown
060004,785310,01/01/2022,12/31/2022,0.0,0.0,0.0,0.0,0.0,0.0,0.0,0,0,0,0,unknown
111314,785319,01/01/2022,12/31/2022,0.0,0.0,0.0,0.0,0.0,0.0,0.0,0,0,0,0,unknown
112017,785322,01/01/2022,12/31/2022,0.0,0.0,0.0,0.0,0.0,0.0,0.0,0,0,0,0,unknown
171311,785328,01/01/2022,12/31/2022,0.0,0.0,0.0,0.0,0.0,0.0,0.0,0,0,0,0,unknown
171322,785329,01/01/2022,12/31/2022,0.0,0.0,0.0,0.0,0.0,0.0,0.0,0,0,0,0,unknown
171323,785330,01/01/2022,12/31/2022,0.0,0.0,0.0,0.0,0.0,0.0,0.0,0,0,0,0,unknown
194084,785338,01/01/2022,12/31/2022,0.0,0.0,0.0,0.0,0.0,0.0,0.0,0,0,0,0,unknown
271342,785345,07/01/2022,06/30/2023,0.0,0.0,0.0,0.0,0.0,0.0,0.0,0,0,0,0,unknown
450661,785375,10/01/2021,09/30/2022,0.0,0.0,0.0,0.0,0.0,0.0,0.0,0,0,0,0,unknown
453096,785379,08/01/2022,07/31/2023,0.0,0.0,0.0,0.0,0.0,0.0,0.0,0,0,0,0,unknown
454132,785380,01/01/2022,12/31/2022,0.0,0.0,0.0,0.0,0.0,0.0,0.0,0,0,0,0,unknown
461301,785384,01/01/2022,12/31/2022,0.0,0.0,0.0,0.0,0.0,0.0,0.0,0,0,0,0,unknown
474001,785386,01/01/2022,12/31/2022,0.0,0.0,0.0,0.0,0.0,0.0,0.0,0,0,0,0,unknown
492010,785391,01/01/2022,12/31/2022,0.0,0.0,0.0,0.0,0.0,0.0,0.0,0,0,0,0,unknown
504012,785392,01/01/2022,12/31/2022,0.0,0.0,0.0,0.0,0.0,0.0,0.0,0,0,0,0,unknown
052043,785413,07/01/2022,06/30/2023,0.0,0.0,0.0,0.0,0.0,0.0,0.0,0,0,0,0,unknown
054151,785414,01/01/2022,12/31/2022,0.0,0.0,0.0,0.0,0.0,0.0,0.0,0,0,0,0,unknown
111330,785429,01/01/2022,12/31/2022,0.0,0.0,0.0,0.0,0.0,0.0,0.0,0,0,0,0,unknown
151316,785433,01/01/2022,12/31/2022,0.0,0.0,0.0,0.0,0.0,0.0,0.0,0,0,0,0,unknown
161367,785436,01/01/2022,12/31/2022,0.0,0.0,0.0,0.0,0.0,0.0,0.0,0,0,0,0,unknown
181316,785437,07/01/2022,06/30/2023,0.0,0.0,0.0,0.0,0.0,0.0,0.0,0,0,0,0,unknown
190245,785439,01/01/2022,12/31/2022,0.0,0.0,0.0,0.0,0.0,0.0,0.0,0,0,0,0,unknown
241347,785452,01/01/2022,12/31/2022,0.0,0.0,0.0,0.0,0.0,0.0,0.0,0,0,0,0,unknown
261321,785457,01/01/2022,12/31/2022,0.0,0.0,0.0,0.0,0.0,0.0,0.0,0,0,0,0,unknown
281322,785460,01/01/2022,12/31/2022,0.0,0.0,0.0,0.0,0.0,0.0,0.0,0,0,0,0,unknown
321309,785462,01/01/2022,12/31/2022,0.0,0.0,0.0,0.0,0.0,0.0,0.0,0,0,0,0,unknown
361308,785469,01/01/2022,12/31/2022,0.0,0.0,0.0,0.0,0.0,0.0,0.0,0,0,0,0,unknown
361322,785470,01/01/2022,12/31/2022,0.0,0.0,0.0,0.0,0.0,0.0,0.0,0,0,0,0,unknown
361329,785471,01/01/2022,12/31/2022,0.0,0.0,0.0,0.0,0.0,0.0,0.0,0,0,0,0,unknown
364007,785474,07/01/2022,06/30/2023,0.0,0.0,0.0,0.0,0.0,0.0,0.0,0,0,0,0,unknown
364035,785475,07/01/2022,06/30/2023,0.0,0.0,0.0,0.0,0.0,0.0,0.0,0,0,0,0,unknown
364055,785476,07/01/2022,06/30/2023,0.0,0.0,0.0,0.0,0.0,0.0,0.0,0,0,0,0,unknown
364056,785477,01/01/2022,12/31/2022,0.0,0.0,0.0,0.0,0.0,0.0,0.0,0,0,0,0,unknown
391306,785482,01/01/2022,12/31/2022,0.0,0.0,0.0,0.0,0.0,0.0,0.0,0,0,0,0,unknown
452062,785493,01/01/2022,12/31/2022,0.0,0.0,0.0,0.0,0.0,0.0,0.0,0,0,0,0,unknown
454127,785494,01/01/2022,12/31/2022,0.0,0.0,0.0,0.0,0.0,0.0,0.0,0,0,0,0,unknown
521302,785496,01/01/2022,12/31/2022,0.0,0.0,0.0,0.0,0.0,0.0,0.0,0,0,0,0,unknown
521342,785498,01/01/2022,12/31/2022,0.0,0.0,0.0,0.0,0.0,0.0,0.0,0,0,0,0,unknown
521344,785499,01/01/2022,12/31/2022,0.0,0.0,0.0,0.0,0.0,0.0,0.0,0,0,0,0,unknown
063303,785519,01/01/2022,12/31/2022,0.0,0.0,0.0,0.0,0.0,0.0,0.0,0,0,0,0,unknown
084002,785523,01/01/2022,12/31/2022,0.0,0.0,0.0,0.0,0.0,0.0,0.0,0,0,0,0,unknown
171373,785537,01/01/2022,12/31/2022,0.0,0.0,0.0,0.0,0.0,0.0,0.0,0,0,0,0,unknown
194074,785547,01/01/2022,12/31/2022,0.0,0.0,0.0,0.0,0.0,0.0,0.0,0,0,0,0,unknown
241363,785556,01/01/2022,12/31/2022,0.0,0.0,0.0,0.0,0.0,0.0,0.0,0,0,0,0,unknown
371330,785567,01/01/2022,12/31/2022,0.0,0.0,0.0,0.0,0.0,0.0,0.0,0,0,0,0,unknown
371331,785568,01/01/2022,12/31/2022,0.0,0.0,0.0,0.0,0.0,0.0,0.0,0,0,0,0,unknown
454069,785592,01/01/2022,08/04/2022,0.0,0.0,0.0,0.0,0.0,0.0,0.0,0,0,0,0,unknown
041302,785602,01/01/2022,12/31/2022,0.0,0.0,0.0,0.0,0.0,0.0,0.0,0,0,0,0,unknown
051334,785615,01/01/2022,12/31/2022,0.0,0.0,0.0,0.0,0.0,0.0,0.0,0,0,0,0,unknown
060071,785616,01/01/2022,12/31/2022,0.0,0.0,0.0,0.0,0.0,0.0,0.0,0,0,0,0,unknown
151311,785623,01/01/2022,12/31/2022,0.0,0.0,0.0,0.0,0.0,0.0,0.0,0,0,0,0,unknown
190251,785625,01/01/2022,12/31/2022,0.0,0.0,0.0,0.0,0.0,0.0,0.0,0,0,0,0,unknown
190315,785626,01/01/2022,12/31/2022,0.0,0.0,0.0,0.0,0.0,0.0,0.0,0,0,0,0,unknown
231327,785629,01/01/2022,12/31/2022,0.0,0.0,0.0,0.0,0.0,0.0,0.0,0,0,0,0,unknown
313302,785634,01/01/2022,12/31/2022,0.0,0.0,0.0,0.0,0.0,0.0,0.0,0,0,0,0,unknown
351329,785637,01/01/2022,12/31/2022,0.0,0.0,0.0,0.0,0.0,0.0,0.0,0,0,0,0,unknown
451397,785656,04/21/2022,12/31/2022,0.0,0.0,0.0,0.0,0.0,0.0,0.0,0,0,0,0,unknown
464013,785658,01/01/2022,12/31/2022,0.0,0.0,0.0,0.0,0.0,0.0,0.0,0,0,0,0,unknown
511317,785661,01/01/2022,12/31/2022,0.0,0.0,0.0,0.0,0.0,0.0,0.0,0,0,0,0,unknown
034026,785666,01/01/2022,12/31/2022,0.0,0.0,0.0,0.0,0.0,0.0,0.0,0,0,0,0,unknown
051331,785671,01/01/2022,12/31/2022,0.0,0.0,0.0,0.0,0.0,0.0,0.0,0,0,0,0,unknown
084004,785677,01/01/2022,12/31/2022,0.0,0.0,0.0,0.0,0.0,0.0,0.0,0,0,0,0,unknown
101303,785680,01/01/2022,12/31/2022,0.0,0.0,0.0,0.0,0.0,0.0,0.0,0,0,0,0,unknown
180004,785686,06/01/2022,05/31/2023,0.0,0.0,0.0,0.0,0.0,0.0,0.0,0,0,0,0,unknown
190015,785693,07/01/2022,06/30/2023,0.0,0.0,0.0,0.0,0.0,0.0,0.0,0,0,0,0,unknown
191314,785694,01/01/2022,12/31/2022,0.0,0.0,0.0,0.0,0.0,0.0,0.0,0,0,0,0,unknown
314024,785701,01/01/2022,12/31/2022,0.0,0.0,0.0,0.0,0.0,0.0,0.0,0,0,0,0,unknown
360040,785709,01/01/2022,12/31/2022,0.0,0.0,0.0,0.0,0.0,0.0,0.0,0,0,0,0,unknown
360161,785718,01/01/2022,12/31/2022,0.0,0.0,0.0,0.0,0.0,0.0,0.0,0,0,0,0,unknown
371336,785726,01/01/2022,12/31/2022,0.0,0.0,0.0,0.0,0.0,0.0,0.0,0,0,0,0,unknown
374016,785727,01/01/2022,12/31/2022,0.0,0.0,0.0,0.0,0.0,0.0,0.0,0,0,0,0,unknown
390160,785730,07/01/2022,06/30/2023,0.0,0.0,0.0,0.0,0.0,0.0,0.0,0,0,0,0,unknown
450563,785742,07/01/2022,06/30/2023,0.0,0.0,0.0,0.0,0.0,0.0,0.0,0,0,0,0,unknown
451349,785744,01/01/2022,12/31/2022,0.0,0.0,0.0,0.0,0.0,0.0,0.0,0,0,0,0,unknown
452105,785745,01/01/2022,12/31/2022,0.0,0.0,0.0,0.0,0.0,0.0,0.0,0,0,0,0,unknown
454118,785746,01/01/2022,12/31/2022,0.0,0.0,0.0,0.0,0.0,0.0,0.0,0,0,0,0,unknown
521304,785756,01/01/2022,12/31/2022,0.0,0.0,0.0,0.0,0.0,0.0,0.0,0,0,0,0,unknown
051319,785769,07/01/2022,06/30/2023,0.0,0.0,0.0,0.0,0.0,0.0,0.0,0,0,0,0,unknown
110124,785775,07/01/2022,06/30/2023,0.0,0.0,0.0,0.0,0.0,0.0,0.0,0,0,0,0,unknown
111311,785778,01/01/2022,12/31/2022,0.0,0.0,0.0,0.0,0.0,0.0,0.0,0,0,0,0,unknown
151320,785786,01/01/2022,12/31/2022,0.0,0.0,0.0,0.0,0.0,0.0,0.0,0,0,0,0,unknown
172007,785788,01/01/2022,12/31/2022,0.0,0.0,0.0,0.0,0.0,0.0,0.0,0,0,0,0,unknown
241337,785793,01/01/2022,12/31/2022,0.0,0.0,0.0,0.0,0.0,0.0,0.0,0,0,0,0,unknown
250034,785794,10/01/2021,09/30/2022,0.0,0.0,0.0,0.0,0.0,0.0,0.0,0,0,0,0,unknown
314012,785799,01/01/2022,12/31/2022,0.0,0.0,0.0,0.0,0.0,0.0,0.0,0,0,0,0,unknown
333030,785802,01/01/2022,12/31/2022,0.0,0.0,0.0,0.0,0.0,0.0,0.0,0,0,0,0,unknown
370215,785807,01/01/2022,12/31/2022,0.0,0.0,0.0,0.0,0.0,0.0,0.0,0,0,0,0,unknown
422007,785808,01/01/2022,12/31/2022,0.0,0.0,0.0,0.0,0.0,0.0,0.0,0,0,0,0,unknown
441304,785811,07/01/2022,06/30/2023,0.0,0.0,0.0,0.0,0.0,0.0,0.0,0,0,0,0,unknown
451369,785815,01/01/2022,12/31/2022,0.0,0.0,0.0,0.0,0.0,0.0,0.0,0,0,0,0,unknown
451377,785816,01/01/2022,12/31/2022,0.0,0.0,0.0,0.0,0.0,0.0,0.0,0,0,0,0,unknown
454018,785817,01/01/2022,12/31/2022,0.0,0.0,0.0,0.0,0.0,0.0,0.0,0,0,0,0,unknown
521319,785824,01/01/2022,12/31/2022,0.0,0.0,0.0,0.0,0.0,0.0,0.0,0,0,0,0,unknown
521328,785825,01/01/2022,12/31/2022,0.0,0.0,0.0,0.0,0.0,0.0,0.0,0,0,0,0,unknown
670115,785828,01/01/2022,12/31/2022,0.0,0.0,0.0,0.0,0.0,0.0,0.0,0,0,0,0,unknown
031318,785834,01/01/2022,12/31/2022,0.0,0.0,0.0,0.0,0.0,0.0,0.0,0,0,0,0,unknown
054131,785844,01/01/2022,12/31/2022,0.0,0.0,0.0,0.0,0.0,0.0,0.0,0,0,0,0,unknown
092003,785846,01/01/2022,12/31/2022,0.0,0.0,0.0,0.0,0.0,0.0,0.0,0,0,0,0,unknown
134017,785850,01/01/2022,12/31/2022,0.0,0.0,0.0,0.0,0.0,0.0,0.0,0,0,0,0,unknown
180024,785856,10/01/2021,09/30/2022,0.0,0.0,0.0,0.0,0.0,0.0,0.0,0,0,0,0,unknown
180070,785857,06/01/2022,05/31/2023,0.0,0.0,0.0,0.0,0.0,0.0,0.0,0,0,0,0,unknown
181317,785860,07/01/2022,06/30/2023,0.0,0.0,0.0,0.0,0.0,0.0,0.0,0,0,0,0,unknown
181318,785861,04/01/2022,03/31/2023,0.0,0.0,0.0,0.0,0.0,0.0,0.0,0,0,0,0,unknown
210062,785862,07/01/2022,06/30/2023,0.0,0.0,0.0,0.0,0.0,0.0,0.0,0,0,0,0,unknown
241335,785865,01/01/2022,12/31/2022,0.0,0.0,0.0,0.0,0.0,0.0,0.0,0,0,0,0,unknown
331310,785876,01/01/2022,12/31/2022,0.0,0.0,0.0,0.0,0.0,0.0,0.0,0,0,0,0,unknown
361310,785886,01/01/2022,12/31/2022,0.0,0.0,0.0,0.0,0.0,0.0,0.0,0,0,0,0,unknown
364052,785889,04/01/2022,03/31/2023,0.0,0.0,0.0,0.0,0.0,0.0,0.0,0,0,0,0,unknown
451312,785900,01/01/2022,12/31/2022,0.0,0.0,0.0,0.0,0.0,0.0,0.0,0,0,0,0,unknown
451317,785901,01/01/2022,12/31/2022,0.0,0.0,0.0,0.0,0.0,0.0,0.0,0,0,0,0,unknown
451374,785902,01/01/2022,12/31/2022,0.0,0.0,0.0,0.0,0.0,0.0,0.0,0,0,0,0,unknown
531307,785907,01/01/2022,12/31/2022,0.0,0.0,0.0,0.0,0.0,0.0,0.0,0,0,0,0,unknown
061301,785934,01/01/2022,12/31/2022,0.0,0.0,0.0,0.0,0.0,0.0,0.0,0,0,0,0,unknown
061323,785935,01/01/2022,12/31/2022,0.0,0.0,0.0,0.0,0.0,0.0,0.0,0,0,0,0,unknown
111310,785944,01/01/2022,12/31/2022,0.0,0.0,0.0,0.0,0.0,0.0,0.0,0,0,0,0,unknown
114012,785945,01/01/2022,12/31/2022,0.0,0.0,0.0,0.0,0.0,0.0,0.0,0,0,0,0,unknown
114037,785946,01/01/2022,12/31/2022,0.0,0.0,0.0,0.0,0.0,0.0,0.0,0,0,0,0,unknown
263301,785965,01/01/2022,12/31/2022,0.0,0.0,0.0,0.0,0.0,0.0,0.0,0,0,0,0,unknown
334048,785970,01/01/2022,12/31/2022,0.0,0.0,0.0,0.0,0.0,0.0,0.0,0,0,0,0,unknown
360041,785975,01/01/2022,12/31/2022,0.0,0.0,0.0,0.0,0.0,0.0,0.0,0,0,0,0,unknown
360144,785981,01/01/2022,12/31/2022,0.0,0.0,0.0,0.0,0.0,0.0,0.0,0,0,0,0,unknown
360155,785982,01/01/2022,12/31/2022,0.0,0.0,0.0,0.0,0.0,0.0,0.0,0,0,0,0,unknown
031315,786001,01/01/2022,12/31/2022,0.0,0.0,0.0,0.0,0.0,0.0,0.0,0,0,0,0,unknown
061302,786013,01/01/2022,12/31/2022,0.0,0.0,0.0,0.0,0.0,0.0,0.0,0,0,0,0,unknown
111316,786015,01/01/2022,12/31/2022,0.0,0.0,0.0,0.0,0.0,0.0,0.0,0,0,0,0,unknown
171317,786019,01/01/2022,12/31/2022,0.0,0.0,0.0,0.0,0.0,0.0,0.0,0,0,0,0,unknown
171344,786020,01/01/2022,12/31/2022,0.0,0.0,0.0,0.0,0.0,0.0,0.0,0,0,0,0,unknown
192048,786023,01/01/2022,12/31/2022,0.0,0.0,0.0,0.0,0.0,0.0,0.0,0,0,0,0,unknown
201305,786024,01/01/2022,12/31/2022,0.0,0.0,0.0,0.0,0.0,0.0,0.0,0,0,0,0,unknown
224018,786028,01/01/2022,12/31/2022,0.0,0.0,0.0,0.0,0.0,0.0,0.0,0,0,0,0,unknown
224023,786029,01/01/2022,12/31/2022,0.0,0.0,0.0,0.0,0.0,0.0,0.0,0,0,0,0,unknown
314022,786039,01/01/2022,12/31/2022,0.0,0.0,0.0,0.0,0.0,0.0,0.0,0,0,0,0,unknown
344014,786043,01/01/2022,12/31/2022,0.0,0.0,0.0,0.0,0.0,0.0,0.0,0,0,0,0,unknown
431307,786051,01/01/2022,12/31/2022,0.0,0.0,0.0,0.0,0.0,0.0,0.0,0,0,0,0,unknown
431316,786052,01/01/2022,12/31/2022,0.0,0.0,0.0,0.0,0.0,0.0,0.0,0,0,0,0,unknown
441314,786053,01/01/2022,12/31/2022,0.0,0.0,0.0,0.0,0.0,0.0,0.0,0,0,0,0,unknown
452022,786058,01/01/2022,12/31/2022,0.0,0.0,0.0,0.0,0.0,0.0,0.0,0,0,0,0,unknown
151333,786072,01/01/2022,12/31/2022,0.0,0.0,0.0,0.0,0.0,0.0,0.0,0,0,0,0,unknown
171329,786073,01/01/2022,12/31/2022,0.0,0.0,0.0,0.0,0.0,0.0,0.0,0,0,0,0,unknown
180005,786074,07/01/2022,06/30/2023,0.0,0.0,0.0,0.0,0.0,0.0,0.0,0,0,0,0,unknown
224021,786080,01/01/2022,12/31/2022,0.0,0.0,0.0,0.0,0.0,0.0,0.0,0,0,0,0,unknown
360085,786094,07/01/2022,06/30/2023,0.0,0.0,0.0,0.0,0.0,0.0,0.0,0,0,0,0,unknown
360143,786096,01/01/2022,12/31/2022,0.0,0.0,0.0,0.0,0.0,0.0,0.0,0,0,0,0,unknown
360218,786100,01/01/2022,12/31/2022,0.0,0.0,0.0,0.0,0.0,0.0,0.0,0,0,0,0,unknown
362024,786102,01/01/2022,12/31/2022,0.0,0.0,0.0,0.0,0.0,0.0,0.0,0,0,0,0,unknown
452041,786109,01/01/2022,12/31/2022,0.0,0.0,0.0,0.0,0.0,0.0,0.0,0,0,0,0,unknown
454141,786110,01/01/2022,12/31/2022,0.0,0.0,0.0,0.0,0.0,0.0,0.0,0,0,0,0,unknown
060125,786120,01/01/2022,12/31/2022,0.0,0.0,0.0,0.0,0.0,0.0,0.0,0,0,0,0,unknown
100299,786127,01/01/2022,12/31/2022,0.0,0.0,0.0,0.0,0.0,0.0,0.0,0,0,0,0,unknown
151324,786132,01/01/2022,12/31/2022,0.0,0.0,0.0,0.0,0.0,0.0,0.0,0,0,0,0,unknown
151328,786133,01/01/2022,12/31/2022,0.0,0.0,0.0,0.0,0.0,0.0,0.0,0,0,0,0,unknown
161362,786134,01/01/2022,12/31/2022,0.0,0.0,0.0,0.0,0.0,0.0,0.0,0,0,0,0,unknown
171324,786135,01/01/2022,12/31/2022,0.0,0.0,0.0,0.0,0.0,0.0,0.0,0,0,0,0,unknown
171371,786136,01/01/2022,12/31/2022,0.0,0.0,0.0,0.0,0.0,0.0,0.0,0,0,0,0,unknown
210006,786146,07/01/2022,06/30/2023,0.0,0.0,0.0,0.0,0.0,0.0,0.0,0,0,0,0,unknown
370178,786159,07/01/2022,06/30/2023,0.0,0.0,0.0,0.0,0.0,0.0,0.0,0,0,0,0,unknown
370212,786160,01/01/2022,12/31/2022,0.0,0.0,0.0,0.0,0.0,0.0,0.0,0,0,0,0,unknown
390013,786164,07/01/2022,06/30/2023,0.0,0.0,0.0,0.0,0.0,0.0,0.0,0,0,0,0,unknown
450885,786172,04/01/2022,03/31/2023,0.0,0.0,0.0,0.0,0.0,0.0,0.0,0,0,0,0,unknown
454144,786173,01/01/2022,12/31/2022,0.0,0.0,0.0,0.0,0.0,0.0,0.0,0,0,0,0,unknown
454147,786174,01/01/2022,12/31/2022,0.0,0.0,0.0,0.0,0.0,0.0,0.0,0,0,0,0,unknown
461300,786175,01/01/2022,12/31/2022,0.0,0.0,0.0,0.0,0.0,0.0,0.0,0,0,0,0,unknown
461305,786176,01/01/2022,12/31/2022,0.0,0.0,0.0,0.0,0.0,0.0,0.0,0,0,0,0,unknown
511308,786177,01/01/2022,12/31/2022,0.0,0.0,0.0,0.0,0.0,0.0,0.0,0,0,0,0,unknown
670054,786178,01/01/2022,12/31/2022,0.0,0.0,0.0,0.0,0.0,0.0,0.0,0,0,0,0,unknown
670098,786179,06/01/2022,05/31/2023,0.0,0.0,0.0,0.0,0.0,0.0,0.0,0,0,0,0,unknown
051323,786186,01/01/2022,12/31/2022,0.0,0.0,0.0,0.0,0.0,0.0,0.0,0,0,0,0,unknown
100045,786191,01/01/2022,12/31/2022,0.0,0.0,0.0,0.0,0.0,0.0,0.0,0,0,0,0,unknown
102027,786196,09/01/2022,08/31/2023,0.0,0.0,0.0,0.0,0.0,0.0,0.0,0,0,0,0,unknown
151313,786201,01/01/2022,12/31/2022,0.0,0.0,0.0,0.0,0.0,0.0,0.0,0,0,0,0,unknown
151330,786202,01/01/2022,12/31/2022,0.0,0.0,0.0,0.0,0.0,0.0,0.0,0,0,0,0,unknown
171333,786204,01/01/2022,12/31/2022,0.0,0.0,0.0,0.0,0.0,0.0,0.0,0,0,0,0,unknown
181324,786205,04/01/2022,03/31/2023,0.0,0.0,0.0,0.0,0.0,0.0,0.0,0,0,0,0,unknown
182006,786206,03/01/2022,02/28/2023,0.0,0.0,0.0,0.0,0.0,0.0,0.0,0,0,0,0,unknown
190270,786207,01/01/2022,12/31/2022,0.0,0.0,0.0,0.0,0.0,0.0,0.0,0,0,0,0,unknown
241328,786211,01/01/2022,12/31/2022,0.0,0.0,0.0,0.0,0.0,0.0,0.0,0,0,0,0,unknown
250001,786212,07/01/2022,06/30/2023,0.0,0.0,0.0,0.0,0.0,0.0,0.0,0,0,0,0,unknown
252005,786213,01/01/2022,12/31/2022,0.0,0.0,0.0,0.0,0.0,0.0,0.0,0,0,0,0,unknown
261324,786214,01/01/2022,12/31/2022,0.0,0.0,0.0,0.0,0.0,0.0,0.0,0,0,0,0,unknown
331313,786218,01/01/2022,12/31/2022,0.0,0.0,0.0,0.0,0.0,0.0,0.0,0,0,0,0,unknown
331315,786219,01/01/2022,12/31/2022,0.0,0.0,0.0,0.0,0.0,0.0,0.0,0,0,0,0,unknown
340049,786220,01/01/2022,12/31/2022,0.0,0.0,0.0,0.0,0.0,0.0,0.0,0,0,0,0,unknown
340075,786221,07/01/2022,06/30/2023,0.0,0.0,0.0,0.0,0.0,0.0,0.0,0,0,0,0,unknown
371328,786226,01/01/2022,12/31/2022,0.0,0.0,0.0,0.0,0.0,0.0,0.0,0,0,0,0,unknown
451307,786235,01/01/2022,12/31/2022,0.0,0.0,0.0,0.0,0.0,0.0,0.0,0,0,0,0,unknown
451324,786236,01/01/2022,12/31/2022,0.0,0.0,0.0,0.0,0.0,0.0,0.0,0,0,0,0,unknown
100001,786246,07/01/2022,06/30/2023,0.0,0.0,0.0,0.0,0.0,0.0,0.0,0,0,0,0,unknown
100154,786248,10/01/2021,09/30/2022,0.0,0.0,0.0,0.0,0.0,0.0,0.0,0,0,0,0,unknown
100258,786250,01/01/2022,12/31/2022,0.0,0.0,0.0,0.0,0.0,0.0,0.0,0,0,0,0,unknown
151317,786253,01/01/2022,12/31/2022,0.0,0.0,0.0,0.0,0.0,0.0,0.0,0,0,0,0,unknown
161350,786255,01/01/2022,12/31/2022,0.0,0.0,0.0,0.0,0.0,0.0,0.0,0,0,0,0,unknown
171382,786257,01/01/2022,12/31/2022,0.0,0.0,0.0,0.0,0.0,0.0,0.0,0,0,0,0,unknown
190266,786260,01/01/2022,12/31/2022,0.0,0.0,0.0,0.0,0.0,0.0,0.0,0,0,0,0,unknown
191313,786261,01/01/2022,12/31/2022,0.0,0.0,0.0,0.0,0.0,0.0,0.0,0,0,0,0,unknown
193031,786262,01/01/2022,12/31/2022,0.0,0.0,0.0,0.0,0.0,0.0,0.0,0,0,0,0,unknown
194094,786263,01/01/2022,12/31/2022,0.0,0.0,0.0,0.0,0.0,0.0,0.0,0,0,0,0,unknown
194109,786264,01/01/2022,12/31/2022,0.0,0.0,0.0,0.0,0.0,0.0,0.0,0,0,0,0,unknown
231331,786269,01/01/2022,12/31/2022,0.0,0.0,0.0,0.0,0.0,0.0,0.0,0,0,0,0,unknown
281345,786274,01/01/2022,12/31/2022,0.0,0.0,0.0,0.0,0.0,0.0,0.0,0,0,0,0,unknown
314018,786276,01/01/2022,12/31/2022,0.0,0.0,0.0,0.0,0.0,0.0,0.0,0,0,0,0,unknown
321302,786277,01/01/2022,12/31/2022,0.0,0.0,0.0,0.0,0.0,0.0,0.0,0,0,0,0,unknown
360020,786282,01/01/2022,12/31/2022,0.0,0.0,0.0,0.0,0.0,0.0,0.0,0,0,0,0,unknown
390334,786296,07/01/2022,06/30/2023,0.0,0.0,0.0,0.0,0.0,0.0,0.0,0,0,0,0,unknown
394053,786297,01/01/2022,12/31/2022,0.0,0.0,0.0,0.0,0.0,0.0,0.0,0,0,0,0,unknown
442015,786302,01/01/2022,12/31/2022,0.0,0.0,0.0,0.0,0.0,0.0,0.0,0,0,0,0,unknown
452091,786305,01/01/2022,12/31/2022,0.0,0.0,0.0,0.0,0.0,0.0,0.0,0,0,0,0,unknown
670088,786308,06/01/2022,05/31/2023,0.0,0.0,0.0,0.0,0.0,0.0,0.0,0,0,0,0,unknown
010148,786314,01/01/2022,12/31/2022,0.0,0.0,0.0,0.0,0.0,0.0,0.0,0,0,0,0,unknown
051320,786319,01/01/2022,12/31/2022,0.0,0.0,0.0,0.0,0.0,0.0,0.0,0,0,0,0,unknown
110051,786326,05/01/2022,04/30/2023,0.0,0.0,0.0,0.0,0.0,0.0,0.0,0,0,0,0,unknown
151300,786329,01/01/2022,12/31/2022,0.0,0.0,0.0,0.0,0.0,0.0,0.0,0,0,0,0,unknown
151306,786330,01/01/2022,12/31/2022,0.0,0.0,0.0,0.0,0.0,0.0,0.0,0,0,0,0,unknown
151312,786331,01/01/2022,12/31/2022,0.0,0.0,0.0,0.0,0.0,0.0,0.0,0,0,0,0,unknown
171300,786334,01/01/2022,12/31/2022,0.0,0.0,0.0,0.0,0.0,0.0,0.0,0,0,0,0,unknown
180079,786337,10/01/2021,09/30/2022,0.0,0.0,0.0,0.0,0.0,0.0,0.0,0,0,0,0,unknown
192043,786339,07/01/2022,06/30/2023,0.0,0.0,0.0,0.0,0.0,0.0,0.0,0,0,0,0,unknown
281344,786345,04/01/2022,03/31/2023,0.0,0.0,0.0,0.0,0.0,0.0,0.0,0,0,0,0,unknown
291311,786346,01/01/2022,12/31/2022,0.0,0.0,0.0,0.0,0.0,0.0,0.0,0,0,0,0,unknown
314023,786347,01/01/2022,12/31/2022,0.0,0.0,0.0,0.0,0.0,0.0,0.0,0,0,0,0,unknown
331309,786348,01/01/2022,12/31/2022,0.0,0.0,0.0,0.0,0.0,0.0,0.0,0,0,0,0,unknown
340008,786350,10/01/2021,09/30/2022,0.0,0.0,0.0,0.0,0.0,0.0,0.0,0,0,0,0,unknown
341314,786351,01/01/2022,12/31/2022,0.0,0.0,0.0,0.0,0.0,0.0,0.0,0,0,0,0,unknown
360006,786353,07/01/2022,06/30/2023,0.0,0.0,0.0,0.0,0.0,0.0,0.0,0,0,0,0,unknown
360210,786358,07/01/2022,06/30/2023,0.0,0.0,0.0,0.0,0.0,0.0,0.0,0,0,0,0,unknown
381313,786361,01/01/2022,12/31/2022,0.0,0.0,0.0,0.0,0.0,0.0,0.0,0,0,0,0,unknown
390057,786363,07/01/2022,06/30/2023,0.0,0.0,0.0,0.0,0.0,0.0,0.0,0,0,0,0,unknown
420066,786367,07/01/2022,12/30/2022,0.0,0.0,0.0,0.0,0.0,0.0,0.0,0,0,0,0,unknown
452087,786382,01/01/2022,12/31/2022,0.0,0.0,0.0,0.0,0.0,0.0,0.0,0,0,0,0,unknown
670067,786384,01/01/2022,12/31/2022,0.0,0.0,0.0,0.0,0.0,0.0,0.0,0,0,0,0,unknown
010044,786388,10/01/2021,09/30/2022,0.0,0.0,0.0,0.0,0.0,0.0,0.0,0,0,0,0,unknown
040011,786389,07/01/2022,06/30/2023,0.0,0.0,0.0,0.0,0.0,0.0,0.0,0,0,0,0,unknown
041316,786392,01/01/2022,12/31/2022,0.0,0.0,0.0,0.0,0.0,0.0,0.0,0,0,0,0,unknown
061318,786393,01/01/2022,12/31/2022,0.0,0.0,0.0,0.0,0.0,0.0,0.0,0,0,0,0,unknown
102003,786395,01/01/2022,12/31/2022,0.0,0.0,0.0,0.0,0.0,0.0,0.0,0,0,0,0,unknown
112003,786398,04/01/2022,03/31/2023,0.0,0.0,0.0,0.0,0.0,0.0,0.0,0,0,0,0,unknown
112006,786399,09/01/2022,08/31/2023,0.0,0.0,0.0,0.0,0.0,0.0,0.0,0,0,0,0,unknown
151318,786401,01/01/2022,12/31/2022,0.0,0.0,0.0,0.0,0.0,0.0,0.0,0,0,0,0,unknown
210018,786410,07/01/2022,06/30/2023,0.0,0.0,0.0,0.0,0.0,0.0,0.0,0,0,0,0,unknown
334026,786426,01/01/2022,12/31/2022,0.0,0.0,0.0,0.0,0.0,0.0,0.0,0,0,0,0,unknown
372009,786435,02/01/2022,01/31/2023,0.0,0.0,0.0,0.0,0.0,0.0,0.0,0,0,0,0,unknown
390107,786437,07/01/2022,06/30/2023,0.0,0.0,0.0,0.0,0.0,0.0,0.0,0,0,0,0,unknown
420005,786440,10/01/2021,09/30/2022,0.0,0.0,0.0,0.0,0.0,0.0,0.0,0,0,0,0,unknown
420027,786441,01/01/2022,12/31/2022,0.0,0.0,0.0,0.0,0.0,0.0,0.0,0,0,0,0,unknown
441300,786444,07/01/2022,06/30/2023,0.0,0.0,0.0,0.0,0.0,0.0,0.0,0,0,0,0,unknown
441303,786445,07/01/2022,06/30/2023,0.0,0.0,0.0,0.0,0.0,0.0,0.0,0,0,0,0,unknown
451361,786455,01/01/2022,12/31/2022,0.0,0.0,0.0,0.0,0.0,0.0,0.0,0,0,0,0,unknown
511301,786458,01/01/2022,12/31/2022,0.0,0.0,0.0,0.0,0.0,0.0,0.0,0,0,0,0,unknown
521307,786459,01/01/2022,12/31/2022,0.0,0.0,0.0,0.0,0.0,0.0,0.0,0,0,0,0,unknown
521314,786460,01/01/2022,12/31/2022,0.0,0.0,0.0,0.0,0.0,0.0,0.0,0,0,0,0,unknown
054096,786466,01/01/2022,12/31/2022,0.0,0.0,0.0,0.0,0.0,0.0,0.0,0,0,0,0,unknown
061320,786468,01/01/2022,12/31/2022,0.0,0.0,0.0,0.0,0.0,0.0,0.0,0,0,0,0,unknown
092002,786473,01/01/2022,12/31/2022,0.0,0.0,0.0,0.0,0.0,0.0,0.0,0,0,0,0,unknown
103301,786476,01/01/2022,12/31/2022,0.0,0.0,0.0,0.0,0.0,0.0,0.0,0,0,0,0,unknown
191307,786480,01/01/2022,12/31/2022,0.0,0.0,0.0,0.0,0.0,0.0,0.0,0,0,0,0,unknown
191326,786482,01/01/2022,12/31/2022,0.0,0.0,0.0,0.0,0.0,0.0,0.0,0,0,0,0,unknown
231313,786487,01/01/2022,12/31/2022,0.0,0.0,0.0,0.0,0.0,0.0,0.0,0,0,0,0,unknown
232023,786488,01/01/2022,12/31/2022,0.0,0.0,0.0,0.0,0.0,0.0,0.0,0,0,0,0,unknown
251300,786489,01/01/2022,12/31/2022,0.0,0.0,0.0,0.0,0.0,0.0,0.0,0,0,0,0,unknown
271319,786492,11/01/2021,10/31/2022,0.0,0.0,0.0,0.0,0.0,0.0,0.0,0,0,0,0,unknown
310012,786494,01/01/2022,12/31/2022,0.0,0.0,0.0,0.0,0.0,0.0,0.0,0,0,0,0,unknown
340141,786499,01/01/2022,12/31/2022,0.0,0.0,0.0,0.0,0.0,0.0,0.0,0,0,0,0,unknown
370149,786500,01/01/2022,12/31/2022,0.0,0.0,0.0,0.0,0.0,0.0,0.0,0,0,0,0,unknown
390153,786501,07/01/2022,06/30/2023,0.0,0.0,0.0,0.0,0.0,0.0,0.0,0,0,0,0,unknown
451304,786504,01/01/2022,12/31/2022,0.0,0.0,0.0,0.0,0.0,0.0,0.0,0,0,0,0,unknown
451308,786505,01/01/2022,12/31/2022,0.0,0.0,0.0,0.0,0.0,0.0,0.0,0,0,0,0,unknown
451352,786506,01/01/2022,12/31/2022,0.0,0.0,0.0,0.0,0.0,0.0,0.0,0,0,0,0,unknown
451376,786508,01/01/2022,12/31/2022,0.0,0.0,0.0,0.0,0.0,0.0,0.0,0,0,0,0,unknown
454123,786510,01/01/2022,12/31/2022,0.0,0.0,0.0,0.0,0.0,0.0,0.0,0,0,0,0,unknown
454150,786511,01/01/2022,12/31/2022,0.0,0.0,0.0,0.0,0.0,0.0,0.0,0,0,0,0,unknown
010099,786522,10/01/2021,09/30/2022,0.0,0.0,0.0,0.0,0.0,0.0,0.0,0,0,0,0,unknown
054069,786531,01/01/2022,12/31/2022,0.0,0.0,0.0,0.0,0.0,0.0,0.0,0,0,0,0,unknown
054074,786533,01/01/2022,12/31/2022,0.0,0.0,0.0,0.0,0.0,0.0,0.0,0,0,0,0,unknown
054157,786534,01/01/2022,12/31/2022,0.0,0.0,0.0,0.0,0.0,0.0,0.0,0,0,0,0,unknown
061304,786535,01/01/2022,12/31/2022,0.0,0.0,0.0,0.0,0.0,0.0,0.0,0,0,0,0,unknown
131326,786540,01/01/2022,12/31/2022,0.0,0.0,0.0,0.0,0.0,0.0,0.0,0,0,0,0,unknown
184015,786544,07/01/2022,06/30/2023,0.0,0.0,0.0,0.0,0.0,0.0,0.0,0,0,0,0,unknown
271308,786550,05/01/2022,04/30/2023,0.0,0.0,0.0,0.0,0.0,0.0,0.0,0,0,0,0,unknown
451356,786604,01/01/2022,12/31/2022,0.0,0.0,0.0,0.0,0.0,0.0,0.0,0,0,0,0,unknown
454128,786605,01/01/2022,12/31/2022,0.0,0.0,0.0,0.0,0.0,0.0,0.0,0,0,0,0,unknown
454154,786606,01/01/2022,12/31/2022,0.0,0.0,0.0,0.0,0.0,0.0,0.0,0,0,0,0,unknown
012012,786609,09/01/2022,08/31/2023,0.0,0.0,0.0,0.0,0.0,0.0,0.0,0,0,0,0,unknown
054077,786612,01/01/2022,12/31/2022,0.0,0.0,0.0,0.0,0.0,0.0,0.0,0,0,0,0,unknown
102021,786614,01/01/2022,12/31/2022,0.0,0.0,0.0,0.0,0.0,0.0,0.0,0,0,0,0,unknown
102026,786615,01/01/2022,12/31/2022,0.0,0.0,0.0,0.0,0.0,0.0,0.0,0,0,0,0,unknown
111336,786618,01/01/2022,12/31/2022,0.0,0.0,0.0,0.0,0.0,0.0,0.0,0,0,0,0,unknown
171343,786625,01/01/2022,12/31/2022,0.0,0.0,0.0,0.0,0.0,0.0,0.0,0,0,0,0,unknown
190065,786629,10/01/2021,09/30/2022,0.0,0.0,0.0,0.0,0.0,0.0,0.0,0,0,0,0,unknown
190125,786630,07/01/2022,06/30/2023,0.0,0.0,0.0,0.0,0.0,0.0,0.0,0,0,0,0,unknown
192029,786632,01/01/2022,12/31/2022,0.0,0.0,0.0,0.0,0.0,0.0,0.0,0,0,0,0,unknown
194091,786633,01/01/2022,12/31/2022,0.0,0.0,0.0,0.0,0.0,0.0,0.0,0,0,0,0,unknown
194106,786634,01/01/2022,12/31/2022,0.0,0.0,0.0,0.0,0.0,0.0,0.0,0,0,0,0,unknown
210029,786639,07/01/2022,06/30/2023,0.0,0.0,0.0,0.0,0.0,0.0,0.0,0,0,0,0,unknown
210049,786641,07/01/2022,06/30/2023,0.0,0.0,0.0,0.0,0.0,0.0,0.0,0,0,0,0,unknown
241311,786643,01/01/2022,12/31/2022,0.0,0.0,0.0,0.0,0.0,0.0,0.0,0,0,0,0,unknown
250061,786645,10/01/2021,09/30/2022,0.0,0.0,0.0,0.0,0.0,0.0,0.0,0,0,0,0,unknown
271389,786648,01/01/2022,12/31/2022,0.0,0.0,0.0,0.0,0.0,0.0,0.0,0,0,0,0,unknown
312018,786649,01/01/2022,12/31/2022,0.0,0.0,0.0,0.0,0.0,0.0,0.0,0,0,0,0,unknown
340015,786652,01/01/2022,12/31/2022,0.0,0.0,0.0,0.0,0.0,0.0,0.0,0,0,0,0,unknown
340148,786655,01/01/2022,12/31/2022,0.0,0.0,0.0,0.0,0.0,0.0,0.0,0,0,0,0,unknown
360008,786657,07/01/2022,06/30/2023,0.0,0.0,0.0,0.0,0.0,0.0,0.0,0,0,0,0,unknown
390233,786668,07/01/2022,06/30/2023,0.0,0.0,0.0,0.0,0.0,0.0,0.0,0,0,0,0,unknown
390331,786671,07/01/2022,06/30/2023,0.0,0.0,0.0,0.0,0.0,0.0,0.0,0,0,0,0,unknown
390338,786673,07/14/2022,06/30/2023,0.0,0.0,0.0,0.0,0.0,0.0,0.0,0,0,0,0,unknown
394052,786683,01/01/2022,12/31/2022,0.0,0.0,0.0,0.0,0.0,0.0,0.0,0,0,0,0,unknown
431334,786687,01/01/2022,12/31/2022,0.0,0.0,0.0,0.0,0.0,0.0,0.0,0,0,0,0,unknown
452118,786699,01/01/2022,12/31/2022,0.0,0.0,0.0,0.0,0.0,0.0,0.0,0,0,0,0,unknown
454117,786700,01/01/2022,12/31/2022,0.0,0.0,0.0,0.0,0.0,0.0,0.0,0,0,0,0,unknown
454122,786701,01/01/2022,12/31/2022,0.0,0.0,0.0,0.0,0.0,0.0,0.0,0,0,0,0,unknown
490104,786708,07/01/2022,06/30/2023,0.0,0.0,0.0,0.0,0.0,0.0,0.0,0,0,0,0,unknown
510093,786715,07/01/2022,12/31/2022,0.0,0.0,0.0,0.0,0.0,0.0,0.0,0,0,0,0,unknown
054078,786718,01/01/2022,12/31/2022,0.0,0.0,0.0,0.0,0.0,0.0,0.0,0,0,0,0,unknown
054155,786719,01/01/2022,12/31/2022,0.0,0.0,0.0,0.0,0.0,0.0,0.0,0,0,0,0,unknown
061321,786721,01/01/2022,12/31/2022,0.0,0.0,0.0,0.0,0.0,0.0,0.0,0,0,0,0,unknown
100050,786725,01/01/2022,12/31/2022,0.0,0.0,0.0,0.0,0.0,0.0,0.0,0,0,0,0,unknown
100314,786731,10/01/2021,09/30/2022,0.0,0.0,0.0,0.0,0.0,0.0,0.0,0,0,0,0,unknown
180010,786734,07/01/2022,06/30/2023,0.0,0.0,0.0,0.0,0.0,0.0,0.0,0,0,0,0,unknown
194073,786735,01/01/2022,12/31/2022,0.0,0.0,0.0,0.0,0.0,0.0,0.0,0,0,0,0,unknown
194086,786736,01/01/2022,12/31/2022,0.0,0.0,0.0,0.0,0.0,0.0,0.0,0,0,0,0,unknown
194095,786737,01/01/2022,12/31/2022,0.0,0.0,0.0,0.0,0.0,0.0,0.0,0,0,0,0,unknown
194098,786738,01/01/2022,12/31/2022,0.0,0.0,0.0,0.0,0.0,0.0,0.0,0,0,0,0,unknown
231304,786742,01/01/2022,12/31/2022,0.0,0.0,0.0,0.0,0.0,0.0,0.0,0,0,0,0,unknown
232033,786743,03/01/2022,02/28/2023,0.0,0.0,0.0,0.0,0.0,0.0,0.0,0,0,0,0,unknown
340091,786746,10/01/2021,09/30/2022,0.0,0.0,0.0,0.0,0.0,0.0,0.0,0,0,0,0,unknown
360026,786748,01/01/2022,12/31/2022,0.0,0.0,0.0,0.0,0.0,0.0,0.0,0,0,0,0,unknown
360048,786753,07/01/2022,06/30/2023,0.0,0.0,0.0,0.0,0.0,0.0,0.0,0,0,0,0,unknown
360054,786754,07/01/2022,06/30/2023,0.0,0.0,0.0,0.0,0.0,0.0,0.0,0,0,0,0,unknown
360070,786756,01/01/2022,12/31/2022,0.0,0.0,0.0,0.0,0.0,0.0,0.0,0,0,0,0,unknown
360092,786758,01/01/2022,12/31/2022,0.0,0.0,0.0,0.0,0.0,0.0,0.0,0,0,0,0,unknown
390065,786760,07/01/2022,06/30/2023,0.0,0.0,0.0,0.0,0.0,0.0,0.0,0,0,0,0,unknown
390316,786763,01/01/2022,12/31/2022,0.0,0.0,0.0,0.0,0.0,0.0,0.0,0,0,0,0,unknown
390323,786764,01/01/2022,12/31/2022,0.0,0.0,0.0,0.0,0.0,0.0,0.0,0,0,0,0,unknown
400109,786765,01/01/2022,12/31/2022,0.0,0.0,0.0,0.0,0.0,0.0,0.0,0,0,0,0,unknown
420053,786768,07/01/2022,06/30/2023,0.0,0.0,0.0,0.0,0.0,0.0,0.0,0,0,0,0,unknown
420065,786769,01/01/2022,12/31/2022,0.0,0.0,0.0,0.0,0.0,0.0,0.0,0,0,0,0,unknown
420080,786771,01/01/2022,12/31/2022,0.0,0.0,0.0,0.0,0.0,0.0,0.0,0,0,0,0,unknown
432002,786773,03/01/2022,02/28/2023,0.0,0.0,0.0,0.0,0.0,0.0,0.0,0,0,0,0,unknown
440183,786774,06/01/2022,05/31/2023,0.0,0.0,0.0,0.0,0.0,0.0,0.0,0,0,0,0,unknown
450143,786779,07/01/2022,06/30/2023,0.0,0.0,0.0,0.0,0.0,0.0,0.0,0,0,0,0,unknown
450875,786784,01/01/2022,12/31/2022,0.0,0.0,0.0,0.0,0.0,0.0,0.0,0,0,0,0,unknown
450893,786785,01/01/2022,12/31/2022,0.0,0.0,0.0,0.0,0.0,0.0,0.0,0,0,0,0,unknown
451382,786786,01/01/2022,12/31/2022,0.0,0.0,0.0,0.0,0.0,0.0,0.0,0,0,0,0,unknown
451391,786787,01/01/2022,12/31/2022,0.0,0.0,0.0,0.0,0.0,0.0,0.0,0,0,0,0,unknown
454135,786788,01/01/2022,12/31/2022,0.0,0.0,0.0,0.0,0.0,0.0,0.0,0,0,0,0,unknown
461303,786789,01/01/2022,12/31/2022,0.0,0.0,0.0,0.0,0.0,0.0,0.0,0,0,0,0,unknown
501312,786790,01/01/2022,12/31/2022,0.0,0.0,0.0,0.0,0.0,0.0,0.0,0,0,0,0,unknown
501315,786791,01/01/2022,12/31/2022,0.0,0.0,0.0,0.0,0.0,0.0,0.0,0,0,0,0,unknown
501334,786792,01/01/2022,12/31/2022,0.0,0.0,0.0,0.0,0.0,0.0,0.0,0,0,0,0,unknown
670062,786793,01/01/2022,12/31/2022,0.0,0.0,0.0,0.0,0.0,0.0,0.0,0,0,0,0,unknown
670068,786794,01/01/2022,12/31/2022,0.0,0.0,0.0,0.0,0.0,0.0,0.0,0,0,0,0,unknown
670314,786795,01/01/2022,12/31/2022,0.0,0.0,0.0,0.0,0.0,0.0,0.0,0,0,0,0,unknown
021302,786796,01/01/2022,12/31/2022,0.0,0.0,0.0,0.0,0.0,0.0,0.0,0,0,0,0,unknown
034038,786797,01/01/2022,12/31/2022,0.0,0.0,0.0,0.0,0.0,0.0,0.0,0,0,0,0,unknown
040029,786800,01/01/2022,12/31/2022,0.0,0.0,0.0,0.0,0.0,0.0,0.0,0,0,0,0,unknown
041330,786802,01/01/2022,12/31/2022,0.0,0.0,0.0,0.0,0.0,0.0,0.0,0,0,0,0,unknown
050054,786807,07/01/2022,06/30/2023,0.0,0.0,0.0,0.0,0.0,0.0,0.0,0,0,0,0,unknown
050090,786810,07/01/2022,06/30/2023,0.0,0.0,0.0,0.0,0.0,0.0,0.0,0,0,0,0,unknown
050112,786811,07/01/2022,06/30/2023,0.0,0.0,0.0,0.0,0.0,0.0,0.0,0,0,0,0,unknown
050174,786816,07/01/2022,06/30/2023,0.0,0.0,0.0,0.0,0.0,0.0,0.0,0,0,0,0,unknown
050230,786818,01/01/2022,12/31/2022,0.0,0.0,0.0,0.0,0.0,0.0,0.0,0,0,0,0,unknown
050309,786823,01/01/2022,12/31/2022,0.0,0.0,0.0,0.0,0.0,0.0,0.0,0,0,0,0,unknown
050342,786825,07/01/2022,06/30/2023,0.0,0.0,0.0,0.0,0.0,0.0,0.0,0,0,0,0,unknown
050426,786828,01/01/2022,12/31/2022,0.0,0.0,0.0,0.0,0.0,0.0,0.0,0,0,0,0,unknown
050517,786831,01/01/2022,12/31/2022,0.0,0.0,0.0,0.0,0.0,0.0,0.0,0,0,0,0,unknown
050573,786833,07/01/2022,06/30/2023,0.0,0.0,0.0,0.0,0.0,0.0,0.0,0,0,0,0,unknown
050588,786834,01/01/2022,12/31/2022,0.0,0.0,0.0,0.0,0.0,0.0,0.0,0,0,0,0,unknown
050684,786835,01/01/2022,12/31/2022,0.0,0.0,0.0,0.0,0.0,0.0,0.0,0,0,0,0,unknown
050724,786839,01/01/2022,12/31/2022,0.0,0.0,0.0,0.0,0.0,0.0,0.0,0,0,0,0,unknown
050744,786842,09/01/2022,12/31/2022,0.0,0.0,0.0,0.0,0.0,0.0,0.0,0,0,0,0,unknown
050746,786843,09/01/2022,12/31/2022,0.0,0.0,0.0,0.0,0.0,0.0,0.0,0,0,0,0,unknown
050755,786845,01/01/2022,12/31/2022,0.0,0.0,0.0,0.0,0.0,0.0,0.0,0,0,0,0,unknown
050757,786846,01/01/2022,12/31/2022,0.0,0.0,0.0,0.0,0.0,0.0,0.0,0,0,0,0,unknown
050758,786847,01/01/2022,12/31/2022,0.0,0.0,0.0,0.0,0.0,0.0,0.0,0,0,0,0,unknown
050763,786849,01/01/2022,12/31/2022,0.0,0.0,0.0,0.0,0.0,0.0,0.0,0,0,0,0,unknown
054095,786851,01/01/2022,12/31/2022,0.0,0.0,0.0,0.0,0.0,0.0,0.0,0,0,0,0,unknown
060126,786853,01/01/2022,12/31/2022,0.0,0.0,0.0,0.0,0.0,0.0,0.0,0,0,0,0,unknown
061305,786854,01/01/2022,12/31/2022,0.0,0.0,0.0,0.0,0.0,0.0,0.0,0,0,0,0,unknown
194100,786873,01/01/2022,12/31/2022,0.0,0.0,0.0,0.0,0.0,0.0,0.0,0,0,0,0,unknown
210039,786875,07/01/2022,06/30/2023,0.0,0.0,0.0,0.0,0.0,0.0,0.0,0,0,0,0,unknown
294013,786885,01/01/2022,12/31/2022,0.0,0.0,0.0,0.0,0.0,0.0,0.0,0,0,0,0,unknown
321301,786887,01/01/2022,12/31/2022,0.0,0.0,0.0,0.0,0.0,0.0,0.0,0,0,0,0,unknown
371335,786896,01/01/2022,12/31/2022,0.0,0.0,0.0,0.0,0.0,0.0,0.0,0,0,0,0,unknown
374025,786898,01/01/2022,12/31/2022,0.0,0.0,0.0,0.0,0.0,0.0,0.0,0,0,0,0,unknown
420087,786904,01/01/2022,12/31/2022,0.0,0.0,0.0,0.0,0.0,0.0,0.0,0,0,0,0,unknown
451396,786910,01/01/2022,12/31/2022,0.0,0.0,0.0,0.0,0.0,0.0,0.0,0,0,0,0,unknown
454119,786912,01/01/2022,12/31/2022,0.0,0.0,0.0,0.0,0.0,0.0,0.0,0,0,0,0,unknown
454136,786913,01/01/2022,12/31/2022,0.0,0.0,0.0,0.0,0.0,0.0,0.0,0,0,0,0,unknown
501322,786914,01/01/2022,12/31/2022,0.0,0.0,0.0,0.0,0.0,0.0,0.0,0,0,0,0,unknown
521346,786916,01/01/2022,12/31/2022,0.0,0.0,0.0,0.0,0.0,0.0,0.0,0,0,0,0,unknown
010051,786921,10/01/2021,09/30/2022,0.0,0.0,0.0,0.0,0.0,0.0,0.0,0,0,0,0,unknown
010102,786923,10/01/2021,09/30/2022,0.0,0.0,0.0,0.0,0.0,0.0,0.0,0,0,0,0,unknown
010138,786925,01/01/2022,12/31/2022,0.0,0.0,0.0,0.0,0.0,0.0,0.0,0,0,0,0,unknown
041312,786929,01/01/2022,12/31/2022,0.0,0.0,0.0,0.0,0.0,0.0,0.0,0,0,0,0,unknown
110042,786946,07/01/2022,06/30/2023,0.0,0.0,0.0,0.0,0.0,0.0,0.0,0,0,0,0,unknown
110113,786949,01/01/2022,12/31/2022,0.0,0.0,0.0,0.0,0.0,0.0,0.0,0,0,0,0,unknown
110215,786952,07/01/2022,06/30/2023,0.0,0.0,0.0,0.0,0.0,0.0,0.0,0,0,0,0,unknown
121308,786954,01/01/2022,12/31/2022,0.0,0.0,0.0,0.0,0.0,0.0,0.0,0,0,0,0,unknown
131309,786955,01/01/2022,12/31/2022,0.0,0.0,0.0,0.0,0.0,0.0,0.0,0,0,0,0,unknown
171377,786960,04/01/2022,03/31/2023,0.0,0.0,0.0,0.0,0.0,0.0,0.0,0,0,0,0,unknown
180101,786965,03/01/2022,02/28/2023,0.0,0.0,0.0,0.0,0.0,0.0,0.0,0,0,0,0,unknown
190259,786975,01/01/2022,12/31/2022,0.0,0.0,0.0,0.0,0.0,0.0,0.0,0,0,0,0,unknown
190298,786976,07/01/2022,06/30/2023,0.0,0.0,0.0,0.0,0.0,0.0,0.0,0,0,0,0,unknown
192028,786977,01/01/2022,12/31/2022,0.0,0.0,0.0,0.0,0.0,0.0,0.0,0,0,0,0,unknown
250085,786981,10/01/2021,09/30/2022,0.0,0.0,0.0,0.0,0.0,0.0,0.0,0,0,0,0,unknown
251339,786983,12/28/2021,12/31/2022,0.0,0.0,0.0,0.0,0.0,0.0,0.0,0,0,0,0,unknown
294015,786990,01/01/2022,12/31/2022,0.0,0.0,0.0,0.0,0.0,0.0,0.0,0,0,0,0,unknown
360134,787014,07/01/2022,06/30/2023,0.0,0.0,0.0,0.0,0.0,0.0,0.0,0,0,0,0,unknown
360189,787019,01/01/2022,12/31/2022,0.0,0.0,0.0,0.0,0.0,0.0,0.0,0,0,0,0,unknown
360348,787026,07/01/2022,06/30/2023,0.0,0.0,0.0,0.0,0.0,0.0,0.0,0,0,0,0,unknown
440010,787031,07/01/2022,06/30/2023,0.0,0.0,0.0,0.0,0.0,0.0,0.0,0,0,0,0,unknown
440059,787038,07/01/2022,06/30/2023,0.0,0.0,0.0,0.0,0.0,0.0,0.0,0,0,0,0,unknown
440125,787041,01/01/2022,12/31/2022,0.0,0.0,0.0,0.0,0.0,0.0,0.0,0,0,0,0,unknown
440132,787042,07/01/2022,06/30/2023,0.0,0.0,0.0,0.0,0.0,0.0,0.0,0,0,0,0,unknown
450871,787051,01/01/2022,12/31/2022,0.0,0.0,0.0,0.0,0.0,0.0,0.0,0,0,0,0,unknown
451332,787052,01/01/2022,12/31/2022,0.0,0.0,0.0,0.0,0.0,0.0,0.0,0,0,0,0,unknown
452096,787053,02/01/2022,01/31/2023,0.0,0.0,0.0,0.0,0.0,0.0,0.0,0,0,0,0,unknown
454088,787054,09/01/2022,08/31/2023,0.0,0.0,0.0,0.0,0.0,0.0,0.0,0,0,0,0,unknown
504015,787057,01/01/2022,12/31/2022,0.0,0.0,0.0,0.0,0.0,0.0,0.0,0,0,0,0,unknown
670319,787060,01/31/2022,12/31/2022,0.0,0.0,0.0,0.0,0.0,0.0,0.0,0,0,0,0,unknown
042012,787073,01/01/2022,12/31/2022,0.0,0.0,0.0,0.0,0.0,0.0,0.0,0,0,0,0,unknown
104067,787087,07/01/2022,06/30/2023,0.0,0.0,0.0,0.0,0.0,0.0,0.0,0,0,0,0,unknown
180044,787138,10/01/2021,09/30/2022,0.0,0.0,0.0,0.0,0.0,0.0,0.0,0,0,0,0,unknown
190201,787145,07/01/2022,06/30/2023,0.0,0.0,0.0,0.0,0.0,0.0,0.0,0,0,0,0,unknown
193028,787147,10/01/2021,09/30/2022,0.0,0.0,0.0,0.0,0.0,0.0,0.0,0,0,0,0,unknown
340002,787214,10/01/2021,09/30/2022,0.0,0.0,0.0,0.0,0.0,0.0,0.0,0,0,0,0,unknown
340085,787217,01/01/2022,12/31/2022,0.0,0.0,0.0,0.0,0.0,0.0,0.0,0,0,0,0,unknown
360133,787221,01/01/2022,12/31/2022,0.0,0.0,0.0,0.0,0.0,0.0,0.0,0,0,0,0,unknown
360170,787222,07/01/2022,06/30/2023,0.0,0.0,0.0,0.0,0.0,0.0,0.0,0,0,0,0,unknown
360185,787223,07/01/2022,06/30/2023,0.0,0.0,0.0,0.0,0.0,0.0,0.0,0,0,0,0,unknown
360239,787224,01/01/2022,12/31/2022,0.0,0.0,0.0,0.0,0.0,0.0,0.0,0,0,0,0,unknown
360263,787225,01/01/2022,12/31/2022,0.0,0.0,0.0,0.0,0.0,0.0,0.0,0,0,0,0,unknown
364014,787227,07/01/2022,06/30/2023,0.0,0.0,0.0,0.0,0.0,0.0,0.0,0,0,0,0,unknown
392047,787239,02/01/2022,12/30/2022,0.0,0.0,0.0,0.0,0.0,0.0,0.0,0,0,0,0,unknown
394049,787240,03/01/2022,02/28/2023,0.0,0.0,0.0,0.0,0.0,0.0,0.0,0,0,0,0,unknown
450108,787250,10/01/2021,09/30/2022,0.0,0.0,0.0,0.0,0.0,0.0,0.0,0,0,0,0,unknown
450358,787254,01/01/2022,12/31/2022,0.0,0.0,0.0,0.0,0.0,0.0,0.0,0,0,0,0,unknown
450372,787255,07/01/2022,06/30/2023,0.0,0.0,0.0,0.0,0.0,0.0,0.0,0,0,0,0,unknown
450518,787257,12/01/2021,11/30/2022,0.0,0.0,0.0,0.0,0.0,0.0,0.0,0,0,0,0,unknown
451339,787265,01/01/2022,12/31/2022,0.0,0.0,0.0,0.0,0.0,0.0,0.0,0,0,0,0,unknown
452121,787266,02/01/2022,01/31/2023,0.0,0.0,0.0,0.0,0.0,0.0,0.0,0,0,0,0,unknown
011306,787292,07/01/2022,06/30/2023,0.0,0.0,0.0,0.0,0.0,0.0,0.0,0,0,0,0,unknown
030062,787295,01/01/2022,12/31/2022,0.0,0.0,0.0,0.0,0.0,0.0,0.0,0,0,0,0,unknown
030087,787296,01/01/2022,12/31/2022,0.0,0.0,0.0,0.0,0.0,0.0,0.0,0,0,0,0,unknown
030112,787298,01/01/2022,12/31/2022,0.0,0.0,0.0,0.0,0.0,0.0,0.0,0,0,0,0,unknown
030123,787299,01/01/2022,12/31/2022,0.0,0.0,0.0,0.0,0.0,0.0,0.0,0,0,0,0,unknown
030130,787300,01/01/2022,12/31/2022,0.0,0.0,0.0,0.0,0.0,0.0,0.0,0,0,0,0,unknown
030136,787302,01/01/2022,12/31/2022,0.0,0.0,0.0,0.0,0.0,0.0,0.0,0,0,0,0,unknown
030137,787303,01/01/2022,06/29/2022,0.0,0.0,0.0,0.0,0.0,0.0,0.0,0,0,0,0,unknown
040156,787307,10/01/2021,09/30/2022,0.0,0.0,0.0,0.0,0.0,0.0,0.0,0,0,0,0,unknown
050761,787317,01/01/2022,12/31/2022,0.0,0.0,0.0,0.0,0.0,0.0,0.0,0,0,0,0,unknown
061315,787321,01/01/2022,12/31/2022,0.0,0.0,0.0,0.0,0.0,0.0,0.0,0,0,0,0,unknown
100008,787322,10/01/2021,09/30/2022,0.0,0.0,0.0,0.0,0.0,0.0,0.0,0,0,0,0,unknown
100046,787323,01/01/2022,12/31/2022,0.0,0.0,0.0,0.0,0.0,0.0,0.0,0,0,0,0,unknown
111308,787328,07/01/2022,06/30/2023,0.0,0.0,0.0,0.0,0.0,0.0,0.0,0,0,0,0,unknown
130025,787329,10/01/2021,09/30/2022,0.0,0.0,0.0,0.0,0.0,0.0,0.0,0,0,0,0,unknown
130065,787330,01/01/2022,12/31/2022,0.0,0.0,0.0,0.0,0.0,0.0,0.0,0,0,0,0,unknown
210024,787337,07/01/2022,06/30/2023,0.0,0.0,0.0,0.0,0.0,0.0,0.0,0,0,0,0,unknown
210043,787338,07/01/2022,06/30/2023,0.0,0.0,0.0,0.0,0.0,0.0,0.0,0,0,0,0,unknown
210048,787339,07/01/2022,06/30/2023,0.0,0.0,0.0,0.0,0.0,0.0,0.0,0,0,0,0,unknown
292008,787343,01/01/2022,12/31/2022,0.0,0.0,0.0,0.0,0.0,0.0,0.0,0,0,0,0,unknown
380056,787358,01/01/2022,12/31/2022,0.0,0.0,0.0,0.0,0.0,0.0,0.0,0,0,0,0,unknown
382004,787359,02/01/2022,01/31/2023,0.0,0.0,0.0,0.0,0.0,0.0,0.0,0,0,0,0,unknown
441316,787370,07/01/2022,06/30/2023,0.0,0.0,0.0,0.0,0.0,0.0,0.0,0,0,0,0,unknown
441320,787371,07/01/2022,06/30/2023,0.0,0.0,0.0,0.0,0.0,0.0,0.0,0,0,0,0,unknown
450808,787377,01/01/2022,12/31/2022,0.0,0.0,0.0,0.0,0.0,0.0,0.0,0,0,0,0,unknown
460041,787381,04/01/2022,04/30/2023,0.0,0.0,0.0,0.0,0.0,0.0,0.0,0,0,0,0,unknown
490144,787385,07/01/2022,06/30/2023,0.0,0.0,0.0,0.0,0.0,0.0,0.0,0,0,0,0,unknown
500052,787390,01/01/2022,12/31/2022,0.0,0.0,0.0,0.0,0.0,0.0,0.0,0,0,0,0,unknown
501309,787395,01/01/2022,12/31/2022,0.0,0.0,0.0,0.0,0.0,0.0,0.0,0,0,0,0,unknown
501324,787396,01/01/2022,12/31/2022,0.0,0.0,0.0,0.0,0.0,0.0,0.0,0,0,0,0,unknown
501328,787397,01/01/2022,12/31/2022,0.0,0.0,0.0,0.0,0.0,0.0,0.0,0,0,0,0,unknown
040163,787404,11/23/2021,07/13/2022,0.0,0.0,0.0,0.0,0.0,0.0,0.0,0,0,0,0,unknown
050006,787405,07/01/2022,06/30/2023,0.0,0.0,0.0,0.0,0.0,0.0,0.0,0,0,0,0,unknown
050043,787406,01/01/2022,12/31/2022,0.0,0.0,0.0,0.0,0.0,0.0,0.0,0,0,0,0,unknown
050082,787407,07/01/2022,06/30/2023,0.0,0.0,0.0,0.0,0.0,0.0,0.0,0,0,0,0,unknown
050115,787409,07/01/2022,06/30/2023,0.0,0.0,0.0,0.0,0.0,0.0,0.0,0,0,0,0,unknown
050393,787414,10/01/2021,09/30/2022,0.0,0.0,0.0,0.0,0.0,0.0,0.0,0,0,0,0,unknown
050784,787421,01/01/2022,12/31/2022,0.0,0.0,0.0,0.0,0.0,0.0,0.0,0,0,0,0,unknown
054075,787423,01/01/2022,12/31/2022,0.0,0.0,0.0,0.0,0.0,0.0,0.0,0,0,0,0,unknown
104070,787428,01/01/2022,12/31/2022,0.0,0.0,0.0,0.0,0.0,0.0,0.0,0,0,0,0,unknown
120005,787429,07/01/2022,06/30/2023,0.0,0.0,0.0,0.0,0.0,0.0,0.0,0,0,0,0,unknown
130028,787431,01/01/2022,12/31/2022,0.0,0.0,0.0,0.0,0.0,0.0,0.0,0,0,0,0,unknown
210063,787438,07/01/2022,06/30/2023,0.0,0.0,0.0,0.0,0.0,0.0,0.0,0,0,0,0,unknown
340010,787455,07/01/2022,06/30/2023,0.0,0.0,0.0,0.0,0.0,0.0,0.0,0,0,0,0,unknown
340024,787457,10/01/2021,09/30/2022,0.0,0.0,0.0,0.0,0.0,0.0,0.0,0,0,0,0,unknown
340041,787458,07/01/2022,06/30/2023,0.0,0.0,0.0,0.0,0.0,0.0,0.0,0,0,0,0,unknown
360003,787461,07/01/2022,06/30/2023,0.0,0.0,0.0,0.0,0.0,0.0,0.0,0,0,0,0,unknown
360259,787462,01/01/2022,12/31/2022,0.0,0.0,0.0,0.0,0.0,0.0,0.0,0,0,0,0,unknown
370216,787465,01/01/2022,12/31/2022,0.0,0.0,0.0,0.0,0.0,0.0,0.0,0,0,0,0,unknown
431314,787481,01/01/2022,12/31/2022,0.0,0.0,0.0,0.0,0.0,0.0,0.0,0,0,0,0,unknown
450465,787490,10/01/2021,09/30/2022,0.0,0.0,0.0,0.0,0.0,0.0,0.0,0,0,0,0,unknown
501321,787497,01/01/2022,12/31/2022,0.0,0.0,0.0,0.0,0.0,0.0,0.0,0,0,0,0,unknown
504013,787498,01/01/2022,12/31/2022,0.0,0.0,0.0,0.0,0.0,0.0,0.0,0,0,0,0,unknown
670049,787500,01/01/2022,12/31/2022,0.0,0.0,0.0,0.0,0.0,0.0,0.0,0,0,0,0,unknown
670285,787501,01/01/2022,12/31/2022,0.0,0.0,0.0,0.0,0.0,0.0,0.0,0,0,0,0,unknown
100007,787509,01/01/2022,12/31/2022,0.0,0.0,0.0,0.0,0.0,0.0,0.0,0,0,0,0,unknown
100069,787513,01/01/2022,12/31/2022,0.0,0.0,0.0,0.0,0.0,0.0,0.0,0,0,0,0,unknown
100088,787515,10/01/2021,09/30/2022,0.0,0.0,0.0,0.0,0.0,0.0,0.0,0,0,0,0,unknown
100313,787533,07/01/2022,06/30/2023,0.0,0.0,0.0,0.0,0.0,0.0,0.0,0,0,0,0,unknown
191320,787580,01/01/2022,12/31/2022,0.0,0.0,0.0,0.0,0.0,0.0,0.0,0,0,0,0,unknown
210064,787583,07/01/2022,06/30/2023,0.0,0.0,0.0,0.0,0.0,0.0,0.0,0,0,0,0,unknown
250099,787602,10/01/2021,09/30/2022,0.0,0.0,0.0,0.0,0.0,0.0,0.0,0,0,0,0,unknown
251337,787606,10/01/2021,09/30/2022,0.0,0.0,0.0,0.0,0.0,0.0,0.0,0,0,0,0,unknown
310017,787615,01/01/2022,12/31/2022,0.0,0.0,0.0,0.0,0.0,0.0,0.0,0,0,0,0,unknown
371333,787639,10/01/2021,09/30/2022,0.0,0.0,0.0,0.0,0.0,0.0,0.0,0,0,0,0,unknown
390307,787643,01/01/2022,12/31/2022,0.0,0.0,0.0,0.0,0.0,0.0,0.0,0,0,0,0,unknown
420107,787647,10/01/2021,09/30/2022,0.0,0.0,0.0,0.0,0.0,0.0,0.0,0,0,0,0,unknown
420109,787648,10/01/2021,09/30/2022,0.0,0.0,0.0,0.0,0.0,0.0,0.0,0,0,0,0,unknown
450678,787661,06/01/2022,05/31/2023,0.0,0.0,0.0,0.0,0.0,0.0,0.0,0,0,0,0,unknown
450825,787664,01/01/2022,12/31/2022,0.0,0.0,0.0,0.0,0.0,0.0,0.0,0,0,0,0,unknown
450833,787665,05/01/2022,04/30/2023,0.0,0.0,0.0,0.0,0.0,0.0,0.0,0,0,0,0,unknown
033029,787685,08/01/2022,07/31/2023,0.0,0.0,0.0,0.0,0.0,0.0,0.0,0,0,0,0,unknown
060113,787694,01/01/2022,12/31/2022,0.0,0.0,0.0,0.0,0.0,0.0,0.0,0,0,0,0,unknown
111320,787706,07/01/2022,06/30/2023,0.0,0.0,0.0,0.0,0.0,0.0,0.0,0,0,0,0,unknown
251312,787726,10/01/2021,09/30/2022,0.0,0.0,0.0,0.0,0.0,0.0,0.0,0,0,0,0,unknown
261323,787730,02/01/2022,01/31/2023,0.0,0.0,0.0,0.0,0.0,0.0,0.0,0,0,0,0,unknown
340014,787737,01/01/2022,12/31/2022,0.0,0.0,0.0,0.0,0.0,0.0,0.0,0,0,0,0,unknown
340040,787739,10/01/2021,09/30/2022,0.0,0.0,0.0,0.0,0.0,0.0,0.0,0,0,0,0,unknown
342018,787742,02/01/2022,01/31/2023,0.0,0.0,0.0,0.0,0.0,0.0,0.0,0,0,0,0,unknown
360064,787745,01/01/2022,12/31/2022,0.0,0.0,0.0,0.0,0.0,0.0,0.0,0,0,0,0,unknown
360262,787752,01/01/2022,02/28/2022,0.0,0.0,0.0,0.0,0.0,0.0,0.0,0,0,0,0,unknown
360266,787753,07/01/2022,06/30/2023,0.0,0.0,0.0,0.0,0.0,0.0,0.0,0,0,0,0,unknown
360352,787754,01/01/2022,12/31/2022,0.0,0.0,0.0,0.0,0.0,0.0,0.0,0,0,0,0,unknown
370220,787759,01/01/2022,12/31/2022,0.0,0.0,0.0,0.0,0.0,0.0,0.0,0,0,0,0,unknown
392039,787762,02/01/2022,01/31/2023,0.0,0.0,0.0,0.0,0.0,0.0,0.0,0,0,0,0,unknown
394023,787764,07/01/2022,06/30/2023,0.0,0.0,0.0,0.0,0.0,0.0,0.0,0,0,0,0,unknown
441313,787769,07/01/2022,06/30/2023,0.0,0.0,0.0,0.0,0.0,0.0,0.0,0,0,0,0,unknown
450253,787771,07/01/2022,06/30/2023,0.0,0.0,0.0,0.0,0.0,0.0,0.0,0,0,0,0,unknown
490143,787784,01/01/2022,12/31/2022,0.0,0.0,0.0,0.0,0.0,0.0,0.0,0,0,0,0,unknown
510062,787786,07/01/2022,06/30/2023,0.0,0.0,0.0,0.0,0.0,0.0,0.0,0,0,0,0,unknown
670005,787789,01/01/2022,12/31/2022,0.0,0.0,0.0,0.0,0.0,0.0,0.0,0,0,0,0,unknown
034033,787798,09/01/2022,08/31/2023,0.0,0.0,0.0,0.0,0.0,0.0,0.0,0,0,0,0,unknown
090001,787811,01/01/2022,12/31/2022,0.0,0.0,0.0,0.0,0.0,0.0,0.0,0,0,0,0,unknown
100006,787812,10/01/2021,09/30/2022,0.0,0.0,0.0,0.0,0.0,0.0,0.0,0,0,0,0,unknown
100048,787817,10/01/2021,09/30/2022,0.0,0.0,0.0,0.0,0.0,0.0,0.0,0,0,0,0,unknown
100072,787818,01/01/2022,12/31/2022,0.0,0.0,0.0,0.0,0.0,0.0,0.0,0,0,0,0,unknown
100173,787821,01/01/2022,12/31/2022,0.0,0.0,0.0,0.0,0.0,0.0,0.0,0,0,0,0,unknown
100268,787824,01/01/2022,12/31/2022,0.0,0.0,0.0,0.0,0.0,0.0,0.0,0,0,0,0,unknown
110115,787827,07/01/2022,09/30/2022,0.0,0.0,0.0,0.0,0.0,0.0,0.0,0,0,0,0,unknown
110198,787828,07/01/2022,06/30/2023,0.0,0.0,0.0,0.0,0.0,0.0,0.0,0,0,0,0,unknown
181304,787837,05/01/2022,04/30/2023,0.0,0.0,0.0,0.0,0.0,0.0,0.0,0,0,0,0,unknown
181308,787838,03/01/2022,02/28/2023,0.0,0.0,0.0,0.0,0.0,0.0,0.0,0,0,0,0,unknown
182009,787840,04/01/2022,03/31/2023,0.0,0.0,0.0,0.0,0.0,0.0,0.0,0,0,0,0,unknown
190278,787847,01/01/2022,12/31/2022,0.0,0.0,0.0,0.0,0.0,0.0,0.0,0,0,0,0,unknown
210061,787850,07/01/2022,06/30/2023,0.0,0.0,0.0,0.0,0.0,0.0,0.0,0,0,0,0,unknown
241365,787857,01/01/2022,12/31/2022,0.0,0.0,0.0,0.0,0.0,0.0,0.0,0,0,0,0,unknown
250031,787858,07/01/2022,06/30/2023,0.0,0.0,0.0,0.0,0.0,0.0,0.0,0,0,0,0,unknown
250049,787859,07/01/2022,06/30/2023,0.0,0.0,0.0,0.0,0.0,0.0,0.0,0,0,0,0,unknown
250124,787860,01/01/2022,12/31/2022,0.0,0.0,0.0,0.0,0.0,0.0,0.0,0,0,0,0,unknown
251309,787862,10/01/2021,09/30/2022,0.0,0.0,0.0,0.0,0.0,0.0,0.0,0,0,0,0,unknown
271302,787864,07/01/2022,06/30/2023,0.0,0.0,0.0,0.0,0.0,0.0,0.0,0,0,0,0,unknown
290041,787865,01/01/2022,12/31/2022,0.0,0.0,0.0,0.0,0.0,0.0,0.0,0,0,0,0,unknown
320090,787874,01/01/2022,12/31/2022,0.0,0.0,0.0,0.0,0.0,0.0,0.0,0,0,0,0,unknown
340051,787880,10/01/2021,09/30/2022,0.0,0.0,0.0,0.0,0.0,0.0,0.0,0,0,0,0,unknown
340060,787881,07/01/2022,06/30/2023,0.0,0.0,0.0,0.0,0.0,0.0,0.0,0,0,0,0,unknown
363026,787890,01/01/2022,12/31/2022,0.0,0.0,0.0,0.0,0.0,0.0,0.0,0,0,0,0,unknown
370023,787892,07/01/2022,06/30/2023,0.0,0.0,0.0,0.0,0.0,0.0,0.0,0,0,0,0,unknown
390138,787896,07/01/2022,06/30/2023,0.0,0.0,0.0,0.0,0.0,0.0,0.0,0,0,0,0,unknown
390333,787897,07/01/2022,06/30/2023,0.0,0.0,0.0,0.0,0.0,0.0,0.0,0,0,0,0,unknown
420011,787901,01/01/2022,12/31/2022,0.0,0.0,0.0,0.0,0.0,0.0,0.0,0,0,0,0,unknown
451345,787917,01/01/2022,01/29/2023,0.0,0.0,0.0,0.0,0.0,0.0,0.0,0,0,0,0,unknown
452101,787918,08/01/2022,08/31/2023,0.0,0.0,0.0,0.0,0.0,0.0,0.0,0,0,0,0,unknown
670060,787923,01/01/2022,12/31/2022,0.0,0.0,0.0,0.0,0.0,0.0,0.0,0,0,0,0,unknown
010039,787931,07/01/2022,06/30/2023,0.0,0.0,0.0,0.0,0.0,0.0,0.0,0,0,0,0,unknown
010125,787938,01/01/2022,12/31/2022,0.0,0.0,0.0,0.0,0.0,0.0,0.0,0,0,0,0,unknown
040154,787945,01/01/2022,12/31/2022,0.0,0.0,0.0,0.0,0.0,0.0,0.0,0,0,0,0,unknown
060116,787949,01/01/2022,12/31/2022,0.0,0.0,0.0,0.0,0.0,0.0,0.0,0,0,0,0,unknown
110082,787961,09/01/2022,08/31/2023,0.0,0.0,0.0,0.0,0.0,0.0,0.0,0,0,0,0,unknown
110087,787963,10/01/2021,09/30/2022,0.0,0.0,0.0,0.0,0.0,0.0,0.0,0,0,0,0,unknown
110101,787965,07/01/2022,06/30/2023,0.0,0.0,0.0,0.0,0.0,0.0,0.0,0,0,0,0,unknown
110109,787966,07/01/2022,06/30/2023,0.0,0.0,0.0,0.0,0.0,0.0,0.0,0,0,0,0,unknown
110143,787968,07/01/2022,06/30/2023,0.0,0.0,0.0,0.0,0.0,0.0,0.0,0,0,0,0,unknown
110161,787970,10/01/2021,09/30/2022,0.0,0.0,0.0,0.0,0.0,0.0,0.0,0,0,0,0,unknown
180105,787987,03/01/2022,02/28/2023,0.0,0.0,0.0,0.0,0.0,0.0,0.0,0,0,0,0,unknown
190184,787991,04/01/2022,03/31/2023,0.0,0.0,0.0,0.0,0.0,0.0,0.0,0,0,0,0,unknown
250123,787998,10/01/2021,09/30/2022,0.0,0.0,0.0,0.0,0.0,0.0,0.0,0,0,0,0,unknown
281348,788003,05/01/2022,04/30/2023,0.0,0.0,0.0,0.0,0.0,0.0,0.0,0,0,0,0,unknown
340047,788015,01/01/2022,12/31/2022,0.0,0.0,0.0,0.0,0.0,0.0,0.0,0,0,0,0,unknown
340126,788018,03/01/2022,02/28/2023,0.0,0.0,0.0,0.0,0.0,0.0,0.0,0,0,0,0,unknown
351302,788021,07/01/2022,06/30/2023,0.0,0.0,0.0,0.0,0.0,0.0,0.0,0,0,0,0,unknown
370019,788026,07/01/2022,06/30/2023,0.0,0.0,0.0,0.0,0.0,0.0,0.0,0,0,0,0,unknown
390025,788031,07/01/2022,06/30/2023,0.0,0.0,0.0,0.0,0.0,0.0,0.0,0,0,0,0,unknown
390041,788032,01/01/2022,12/31/2022,0.0,0.0,0.0,0.0,0.0,0.0,0.0,0,0,0,0,unknown
390268,788038,07/01/2022,06/30/2023,0.0,0.0,0.0,0.0,0.0,0.0,0.0,0,0,0,0,unknown
440091,788058,07/01/2022,06/30/2023,0.0,0.0,0.0,0.0,0.0,0.0,0.0,0,0,0,0,unknown
440153,788061,10/01/2021,09/30/2022,0.0,0.0,0.0,0.0,0.0,0.0,0.0,0,0,0,0,unknown
450804,788078,01/01/2022,12/31/2022,0.0,0.0,0.0,0.0,0.0,0.0,0.0,0,0,0,0,unknown
450860,788080,01/01/2022,12/31/2022,0.0,0.0,0.0,0.0,0.0,0.0,0.0,0,0,0,0,unknown
450872,788081,01/01/2022,12/31/2022,0.0,0.0,0.0,0.0,0.0,0.0,0.0,0,0,0,0,unknown
450890,788082,01/01/2022,12/31/2022,0.0,0.0,0.0,0.0,0.0,0.0,0.0,0,0,0,0,unknown
670102,788096,01/01/2022,12/31/2022,0.0,0.0,0.0,0.0,0.0,0.0,0.0,0,0,0,0,unknown
670107,788097,01/01/2022,12/31/2022,0.0,0.0,0.0,0.0,0.0,0.0,0.0,0,0,0,0,unknown
670143,788098,07/01/2022,06/30/2023,0.0,0.0,0.0,0.0,0.0,0.0,0.0,0,0,0,0,unknown
110029,788134,10/01/2021,09/30/2022,0.0,0.0,0.0,0.0,0.0,0.0,0.0,0,0,0,0,unknown
110129,788144,01/01/2022,12/31/2022,0.0,0.0,0.0,0.0,0.0,0.0,0.0,0,0,0,0,unknown
110191,788145,07/01/2022,06/30/2023,0.0,0.0,0.0,0.0,0.0,0.0,0.0,0,0,0,0,unknown
250006,788167,10/01/2021,09/30/2022,0.0,0.0,0.0,0.0,0.0,0.0,0.0,0,0,0,0,unknown
250100,788171,10/01/2021,09/30/2022,0.0,0.0,0.0,0.0,0.0,0.0,0.0,0,0,0,0,unknown
260176,788176,07/01/2022,06/30/2023,0.0,0.0,0.0,0.0,0.0,0.0,0.0,0,0,0,0,unknown
310008,788179,01/01/2022,12/31/2022,0.0,0.0,0.0,0.0,0.0,0.0,0.0,0,0,0,0,unknown
320002,788183,07/01/2022,06/30/2023,0.0,0.0,0.0,0.0,0.0,0.0,0.0,0,0,0,0,unknown
340132,788185,11/01/2021,10/31/2022,0.0,0.0,0.0,0.0,0.0,0.0,0.0,0,0,0,0,unknown
340184,788186,08/01/2022,07/31/2023,0.0,0.0,0.0,0.0,0.0,0.0,0.0,0,0,0,0,unknown
360065,788187,01/01/2022,12/31/2022,0.0,0.0,0.0,0.0,0.0,0.0,0.0,0,0,0,0,unknown
360078,788188,01/01/2022,12/31/2022,0.0,0.0,0.0,0.0,0.0,0.0,0.0,0,0,0,0,unknown
370018,788192,07/01/2022,06/30/2023,0.0,0.0,0.0,0.0,0.0,0.0,0.0,0,0,0,0,unknown
370022,788193,07/01/2022,06/30/2023,0.0,0.0,0.0,0.0,0.0,0.0,0.0,0,0,0,0,unknown
370029,788195,04/01/2022,12/30/2022,0.0,0.0,0.0,0.0,0.0,0.0,0.0,0,0,0,0,unknown
370214,788203,07/01/2022,06/30/2023,0.0,0.0,0.0,0.0,0.0,0.0,0.0,0,0,0,0,unknown
440003,788215,05/01/2022,04/30/2023,0.0,0.0,0.0,0.0,0.0,0.0,0.0,0,0,0,0,unknown
440012,788217,07/01/2022,06/30/2023,0.0,0.0,0.0,0.0,0.0,0.0,0.0,0,0,0,0,unknown
440018,788220,07/01/2022,06/30/2023,0.0,0.0,0.0,0.0,0.0,0.0,0.0,0,0,0,0,unknown
440033,788223,10/01/2021,09/30/2022,0.0,0.0,0.0,0.0,0.0,0.0,0.0,0,0,0,0,unknown
440063,788226,07/01/2022,06/30/2023,0.0,0.0,0.0,0.0,0.0,0.0,0.0,0,0,0,0,unknown
440068,788228,10/01/2021,09/30/2022,0.0,0.0,0.0,0.0,0.0,0.0,0.0,0,0,0,0,unknown
440073,788229,07/01/2022,06/30/2023,0.0,0.0,0.0,0.0,0.0,0.0,0.0,0,0,0,0,unknown
440151,788233,07/01/2022,06/30/2023,0.0,0.0,0.0,0.0,0.0,0.0,0.0,0,0,0,0,unknown
440175,788235,12/01/2021,11/30/2022,0.0,0.0,0.0,0.0,0.0,0.0,0.0,0,0,0,0,unknown
440184,788237,04/01/2022,03/31/2023,0.0,0.0,0.0,0.0,0.0,0.0,0.0,0,0,0,0,unknown
450042,788242,07/01/2022,06/30/2023,0.0,0.0,0.0,0.0,0.0,0.0,0.0,0,0,0,0,unknown
450231,788248,01/01/2022,12/31/2022,0.0,0.0,0.0,0.0,0.0,0.0,0.0,0,0,0,0,unknown
450369,788250,10/01/2021,09/30/2022,0.0,0.0,0.0,0.0,0.0,0.0,0.0,0,0,0,0,unknown
450400,788251,04/01/2022,03/31/2023,0.0,0.0,0.0,0.0,0.0,0.0,0.0,0,0,0,0,unknown
450610,788254,07/01/2022,06/30/2023,0.0,0.0,0.0,0.0,0.0,0.0,0.0,0,0,0,0,unknown
450684,788258,01/01/2022,12/31/2022,0.0,0.0,0.0,0.0,0.0,0.0,0.0,0,0,0,0,unknown
450774,788260,01/01/2022,12/31/2022,0.0,0.0,0.0,0.0,0.0,0.0,0.0,0,0,0,0,unknown
450853,788262,01/01/2022,12/31/2022,0.0,0.0,0.0,0.0,0.0,0.0,0.0,0,0,0,0,unknown
450877,788265,01/01/2022,01/06/2023,0.0,0.0,0.0,0.0,0.0,0.0,0.0,0,0,0,0,unknown
450883,788266,01/01/2022,12/31/2022,0.0,0.0,0.0,0.0,0.0,0.0,0.0,0,0,0,0,unknown
670044,788270,01/01/2022,12/31/2022,0.0,0.0,0.0,0.0,0.0,0.0,0.0,0,0,0,0,unknown
670069,788271,01/01/2022,12/31/2022,0.0,0.0,0.0,0.0,0.0,0.0,0.0,0,0,0,0,unknown
670310,788276,02/01/2022,01/31/2023,0.0,0.0,0.0,0.0,0.0,0.0,0.0,0,0,0,0,unknown
010001,788277,10/01/2021,09/30/2022,0.0,0.0,0.0,0.0,0.0,0.0,0.0,0,0,0,0,unknown
010018,788278,10/01/2021,09/30/2022,0.0,0.0,0.0,0.0,0.0,0.0,0.0,0,0,0,0,unknown
010023,788280,07/01/2022,06/30/2023,0.0,0.0,0.0,0.0,0.0,0.0,0.0,0,0,0,0,unknown
010062,788283,10/01/2021,09/30/2022,0.0,0.0,0.0,0.0,0.0,0.0,0.0,0,0,0,0,unknown
010158,788291,01/01/2022,12/31/2022,0.0,0.0,0.0,0.0,0.0,0.0,0.0,0,0,0,0,unknown
040017,788294,04/01/2022,03/31/2023,0.0,0.0,0.0,0.0,0.0,0.0,0.0,0,0,0,0,unknown
040020,788295,10/01/2021,09/30/2022,0.0,0.0,0.0,0.0,0.0,0.0,0.0,0,0,0,0,unknown
040072,788300,01/01/2022,12/31/2022,0.0,0.0,0.0,0.0,0.0,0.0,0.0,0,0,0,0,unknown
040076,788301,01/01/2022,12/31/2022,0.0,0.0,0.0,0.0,0.0,0.0,0.0,0,0,0,0,unknown
060031,788306,07/01/2022,06/30/2023,0.0,0.0,0.0,0.0,0.0,0.0,0.0,0,0,0,0,unknown
100307,788313,07/01/2022,06/30/2023,0.0,0.0,0.0,0.0,0.0,0.0,0.0,0,0,0,0,unknown
100361,788314,08/29/2022,06/30/2023,0.0,0.0,0.0,0.0,0.0,0.0,0.0,0,0,0,0,unknown
110006,788317,07/01/2022,06/30/2023,0.0,0.0,0.0,0.0,0.0,0.0,0.0,0,0,0,0,unknown
110043,788324,07/01/2022,06/30/2023,0.0,0.0,0.0,0.0,0.0,0.0,0.0,0,0,0,0,unknown
110092,788330,10/01/2021,09/30/2022,0.0,0.0,0.0,0.0,0.0,0.0,0.0,0,0,0,0,unknown
110229,788340,07/01/2022,06/30/2023,0.0,0.0,0.0,0.0,0.0,0.0,0.0,0,0,0,0,unknown
180046,788346,06/01/2022,05/31/2023,0.0,0.0,0.0,0.0,0.0,0.0,0.0,0,0,0,0,unknown
210015,788357,07/01/2022,06/30/2023,0.0,0.0,0.0,0.0,0.0,0.0,0.0,0,0,0,0,unknown
210027,788358,07/01/2022,06/30/2023,0.0,0.0,0.0,0.0,0.0,0.0,0.0,0,0,0,0,unknown
210032,788359,07/01/2022,06/30/2023,0.0,0.0,0.0,0.0,0.0,0.0,0.0,0,0,0,0,unknown
210060,788362,01/01/2022,12/31/2022,0.0,0.0,0.0,0.0,0.0,0.0,0.0,0,0,0,0,unknown
241339,788365,07/01/2022,06/30/2023,0.0,0.0,0.0,0.0,0.0,0.0,0.0,0,0,0,0,unknown
303026,788370,06/01/2022,05/31/2023,0.0,0.0,0.0,0.0,0.0,0.0,0.0,0,0,0,0,unknown
310130,788385,07/01/2022,06/30/2023,0.0,0.0,0.0,0.0,0.0,0.0,0.0,0,0,0,0,unknown
340099,788389,10/01/2021,09/30/2022,0.0,0.0,0.0,0.0,0.0,0.0,0.0,0,0,0,0,unknown
360010,788397,01/01/2022,12/31/2022,0.0,0.0,0.0,0.0,0.0,0.0,0.0,0,0,0,0,unknown
360234,788408,01/01/2022,12/31/2022,0.0,0.0,0.0,0.0,0.0,0.0,0.0,0,0,0,0,unknown
370041,788412,01/01/2022,12/31/2022,0.0,0.0,0.0,0.0,0.0,0.0,0.0,0,0,0,0,unknown
370234,788414,01/01/2022,12/31/2022,0.0,0.0,0.0,0.0,0.0,0.0,0.0,0,0,0,0,unknown
390012,788419,07/01/2022,06/30/2023,0.0,0.0,0.0,0.0,0.0,0.0,0.0,0,0,0,0,unknown
390062,788422,07/01/2022,06/30/2023,0.0,0.0,0.0,0.0,0.0,0.0,0.0,0,0,0,0,unknown
400132,788434,01/01/2022,12/31/2022,0.0,0.0,0.0,0.0,0.0,0.0,0.0,0,0,0,0,unknown
440002,788441,07/01/2022,06/30/2023,0.0,0.0,0.0,0.0,0.0,0.0,0.0,0,0,0,0,unknown
440130,788445,10/01/2021,09/30/2022,0.0,0.0,0.0,0.0,0.0,0.0,0.0,0,0,0,0,unknown
450451,788450,10/01/2021,09/30/2022,0.0,0.0,0.0,0.0,0.0,0.0,0.0,0,0,0,0,unknown
521332,788480,04/01/2022,03/31/2023,0.0,0.0,0.0,0.0,0.0,0.0,0.0,0,0,0,0,unknown
012011,788483,09/01/2022,08/31/2023,0.0,0.0,0.0,0.0,0.0,0.0,0.0,0,0,0,0,unknown
060013,788499,07/01/2022,06/30/2023,0.0,0.0,0.0,0.0,0.0,0.0,0.0,0,0,0,0,unknown
060044,788501,07/01/2022,06/30/2023,0.0,0.0,0.0,0.0,0.0,0.0,0.0,0,0,0,0,unknown
060107,788503,07/01/2022,06/30/2023,0.0,0.0,0.0,0.0,0.0,0.0,0.0,0,0,0,0,unknown
100032,788508,10/01/2021,09/30/2022,0.0,0.0,0.0,0.0,0.0,0.0,0.0,0,0,0,0,unknown
100084,788509,07/01/2022,06/30/2023,0.0,0.0,0.0,0.0,0.0,0.0,0.0,0,0,0,0,unknown
100187,788510,05/01/2022,04/30/2023,0.0,0.0,0.0,0.0,0.0,0.0,0.0,0,0,0,0,unknown
100200,788511,07/01/2022,06/30/2023,0.0,0.0,0.0,0.0,0.0,0.0,0.0,0,0,0,0,unknown
100315,788515,10/01/2021,09/30/2022,0.0,0.0,0.0,0.0,0.0,0.0,0.0,0,0,0,0,unknown
100316,788516,10/01/2021,09/30/2022,0.0,0.0,0.0,0.0,0.0,0.0,0.0,0,0,0,0,unknown
102018,788518,09/01/2022,08/31/2023,0.0,0.0,0.0,0.0,0.0,0.0,0.0,0,0,0,0,unknown
111302,788520,04/01/2022,03/31/2023,0.0,0.0,0.0,0.0,0.0,0.0,0.0,0,0,0,0,unknown
171319,788524,04/01/2022,03/31/2023,0.0,0.0,0.0,0.0,0.0,0.0,0.0,0,0,0,0,unknown
180029,788526,07/01/2022,06/30/2023,0.0,0.0,0.0,0.0,0.0,0.0,0.0,0,0,0,0,unknown
190036,788533,01/01/2022,12/31/2022,0.0,0.0,0.0,0.0,0.0,0.0,0.0,0,0,0,0,unknown
190274,788537,05/01/2022,04/30/2023,0.0,0.0,0.0,0.0,0.0,0.0,0.0,0,0,0,0,unknown
190300,788538,01/01/2022,12/31/2022,0.0,0.0,0.0,0.0,0.0,0.0,0.0,0,0,0,0,unknown
190308,788539,01/01/2022,12/31/2022,0.0,0.0,0.0,0.0,0.0,0.0,0.0,0,0,0,0,unknown
250002,788552,10/01/2021,09/30/2022,0.0,0.0,0.0,0.0,0.0,0.0,0.0,0,0,0,0,unknown
250162,788556,10/01/2021,09/30/2022,0.0,0.0,0.0,0.0,0.0,0.0,0.0,0,0,0,0,unknown
310031,788561,01/01/2022,12/31/2022,0.0,0.0,0.0,0.0,0.0,0.0,0.0,0,0,0,0,unknown
340027,788572,07/01/2022,06/30/2023,0.0,0.0,0.0,0.0,0.0,0.0,0.0,0,0,0,0,unknown
340098,788575,01/01/2022,12/31/2022,0.0,0.0,0.0,0.0,0.0,0.0,0.0,0,0,0,0,unknown
360059,788579,01/01/2022,12/31/2022,0.0,0.0,0.0,0.0,0.0,0.0,0.0,0,0,0,0,unknown
360079,788581,01/01/2022,12/31/2022,0.0,0.0,0.0,0.0,0.0,0.0,0.0,0,0,0,0,unknown
360098,788582,01/01/2022,12/31/2022,0.0,0.0,0.0,0.0,0.0,0.0,0.0,0,0,0,0,unknown
360163,788585,07/01/2022,06/30/2023,0.0,0.0,0.0,0.0,0.0,0.0,0.0,0,0,0,0,unknown
360179,788586,07/01/2022,06/30/2023,0.0,0.0,0.0,0.0,0.0,0.0,0.0,0,0,0,0,unknown
360360,788589,01/01/2022,12/31/2022,0.0,0.0,0.0,0.0,0.0,0.0,0.0,0,0,0,0,unknown
370008,788591,07/01/2022,06/30/2023,0.0,0.0,0.0,0.0,0.0,0.0,0.0,0,0,0,0,unknown
370100,788597,07/01/2022,06/30/2023,0.0,0.0,0.0,0.0,0.0,0.0,0.0,0,0,0,0,unknown
370153,788598,07/01/2022,06/30/2023,0.0,0.0,0.0,0.0,0.0,0.0,0.0,0,0,0,0,unknown
370222,788600,01/01/2022,12/31/2022,0.0,0.0,0.0,0.0,0.0,0.0,0.0,0,0,0,0,unknown
390048,788603,07/01/2022,06/30/2023,0.0,0.0,0.0,0.0,0.0,0.0,0.0,0,0,0,0,unknown
400135,788608,07/01/2022,06/30/2023,0.0,0.0,0.0,0.0,0.0,0.0,0.0,0,0,0,0,unknown
430015,788611,07/01/2022,06/30/2023,0.0,0.0,0.0,0.0,0.0,0.0,0.0,0,0,0,0,unknown
450024,788616,10/01/2021,09/30/2022,0.0,0.0,0.0,0.0,0.0,0.0,0.0,0,0,0,0,unknown
450035,788617,11/01/2021,10/31/2022,0.0,0.0,0.0,0.0,0.0,0.0,0.0,0,0,0,0,unknown
450148,788625,10/01/2021,09/30/2022,0.0,0.0,0.0,0.0,0.0,0.0,0.0,0,0,0,0,unknown
450389,788636,05/01/2022,04/30/2023,0.0,0.0,0.0,0.0,0.0,0.0,0.0,0,0,0,0,unknown
450498,788638,10/01/2021,09/30/2022,0.0,0.0,0.0,0.0,0.0,0.0,0.0,0,0,0,0,unknown
450827,788648,01/01/2022,12/31/2022,0.0,0.0,0.0,0.0,0.0,0.0,0.0,0,0,0,0,unknown
450856,788650,01/01/2022,12/31/2022,0.0,0.0,0.0,0.0,0.0,0.0,0.0,0,0,0,0,unknown
450864,788651,01/01/2022,12/31/2022,0.0,0.0,0.0,0.0,0.0,0.0,0.0,0,0,0,0,unknown
450880,788653,01/01/2022,12/31/2022,0.0,0.0,0.0,0.0,0.0,0.0,0.0,0,0,0,0,unknown
490018,788655,01/01/2022,12/31/2022,0.0,0.0,0.0,0.0,0.0,0.0,0.0,0,0,0,0,unknown
670025,788665,01/01/2022,12/31/2022,0.0,0.0,0.0,0.0,0.0,0.0,0.0,0,0,0,0,unknown
670128,788668,10/01/2021,09/30/2022,0.0,0.0,0.0,0.0,0.0,0.0,0.0,0,0,0,0,unknown
670132,788669,10/01/2021,09/30/2022,0.0,0.0,0.0,0.0,0.0,0.0,0.0,0,0,0,0,unknown
010034,788671,10/01/2021,09/30/2022,0.0,0.0,0.0,0.0,0.0,0.0,0.0,0,0,0,0,unknown
010110,788672,01/01/2022,12/31/2022,0.0,0.0,0.0,0.0,0.0,0.0,0.0,0,0,0,0,unknown
010112,788673,10/01/2021,09/30/2022,0.0,0.0,0.0,0.0,0.0,0.0,0.0,0,0,0,0,unknown
010169,788675,10/01/2021,09/30/2022,0.0,0.0,0.0,0.0,0.0,0.0,0.0,0,0,0,0,unknown
020001,788676,01/01/2022,12/31/2022,0.0,0.0,0.0,0.0,0.0,0.0,0.0,0,0,0,0,unknown
030061,788683,01/01/2022,12/31/2022,0.0,0.0,0.0,0.0,0.0,0.0,0.0,0,0,0,0,unknown
030064,788684,01/01/2022,12/31/2022,0.0,0.0,0.0,0.0,0.0,0.0,0.0,0,0,0,0,unknown
030093,788685,01/01/2022,12/31/2022,0.0,0.0,0.0,0.0,0.0,0.0,0.0,0,0,0,0,unknown
030103,788686,01/01/2022,12/31/2022,0.0,0.0,0.0,0.0,0.0,0.0,0.0,0,0,0,0,unknown
030111,788688,01/01/2022,12/31/2022,0.0,0.0,0.0,0.0,0.0,0.0,0.0,0,0,0,0,unknown
030121,788689,07/01/2022,06/30/2023,0.0,0.0,0.0,0.0,0.0,0.0,0.0,0,0,0,0,unknown
100034,788708,01/01/2022,12/31/2022,0.0,0.0,0.0,0.0,0.0,0.0,0.0,0,0,0,0,unknown
100105,788714,01/01/2022,12/31/2022,0.0,0.0,0.0,0.0,0.0,0.0,0.0,0,0,0,0,unknown
100135,788716,10/01/2021,09/30/2022,0.0,0.0,0.0,0.0,0.0,0.0,0.0,0,0,0,0,unknown
100151,788717,01/01/2022,12/31/2022,0.0,0.0,0.0,0.0,0.0,0.0,0.0,0,0,0,0,unknown
100166,788718,01/01/2022,12/31/2022,0.0,0.0,0.0,0.0,0.0,0.0,0.0,0,0,0,0,unknown
110100,788728,01/01/2022,12/31/2022,0.0,0.0,0.0,0.0,0.0,0.0,0.0,0,0,0,0,unknown
130066,788734,01/01/2022,12/31/2022,0.0,0.0,0.0,0.0,0.0,0.0,0.0,0,0,0,0,unknown
130071,788735,10/01/2021,09/30/2022,0.0,0.0,0.0,0.0,0.0,0.0,0.0,0,0,0,0,unknown
190041,788745,07/01/2022,06/30/2023,0.0,0.0,0.0,0.0,0.0,0.0,0.0,0,0,0,0,unknown
190102,788747,07/01/2022,06/30/2023,0.0,0.0,0.0,0.0,0.0,0.0,0.0,0,0,0,0,unknown
190307,788749,01/01/2022,03/01/2023,0.0,0.0,0.0,0.0,0.0,0.0,0.0,0,0,0,0,unknown
210044,788752,07/01/2022,06/30/2023,0.0,0.0,0.0,0.0,0.0,0.0,0.0,0,0,0,0,unknown
210057,788753,01/01/2022,12/31/2022,0.0,0.0,0.0,0.0,0.0,0.0,0.0,0,0,0,0,unknown
222006,788754,07/01/2022,06/30/2023,0.0,0.0,0.0,0.0,0.0,0.0,0.0,0,0,0,0,unknown
250017,788759,07/01/2022,06/30/2023,0.0,0.0,0.0,0.0,0.0,0.0,0.0,0,0,0,0,unknown
250027,788760,01/01/2022,12/31/2022,0.0,0.0,0.0,0.0,0.0,0.0,0.0,0,0,0,0,unknown
270004,788769,07/01/2022,06/30/2023,0.0,0.0,0.0,0.0,0.0,0.0,0.0,0,0,0,0,unknown
270014,788770,01/01/2022,12/31/2022,0.0,0.0,0.0,0.0,0.0,0.0,0.0,0,0,0,0,unknown
270032,788771,07/01/2022,08/31/2023,0.0,0.0,0.0,0.0,0.0,0.0,0.0,0,0,0,0,unknown
270086,788775,01/01/2022,12/31/2022,0.0,0.0,0.0,0.0,0.0,0.0,0.0,0,0,0,0,unknown
310021,788779,07/01/2022,12/20/2022,0.0,0.0,0.0,0.0,0.0,0.0,0.0,0,0,0,0,unknown
350006,788793,07/01/2022,06/30/2023,0.0,0.0,0.0,0.0,0.0,0.0,0.0,0,0,0,0,unknown
370203,788799,01/01/2022,12/31/2022,0.0,0.0,0.0,0.0,0.0,0.0,0.0,0,0,0,0,unknown
380004,788801,01/01/2022,12/31/2022,0.0,0.0,0.0,0.0,0.0,0.0,0.0,0,0,0,0,unknown
380033,788804,07/01/2022,06/30/2023,0.0,0.0,0.0,0.0,0.0,0.0,0.0,0,0,0,0,unknown
380051,788805,07/01/2022,06/30/2023,0.0,0.0,0.0,0.0,0.0,0.0,0.0,0,0,0,0,unknown
380061,788807,01/01/2022,12/31/2022,0.0,0.0,0.0,0.0,0.0,0.0,0.0,0,0,0,0,unknown
380089,788809,04/01/2022,03/31/2023,0.0,0.0,0.0,0.0,0.0,0.0,0.0,0,0,0,0,unknown
380090,788810,07/01/2022,06/30/2023,0.0,0.0,0.0,0.0,0.0,0.0,0.0,0,0,0,0,unknown
390104,788818,07/01/2022,06/30/2023,0.0,0.0,0.0,0.0,0.0,0.0,0.0,0,0,0,0,unknown
390137,788819,07/01/2022,06/30/2023,0.0,0.0,0.0,0.0,0.0,0.0,0.0,0,0,0,0,unknown
390139,788820,07/01/2022,06/30/2023,0.0,0.0,0.0,0.0,0.0,0.0,0.0,0,0,0,0,unknown
390203,788823,07/01/2022,06/30/2023,0.0,0.0,0.0,0.0,0.0,0.0,0.0,0,0,0,0,unknown
390266,788827,07/01/2022,06/30/2023,0.0,0.0,0.0,0.0,0.0,0.0,0.0,0,0,0,0,unknown
390324,788829,07/01/2022,06/30/2023,0.0,0.0,0.0,0.0,0.0,0.0,0.0,0,0,0,0,unknown
400015,788831,07/01/2022,06/30/2023,0.0,0.0,0.0,0.0,0.0,0.0,0.0,0,0,0,0,unknown
400018,788832,04/01/2022,03/31/2023,0.0,0.0,0.0,0.0,0.0,0.0,0.0,0,0,0,0,unknown
400048,788833,04/01/2022,03/31/2023,0.0,0.0,0.0,0.0,0.0,0.0,0.0,0,0,0,0,unknown
400061,788834,07/01/2022,06/30/2023,0.0,0.0,0.0,0.0,0.0,0.0,0.0,0,0,0,0,unknown
400110,788836,01/01/2022,12/31/2022,0.0,0.0,0.0,0.0,0.0,0.0,0.0,0,0,0,0,unknown
400114,788837,01/01/2022,12/31/2022,0.0,0.0,0.0,0.0,0.0,0.0,0.0,0,0,0,0,unknown
430012,788842,07/01/2022,06/30/2023,0.0,0.0,0.0,0.0,0.0,0.0,0.0,0,0,0,0,unknown
430014,788843,07/01/2022,06/30/2023,0.0,0.0,0.0,0.0,0.0,0.0,0.0,0,0,0,0,unknown
430048,788845,07/01/2022,06/30/2023,0.0,0.0,0.0,0.0,0.0,0.0,0.0,0,0,0,0,unknown
430077,788846,07/01/2022,06/30/2023,0.0,0.0,0.0,0.0,0.0,0.0,0.0,0,0,0,0,unknown
430097,788847,01/01/2022,12/31/2022,0.0,0.0,0.0,0.0,0.0,0.0,0.0,0,0,0,0,unknown
460019,788862,07/01/2022,06/30/2023,0.0,0.0,0.0,0.0,0.0,0.0,0.0,0,0,0,0,unknown
500016,788877,01/01/2022,12/31/2022,0.0,0.0,0.0,0.0,0.0,0.0,0.0,0,0,0,0,unknown
500033,788880,01/01/2022,12/31/2022,0.0,0.0,0.0,0.0,0.0,0.0,0.0,0,0,0,0,unknown
500054,788882,01/01/2022,12/31/2022,0.0,0.0,0.0,0.0,0.0,0.0,0.0,0,0,0,0,unknown
500060,788884,01/01/2022,12/31/2022,0.0,0.0,0.0,0.0,0.0,0.0,0.0,0,0,0,0,unknown
500084,788886,01/01/2022,12/31/2022,0.0,0.0,0.0,0.0,0.0,0.0,0.0,0,0,0,0,unknown
500148,788887,01/01/2022,12/31/2022,0.0,0.0,0.0,0.0,0.0,0.0,0.0,0,0,0,0,unknown
500151,788888,07/01/2022,06/30/2023,0.0,0.0,0.0,0.0,0.0,0.0,0.0,0,0,0,0,unknown
530006,788890,07/01/2022,06/30/2023,0.0,0.0,0.0,0.0,0.0,0.0,0.0,0,0,0,0,unknown
530014,788892,07/01/2022,06/30/2023,0.0,0.0,0.0,0.0,0.0,0.0,0.0,0,0,0,0,unknown
530015,788893,07/01/2022,06/30/2023,0.0,0.0,0.0,0.0,0.0,0.0,0.0,0,0,0,0,unknown
670280,788895,07/01/2022,06/30/2023,0.0,0.0,0.0,0.0,0.0,0.0,0.0,0,0,0,0,unknown
011305,788905,07/01/2022,06/30/2023,0.0,0.0,0.0,0.0,0.0,0.0,0.0,0,0,0,0,unknown
030024,788914,07/01/2022,06/30/2023,0.0,0.0,0.0,0.0,0.0,0.0,0.0,0,0,0,0,unknown
030094,788923,04/01/2022,03/31/2023,0.0,0.0,0.0,0.0,0.0,0.0,0.0,0,0,0,0,unknown
030110,788926,05/01/2022,04/30/2023,0.0,0.0,0.0,0.0,0.0,0.0,0.0,0,0,0,0,unknown
030115,788928,01/01/2022,12/31/2022,0.0,0.0,0.0,0.0,0.0,0.0,0.0,0,0,0,0,unknown
030131,788932,01/01/2022,12/31/2022,0.0,0.0,0.0,0.0,0.0,0.0,0.0,0,0,0,0,unknown
030134,788933,01/01/2022,12/31/2022,0.0,0.0,0.0,0.0,0.0,0.0,0.0,0,0,0,0,unknown
030139,788934,01/01/2022,12/31/2022,0.0,0.0,0.0,0.0,0.0,0.0,0.0,0,0,0,0,unknown
030152,788936,06/21/2022,12/31/2022,0.0,0.0,0.0,0.0,0.0,0.0,0.0,0,0,0,0,unknown
050007,788952,01/01/2022,12/31/2022,0.0,0.0,0.0,0.0,0.0,0.0,0.0,0,0,0,0,unknown
050008,788953,01/01/2022,12/31/2022,0.0,0.0,0.0,0.0,0.0,0.0,0.0,0,0,0,0,unknown
050028,788955,07/01/2022,06/30/2023,0.0,0.0,0.0,0.0,0.0,0.0,0.0,0,0,0,0,unknown
050030,788956,12/01/2021,11/30/2022,0.0,0.0,0.0,0.0,0.0,0.0,0.0,0,0,0,0,unknown
050093,788966,07/01/2022,06/30/2023,0.0,0.0,0.0,0.0,0.0,0.0,0.0,0,0,0,0,unknown
050096,788967,01/01/2022,12/31/2022,0.0,0.0,0.0,0.0,0.0,0.0,0.0,0,0,0,0,unknown
050104,788968,01/01/2022,12/31/2022,0.0,0.0,0.0,0.0,0.0,0.0,0.0,0,0,0,0,unknown
050150,788978,01/01/2022,12/31/2022,0.0,0.0,0.0,0.0,0.0,0.0,0.0,0,0,0,0,unknown
050235,788985,01/01/2022,12/31/2022,0.0,0.0,0.0,0.0,0.0,0.0,0.0,0,0,0,0,unknown
050236,788986,01/01/2022,12/31/2022,0.0,0.0,0.0,0.0,0.0,0.0,0.0,0,0,0,0,unknown
050238,788987,01/01/2022,12/31/2022,0.0,0.0,0.0,0.0,0.0,0.0,0.0,0,0,0,0,unknown
050257,788990,01/01/2022,12/31/2022,0.0,0.0,0.0,0.0,0.0,0.0,0.0,0,0,0,0,unknown
050261,788991,07/01/2022,06/30/2023,0.0,0.0,0.0,0.0,0.0,0.0,0.0,0,0,0,0,unknown
050289,788993,07/01/2022,06/30/2023,0.0,0.0,0.0,0.0,0.0,0.0,0.0,0,0,0,0,unknown
050305,788998,01/01/2022,12/31/2022,0.0,0.0,0.0,0.0,0.0,0.0,0.0,0,0,0,0,unknown
050308,788999,07/01/2022,06/30/2023,0.0,0.0,0.0,0.0,0.0,0.0,0.0,0,0,0,0,unknown
050324,789001,10/01/2021,09/30/2022,0.0,0.0,0.0,0.0,0.0,0.0,0.0,0,0,0,0,unknown
050335,789003,01/01/2022,12/31/2022,0.0,0.0,0.0,0.0,0.0,0.0,0.0,0,0,0,0,unknown
050407,789011,01/01/2022,12/31/2022,0.0,0.0,0.0,0.0,0.0,0.0,0.0,0,0,0,0,unknown
050441,789013,09/01/2022,08/31/2023,0.0,0.0,0.0,0.0,0.0,0.0,0.0,0,0,0,0,unknown
050503,789020,10/01/2021,09/30/2022,0.0,0.0,0.0,0.0,0.0,0.0,0.0,0,0,0,0,unknown
050516,789021,07/01/2022,06/30/2023,0.0,0.0,0.0,0.0,0.0,0.0,0.0,0,0,0,0,unknown
050523,789022,01/01/2022,12/31/2022,0.0,0.0,0.0,0.0,0.0,0.0,0.0,0,0,0,0,unknown
050543,789024,01/01/2022,12/31/2022,0.0,0.0,0.0,0.0,0.0,0.0,0.0,0,0,0,0,unknown
050557,789027,01/01/2022,12/31/2022,0.0,0.0,0.0,0.0,0.0,0.0,0.0,0,0,0,0,unknown
050580,789029,01/01/2022,12/31/2022,0.0,0.0,0.0,0.0,0.0,0.0,0.0,0,0,0,0,unknown
050597,789032,01/01/2022,12/31/2022,0.0,0.0,0.0,0.0,0.0,0.0,0.0,0,0,0,0,unknown
050633,789036,06/01/2022,05/31/2023,0.0,0.0,0.0,0.0,0.0,0.0,0.0,0,0,0,0,unknown
050697,789042,01/01/2022,12/31/2022,0.0,0.0,0.0,0.0,0.0,0.0,0.0,0,0,0,0,unknown
050704,789043,01/01/2022,12/31/2022,0.0,0.0,0.0,0.0,0.0,0.0,0.0,0,0,0,0,unknown
050708,789044,01/01/2022,12/31/2022,0.0,0.0,0.0,0.0,0.0,0.0,0.0,0,0,0,0,unknown
050726,789046,01/01/2022,12/31/2022,0.0,0.0,0.0,0.0,0.0,0.0,0.0,0,0,0,0,unknown
050739,789047,01/01/2022,12/31/2022,0.0,0.0,0.0,0.0,0.0,0.0,0.0,0,0,0,0,unknown
050764,789048,01/01/2022,12/31/2022,0.0,0.0,0.0,0.0,0.0,0.0,0.0,0,0,0,0,unknown
050766,789049,01/01/2022,12/31/2022,0.0,0.0,0.0,0.0,0.0,0.0,0.0,0,0,0,0,unknown
050783,789052,01/01/2022,12/31/2022,0.0,0.0,0.0,0.0,0.0,0.0,0.0,0,0,0,0,unknown
051993,789053,04/01/2022,03/31/2023,0.0,0.0,0.0,0.0,0.0,0.0,0.0,0,0,0,0,unknown
060003,789056,01/01/2022,12/31/2022,0.0,0.0,0.0,0.0,0.0,0.0,0.0,0,0,0,0,unknown
060012,789058,07/01/2022,06/30/2023,0.0,0.0,0.0,0.0,0.0,0.0,0.0,0,0,0,0,unknown
060028,789061,01/01/2022,12/31/2022,0.0,0.0,0.0,0.0,0.0,0.0,0.0,0,0,0,0,unknown
060064,789064,01/01/2022,12/31/2022,0.0,0.0,0.0,0.0,0.0,0.0,0.0,0,0,0,0,unknown
100030,789071,10/01/2021,09/30/2022,0.0,0.0,0.0,0.0,0.0,0.0,0.0,0,0,0,0,unknown
100039,789073,07/01/2022,06/30/2023,0.0,0.0,0.0,0.0,0.0,0.0,0.0,0,0,0,0,unknown
100051,789078,10/01/2021,09/30/2022,0.0,0.0,0.0,0.0,0.0,0.0,0.0,0,0,0,0,unknown
100055,789080,01/01/2022,12/31/2022,0.0,0.0,0.0,0.0,0.0,0.0,0.0,0,0,0,0,unknown
100092,789088,01/01/2022,12/31/2022,0.0,0.0,0.0,0.0,0.0,0.0,0.0,0,0,0,0,unknown
100109,789091,01/01/2022,12/31/2022,0.0,0.0,0.0,0.0,0.0,0.0,0.0,0,0,0,0,unknown
100130,789099,10/01/2021,09/30/2022,0.0,0.0,0.0,0.0,0.0,0.0,0.0,0,0,0,0,unknown
100175,789104,10/01/2021,09/30/2022,0.0,0.0,0.0,0.0,0.0,0.0,0.0,0,0,0,0,unknown
100177,789105,10/01/2021,09/30/2022,0.0,0.0,0.0,0.0,0.0,0.0,0.0,0,0,0,0,unknown
100204,789109,03/01/2022,02/28/2023,0.0,0.0,0.0,0.0,0.0,0.0,0.0,0,0,0,0,unknown
100289,789137,01/01/2022,12/31/2022,0.0,0.0,0.0,0.0,0.0,0.0,0.0,0,0,0,0,unknown
100291,789138,01/01/2022,12/31/2022,0.0,0.0,0.0,0.0,0.0,0.0,0.0,0,0,0,0,unknown
100321,789139,07/01/2022,06/30/2023,0.0,0.0,0.0,0.0,0.0,0.0,0.0,0,0,0,0,unknown
110015,789141,07/01/2022,06/30/2023,0.0,0.0,0.0,0.0,0.0,0.0,0.0,0,0,0,0,unknown
111312,789153,01/01/2022,12/31/2022,0.0,0.0,0.0,0.0,0.0,0.0,0.0,0,0,0,0,unknown
120004,789155,07/01/2022,06/30/2023,0.0,0.0,0.0,0.0,0.0,0.0,0.0,0,0,0,0,unknown
120006,789156,01/01/2022,12/31/2022,0.0,0.0,0.0,0.0,0.0,0.0,0.0,0,0,0,0,unknown
130018,789162,10/01/2021,09/30/2022,0.0,0.0,0.0,0.0,0.0,0.0,0.0,0,0,0,0,unknown
130063,789164,01/01/2022,12/31/2022,0.0,0.0,0.0,0.0,0.0,0.0,0.0,0,0,0,0,unknown
140059,789186,07/01/2022,06/30/2023,0.0,0.0,0.0,0.0,0.0,0.0,0.0,0,0,0,0,unknown
140062,789187,09/01/2022,08/31/2023,0.0,0.0,0.0,0.0,0.0,0.0,0.0,0,0,0,0,unknown
140258,789262,07/01/2022,06/30/2023,0.0,0.0,0.0,0.0,0.0,0.0,0.0,0,0,0,0,unknown
140291,789271,01/01/2022,12/31/2022,0.0,0.0,0.0,0.0,0.0,0.0,0.0,0,0,0,0,unknown
150010,789283,07/01/2022,06/30/2023,0.0,0.0,0.0,0.0,0.0,0.0,0.0,0,0,0,0,unknown
150012,789285,07/01/2022,06/30/2023,0.0,0.0,0.0,0.0,0.0,0.0,0.0,0,0,0,0,unknown
150026,789293,01/01/2022,12/31/2022,0.0,0.0,0.0,0.0,0.0,0.0,0.0,0,0,0,0,unknown
150037,789297,01/01/2022,12/31/2022,0.0,0.0,0.0,0.0,0.0,0.0,0.0,0,0,0,0,unknown
150042,789298,01/01/2022,12/31/2022,0.0,0.0,0.0,0.0,0.0,0.0,0.0,0,0,0,0,unknown
150059,789308,01/01/2022,12/31/2022,0.0,0.0,0.0,0.0,0.0,0.0,0.0,0,0,0,0,unknown
150125,789331,07/01/2022,06/30/2023,0.0,0.0,0.0,0.0,0.0,0.0,0.0,0,0,0,0,unknown
150126,789332,01/01/2022,12/31/2022,0.0,0.0,0.0,0.0,0.0,0.0,0.0,0,0,0,0,unknown
150191,789355,01/01/2022,12/31/2022,0.0,0.0,0.0,0.0,0.0,0.0,0.0,0,0,0,0,unknown
160001,789357,01/01/2022,12/31/2022,0.0,0.0,0.0,0.0,0.0,0.0,0.0,0,0,0,0,unknown
160016,789360,01/01/2022,12/31/2022,0.0,0.0,0.0,0.0,0.0,0.0,0.0,0,0,0,0,unknown
160033,789365,07/01/2022,06/30/2023,0.0,0.0,0.0,0.0,0.0,0.0,0.0,0,0,0,0,unknown
160064,789371,07/01/2022,06/30/2023,0.0,0.0,0.0,0.0,0.0,0.0,0.0,0,0,0,0,unknown
160082,789376,01/01/2022,12/31/2022,0.0,0.0,0.0,0.0,0.0,0.0,0.0,0,0,0,0,unknown
160146,789383,01/01/2022,12/31/2022,0.0,0.0,0.0,0.0,0.0,0.0,0.0,0,0,0,0,unknown
160147,789384,01/01/2022,12/31/2022,0.0,0.0,0.0,0.0,0.0,0.0,0.0,0,0,0,0,unknown
170074,789400,05/01/2022,12/31/2022,0.0,0.0,0.0,0.0,0.0,0.0,0.0,0,0,0,0,unknown
170086,789401,10/01/2021,09/30/2022,0.0,0.0,0.0,0.0,0.0,0.0,0.0,0,0,0,0,unknown
170104,789403,01/01/2022,12/31/2022,0.0,0.0,0.0,0.0,0.0,0.0,0.0,0,0,0,0,unknown
170122,789407,10/01/2021,09/30/2022,0.0,0.0,0.0,0.0,0.0,0.0,0.0,0,0,0,0,unknown
170123,789408,01/01/2022,12/31/2022,0.0,0.0,0.0,0.0,0.0,0.0,0.0,0,0,0,0,unknown
170182,789414,06/01/2022,05/31/2023,0.0,0.0,0.0,0.0,0.0,0.0,0.0,0,0,0,0,unknown
170198,789424,01/01/2022,12/31/2022,0.0,0.0,0.0,0.0,0.0,0.0,0.0,0,0,0,0,unknown
170199,789425,01/01/2022,12/31/2022,0.0,0.0,0.0,0.0,0.0,0.0,0.0,0,0,0,0,unknown
171385,789430,01/01/2022,12/31/2022,0.0,0.0,0.0,0.0,0.0,0.0,0.0,0,0,0,0,unknown
190241,789468,01/01/2022,12/31/2022,0.0,0.0,0.0,0.0,0.0,0.0,0.0,0,0,0,0,unknown
210056,789473,07/01/2022,06/30/2023,0.0,0.0,0.0,0.0,0.0,0.0,0.0,0,0,0,0,unknown
220101,789485,10/01/2021,09/30/2022,0.0,0.0,0.0,0.0,0.0,0.0,0.0,0,0,0,0,unknown
220105,789486,10/01/2021,09/30/2022,0.0,0.0,0.0,0.0,0.0,0.0,0.0,0,0,0,0,unknown
220175,789487,02/01/2022,01/31/2023,0.0,0.0,0.0,0.0,0.0,0.0,0.0,0,0,0,0,unknown
230002,789490,07/01/2022,06/30/2023,0.0,0.0,0.0,0.0,0.0,0.0,0.0,0,0,0,0,unknown
230017,789494,01/01/2022,12/31/2022,0.0,0.0,0.0,0.0,0.0,0.0,0.0,0,0,0,0,unknown
230019,789495,07/01/2022,06/30/2023,0.0,0.0,0.0,0.0,0.0,0.0,0.0,0,0,0,0,unknown
230053,789509,01/01/2022,12/31/2022,0.0,0.0,0.0,0.0,0.0,0.0,0.0,0,0,0,0,unknown
230070,789516,07/01/2022,06/30/2023,0.0,0.0,0.0,0.0,0.0,0.0,0.0,0,0,0,0,unknown
230089,789524,07/01/2022,06/30/2023,0.0,0.0,0.0,0.0,0.0,0.0,0.0,0,0,0,0,unknown
230117,789535,07/01/2022,06/30/2023,0.0,0.0,0.0,0.0,0.0,0.0,0.0,0,0,0,0,unknown
230141,789539,10/01/2021,09/30/2022,0.0,0.0,0.0,0.0,0.0,0.0,0.0,0,0,0,0,unknown
230142,789540,07/01/2022,06/30/2023,0.0,0.0,0.0,0.0,0.0,0.0,0.0,0,0,0,0,unknown
230146,789541,01/01/2022,12/31/2022,0.0,0.0,0.0,0.0,0.0,0.0,0.0,0,0,0,0,unknown
230151,789542,01/01/2022,12/31/2022,0.0,0.0,0.0,0.0,0.0,0.0,0.0,0,0,0,0,unknown
230156,789543,07/01/2022,06/30/2023,0.0,0.0,0.0,0.0,0.0,0.0,0.0,0,0,0,0,unknown
230165,789544,07/01/2022,06/30/2023,0.0,0.0,0.0,0.0,0.0,0.0,0.0,0,0,0,0,unknown
230167,789545,10/01/2021,09/30/2022,0.0,0.0,0.0,0.0,0.0,0.0,0.0,0,0,0,0,unknown
230195,789550,07/01/2022,06/30/2023,0.0,0.0,0.0,0.0,0.0,0.0,0.0,0,0,0,0,unknown
230227,789557,10/01/2021,09/30/2022,0.0,0.0,0.0,0.0,0.0,0.0,0.0,0,0,0,0,unknown
230230,789558,01/01/2022,12/31/2022,0.0,0.0,0.0,0.0,0.0,0.0,0.0,0,0,0,0,unknown
230254,789562,07/01/2022,06/30/2023,0.0,0.0,0.0,0.0,0.0,0.0,0.0,0,0,0,0,unknown
230269,789565,01/01/2022,12/31/2022,0.0,0.0,0.0,0.0,0.0,0.0,0.0,0,0,0,0,unknown
230270,789566,07/01/2022,06/30/2023,0.0,0.0,0.0,0.0,0.0,0.0,0.0,0,0,0,0,unknown
230273,789567,01/01/2022,12/31/2022,0.0,0.0,0.0,0.0,0.0,0.0,0.0,0,0,0,0,unknown
241991,789620,08/01/2022,07/31/2023,0.0,0.0,0.0,0.0,0.0,0.0,0.0,0,0,0,0,unknown
250093,789627,04/01/2022,03/31/2023,0.0,0.0,0.0,0.0,0.0,0.0,0.0,0,0,0,0,unknown
260001,789633,07/01/2022,06/30/2023,0.0,0.0,0.0,0.0,0.0,0.0,0.0,0,0,0,0,unknown
260027,789644,01/01/2022,12/31/2022,0.0,0.0,0.0,0.0,0.0,0.0,0.0,0,0,0,0,unknown
260048,789648,07/01/2022,06/30/2023,0.0,0.0,0.0,0.0,0.0,0.0,0.0,0,0,0,0,unknown
260078,789660,01/01/2022,12/31/2022,0.0,0.0,0.0,0.0,0.0,0.0,0.0,0,0,0,0,unknown
260095,789665,04/01/2022,03/31/2023,0.0,0.0,0.0,0.0,0.0,0.0,0.0,0,0,0,0,unknown
260108,789670,01/01/2022,12/31/2022,0.0,0.0,0.0,0.0,0.0,0.0,0.0,0,0,0,0,unknown
260137,789674,04/01/2022,03/31/2023,0.0,0.0,0.0,0.0,0.0,0.0,0.0,0,0,0,0,unknown
260179,789683,07/01/2022,06/30/2023,0.0,0.0,0.0,0.0,0.0,0.0,0.0,0,0,0,0,unknown
260193,789689,01/01/2022,12/31/2022,0.0,0.0,0.0,0.0,0.0,0.0,0.0,0,0,0,0,unknown
280003,789697,01/01/2022,12/31/2022,0.0,0.0,0.0,0.0,0.0,0.0,0.0,0,0,0,0,unknown
280130,789712,07/01/2022,06/30/2023,0.0,0.0,0.0,0.0,0.0,0.0,0.0,0,0,0,0,unknown
290022,789720,01/01/2022,12/31/2022,0.0,0.0,0.0,0.0,0.0,0.0,0.0,0,0,0,0,unknown
300029,789726,03/01/2022,02/28/2023,0.0,0.0,0.0,0.0,0.0,0.0,0.0,0,0,0,0,unknown
310010,789727,07/01/2022,06/30/2023,0.0,0.0,0.0,0.0,0.0,0.0,0.0,0,0,0,0,unknown
320085,789736,04/01/2022,03/31/2023,0.0,0.0,0.0,0.0,0.0,0.0,0.0,0,0,0,0,unknown
340001,789739,01/01/2022,12/31/2022,0.0,0.0,0.0,0.0,0.0,0.0,0.0,0,0,0,0,unknown
340021,789740,01/01/2022,12/31/2022,0.0,0.0,0.0,0.0,0.0,0.0,0.0,0,0,0,0,unknown
340084,789742,01/01/2022,12/31/2022,0.0,0.0,0.0,0.0,0.0,0.0,0.0,0,0,0,0,unknown
340113,789743,01/01/2022,12/31/2022,0.0,0.0,0.0,0.0,0.0,0.0,0.0,0,0,0,0,unknown
340119,789745,01/01/2022,12/31/2022,0.0,0.0,0.0,0.0,0.0,0.0,0.0,0,0,0,0,unknown
340130,789747,01/01/2022,12/31/2022,0.0,0.0,0.0,0.0,0.0,0.0,0.0,0,0,0,0,unknown
340133,789748,05/01/2022,04/30/2023,0.0,0.0,0.0,0.0,0.0,0.0,0.0,0,0,0,0,unknown
340168,789752,01/01/2022,12/31/2022,0.0,0.0,0.0,0.0,0.0,0.0,0.0,0,0,0,0,unknown
370240,789773,01/01/2022,12/31/2022,0.0,0.0,0.0,0.0,0.0,0.0,0.0,0,0,0,0,unknown
380022,789778,01/01/2022,12/31/2022,0.0,0.0,0.0,0.0,0.0,0.0,0.0,0,0,0,0,unknown
390026,789787,07/01/2022,09/01/2023,0.0,0.0,0.0,0.0,0.0,0.0,0.0,0,0,0,0,unknown
390032,789789,07/01/2022,06/30/2023,0.0,0.0,0.0,0.0,0.0,0.0,0.0,0,0,0,0,unknown
390112,789795,07/01/2022,06/30/2023,0.0,0.0,0.0,0.0,0.0,0.0,0.0,0,0,0,0,unknown
390228,789806,07/01/2022,06/30/2023,0.0,0.0,0.0,0.0,0.0,0.0,0.0,0,0,0,0,unknown
400007,789816,01/01/2022,12/31/2022,0.0,0.0,0.0,0.0,0.0,0.0,0.0,0,0,0,0,unknown
400019,789820,01/01/2022,12/31/2022,0.0,0.0,0.0,0.0,0.0,0.0,0.0,0,0,0,0,unknown
400111,789826,01/01/2022,12/31/2022,0.0,0.0,0.0,0.0,0.0,0.0,0.0,0,0,0,0,unknown
400112,789827,07/01/2022,06/30/2023,0.0,0.0,0.0,0.0,0.0,0.0,0.0,0,0,0,0,unknown
400113,789828,10/01/2021,09/30/2022,0.0,0.0,0.0,0.0,0.0,0.0,0.0,0,0,0,0,unknown
400122,789830,07/01/2022,06/30/2023,0.0,0.0,0.0,0.0,0.0,0.0,0.0,0,0,0,0,unknown
420085,789840,05/01/2022,04/30/2023,0.0,0.0,0.0,0.0,0.0,0.0,0.0,0,0,0,0,unknown
430027,789841,01/01/2022,12/31/2022,0.0,0.0,0.0,0.0,0.0,0.0,0.0,0,0,0,0,unknown
440016,789844,10/01/2021,09/30/2022,0.0,0.0,0.0,0.0,0.0,0.0,0.0,0,0,0,0,unknown
450079,789862,07/01/2022,06/30/2023,0.0,0.0,0.0,0.0,0.0,0.0,0.0,0,0,0,0,unknown
450099,789864,01/01/2022,12/31/2022,0.0,0.0,0.0,0.0,0.0,0.0,0.0,0,0,0,0,unknown
450147,789867,10/01/2021,09/30/2022,0.0,0.0,0.0,0.0,0.0,0.0,0.0,0,0,0,0,unknown
450203,789872,10/01/2021,09/30/2022,0.0,0.0,0.0,0.0,0.0,0.0,0.0,0,0,0,0,unknown
450411,789885,07/01/2022,06/30/2023,0.0,0.0,0.0,0.0,0.0,0.0,0.0,0,0,0,0,unknown
450656,789899,01/01/2022,12/31/2022,0.0,0.0,0.0,0.0,0.0,0.0,0.0,0,0,0,0,unknown
450697,789905,10/01/2021,09/30/2022,0.0,0.0,0.0,0.0,0.0,0.0,0.0,0,0,0,0,unknown
450828,789911,07/01/2022,06/30/2023,0.0,0.0,0.0,0.0,0.0,0.0,0.0,0,0,0,0,unknown
460047,789926,07/01/2022,06/30/2023,0.0,0.0,0.0,0.0,0.0,0.0,0.0,0,0,0,0,unknown
460060,789930,07/01/2022,06/30/2023,0.0,0.0,0.0,0.0,0.0,0.0,0.0,0,0,0,0,unknown
490067,789936,01/01/2022,12/31/2022,0.0,0.0,0.0,0.0,0.0,0.0,0.0,0,0,0,0,unknown
500044,789950,01/01/2022,12/31/2022,0.0,0.0,0.0,0.0,0.0,0.0,0.0,0,0,0,0,unknown
520008,789974,10/01/2021,09/30/2022,0.0,0.0,0.0,0.0,0.0,0.0,0.0,0,0,0,0,unknown
520095,790005,01/01/2022,12/31/2022,0.0,0.0,0.0,0.0,0.0,0.0,0.0,0,0,0,0,unknown
520113,790014,01/01/2022,12/31/2022,0.0,0.0,0.0,0.0,0.0,0.0,0.0,0,0,0,0,unknown
520160,790019,01/01/2022,12/31/2022,0.0,0.0,0.0,0.0,0.0,0.0,0.0,0,0,0,0,unknown
520206,790028,01/01/2022,12/31/2022,0.0,0.0,0.0,0.0,0.0,0.0,0.0,0,0,0,0,unknown
520214,790034,12/22/2021,12/31/2022,0.0,0.0,0.0,0.0,0.0,0.0,0.0,0,0,0,0,unknown
530008,790036,01/01/2022,12/31/2022,0.0,0.0,0.0,0.0,0.0,0.0,0.0,0,0,0,0,unknown
530025,790038,07/01/2022,06/30/2023,0.0,0.0,0.0,0.0,0.0,0.0,0.0,0,0,0,0,unknown
670059,790043,07/01/2022,06/30/2023,0.0,0.0,0.0,0.0,0.0,0.0,0.0,0,0,0,0,unknown
670061,790044,01/01/2022,03/31/2023,0.0,0.0,0.0,0.0,0.0,0.0,0.0,0,0,0,0,unknown
670112,790047,09/01/2022,08/31/2023,0.0,0.0,0.0,0.0,0.0,0.0,0.0,0,0,0,0,unknown
670124,790048,01/01/2022,12/31/2022,0.0,0.0,0.0,0.0,0.0,0.0,0.0,0,0,0,0,unknown
670125,790049,09/01/2022,08/31/2023,0.0,0.0,0.0,0.0,0.0,0.0,0.0,0,0,0,0,unknown
670260,790050,01/01/2022,12/31/2022,0.0,0.0,0.0,0.0,0.0,0.0,0.0,0,0,0,0,unknown
670266,790051,01/01/2022,12/31/2022,0.0,0.0,0.0,0.0,0.0,0.0,0.0,0,0,0,0,unknown
670267,790052,01/01/2022,12/31/2022,0.0,0.0,0.0,0.0,0.0,0.0,0.0,0,0,0,0,unknown
670300,790053,07/01/2022,06/30/2023,0.0,0.0,0.0,0.0,0.0,0.0,0.0,0,0,0,0,unknown
030012,790058,01/01/2022,12/31/2022,0.0,0.0,0.0,0.0,0.0,0.0,0.0,0,0,0,0,unknown
050002,790063,10/01/2021,09/30/2022,0.0,0.0,0.0,0.0,0.0,0.0,0.0,0,0,0,0,unknown
050014,790064,01/01/2022,12/31/2022,0.0,0.0,0.0,0.0,0.0,0.0,0.0,0,0,0,0,unknown
050017,790065,07/01/2022,06/30/2023,0.0,0.0,0.0,0.0,0.0,0.0,0.0,0,0,0,0,unknown
050047,790072,01/01/2022,12/31/2022,0.0,0.0,0.0,0.0,0.0,0.0,0.0,0,0,0,0,unknown
050063,790077,01/01/2022,12/31/2022,0.0,0.0,0.0,0.0,0.0,0.0,0.0,0,0,0,0,unknown
050091,790080,01/01/2022,12/31/2022,0.0,0.0,0.0,0.0,0.0,0.0,0.0,0,0,0,0,unknown
050101,790082,01/01/2022,12/31/2022,0.0,0.0,0.0,0.0,0.0,0.0,0.0,0,0,0,0,unknown
050103,790084,01/01/2022,12/31/2022,0.0,0.0,0.0,0.0,0.0,0.0,0.0,0,0,0,0,unknown
050108,790086,01/01/2022,12/31/2022,0.0,0.0,0.0,0.0,0.0,0.0,0.0,0,0,0,0,unknown
050129,790093,07/01/2022,06/30/2023,0.0,0.0,0.0,0.0,0.0,0.0,0.0,0,0,0,0,unknown
050136,790095,07/01/2022,06/30/2023,0.0,0.0,0.0,0.0,0.0,0.0,0.0,0,0,0,0,unknown
050158,790099,01/01/2022,12/31/2022,0.0,0.0,0.0,0.0,0.0,0.0,0.0,0,0,0,0,unknown
050191,790100,07/01/2022,06/30/2023,0.0,0.0,0.0,0.0,0.0,0.0,0.0,0,0,0,0,unknown
050197,790103,01/01/2022,12/31/2022,0.0,0.0,0.0,0.0,0.0,0.0,0.0,0,0,0,0,unknown
050232,790107,01/01/2022,12/31/2022,0.0,0.0,0.0,0.0,0.0,0.0,0.0,0,0,0,0,unknown
050242,790109,07/01/2022,06/30/2023,0.0,0.0,0.0,0.0,0.0,0.0,0.0,0,0,0,0,unknown
050291,790117,01/01/2022,12/31/2022,0.0,0.0,0.0,0.0,0.0,0.0,0.0,0,0,0,0,unknown
050313,790119,01/01/2022,12/31/2022,0.0,0.0,0.0,0.0,0.0,0.0,0.0,0,0,0,0,unknown
050360,790123,01/01/2022,12/31/2022,0.0,0.0,0.0,0.0,0.0,0.0,0.0,0,0,0,0,unknown
050367,790124,01/01/2022,12/31/2022,0.0,0.0,0.0,0.0,0.0,0.0,0.0,0,0,0,0,unknown
050382,790127,01/01/2022,12/31/2022,0.0,0.0,0.0,0.0,0.0,0.0,0.0,0,0,0,0,unknown
050390,790128,01/01/2022,12/31/2022,0.0,0.0,0.0,0.0,0.0,0.0,0.0,0,0,0,0,unknown
050438,790133,07/01/2022,06/30/2023,0.0,0.0,0.0,0.0,0.0,0.0,0.0,0,0,0,0,unknown
050457,790135,07/01/2022,06/30/2023,0.0,0.0,0.0,0.0,0.0,0.0,0.0,0,0,0,0,unknown
050526,790139,01/01/2022,12/31/2022,0.0,0.0,0.0,0.0,0.0,0.0,0.0,0,0,0,0,unknown
050528,790140,01/01/2022,12/31/2022,0.0,0.0,0.0,0.0,0.0,0.0,0.0,0,0,0,0,unknown
050663,790149,01/01/2022,12/31/2022,0.0,0.0,0.0,0.0,0.0,0.0,0.0,0,0,0,0,unknown
050668,790150,07/01/2022,06/30/2023,0.0,0.0,0.0,0.0,0.0,0.0,0.0,0,0,0,0,unknown
050714,790153,01/01/2022,12/31/2022,0.0,0.0,0.0,0.0,0.0,0.0,0.0,0,0,0,0,unknown
050745,790157,09/01/2022,12/31/2022,0.0,0.0,0.0,0.0,0.0,0.0,0.0,0,0,0,0,unknown
050747,790158,09/01/2022,12/31/2022,0.0,0.0,0.0,0.0,0.0,0.0,0.0,0,0,0,0,unknown
050780,790164,01/01/2022,12/31/2022,0.0,0.0,0.0,0.0,0.0,0.0,0.0,0,0,0,0,unknown
050782,790165,04/01/2022,03/31/2023,0.0,0.0,0.0,0.0,0.0,0.0,0.0,0,0,0,0,unknown
050785,790166,01/01/2022,12/31/2022,0.0,0.0,0.0,0.0,0.0,0.0,0.0,0,0,0,0,unknown
060117,790170,01/01/2022,12/31/2022,0.0,0.0,0.0,0.0,0.0,0.0,0.0,0,0,0,0,unknown
060124,790171,07/01/2022,06/30/2023,0.0,0.0,0.0,0.0,0.0,0.0,0.0,0,0,0,0,unknown
061343,790172,01/01/2022,12/31/2022,0.0,0.0,0.0,0.0,0.0,0.0,0.0,0,0,0,0,unknown
070038,790199,10/01/2021,09/30/2022,0.0,0.0,0.0,0.0,0.0,0.0,0.0,0,0,0,0,unknown
090005,790201,07/01/2022,06/30/2023,0.0,0.0,0.0,0.0,0.0,0.0,0.0,0,0,0,0,unknown
100019,790205,10/01/2021,09/30/2022,0.0,0.0,0.0,0.0,0.0,0.0,0.0,0,0,0,0,unknown
100113,790209,07/01/2022,06/30/2023,0.0,0.0,0.0,0.0,0.0,0.0,0.0,0,0,0,0,unknown
100330,790222,10/01/2021,09/30/2022,0.0,0.0,0.0,0.0,0.0,0.0,0.0,0,0,0,0,unknown
110226,790227,09/01/2022,08/31/2023,0.0,0.0,0.0,0.0,0.0,0.0,0.0,0,0,0,0,unknown
111325,790229,05/01/2022,04/30/2023,0.0,0.0,0.0,0.0,0.0,0.0,0.0,0,0,0,0,unknown
120001,790230,07/01/2022,06/30/2023,0.0,0.0,0.0,0.0,0.0,0.0,0.0,0,0,0,0,unknown
120007,790232,07/01/2022,06/30/2023,0.0,0.0,0.0,0.0,0.0,0.0,0.0,0,0,0,0,unknown
180025,790241,07/01/2022,06/30/2023,0.0,0.0,0.0,0.0,0.0,0.0,0.0,0,0,0,0,unknown
180043,790242,10/01/2021,09/30/2022,0.0,0.0,0.0,0.0,0.0,0.0,0.0,0,0,0,0,unknown
210022,790264,07/01/2022,06/30/2023,0.0,0.0,0.0,0.0,0.0,0.0,0.0,0,0,0,0,unknown
210068,790265,07/01/2022,03/23/2023,0.0,0.0,0.0,0.0,0.0,0.0,0.0,0,0,0,0,unknown
220083,790290,10/01/2021,09/30/2022,0.0,0.0,0.0,0.0,0.0,0.0,0.0,0,0,0,0,unknown
220084,790291,10/01/2021,09/30/2022,0.0,0.0,0.0,0.0,0.0,0.0,0.0,0,0,0,0,unknown
220171,790304,10/01/2021,09/30/2022,0.0,0.0,0.0,0.0,0.0,0.0,0.0,0,0,0,0,unknown
250057,790307,10/01/2021,09/30/2022,0.0,0.0,0.0,0.0,0.0,0.0,0.0,0,0,0,0,unknown
251335,790310,01/01/2022,12/31/2022,0.0,0.0,0.0,0.0,0.0,0.0,0.0,0,0,0,0,unknown
290012,790316,07/01/2022,06/30/2023,0.0,0.0,0.0,0.0,0.0,0.0,0.0,0,0,0,0,unknown
290045,790318,07/01/2022,06/30/2023,0.0,0.0,0.0,0.0,0.0,0.0,0.0,0,0,0,0,unknown
290054,790320,01/01/2022,12/31/2022,0.0,0.0,0.0,0.0,0.0,0.0,0.0,0,0,0,0,unknown
290058,790321,01/01/2022,12/31/2022,0.0,0.0,0.0,0.0,0.0,0.0,0.0,0,0,0,0,unknown
300005,790324,10/01/2021,09/30/2022,0.0,0.0,0.0,0.0,0.0,0.0,0.0,0,0,0,0,unknown
330166,790395,01/01/2022,12/31/2022,0.0,0.0,0.0,0.0,0.0,0.0,0.0,0,0,0,0,unknown
330245,790436,01/01/2022,12/31/2022,0.0,0.0,0.0,0.0,0.0,0.0,0.0,0,0,0,0,unknown
340145,790470,01/01/2022,12/31/2022,0.0,0.0,0.0,0.0,0.0,0.0,0.0,0,0,0,0,unknown
380014,790476,01/01/2022,12/31/2022,0.0,0.0,0.0,0.0,0.0,0.0,0.0,0,0,0,0,unknown
380047,790480,01/01/2022,12/31/2022,0.0,0.0,0.0,0.0,0.0,0.0,0.0,0,0,0,0,unknown
400012,790489,07/01/2022,06/30/2023,0.0,0.0,0.0,0.0,0.0,0.0,0.0,0,0,0,0,unknown
400016,790490,10/01/2021,09/30/2022,0.0,0.0,0.0,0.0,0.0,0.0,0.0,0,0,0,0,unknown
400021,790491,01/01/2022,12/31/2022,0.0,0.0,0.0,0.0,0.0,0.0,0.0,0,0,0,0,unknown
400022,790492,01/01/2022,12/31/2022,0.0,0.0,0.0,0.0,0.0,0.0,0.0,0,0,0,0,unknown
430005,790510,06/01/2022,05/31/2023,0.0,0.0,0.0,0.0,0.0,0.0,0.0,0,0,0,0,unknown
440227,790521,04/01/2022,03/31/2023,0.0,0.0,0.0,0.0,0.0,0.0,0.0,0,0,0,0,unknown
450236,790529,07/01/2022,06/30/2023,0.0,0.0,0.0,0.0,0.0,0.0,0.0,0,0,0,0,unknown
500026,790552,01/01/2022,12/31/2022,0.0,0.0,0.0,0.0,0.0,0.0,0.0,0,0,0,0,unknown
500053,790558,01/01/2022,12/31/2022,0.0,0.0,0.0,0.0,0.0,0.0,0.0,0,0,0,0,unknown
500141,790561,07/01/2022,06/30/2023,0.0,0.0,0.0,0.0,0.0,0.0,0.0,0,0,0,0,unknown
670073,790566,01/01/2022,12/31/2022,0.0,0.0,0.0,0.0,0.0,0.0,0.0,0,0,0,0,unknown
030055,790568,07/01/2022,06/30/2023,0.0,0.0,0.0,0.0,0.0,0.0,0.0,0,0,0,0,unknown
050113,790573,07/01/2022,06/30/2023,0.0,0.0,0.0,0.0,0.0,0.0,0.0,0,0,0,0,unknown
050121,790574,01/01/2022,12/31/2022,0.0,0.0,0.0,0.0,0.0,0.0,0.0,0,0,0,0,unknown
050444,790585,07/01/2022,06/30/2023,0.0,0.0,0.0,0.0,0.0,0.0,0.0,0,0,0,0,unknown
050468,790586,01/01/2022,12/31/2022,0.0,0.0,0.0,0.0,0.0,0.0,0.0,0,0,0,0,unknown
054111,790593,02/01/2022,01/31/2023,0.0,0.0,0.0,0.0,0.0,0.0,0.0,0,0,0,0,unknown
111337,790612,07/01/2022,06/30/2023,0.0,0.0,0.0,0.0,0.0,0.0,0.0,0,0,0,0,unknown
141348,790616,07/01/2022,01/13/2023,0.0,0.0,0.0,0.0,0.0,0.0,0.0,0,0,0,0,unknown
180093,790632,09/01/2022,08/31/2023,0.0,0.0,0.0,0.0,0.0,0.0,0.0,0,0,0,0,unknown
350019,790664,01/01/2022,12/31/2022,0.0,0.0,0.0,0.0,0.0,0.0,0.0,0,0,0,0,unknown
380018,790677,10/01/2021,09/30/2022,0.0,0.0,0.0,0.0,0.0,0.0,0.0,0,0,0,0,unknown
380075,790679,01/01/2022,12/31/2022,0.0,0.0,0.0,0.0,0.0,0.0,0.0,0,0,0,0,unknown
500079,790701,01/01/2022,12/31/2022,0.0,0.0,0.0,0.0,0.0,0.0,0.0,0,0,0,0,unknown
010024,790704,01/01/2022,12/31/2022,0.0,0.0,0.0,0.0,0.0,0.0,0.0,0,0,0,0,unknown
010089,790708,01/01/2022,12/31/2022,0.0,0.0,0.0,0.0,0.0,0.0,0.0,0,0,0,0,unknown
021312,790710,10/01/2021,09/30/2022,0.0,0.0,0.0,0.0,0.0,0.0,0.0,0,0,0,0,unknown
050025,790715,07/01/2022,06/30/2023,0.0,0.0,0.0,0.0,0.0,0.0,0.0,0,0,0,0,unknown
050740,790719,07/01/2022,06/30/2023,0.0,0.0,0.0,0.0,0.0,0.0,0.0,0,0,0,0,unknown
050771,790720,01/01/2022,12/31/2022,0.0,0.0,0.0,0.0,0.0,0.0,0.0,0,0,0,0,unknown
110001,790726,10/01/2021,09/30/2022,0.0,0.0,0.0,0.0,0.0,0.0,0.0,0,0,0,0,unknown
110016,790727,07/01/2022,06/30/2023,0.0,0.0,0.0,0.0,0.0,0.0,0.0,0,0,0,0,unknown
180019,790746,12/01/2021,11/30/2022,0.0,0.0,0.0,0.0,0.0,0.0,0.0,0,0,0,0,unknown
271305,790770,07/01/2022,06/30/2023,0.0,0.0,0.0,0.0,0.0,0.0,0.0,0,0,0,0,unknown
320084,790775,07/01/2022,06/30/2023,0.0,0.0,0.0,0.0,0.0,0.0,0.0,0,0,0,0,unknown
340016,790781,08/01/2022,07/31/2023,0.0,0.0,0.0,0.0,0.0,0.0,0.0,0,0,0,0,unknown
340017,790782,07/01/2022,06/30/2023,0.0,0.0,0.0,0.0,0.0,0.0,0.0,0,0,0,0,unknown
360011,790787,07/01/2022,06/30/2023,0.0,0.0,0.0,0.0,0.0,0.0,0.0,0,0,0,0,unknown
360145,790792,01/01/2022,12/31/2022,0.0,0.0,0.0,0.0,0.0,0.0,0.0,0,0,0,0,unknown
360197,790795,01/01/2022,12/31/2022,0.0,0.0,0.0,0.0,0.0,0.0,0.0,0,0,0,0,unknown
451370,790810,01/01/2022,12/31/2022,0.0,0.0,0.0,0.0,0.0,0.0,0.0,0,0,0,0,unknown
452107,790812,09/01/2022,08/31/2023,0.0,0.0,0.0,0.0,0.0,0.0,0.0,0,0,0,0,unknown
521303,790815,01/01/2022,12/31/2022,0.0,0.0,0.0,0.0,0.0,0.0,0.0,0,0,0,0,unknown
050776,790825,01/01/2022,12/31/2022,0.0,0.0,0.0,0.0,0.0,0.0,0.0,0,0,0,0,unknown
100230,790827,05/01/2022,04/30/2023,0.0,0.0,0.0,0.0,0.0,0.0,0.0,0,0,0,0,unknown
320030,790852,07/01/2022,06/30/2023,0.0,0.0,0.0,0.0,0.0,0.0,0.0,0,0,0,0,unknown
370112,790856,04/01/2022,03/31/2023,0.0,0.0,0.0,0.0,0.0,0.0,0.0,0,0,0,0,unknown
440031,790863,07/01/2022,06/30/2023,0.0,0.0,0.0,0.0,0.0,0.0,0.0,0,0,0,0,unknown
440131,790865,10/01/2021,09/30/2022,0.0,0.0,0.0,0.0,0.0,0.0,0.0,0,0,0,0,unknown
441309,790868,07/01/2022,06/30/2023,0.0,0.0,0.0,0.0,0.0,0.0,0.0,0,0,0,0,unknown
450674,790872,03/01/2022,02/28/2023,0.0,0.0,0.0,0.0,0.0,0.0,0.0,0,0,0,0,unknown
670106,790879,02/01/2022,01/31/2023,0.0,0.0,0.0,0.0,0.0,0.0,0.0,0,0,0,0,unknown
050570,790903,01/01/2022,12/31/2022,0.0,0.0,0.0,0.0,0.0,0.0,0.0,0,0,0,0,unknown
050696,790905,10/01/2021,09/30/2022,0.0,0.0,0.0,0.0,0.0,0.0,0.0,0,0,0,0,unknown
100038,790909,05/01/2022,04/30/2023,0.0,0.0,0.0,0.0,0.0,0.0,0.0,0,0,0,0,unknown
100276,790910,07/01/2022,06/30/2023,0.0,0.0,0.0,0.0,0.0,0.0,0.0,0,0,0,0,unknown
100281,790911,05/01/2022,04/30/2023,0.0,0.0,0.0,0.0,0.0,0.0,0.0,0,0,0,0,unknown
100285,790912,05/01/2022,04/30/2023,0.0,0.0,0.0,0.0,0.0,0.0,0.0,0,0,0,0,unknown
111329,790914,07/01/2022,06/30/2023,0.0,0.0,0.0,0.0,0.0,0.0,0.0,0,0,0,0,unknown
161363,790920,07/01/2022,06/30/2023,0.0,0.0,0.0,0.0,0.0,0.0,0.0,0,0,0,0,unknown
161370,790921,07/01/2022,06/30/2023,0.0,0.0,0.0,0.0,0.0,0.0,0.0,0,0,0,0,unknown
182002,790927,07/01/2022,06/30/2023,0.0,0.0,0.0,0.0,0.0,0.0,0.0,0,0,0,0,unknown
184004,790928,07/01/2022,06/30/2023,0.0,0.0,0.0,0.0,0.0,0.0,0.0,0,0,0,0,unknown
223027,790931,07/01/2022,06/30/2023,0.0,0.0,0.0,0.0,0.0,0.0,0.0,0,0,0,0,unknown
250044,790937,10/01/2021,09/30/2022,0.0,0.0,0.0,0.0,0.0,0.0,0.0,0,0,0,0,unknown
390091,790961,07/01/2022,06/30/2023,0.0,0.0,0.0,0.0,0.0,0.0,0.0,0,0,0,0,unknown
390113,790962,07/01/2022,06/30/2023,0.0,0.0,0.0,0.0,0.0,0.0,0.0,0,0,0,0,unknown
400125,790966,01/01/2022,12/31/2022,0.0,0.0,0.0,0.0,0.0,0.0,0.0,0,0,0,0,unknown
450028,790970,05/01/2022,04/30/2023,0.0,0.0,0.0,0.0,0.0,0.0,0.0,0,0,0,0,unknown
450033,790971,09/01/2022,08/31/2023,0.0,0.0,0.0,0.0,0.0,0.0,0.0,0,0,0,0,unknown
500108,790980,07/01/2022,06/30/2023,0.0,0.0,0.0,0.0,0.0,0.0,0.0,0,0,0,0,unknown
670259,790982,10/01/2021,09/30/2022,0.0,0.0,0.0,0.0,0.0,0.0,0.0,0,0,0,0,unknown
010164,790985,08/01/2022,07/31/2023,0.0,0.0,0.0,0.0,0.0,0.0,0.0,0,0,0,0,unknown
050770,790990,07/01/2022,06/30/2023,0.0,0.0,0.0,0.0,0.0,0.0,0.0,0,0,0,0,unknown
100035,790995,01/01/2022,12/31/2022,0.0,0.0,0.0,0.0,0.0,0.0,0.0,0,0,0,0,unknown
110091,791001,07/01/2022,06/30/2023,0.0,0.0,0.0,0.0,0.0,0.0,0.0,0,0,0,0,unknown
110194,791002,07/01/2022,06/30/2023,0.0,0.0,0.0,0.0,0.0,0.0,0.0,0,0,0,0,unknown
171360,791009,04/01/2022,03/31/2023,0.0,0.0,0.0,0.0,0.0,0.0,0.0,0,0,0,0,unknown
190086,791010,10/01/2021,09/30/2022,0.0,0.0,0.0,0.0,0.0,0.0,0.0,0,0,0,0,unknown
191302,791012,10/01/2021,09/30/2022,0.0,0.0,0.0,0.0,0.0,0.0,0.0,0,0,0,0,unknown
290047,791027,02/01/2022,01/31/2023,0.0,0.0,0.0,0.0,0.0,0.0,0.0,0,0,0,0,unknown
310028,791028,01/01/2022,12/31/2022,0.0,0.0,0.0,0.0,0.0,0.0,0.0,0,0,0,0,unknown
320086,791029,01/01/2022,12/31/2022,0.0,0.0,0.0,0.0,0.0,0.0,0.0,0,0,0,0,unknown
370037,791030,01/01/2022,12/31/2022,0.0,0.0,0.0,0.0,0.0,0.0,0.0,0,0,0,0,unknown
380029,791033,04/01/2022,03/31/2023,0.0,0.0,0.0,0.0,0.0,0.0,0.0,0,0,0,0,unknown
390030,791035,07/01/2022,06/30/2023,0.0,0.0,0.0,0.0,0.0,0.0,0.0,0,0,0,0,unknown
440007,791039,01/01/2022,12/31/2022,0.0,0.0,0.0,0.0,0.0,0.0,0.0,0,0,0,0,unknown
440102,791041,07/01/2022,06/30/2023,0.0,0.0,0.0,0.0,0.0,0.0,0.0,0,0,0,0,unknown
450690,791045,09/01/2022,08/31/2023,0.0,0.0,0.0,0.0,0.0,0.0,0.0,0,0,0,0,unknown
491300,791051,01/01/2022,12/31/2022,0.0,0.0,0.0,0.0,0.0,0.0,0.0,0,0,0,0,unknown
041321,791065,01/01/2022,12/31/2022,0.0,0.0,0.0,0.0,0.0,0.0,0.0,0,0,0,0,unknown
050204,791068,01/01/2022,12/31/2022,0.0,0.0,0.0,0.0,0.0,0.0,0.0,0,0,0,0,unknown
050301,791069,01/01/2022,12/31/2022,0.0,0.0,0.0,0.0,0.0,0.0,0.0,0,0,0,0,unknown
050701,791070,01/01/2022,12/31/2022,0.0,0.0,0.0,0.0,0.0,0.0,0.0,0,0,0,0,unknown
060008,791072,07/01/2022,06/30/2023,0.0,0.0,0.0,0.0,0.0,0.0,0.0,0,0,0,0,unknown
101304,791078,01/01/2022,12/31/2022,0.0,0.0,0.0,0.0,0.0,0.0,0.0,0,0,0,0,unknown
150048,791089,01/01/2022,12/31/2022,0.0,0.0,0.0,0.0,0.0,0.0,0.0,0,0,0,0,unknown
150056,791090,01/01/2022,12/31/2022,0.0,0.0,0.0,0.0,0.0,0.0,0.0,0,0,0,0,unknown
150082,791093,10/01/2021,09/30/2022,0.0,0.0,0.0,0.0,0.0,0.0,0.0,0,0,0,0,unknown
150115,791095,07/01/2022,06/30/2023,0.0,0.0,0.0,0.0,0.0,0.0,0.0,0,0,0,0,unknown
150162,791097,01/01/2022,12/31/2022,0.0,0.0,0.0,0.0,0.0,0.0,0.0,0,0,0,0,unknown
160058,791104,07/01/2022,06/30/2023,0.0,0.0,0.0,0.0,0.0,0.0,0.0,0,0,0,0,unknown
170176,791110,06/01/2022,05/31/2023,0.0,0.0,0.0,0.0,0.0,0.0,0.0,0,0,0,0,unknown
220077,791117,10/01/2021,09/30/2022,0.0,0.0,0.0,0.0,0.0,0.0,0.0,0,0,0,0,unknown
220176,791119,02/01/2022,01/31/2023,0.0,0.0,0.0,0.0,0.0,0.0,0.0,0,0,0,0,unknown
230013,791120,01/01/2022,12/31/2022,0.0,0.0,0.0,0.0,0.0,0.0,0.0,0,0,0,0,unknown
230047,791123,01/01/2022,12/31/2022,0.0,0.0,0.0,0.0,0.0,0.0,0.0,0,0,0,0,unknown
230197,791126,07/01/2022,06/30/2023,0.0,0.0,0.0,0.0,0.0,0.0,0.0,0,0,0,0,unknown
250097,791133,10/01/2021,09/30/2022,0.0,0.0,0.0,0.0,0.0,0.0,0.0,0,0,0,0,unknown
252007,791134,03/01/2022,02/28/2023,0.0,0.0,0.0,0.0,0.0,0.0,0.0,0,0,0,0,unknown
260138,791141,01/01/2022,12/31/2022,0.0,0.0,0.0,0.0,0.0,0.0,0.0,0,0,0,0,unknown
290021,791152,01/01/2022,12/31/2022,0.0,0.0,0.0,0.0,0.0,0.0,0.0,0,0,0,0,unknown
362016,791157,03/01/2022,02/28/2023,0.0,0.0,0.0,0.0,0.0,0.0,0.0,0,0,0,0,unknown
370025,791159,07/01/2022,06/30/2023,0.0,0.0,0.0,0.0,0.0,0.0,0.0,0,0,0,0,unknown
370026,791160,01/01/2022,12/31/2022,0.0,0.0,0.0,0.0,0.0,0.0,0.0,0,0,0,0,unknown
390335,791164,07/01/2022,06/30/2023,0.0,0.0,0.0,0.0,0.0,0.0,0.0,0,0,0,0,unknown
420082,791166,01/01/2022,12/31/2022,0.0,0.0,0.0,0.0,0.0,0.0,0.0,0,0,0,0,unknown
441311,791170,06/01/2022,06/30/2023,0.0,0.0,0.0,0.0,0.0,0.0,0.0,0,0,0,0,unknown
450460,791172,07/01/2022,06/30/2023,0.0,0.0,0.0,0.0,0.0,0.0,0.0,0,0,0,0,unknown
450653,791175,01/01/2022,12/31/2022,0.0,0.0,0.0,0.0,0.0,0.0,0.0,0,0,0,0,unknown
452086,791176,09/01/2022,08/31/2023,0.0,0.0,0.0,0.0,0.0,0.0,0.0,0,0,0,0,unknown
500025,791189,01/01/2022,12/31/2022,0.0,0.0,0.0,0.0,0.0,0.0,0.0,0,0,0,0,unknown
500150,791190,04/01/2022,03/31/2023,0.0,0.0,0.0,0.0,0.0,0.0,0.0,0,0,0,0,unknown
040022,791200,11/01/2021,10/31/2022,0.0,0.0,0.0,0.0,0.0,0.0,0.0,0,0,0,0,unknown
050211,791213,07/01/2022,06/30/2023,0.0,0.0,0.0,0.0,0.0,0.0,0.0,0,0,0,0,unknown
050717,791215,07/01/2022,06/30/2023,0.0,0.0,0.0,0.0,0.0,0.0,0.0,0,0,0,0,unknown
061325,791222,01/01/2022,12/31/2022,0.0,0.0,0.0,0.0,0.0,0.0,0.0,0,0,0,0,unknown
070005,791224,01/01/2022,12/31/2022,0.0,0.0,0.0,0.0,0.0,0.0,0.0,0,0,0,0,unknown
070011,791226,10/01/2021,09/30/2022,0.0,0.0,0.0,0.0,0.0,0.0,0.0,0,0,0,0,unknown
070025,791229,10/01/2021,09/30/2022,0.0,0.0,0.0,0.0,0.0,0.0,0.0,0,0,0,0,unknown
070033,791233,10/01/2021,09/30/2022,0.0,0.0,0.0,0.0,0.0,0.0,0.0,0,0,0,0,unknown
070034,791234,10/01/2021,09/30/2022,0.0,0.0,0.0,0.0,0.0,0.0,0.0,0,0,0,0,unknown
100183,791238,05/01/2022,04/30/2023,0.0,0.0,0.0,0.0,0.0,0.0,0.0,0,0,0,0,unknown
130006,791251,10/01/2021,09/30/2022,0.0,0.0,0.0,0.0,0.0,0.0,0.0,0,0,0,0,unknown
190064,791261,07/01/2022,06/30/2023,0.0,0.0,0.0,0.0,0.0,0.0,0.0,0,0,0,0,unknown
190111,791262,10/01/2021,09/30/2022,0.0,0.0,0.0,0.0,0.0,0.0,0.0,0,0,0,0,unknown
200001,791264,01/01/2022,12/31/2022,0.0,0.0,0.0,0.0,0.0,0.0,0.0,0,0,0,0,unknown
200034,791266,01/01/2022,12/31/2022,0.0,0.0,0.0,0.0,0.0,0.0,0.0,0,0,0,0,unknown
200041,791268,10/01/2021,09/30/2022,0.0,0.0,0.0,0.0,0.0,0.0,0.0,0,0,0,0,unknown
220001,791274,10/01/2021,09/30/2022,0.0,0.0,0.0,0.0,0.0,0.0,0.0,0,0,0,0,unknown
220002,791275,10/01/2021,09/30/2022,0.0,0.0,0.0,0.0,0.0,0.0,0.0,0,0,0,0,unknown
220015,791276,10/01/2021,09/30/2022,0.0,0.0,0.0,0.0,0.0,0.0,0.0,0,0,0,0,unknown
220029,791279,10/01/2021,09/30/2022,0.0,0.0,0.0,0.0,0.0,0.0,0.0,0,0,0,0,unknown
220033,791280,10/01/2021,09/30/2022,0.0,0.0,0.0,0.0,0.0,0.0,0.0,0,0,0,0,unknown
220060,791284,10/01/2021,09/30/2022,0.0,0.0,0.0,0.0,0.0,0.0,0.0,0,0,0,0,unknown
220071,791286,10/01/2021,09/30/2022,0.0,0.0,0.0,0.0,0.0,0.0,0.0,0,0,0,0,unknown
220074,791288,10/01/2021,09/30/2022,0.0,0.0,0.0,0.0,0.0,0.0,0.0,0,0,0,0,unknown
220075,791289,10/01/2021,09/30/2022,0.0,0.0,0.0,0.0,0.0,0.0,0.0,0,0,0,0,unknown
220100,791294,10/01/2021,09/30/2022,0.0,0.0,0.0,0.0,0.0,0.0,0.0,0,0,0,0,unknown
220110,791295,10/01/2021,09/30/2022,0.0,0.0,0.0,0.0,0.0,0.0,0.0,0,0,0,0,unknown
220116,791297,10/01/2021,09/30/2022,0.0,0.0,0.0,0.0,0.0,0.0,0.0,0,0,0,0,unknown
220119,791298,10/01/2021,09/30/2022,0.0,0.0,0.0,0.0,0.0,0.0,0.0,0,0,0,0,unknown
220163,791299,10/01/2021,09/30/2022,0.0,0.0,0.0,0.0,0.0,0.0,0.0,0,0,0,0,unknown
241380,791309,07/01/2022,06/30/2023,0.0,0.0,0.0,0.0,0.0,0.0,0.0,0,0,0,0,unknown
251315,791311,10/01/2021,09/30/2022,0.0,0.0,0.0,0.0,0.0,0.0,0.0,0,0,0,0,unknown
300001,791323,10/01/2021,09/30/2022,0.0,0.0,0.0,0.0,0.0,0.0,0.0,0,0,0,0,unknown
300018,791325,10/01/2021,09/30/2022,0.0,0.0,0.0,0.0,0.0,0.0,0.0,0,0,0,0,unknown
310003,791327,01/01/2022,12/31/2022,0.0,0.0,0.0,0.0,0.0,0.0,0.0,0,0,0,0,unknown
310060,791329,07/01/2022,06/30/2023,0.0,0.0,0.0,0.0,0.0,0.0,0.0,0,0,0,0,unknown
330044,791336,01/01/2022,12/31/2022,0.0,0.0,0.0,0.0,0.0,0.0,0.0,0,0,0,0,unknown
330047,791339,07/01/2022,06/30/2023,0.0,0.0,0.0,0.0,0.0,0.0,0.0,0,0,0,0,unknown
330056,791342,01/01/2022,12/31/2022,0.0,0.0,0.0,0.0,0.0,0.0,0.0,0,0,0,0,unknown
330057,791343,07/01/2022,06/30/2023,0.0,0.0,0.0,0.0,0.0,0.0,0.0,0,0,0,0,unknown
330090,791352,01/01/2022,12/31/2022,0.0,0.0,0.0,0.0,0.0,0.0,0.0,0,0,0,0,unknown
330094,791353,01/01/2022,12/31/2022,0.0,0.0,0.0,0.0,0.0,0.0,0.0,0,0,0,0,unknown
330103,791356,01/01/2022,12/31/2022,0.0,0.0,0.0,0.0,0.0,0.0,0.0,0,0,0,0,unknown
330126,791361,01/01/2022,12/31/2022,0.0,0.0,0.0,0.0,0.0,0.0,0.0,0,0,0,0,unknown
330151,791365,07/01/2022,06/30/2023,0.0,0.0,0.0,0.0,0.0,0.0,0.0,0,0,0,0,unknown
330153,791366,01/01/2022,12/31/2022,0.0,0.0,0.0,0.0,0.0,0.0,0.0,0,0,0,0,unknown
330158,791368,01/01/2022,12/31/2022,0.0,0.0,0.0,0.0,0.0,0.0,0.0,0,0,0,0,unknown
330175,791372,07/01/2022,06/30/2023,0.0,0.0,0.0,0.0,0.0,0.0,0.0,0,0,0,0,unknown
330180,791373,07/01/2022,06/30/2023,0.0,0.0,0.0,0.0,0.0,0.0,0.0,0,0,0,0,unknown
330191,791377,01/01/2022,12/31/2022,0.0,0.0,0.0,0.0,0.0,0.0,0.0,0,0,0,0,unknown
330193,791378,01/01/2022,12/31/2022,0.0,0.0,0.0,0.0,0.0,0.0,0.0,0,0,0,0,unknown
330198,791380,01/01/2022,12/31/2022,0.0,0.0,0.0,0.0,0.0,0.0,0.0,0,0,0,0,unknown
330203,791381,01/01/2022,12/31/2022,0.0,0.0,0.0,0.0,0.0,0.0,0.0,0,0,0,0,unknown
330208,791382,01/01/2022,12/31/2022,0.0,0.0,0.0,0.0,0.0,0.0,0.0,0,0,0,0,unknown
330214,791384,09/01/2022,08/31/2023,0.0,0.0,0.0,0.0,0.0,0.0,0.0,0,0,0,0,unknown
330219,791387,01/01/2022,12/31/2022,0.0,0.0,0.0,0.0,0.0,0.0,0.0,0,0,0,0,unknown
330224,791390,01/01/2022,12/31/2022,0.0,0.0,0.0,0.0,0.0,0.0,0.0,0,0,0,0,unknown
330233,791393,01/01/2022,12/31/2022,0.0,0.0,0.0,0.0,0.0,0.0,0.0,0,0,0,0,unknown
330235,791395,01/01/2022,12/31/2022,0.0,0.0,0.0,0.0,0.0,0.0,0.0,0,0,0,0,unknown
330239,791397,01/01/2022,12/31/2022,0.0,0.0,0.0,0.0,0.0,0.0,0.0,0,0,0,0,unknown
330250,791400,10/01/2021,09/30/2022,0.0,0.0,0.0,0.0,0.0,0.0,0.0,0,0,0,0,unknown
330276,791406,01/01/2022,12/31/2022,0.0,0.0,0.0,0.0,0.0,0.0,0.0,0,0,0,0,unknown
330307,791407,01/01/2022,12/31/2022,0.0,0.0,0.0,0.0,0.0,0.0,0.0,0,0,0,0,unknown
390028,791427,07/01/2022,06/30/2023,0.0,0.0,0.0,0.0,0.0,0.0,0.0,0,0,0,0,unknown
390164,791430,07/01/2022,06/30/2023,0.0,0.0,0.0,0.0,0.0,0.0,0.0,0,0,0,0,unknown
390183,791431,07/01/2022,06/30/2023,0.0,0.0,0.0,0.0,0.0,0.0,0.0,0,0,0,0,unknown
410007,791433,10/01/2021,09/30/2022,0.0,0.0,0.0,0.0,0.0,0.0,0.0,0,0,0,0,unknown
440049,791439,01/01/2022,12/31/2022,0.0,0.0,0.0,0.0,0.0,0.0,0.0,0,0,0,0,unknown
450039,791442,10/01/2021,09/30/2022,0.0,0.0,0.0,0.0,0.0,0.0,0.0,0,0,0,0,unknown
450056,791443,07/01/2022,06/30/2023,0.0,0.0,0.0,0.0,0.0,0.0,0.0,0,0,0,0,unknown
450119,791445,01/01/2022,12/31/2022,0.0,0.0,0.0,0.0,0.0,0.0,0.0,0,0,0,0,unknown
670047,791461,01/01/2022,12/31/2022,0.0,0.0,0.0,0.0,0.0,0.0,0.0,0,0,0,0,unknown
050329,791464,01/01/2022,12/31/2022,0.0,0.0,0.0,0.0,0.0,0.0,0.0,0,0,0,0,unknown
061307,791468,01/01/2022,12/31/2022,0.0,0.0,0.0,0.0,0.0,0.0,0.0,0,0,0,0,unknown
220010,791483,10/01/2021,09/30/2022,0.0,0.0,0.0,0.0,0.0,0.0,0.0,0,0,0,0,unknown
330096,791492,07/01/2022,06/30/2023,0.0,0.0,0.0,0.0,0.0,0.0,0.0,0,0,0,0,unknown
330140,791495,07/01/2022,06/30/2023,0.0,0.0,0.0,0.0,0.0,0.0,0.0,0,0,0,0,unknown
330277,791503,07/01/2022,06/30/2023,0.0,0.0,0.0,0.0,0.0,0.0,0.0,0,0,0,0,unknown
330350,791507,01/01/2022,12/31/2022,0.0,0.0,0.0,0.0,0.0,0.0,0.0,0,0,0,0,unknown
330386,791508,01/01/2022,12/31/2022,0.0,0.0,0.0,0.0,0.0,0.0,0.0,0,0,0,0,unknown
330394,791510,01/01/2022,12/31/2022,0.0,0.0,0.0,0.0,0.0,0.0,0.0,0,0,0,0,unknown
390063,791517,07/01/2022,06/30/2023,0.0,0.0,0.0,0.0,0.0,0.0,0.0,0,0,0,0,unknown
410004,791522,01/01/2022,12/31/2022,0.0,0.0,0.0,0.0,0.0,0.0,0.0,0,0,0,0,unknown
410005,791523,01/01/2022,12/31/2022,0.0,0.0,0.0,0.0,0.0,0.0,0.0,0,0,0,0,unknown
410011,791527,01/01/2022,12/31/2022,0.0,0.0,0.0,0.0,0.0,0.0,0.0,0,0,0,0,unknown
410012,791528,10/01/2021,09/30/2022,0.0,0.0,0.0,0.0,0.0,0.0,0.0,0,0,0,0,unknown
450092,791530,01/01/2022,12/31/2022,0.0,0.0,0.0,0.0,0.0,0.0,0.0,0,0,0,0,unknown
470024,791536,10/01/2021,09/30/2022,0.0,0.0,0.0,0.0,0.0,0.0,0.0,0,0,0,0,unknown
490017,791537,09/01/2022,08/31/2023,0.0,0.0,0.0,0.0,0.0,0.0,0.0,0,0,0,0,unknown
490019,791538,07/01/2022,06/30/2023,0.0,0.0,0.0,0.0,0.0,0.0,0.0,0,0,0,0,unknown
490021,791540,01/01/2022,12/31/2022,0.0,0.0,0.0,0.0,0.0,0.0,0.0,0,0,0,0,unknown
490038,791541,07/01/2022,06/30/2023,0.0,0.0,0.0,0.0,0.0,0.0,0.0,0,0,0,0,unknown
490041,791542,09/01/2022,08/31/2023,0.0,0.0,0.0,0.0,0.0,0.0,0.0,0,0,0,0,unknown
490044,791543,01/01/2022,12/31/2022,0.0,0.0,0.0,0.0,0.0,0.0,0.0,0,0,0,0,unknown
490048,791544,01/01/2022,12/31/2022,0.0,0.0,0.0,0.0,0.0,0.0,0.0,0,0,0,0,unknown
490053,791545,07/01/2022,06/30/2023,0.0,0.0,0.0,0.0,0.0,0.0,0.0,0,0,0,0,unknown
330014,791546,01/01/2022,12/31/2022,0.0,0.0,0.0,0.0,0.0,0.0,0.0,0,0,0,0,unknown
330024,791548,01/01/2022,12/31/2022,0.0,0.0,0.0,0.0,0.0,0.0,0.0,0,0,0,0,unknown
330028,791550,01/01/2022,12/31/2022,0.0,0.0,0.0,0.0,0.0,0.0,0.0,0,0,0,0,unknown
050040,791555,07/01/2022,06/30/2023,0.0,0.0,0.0,0.0,0.0,0.0,0.0,0,0,0,0,unknown
050127,791556,01/01/2022,12/31/2022,0.0,0.0,0.0,0.0,0.0,0.0,0.0,0,0,0,0,unknown
050396,791558,01/01/2022,12/31/2022,0.0,0.0,0.0,0.0,0.0,0.0,0.0,0,0,0,0,unknown
141310,791560,10/01/2021,09/30/2022,0.0,0.0,0.0,0.0,0.0,0.0,0.0,0,0,0,0,unknown
200031,791561,01/01/2022,12/31/2022,0.0,0.0,0.0,0.0,0.0,0.0,0.0,0,0,0,0,unknown
200039,791563,07/01/2022,06/30/2023,0.0,0.0,0.0,0.0,0.0,0.0,0.0,0,0,0,0,unknown
200063,791564,10/01/2021,09/30/2022,0.0,0.0,0.0,0.0,0.0,0.0,0.0,0,0,0,0,unknown
220012,791565,10/01/2021,09/30/2022,0.0,0.0,0.0,0.0,0.0,0.0,0.0,0,0,0,0,unknown
220031,791566,10/01/2021,09/30/2022,0.0,0.0,0.0,0.0,0.0,0.0,0.0,0,0,0,0,unknown
220052,791567,10/01/2021,09/30/2022,0.0,0.0,0.0,0.0,0.0,0.0,0.0,0,0,0,0,unknown
300020,791571,07/01/2022,06/30/2023,0.0,0.0,0.0,0.0,0.0,0.0,0.0,0,0,0,0,unknown
310032,791572,01/01/2022,12/31/2022,0.0,0.0,0.0,0.0,0.0,0.0,0.0,0,0,0,0,unknown
330009,791575,01/01/2022,12/31/2022,0.0,0.0,0.0,0.0,0.0,0.0,0.0,0,0,0,0,unknown
330013,791577,01/01/2022,12/31/2022,0.0,0.0,0.0,0.0,0.0,0.0,0.0,0,0,0,0,unknown
361327,791579,10/01/2021,09/30/2022,0.0,0.0,0.0,0.0,0.0,0.0,0.0,0,0,0,0,unknown
490088,791591,01/01/2022,12/31/2022,0.0,0.0,0.0,0.0,0.0,0.0,0.0,0,0,0,0,unknown
490090,791592,01/01/2022,12/31/2022,0.0,0.0,0.0,0.0,0.0,0.0,0.0,0,0,0,0,unknown
490098,791593,07/01/2022,06/30/2023,0.0,0.0,0.0,0.0,0.0,0.0,0.0,0,0,0,0,unknown
490107,791594,01/01/2022,12/31/2022,0.0,0.0,0.0,0.0,0.0,0.0,0.0,0,0,0,0,unknown
490110,791595,10/01/2021,09/30/2022,0.0,0.0,0.0,0.0,0.0,0.0,0.0,0,0,0,0,unknown
490114,791596,07/01/2022,06/30/2023,0.0,0.0,0.0,0.0,0.0,0.0,0.0,0,0,0,0,unknown
490118,791597,04/01/2022,03/31/2023,0.0,0.0,0.0,0.0,0.0,0.0,0.0,0,0,0,0,unknown
490120,791598,07/01/2022,06/30/2023,0.0,0.0,0.0,0.0,0.0,0.0,0.0,0,0,0,0,unknown
490141,791600,05/01/2022,04/30/2023,0.0,0.0,0.0,0.0,0.0,0.0,0.0,0,0,0,0,unknown
490145,791601,11/01/2021,10/31/2022,0.0,0.0,0.0,0.0,0.0,0.0,0.0,0,0,0,0,unknown
510012,791602,10/01/2021,09/30/2022,0.0,0.0,0.0,0.0,0.0,0.0,0.0,0,0,0,0,unknown
510048,791603,10/01/2021,09/30/2022,0.0,0.0,0.0,0.0,0.0,0.0,0.0,0,0,0,0,unknown
510055,791604,10/01/2021,09/30/2022,0.0,0.0,0.0,0.0,0.0,0.0,0.0,0,0,0,0,unknown
510070,791605,06/01/2022,05/31/2023,0.0,0.0,0.0,0.0,0.0,0.0,0.0,0,0,0,0,unknown
050036,791620,01/01/2022,12/31/2022,0.0,0.0,0.0,0.0,0.0,0.0,0.0,0,0,0,0,unknown
050069,791622,07/01/2022,06/30/2023,0.0,0.0,0.0,0.0,0.0,0.0,0.0,0,0,0,0,unknown
050149,791626,01/01/2022,12/31/2022,0.0,0.0,0.0,0.0,0.0,0.0,0.0,0,0,0,0,unknown
050152,791627,01/01/2022,12/31/2022,0.0,0.0,0.0,0.0,0.0,0.0,0.0,0,0,0,0,unknown
050353,791634,01/01/2022,12/31/2022,0.0,0.0,0.0,0.0,0.0,0.0,0.0,0,0,0,0,unknown
050549,791635,01/01/2022,12/31/2022,0.0,0.0,0.0,0.0,0.0,0.0,0.0,0,0,0,0,unknown
050689,791638,06/01/2022,05/31/2023,0.0,0.0,0.0,0.0,0.0,0.0,0.0,0,0,0,0,unknown
070002,791646,10/01/2021,09/30/2022,0.0,0.0,0.0,0.0,0.0,0.0,0.0,0,0,0,0,unknown
070028,791655,10/01/2021,09/30/2022,0.0,0.0,0.0,0.0,0.0,0.0,0.0,0,0,0,0,unknown
070036,791656,07/01/2022,06/30/2023,0.0,0.0,0.0,0.0,0.0,0.0,0.0,0,0,0,0,unknown
083300,791658,01/01/2022,12/31/2022,0.0,0.0,0.0,0.0,0.0,0.0,0.0,0,0,0,0,unknown
131314,791678,12/01/2021,11/30/2022,0.0,0.0,0.0,0.0,0.0,0.0,0.0,0,0,0,0,unknown
140224,791682,07/01/2022,06/30/2023,0.0,0.0,0.0,0.0,0.0,0.0,0.0,0,0,0,0,unknown
180035,791693,01/01/2022,12/31/2022,0.0,0.0,0.0,0.0,0.0,0.0,0.0,0,0,0,0,unknown
180067,791698,07/01/2022,06/30/2023,0.0,0.0,0.0,0.0,0.0,0.0,0.0,0,0,0,0,unknown
180092,791699,05/01/2022,04/30/2023,0.0,0.0,0.0,0.0,0.0,0.0,0.0,0,0,0,0,unknown
180132,791700,01/01/2022,12/31/2022,0.0,0.0,0.0,0.0,0.0,0.0,0.0,0,0,0,0,unknown
200009,791705,10/01/2021,09/30/2022,0.0,0.0,0.0,0.0,0.0,0.0,0.0,0,0,0,0,unknown
200019,791706,10/01/2021,09/30/2022,0.0,0.0,0.0,0.0,0.0,0.0,0.0,0,0,0,0,unknown
200021,791707,10/01/2021,09/30/2022,0.0,0.0,0.0,0.0,0.0,0.0,0.0,0,0,0,0,unknown
200024,791708,07/01/2022,06/30/2023,0.0,0.0,0.0,0.0,0.0,0.0,0.0,0,0,0,0,unknown
240069,791716,01/01/2022,12/31/2022,0.0,0.0,0.0,0.0,0.0,0.0,0.0,0,0,0,0,unknown
360087,791743,01/01/2022,12/31/2022,0.0,0.0,0.0,0.0,0.0,0.0,0.0,0,0,0,0,unknown
360211,791746,07/01/2022,06/30/2023,0.0,0.0,0.0,0.0,0.0,0.0,0.0,0,0,0,0,unknown
360359,791749,01/01/2022,12/31/2022,0.0,0.0,0.0,0.0,0.0,0.0,0.0,0,0,0,0,unknown
420089,791769,01/01/2022,12/31/2022,0.0,0.0,0.0,0.0,0.0,0.0,0.0,0,0,0,0,unknown
430016,791770,07/01/2022,06/30/2023,0.0,0.0,0.0,0.0,0.0,0.0,0.0,0,0,0,0,unknown
450083,791773,11/01/2021,10/31/2022,0.0,0.0,0.0,0.0,0.0,0.0,0.0,0,0,0,0,unknown
450196,791774,07/01/2022,06/30/2023,0.0,0.0,0.0,0.0,0.0,0.0,0.0,0,0,0,0,unknown
490004,791788,01/01/2022,12/31/2022,0.0,0.0,0.0,0.0,0.0,0.0,0.0,0,0,0,0,unknown
490007,791789,01/01/2022,12/31/2022,0.0,0.0,0.0,0.0,0.0,0.0,0.0,0,0,0,0,unknown
490013,791790,01/01/2022,12/31/2022,0.0,0.0,0.0,0.0,0.0,0.0,0.0,0,0,0,0,unknown
490046,791792,01/01/2022,12/31/2022,0.0,0.0,0.0,0.0,0.0,0.0,0.0,0,0,0,0,unknown
490066,791793,01/01/2022,12/31/2022,0.0,0.0,0.0,0.0,0.0,0.0,0.0,0,0,0,0,unknown
490112,791795,09/01/2022,08/31/2023,0.0,0.0,0.0,0.0,0.0,0.0,0.0,0,0,0,0,unknown
490113,791796,01/01/2022,12/31/2022,0.0,0.0,0.0,0.0,0.0,0.0,0.0,0,0,0,0,unknown
520100,791799,01/01/2022,12/31/2022,0.0,0.0,0.0,0.0,0.0,0.0,0.0,0,0,0,0,unknown
050058,791814,01/01/2022,12/31/2022,0.0,0.0,0.0,0.0,0.0,0.0,0.0,0,0,0,0,unknown
050084,791815,07/01/2022,06/30/2023,0.0,0.0,0.0,0.0,0.0,0.0,0.0,0,0,0,0,unknown
050125,791817,01/01/2022,12/31/2022,0.0,0.0,0.0,0.0,0.0,0.0,0.0,0,0,0,0,unknown
050226,791819,07/01/2022,06/30/2023,0.0,0.0,0.0,0.0,0.0,0.0,0.0,0,0,0,0,unknown
050278,791824,01/01/2022,12/31/2022,0.0,0.0,0.0,0.0,0.0,0.0,0.0,0,0,0,0,unknown
050315,791829,07/01/2022,06/30/2023,0.0,0.0,0.0,0.0,0.0,0.0,0.0,0,0,0,0,unknown
060103,791842,01/01/2022,12/31/2022,0.0,0.0,0.0,0.0,0.0,0.0,0.0,0,0,0,0,unknown
060104,791843,07/01/2022,06/30/2023,0.0,0.0,0.0,0.0,0.0,0.0,0.0,0,0,0,0,unknown
100287,791851,06/01/2022,05/31/2023,0.0,0.0,0.0,0.0,0.0,0.0,0.0,0,0,0,0,unknown
110041,791856,07/01/2022,06/30/2023,0.0,0.0,0.0,0.0,0.0,0.0,0.0,0,0,0,0,unknown
140211,791874,09/01/2022,08/31/2023,0.0,0.0,0.0,0.0,0.0,0.0,0.0,0,0,0,0,unknown
180001,791888,01/01/2022,12/31/2022,0.0,0.0,0.0,0.0,0.0,0.0,0.0,0,0,0,0,unknown
250043,791900,10/01/2021,09/30/2022,0.0,0.0,0.0,0.0,0.0,0.0,0.0,0,0,0,0,unknown
320063,791909,09/01/2022,08/31/2023,0.0,0.0,0.0,0.0,0.0,0.0,0.0,0,0,0,0,unknown
370089,791915,07/01/2022,06/30/2023,0.0,0.0,0.0,0.0,0.0,0.0,0.0,0,0,0,0,unknown
390265,791923,07/01/2022,06/30/2023,0.0,0.0,0.0,0.0,0.0,0.0,0.0,0,0,0,0,unknown
431309,791929,01/01/2022,12/31/2022,0.0,0.0,0.0,0.0,0.0,0.0,0.0,0,0,0,0,unknown
450010,791951,01/01/2022,12/31/2022,0.0,0.0,0.0,0.0,0.0,0.0,0.0,0,0,0,0,unknown
450090,791953,01/01/2022,12/31/2022,0.0,0.0,0.0,0.0,0.0,0.0,0.0,0,0,0,0,unknown
460051,791955,07/01/2022,04/30/2023,0.0,0.0,0.0,0.0,0.0,0.0,0.0,0,0,0,0,unknown
500008,791958,07/01/2022,06/30/2023,0.0,0.0,0.0,0.0,0.0,0.0,0.0,0,0,0,0,unknown
010006,791966,07/01/2022,06/30/2023,0.0,0.0,0.0,0.0,0.0,0.0,0.0,0,0,0,0,unknown
010021,791969,10/01/2021,09/30/2022,0.0,0.0,0.0,0.0,0.0,0.0,0.0,0,0,0,0,unknown
010101,791971,01/01/2022,12/31/2022,0.0,0.0,0.0,0.0,0.0,0.0,0.0,0,0,0,0,unknown
010118,791974,07/01/2022,06/30/2023,0.0,0.0,0.0,0.0,0.0,0.0,0.0,0,0,0,0,unknown
010168,791977,01/01/2022,12/31/2022,0.0,0.0,0.0,0.0,0.0,0.0,0.0,0,0,0,0,unknown
030146,791981,01/01/2022,12/31/2022,0.0,0.0,0.0,0.0,0.0,0.0,0.0,0,0,0,0,unknown
050376,791999,07/01/2022,06/30/2023,0.0,0.0,0.0,0.0,0.0,0.0,0.0,0,0,0,0,unknown
110079,792014,01/01/2022,12/31/2022,0.0,0.0,0.0,0.0,0.0,0.0,0.0,0,0,0,0,unknown
140067,792017,10/01/2021,09/30/2022,0.0,0.0,0.0,0.0,0.0,0.0,0.0,0,0,0,0,unknown
140233,792020,10/01/2021,09/30/2022,0.0,0.0,0.0,0.0,0.0,0.0,0.0,0,0,0,0,unknown
171342,792033,01/01/2022,12/31/2022,0.0,0.0,0.0,0.0,0.0,0.0,0.0,0,0,0,0,unknown
181314,792040,04/01/2022,03/31/2023,0.0,0.0,0.0,0.0,0.0,0.0,0.0,0,0,0,0,unknown
190002,792041,10/01/2021,09/30/2022,0.0,0.0,0.0,0.0,0.0,0.0,0.0,0,0,0,0,unknown
190060,792047,01/01/2022,12/31/2022,0.0,0.0,0.0,0.0,0.0,0.0,0.0,0,0,0,0,unknown
230092,792060,01/01/2022,12/31/2022,0.0,0.0,0.0,0.0,0.0,0.0,0.0,0,0,0,0,unknown
250058,792063,10/01/2021,09/30/2022,0.0,0.0,0.0,0.0,0.0,0.0,0.0,0,0,0,0,unknown
251316,792066,01/01/2022,12/31/2022,0.0,0.0,0.0,0.0,0.0,0.0,0.0,0,0,0,0,unknown
260006,792068,07/01/2022,06/30/2023,0.0,0.0,0.0,0.0,0.0,0.0,0.0,0,0,0,0,unknown
260009,792069,06/01/2022,05/31/2023,0.0,0.0,0.0,0.0,0.0,0.0,0.0,0,0,0,0,unknown
260091,792074,01/01/2022,12/31/2022,0.0,0.0,0.0,0.0,0.0,0.0,0.0,0,0,0,0,unknown
260104,792075,01/01/2022,12/31/2022,0.0,0.0,0.0,0.0,0.0,0.0,0.0,0,0,0,0,unknown
260113,792076,10/01/2021,09/30/2022,0.0,0.0,0.0,0.0,0.0,0.0,0.0,0,0,0,0,unknown
260141,792077,07/01/2022,06/30/2023,0.0,0.0,0.0,0.0,0.0,0.0,0.0,0,0,0,0,unknown
280040,792085,01/01/2022,12/31/2022,0.0,0.0,0.0,0.0,0.0,0.0,0.0,0,0,0,0,unknown
290049,792091,07/01/2022,12/31/2022,0.0,0.0,0.0,0.0,0.0,0.0,0.0,0,0,0,0,unknown
360172,792107,01/01/2022,12/31/2022,0.0,0.0,0.0,0.0,0.0,0.0,0.0,0,0,0,0,unknown
370083,792112,04/01/2022,03/31/2023,0.0,0.0,0.0,0.0,0.0,0.0,0.0,0,0,0,0,unknown
390125,792126,07/01/2022,06/30/2023,0.0,0.0,0.0,0.0,0.0,0.0,0.0,0,0,0,0,unknown
390163,792130,07/01/2022,06/30/2023,0.0,0.0,0.0,0.0,0.0,0.0,0.0,0,0,0,0,unknown
390219,792131,07/01/2022,06/30/2023,0.0,0.0,0.0,0.0,0.0,0.0,0.0,0,0,0,0,unknown
390337,792133,07/01/2022,06/30/2023,0.0,0.0,0.0,0.0,0.0,0.0,0.0,0,0,0,0,unknown
400115,792145,01/01/2022,12/31/2022,0.0,0.0,0.0,0.0,0.0,0.0,0.0,0,0,0,0,unknown
400124,792146,07/01/2022,06/30/2023,0.0,0.0,0.0,0.0,0.0,0.0,0.0,0,0,0,0,unknown
440034,792163,01/01/2022,12/31/2022,0.0,0.0,0.0,0.0,0.0,0.0,0.0,0,0,0,0,unknown
440084,792166,07/01/2022,06/30/2023,0.0,0.0,0.0,0.0,0.0,0.0,0.0,0,0,0,0,unknown
440161,792168,01/01/2022,12/31/2022,0.0,0.0,0.0,0.0,0.0,0.0,0.0,0,0,0,0,unknown
440197,792169,06/01/2022,05/31/2023,0.0,0.0,0.0,0.0,0.0,0.0,0.0,0,0,0,0,unknown
450029,792175,10/01/2021,09/30/2022,0.0,0.0,0.0,0.0,0.0,0.0,0.0,0,0,0,0,unknown
450688,792182,01/01/2022,12/31/2022,0.0,0.0,0.0,0.0,0.0,0.0,0.0,0,0,0,0,unknown
450867,792183,07/01/2022,06/30/2023,0.0,0.0,0.0,0.0,0.0,0.0,0.0,0,0,0,0,unknown
500019,792202,01/01/2022,12/31/2022,0.0,0.0,0.0,0.0,0.0,0.0,0.0,0,0,0,0,unknown
500077,792204,01/01/2022,12/31/2022,0.0,0.0,0.0,0.0,0.0,0.0,0.0,0,0,0,0,unknown
500154,792205,01/01/2022,12/31/2022,0.0,0.0,0.0,0.0,0.0,0.0,0.0,0,0,0,0,unknown
010113,792219,04/01/2022,03/31/2023,0.0,0.0,0.0,0.0,0.0,0.0,0.0,0,0,0,0,unknown
050167,792232,07/01/2022,06/30/2023,0.0,0.0,0.0,0.0,0.0,0.0,0.0,0,0,0,0,unknown
050327,792236,07/01/2022,06/30/2023,0.0,0.0,0.0,0.0,0.0,0.0,0.0,0,0,0,0,unknown
061327,792242,01/01/2022,12/31/2022,0.0,0.0,0.0,0.0,0.0,0.0,0.0,0,0,0,0,unknown
100044,792243,01/01/2022,12/31/2022,0.0,0.0,0.0,0.0,0.0,0.0,0.0,0,0,0,0,unknown
100288,792247,06/01/2022,05/31/2023,0.0,0.0,0.0,0.0,0.0,0.0,0.0,0,0,0,0,unknown
110031,792248,07/01/2022,06/30/2023,0.0,0.0,0.0,0.0,0.0,0.0,0.0,0,0,0,0,unknown
140001,792257,07/01/2022,06/30/2023,0.0,0.0,0.0,0.0,0.0,0.0,0.0,0,0,0,0,unknown
140007,792258,07/01/2022,06/30/2023,0.0,0.0,0.0,0.0,0.0,0.0,0.0,0,0,0,0,unknown
140008,792259,07/01/2022,06/30/2023,0.0,0.0,0.0,0.0,0.0,0.0,0.0,0,0,0,0,unknown
140011,792260,04/01/2022,03/31/2023,0.0,0.0,0.0,0.0,0.0,0.0,0.0,0,0,0,0,unknown
140018,792261,07/01/2022,06/30/2023,0.0,0.0,0.0,0.0,0.0,0.0,0.0,0,0,0,0,unknown
140052,792264,10/01/2021,09/30/2022,0.0,0.0,0.0,0.0,0.0,0.0,0.0,0,0,0,0,unknown
140082,792266,06/01/2022,05/31/2023,0.0,0.0,0.0,0.0,0.0,0.0,0.0,0,0,0,0,unknown
140113,792270,10/01/2021,09/30/2022,0.0,0.0,0.0,0.0,0.0,0.0,0.0,0,0,0,0,unknown
140117,792273,07/01/2022,06/30/2023,0.0,0.0,0.0,0.0,0.0,0.0,0.0,0,0,0,0,unknown
140127,792275,01/01/2022,12/31/2022,0.0,0.0,0.0,0.0,0.0,0.0,0.0,0,0,0,0,unknown
140135,792276,10/01/2021,09/30/2022,0.0,0.0,0.0,0.0,0.0,0.0,0.0,0,0,0,0,unknown
140147,792279,01/01/2022,12/31/2022,0.0,0.0,0.0,0.0,0.0,0.0,0.0,0,0,0,0,unknown
140148,792280,10/01/2021,09/30/2022,0.0,0.0,0.0,0.0,0.0,0.0,0.0,0,0,0,0,unknown
140155,792281,07/01/2022,06/30/2023,0.0,0.0,0.0,0.0,0.0,0.0,0.0,0,0,0,0,unknown
140160,792282,01/01/2022,12/31/2022,0.0,0.0,0.0,0.0,0.0,0.0,0.0,0,0,0,0,unknown
140164,792283,04/01/2022,03/31/2023,0.0,0.0,0.0,0.0,0.0,0.0,0.0,0,0,0,0,unknown
140172,792285,01/01/2022,12/31/2022,0.0,0.0,0.0,0.0,0.0,0.0,0.0,0,0,0,0,unknown
140180,792287,07/01/2022,06/30/2023,0.0,0.0,0.0,0.0,0.0,0.0,0.0,0,0,0,0,unknown
140189,792290,07/01/2022,06/30/2023,0.0,0.0,0.0,0.0,0.0,0.0,0.0,0,0,0,0,unknown
141342,792296,01/01/2022,01/13/2023,0.0,0.0,0.0,0.0,0.0,0.0,0.0,0,0,0,0,unknown
230038,792348,01/01/2022,12/31/2022,0.0,0.0,0.0,0.0,0.0,0.0,0.0,0,0,0,0,unknown
230058,792349,07/01/2022,06/30/2023,0.0,0.0,0.0,0.0,0.0,0.0,0.0,0,0,0,0,unknown
230075,792351,01/01/2022,12/31/2022,0.0,0.0,0.0,0.0,0.0,0.0,0.0,0,0,0,0,unknown
231303,792354,01/01/2022,12/31/2022,0.0,0.0,0.0,0.0,0.0,0.0,0.0,0,0,0,0,unknown
240002,792357,07/01/2022,06/30/2023,0.0,0.0,0.0,0.0,0.0,0.0,0.0,0,0,0,0,unknown
240047,792364,01/01/2022,12/31/2022,0.0,0.0,0.0,0.0,0.0,0.0,0.0,0,0,0,0,unknown
240093,792367,01/01/2022,12/31/2022,0.0,0.0,0.0,0.0,0.0,0.0,0.0,0,0,0,0,unknown
250094,792370,04/01/2022,03/31/2023,0.0,0.0,0.0,0.0,0.0,0.0,0.0,0,0,0,0,unknown
251323,792371,01/01/2022,12/31/2022,0.0,0.0,0.0,0.0,0.0,0.0,0.0,0,0,0,0,unknown
290009,792382,01/01/2022,12/31/2022,0.0,0.0,0.0,0.0,0.0,0.0,0.0,0,0,0,0,unknown
290061,792385,05/05/2022,12/31/2022,0.0,0.0,0.0,0.0,0.0,0.0,0.0,0,0,0,0,unknown
330164,792388,07/01/2022,06/30/2023,0.0,0.0,0.0,0.0,0.0,0.0,0.0,0,0,0,0,unknown
340151,792390,10/01/2021,09/30/2022,0.0,0.0,0.0,0.0,0.0,0.0,0.0,0,0,0,0,unknown
360174,792407,01/01/2022,12/31/2022,0.0,0.0,0.0,0.0,0.0,0.0,0.0,0,0,0,0,unknown
370001,792428,07/01/2022,06/30/2023,0.0,0.0,0.0,0.0,0.0,0.0,0.0,0,0,0,0,unknown
370229,792431,04/01/2022,06/30/2022,0.0,0.0,0.0,0.0,0.0,0.0,0.0,0,0,0,0,unknown
390036,792436,07/01/2022,06/30/2023,0.0,0.0,0.0,0.0,0.0,0.0,0.0,0,0,0,0,unknown
390086,792438,07/01/2022,06/30/2023,0.0,0.0,0.0,0.0,0.0,0.0,0.0,0,0,0,0,unknown
390090,792439,07/01/2022,06/30/2023,0.0,0.0,0.0,0.0,0.0,0.0,0.0,0,0,0,0,unknown
390145,792444,07/01/2022,06/30/2023,0.0,0.0,0.0,0.0,0.0,0.0,0.0,0,0,0,0,unknown
390157,792445,07/01/2022,06/30/2023,0.0,0.0,0.0,0.0,0.0,0.0,0.0,0,0,0,0,unknown
390180,792447,01/01/2022,12/31/2022,0.0,0.0,0.0,0.0,0.0,0.0,0.0,0,0,0,0,unknown
390326,792449,07/01/2022,06/30/2023,0.0,0.0,0.0,0.0,0.0,0.0,0.0,0,0,0,0,unknown
390328,792450,07/01/2022,06/30/2023,0.0,0.0,0.0,0.0,0.0,0.0,0.0,0,0,0,0,unknown
400131,792452,01/01/2022,12/31/2022,0.0,0.0,0.0,0.0,0.0,0.0,0.0,0,0,0,0,unknown
403301,792453,07/01/2022,06/30/2023,0.0,0.0,0.0,0.0,0.0,0.0,0.0,0,0,0,0,unknown
440081,792464,01/01/2022,12/31/2022,0.0,0.0,0.0,0.0,0.0,0.0,0.0,0,0,0,0,unknown
450101,792472,09/01/2022,08/31/2023,0.0,0.0,0.0,0.0,0.0,0.0,0.0,0,0,0,0,unknown
450862,792479,07/01/2022,06/30/2023,0.0,0.0,0.0,0.0,0.0,0.0,0.0,0,0,0,0,unknown
451354,792480,03/01/2022,02/28/2023,0.0,0.0,0.0,0.0,0.0,0.0,0.0,0,0,0,0,unknown
500064,792489,07/01/2022,06/30/2023,0.0,0.0,0.0,0.0,0.0,0.0,0.0,0,0,0,0,unknown
520011,792493,01/01/2022,12/31/2022,0.0,0.0,0.0,0.0,0.0,0.0,0.0,0,0,0,0,unknown
520019,792494,07/01/2022,06/30/2023,0.0,0.0,0.0,0.0,0.0,0.0,0.0,0,0,0,0,unknown
520021,792495,07/01/2022,06/30/2023,0.0,0.0,0.0,0.0,0.0,0.0,0.0,0,0,0,0,unknown
520034,792496,01/01/2022,12/31/2022,0.0,0.0,0.0,0.0,0.0,0.0,0.0,0,0,0,0,unknown
520051,792497,07/01/2022,06/30/2023,0.0,0.0,0.0,0.0,0.0,0.0,0.0,0,0,0,0,unknown
520076,792499,01/01/2022,12/31/2022,0.0,0.0,0.0,0.0,0.0,0.0,0.0,0,0,0,0,unknown
520078,792500,07/01/2022,06/30/2023,0.0,0.0,0.0,0.0,0.0,0.0,0.0,0,0,0,0,unknown
520096,792501,07/01/2022,06/30/2023,0.0,0.0,0.0,0.0,0.0,0.0,0.0,0,0,0,0,unknown
520198,792503,01/01/2022,12/31/2022,0.0,0.0,0.0,0.0,0.0,0.0,0.0,0,0,0,0,unknown
520202,792504,01/01/2022,12/31/2022,0.0,0.0,0.0,0.0,0.0,0.0,0.0,0,0,0,0,unknown
520212,792505,01/01/2022,12/31/2022,0.0,0.0,0.0,0.0,0.0,0.0,0.0,0,0,0,0,unknown
523025,792507,07/01/2022,06/30/2023,0.0,0.0,0.0,0.0,0.0,0.0,0.0,0,0,0,0,unknown
670055,792508,03/01/2022,02/28/2023,0.0,0.0,0.0,0.0,0.0,0.0,0.0,0,0,0,0,unknown
030010,792512,10/01/2021,09/30/2022,0.0,0.0,0.0,0.0,0.0,0.0,0.0,0,0,0,0,unknown
030022,792513,07/01/2022,06/30/2023,0.0,0.0,0.0,0.0,0.0,0.0,0.0,0,0,0,0,unknown
030038,792514,01/01/2022,12/31/2022,0.0,0.0,0.0,0.0,0.0,0.0,0.0,0,0,0,0,unknown
040084,792518,07/01/2022,06/30/2023,0.0,0.0,0.0,0.0,0.0,0.0,0.0,0,0,0,0,unknown
050077,792523,10/01/2021,09/30/2022,0.0,0.0,0.0,0.0,0.0,0.0,0.0,0,0,0,0,unknown
050107,792524,07/01/2022,06/30/2023,0.0,0.0,0.0,0.0,0.0,0.0,0.0,0,0,0,0,unknown
050116,792525,01/01/2022,12/31/2022,0.0,0.0,0.0,0.0,0.0,0.0,0.0,0,0,0,0,unknown
050169,792529,10/01/2021,09/30/2022,0.0,0.0,0.0,0.0,0.0,0.0,0.0,0,0,0,0,unknown
050195,792530,07/01/2022,06/30/2023,0.0,0.0,0.0,0.0,0.0,0.0,0.0,0,0,0,0,unknown
050276,792531,07/01/2022,06/30/2023,0.0,0.0,0.0,0.0,0.0,0.0,0.0,0,0,0,0,unknown
050373,792536,07/01/2022,06/30/2023,0.0,0.0,0.0,0.0,0.0,0.0,0.0,0,0,0,0,unknown
050414,792538,07/01/2022,06/30/2023,0.0,0.0,0.0,0.0,0.0,0.0,0.0,0,0,0,0,unknown
050599,792541,07/01/2022,06/30/2023,0.0,0.0,0.0,0.0,0.0,0.0,0.0,0,0,0,0,unknown
060065,792549,01/01/2022,12/31/2022,0.0,0.0,0.0,0.0,0.0,0.0,0.0,0,0,0,0,unknown
061319,792551,01/01/2022,12/31/2022,0.0,0.0,0.0,0.0,0.0,0.0,0.0,0,0,0,0,unknown
103304,792554,01/01/2022,12/31/2022,0.0,0.0,0.0,0.0,0.0,0.0,0.0,0,0,0,0,unknown
110107,792562,01/01/2022,12/31/2022,0.0,0.0,0.0,0.0,0.0,0.0,0.0,0,0,0,0,unknown
110252,792571,10/01/2021,09/30/2022,0.0,0.0,0.0,0.0,0.0,0.0,0.0,0,0,0,0,unknown
140010,792576,10/01/2021,12/31/2022,0.0,0.0,0.0,0.0,0.0,0.0,0.0,0,0,0,0,unknown
140015,792577,10/01/2021,09/30/2022,0.0,0.0,0.0,0.0,0.0,0.0,0.0,0,0,0,0,unknown
140029,792578,07/01/2022,06/30/2023,0.0,0.0,0.0,0.0,0.0,0.0,0.0,0,0,0,0,unknown
140030,792579,01/01/2022,12/31/2022,0.0,0.0,0.0,0.0,0.0,0.0,0.0,0,0,0,0,unknown
140048,792580,01/01/2022,12/31/2022,0.0,0.0,0.0,0.0,0.0,0.0,0.0,0,0,0,0,unknown
140049,792581,05/01/2022,04/30/2023,0.0,0.0,0.0,0.0,0.0,0.0,0.0,0,0,0,0,unknown
140053,792582,07/01/2022,06/30/2023,0.0,0.0,0.0,0.0,0.0,0.0,0.0,0,0,0,0,unknown
140054,792583,07/01/2022,06/30/2023,0.0,0.0,0.0,0.0,0.0,0.0,0.0,0,0,0,0,unknown
140080,792584,07/01/2022,06/30/2023,0.0,0.0,0.0,0.0,0.0,0.0,0.0,0,0,0,0,unknown
140091,792587,01/01/2022,12/31/2022,0.0,0.0,0.0,0.0,0.0,0.0,0.0,0,0,0,0,unknown
140095,792589,07/01/2022,06/30/2023,0.0,0.0,0.0,0.0,0.0,0.0,0.0,0,0,0,0,unknown
140124,792594,12/01/2021,11/30/2022,0.0,0.0,0.0,0.0,0.0,0.0,0.0,0,0,0,0,unknown
140130,792595,09/01/2022,08/31/2023,0.0,0.0,0.0,0.0,0.0,0.0,0.0,0,0,0,0,unknown
140158,792599,01/01/2022,12/31/2022,0.0,0.0,0.0,0.0,0.0,0.0,0.0,0,0,0,0,unknown
140174,792600,07/01/2022,06/30/2023,0.0,0.0,0.0,0.0,0.0,0.0,0.0,0,0,0,0,unknown
140179,792601,10/01/2021,09/30/2022,0.0,0.0,0.0,0.0,0.0,0.0,0.0,0,0,0,0,unknown
140182,792602,01/01/2022,12/31/2022,0.0,0.0,0.0,0.0,0.0,0.0,0.0,0,0,0,0,unknown
140185,792603,01/01/2022,12/31/2022,0.0,0.0,0.0,0.0,0.0,0.0,0.0,0,0,0,0,unknown
140186,792604,01/01/2022,12/31/2022,0.0,0.0,0.0,0.0,0.0,0.0,0.0,0,0,0,0,unknown
140200,792607,07/01/2022,12/31/2022,0.0,0.0,0.0,0.0,0.0,0.0,0.0,0,0,0,0,unknown
140202,792608,01/01/2022,12/31/2022,0.0,0.0,0.0,0.0,0.0,0.0,0.0,0,0,0,0,unknown
140206,792609,10/01/2021,09/30/2022,0.0,0.0,0.0,0.0,0.0,0.0,0.0,0,0,0,0,unknown
140208,792610,01/01/2022,12/31/2022,0.0,0.0,0.0,0.0,0.0,0.0,0.0,0,0,0,0,unknown
140209,792611,01/01/2022,12/31/2022,0.0,0.0,0.0,0.0,0.0,0.0,0.0,0,0,0,0,unknown
140213,792612,10/01/2021,09/30/2022,0.0,0.0,0.0,0.0,0.0,0.0,0.0,0,0,0,0,unknown
140217,792613,07/01/2022,06/30/2023,0.0,0.0,0.0,0.0,0.0,0.0,0.0,0,0,0,0,unknown
140251,792615,01/01/2022,12/31/2022,0.0,0.0,0.0,0.0,0.0,0.0,0.0,0,0,0,0,unknown
140276,792617,07/01/2022,06/30/2023,0.0,0.0,0.0,0.0,0.0,0.0,0.0,0,0,0,0,unknown
140281,792618,09/01/2022,08/31/2023,0.0,0.0,0.0,0.0,0.0,0.0,0.0,0,0,0,0,unknown
171321,792646,01/01/2022,12/31/2022,0.0,0.0,0.0,0.0,0.0,0.0,0.0,0,0,0,0,unknown
190011,792648,07/01/2022,06/30/2023,0.0,0.0,0.0,0.0,0.0,0.0,0.0,0,0,0,0,unknown
190313,792649,01/01/2022,12/31/2022,0.0,0.0,0.0,0.0,0.0,0.0,0.0,0,0,0,0,unknown
250050,792674,10/01/2021,09/30/2022,0.0,0.0,0.0,0.0,0.0,0.0,0.0,0,0,0,0,unknown
260096,792678,07/01/2022,06/30/2023,0.0,0.0,0.0,0.0,0.0,0.0,0.0,0,0,0,0,unknown
281340,792682,03/01/2022,02/28/2023,0.0,0.0,0.0,0.0,0.0,0.0,0.0,0,0,0,0,unknown
390097,792704,07/01/2022,06/30/2023,0.0,0.0,0.0,0.0,0.0,0.0,0.0,0,0,0,0,unknown
390222,792710,07/01/2022,06/30/2023,0.0,0.0,0.0,0.0,0.0,0.0,0.0,0,0,0,0,unknown
390336,792718,07/01/2022,06/30/2023,0.0,0.0,0.0,0.0,0.0,0.0,0.0,0,0,0,0,unknown
440058,792721,01/01/2022,12/31/2022,0.0,0.0,0.0,0.0,0.0,0.0,0.0,0,0,0,0,unknown
450144,792734,10/01/2021,09/30/2022,0.0,0.0,0.0,0.0,0.0,0.0,0.0,0,0,0,0,unknown
450713,792735,11/01/2021,10/31/2022,0.0,0.0,0.0,0.0,0.0,0.0,0.0,0,0,0,0,unknown
453316,792738,01/01/2022,12/31/2022,0.0,0.0,0.0,0.0,0.0,0.0,0.0,0,0,0,0,unknown
500002,792741,01/01/2022,12/31/2022,0.0,0.0,0.0,0.0,0.0,0.0,0.0,0,0,0,0,unknown
030014,792762,01/01/2022,12/31/2022,0.0,0.0,0.0,0.0,0.0,0.0,0.0,0,0,0,0,unknown
050118,792767,06/01/2022,05/31/2023,0.0,0.0,0.0,0.0,0.0,0.0,0.0,0,0,0,0,unknown
050243,792771,06/01/2022,05/31/2023,0.0,0.0,0.0,0.0,0.0,0.0,0.0,0,0,0,0,unknown
050245,792772,07/01/2022,06/30/2023,0.0,0.0,0.0,0.0,0.0,0.0,0.0,0,0,0,0,unknown
050380,792776,02/01/2022,01/31/2023,0.0,0.0,0.0,0.0,0.0,0.0,0.0,0,0,0,0,unknown
050471,792779,10/01/2021,09/30/2022,0.0,0.0,0.0,0.0,0.0,0.0,0.0,0,0,0,0,unknown
050485,792780,07/01/2022,06/30/2023,0.0,0.0,0.0,0.0,0.0,0.0,0.0,0,0,0,0,unknown
050735,792787,07/01/2022,06/30/2023,0.0,0.0,0.0,0.0,0.0,0.0,0.0,0,0,0,0,unknown
050737,792789,07/01/2022,06/30/2023,0.0,0.0,0.0,0.0,0.0,0.0,0.0,0,0,0,0,unknown
050738,792790,07/01/2022,06/30/2023,0.0,0.0,0.0,0.0,0.0,0.0,0.0,0,0,0,0,unknown
050778,792792,07/01/2022,06/30/2023,0.0,0.0,0.0,0.0,0.0,0.0,0.0,0,0,0,0,unknown
100086,792807,07/01/2022,06/30/2023,0.0,0.0,0.0,0.0,0.0,0.0,0.0,0,0,0,0,unknown
140032,792818,07/01/2022,06/30/2023,0.0,0.0,0.0,0.0,0.0,0.0,0.0,0,0,0,0,unknown
140101,792822,01/01/2022,12/31/2022,0.0,0.0,0.0,0.0,0.0,0.0,0.0,0,0,0,0,unknown
141333,792827,03/01/2022,02/28/2023,0.0,0.0,0.0,0.0,0.0,0.0,0.0,0,0,0,0,unknown
161338,792830,07/01/2022,06/30/2023,0.0,0.0,0.0,0.0,0.0,0.0,0.0,0,0,0,0,unknown
171341,792831,01/01/2022,12/31/2022,0.0,0.0,0.0,0.0,0.0,0.0,0.0,0,0,0,0,unknown
223032,792842,10/01/2021,09/30/2022,0.0,0.0,0.0,0.0,0.0,0.0,0.0,0,0,0,0,unknown
230081,792845,07/01/2022,06/30/2023,0.0,0.0,0.0,0.0,0.0,0.0,0.0,0,0,0,0,unknown
240101,792855,07/01/2022,06/30/2023,0.0,0.0,0.0,0.0,0.0,0.0,0.0,0,0,0,0,unknown
261315,792866,01/01/2022,12/31/2022,0.0,0.0,0.0,0.0,0.0,0.0,0.0,0,0,0,0,unknown
310047,792882,01/01/2022,12/31/2022,0.0,0.0,0.0,0.0,0.0,0.0,0.0,0,0,0,0,unknown
320005,792884,07/01/2022,06/30/2023,0.0,0.0,0.0,0.0,0.0,0.0,0.0,0,0,0,0,unknown
330285,792889,07/01/2022,06/30/2023,0.0,0.0,0.0,0.0,0.0,0.0,0.0,0,0,0,0,unknown
340013,792891,06/01/2022,05/31/2023,0.0,0.0,0.0,0.0,0.0,0.0,0.0,0,0,0,0,unknown
340090,792896,07/01/2022,06/30/2023,0.0,0.0,0.0,0.0,0.0,0.0,0.0,0,0,0,0,unknown
380017,792911,04/01/2022,03/31/2023,0.0,0.0,0.0,0.0,0.0,0.0,0.0,0,0,0,0,unknown
380025,792912,04/01/2022,03/31/2023,0.0,0.0,0.0,0.0,0.0,0.0,0.0,0,0,0,0,unknown
390223,792924,07/01/2022,06/30/2023,0.0,0.0,0.0,0.0,0.0,0.0,0.0,0,0,0,0,unknown
390258,792925,07/01/2022,06/30/2023,0.0,0.0,0.0,0.0,0.0,0.0,0.0,0,0,0,0,unknown
390272,792926,07/01/2022,06/30/2023,0.0,0.0,0.0,0.0,0.0,0.0,0.0,0,0,0,0,unknown
440120,792935,10/01/2021,09/30/2022,0.0,0.0,0.0,0.0,0.0,0.0,0.0,0,0,0,0,unknown
450604,792944,01/01/2022,12/31/2022,0.0,0.0,0.0,0.0,0.0,0.0,0.0,0,0,0,0,unknown
500003,792951,01/01/2022,12/31/2022,0.0,0.0,0.0,0.0,0.0,0.0,0.0,0,0,0,0,unknown
520002,792956,07/01/2022,06/30/2023,0.0,0.0,0.0,0.0,0.0,0.0,0.0,0,0,0,0,unknown
520009,792957,07/01/2022,06/30/2023,0.0,0.0,0.0,0.0,0.0,0.0,0.0,0,0,0,0,unknown
520033,792959,07/01/2022,06/30/2023,0.0,0.0,0.0,0.0,0.0,0.0,0.0,0,0,0,0,unknown
520035,792960,01/01/2022,12/31/2022,0.0,0.0,0.0,0.0,0.0,0.0,0.0,0,0,0,0,unknown
520066,792962,07/01/2022,06/30/2023,0.0,0.0,0.0,0.0,0.0,0.0,0.0,0,0,0,0,unknown
520070,792963,01/01/2022,12/31/2022,0.0,0.0,0.0,0.0,0.0,0.0,0.0,0,0,0,0,unknown
520107,792968,07/01/2022,06/30/2023,0.0,0.0,0.0,0.0,0.0,0.0,0.0,0,0,0,0,unknown
520109,792969,10/01/2021,09/30/2022,0.0,0.0,0.0,0.0,0.0,0.0,0.0,0,0,0,0,unknown
520193,792971,01/01/2022,12/31/2022,0.0,0.0,0.0,0.0,0.0,0.0,0.0,0,0,0,0,unknown
520210,792973,01/01/2022,12/31/2022,0.0,0.0,0.0,0.0,0.0,0.0,0.0,0,0,0,0,unknown
010103,792985,01/01/2022,12/31/2022,0.0,0.0,0.0,0.0,0.0,0.0,0.0,0,0,0,0,unknown
040007,792988,07/01/2022,06/30/2023,0.0,0.0,0.0,0.0,0.0,0.0,0.0,0,0,0,0,unknown
050320,792996,07/01/2022,06/30/2023,0.0,0.0,0.0,0.0,0.0,0.0,0.0,0,0,0,0,unknown
050348,792997,07/01/2022,06/30/2023,0.0,0.0,0.0,0.0,0.0,0.0,0.0,0,0,0,0,unknown
140289,793027,01/01/2022,12/31/2022,0.0,0.0,0.0,0.0,0.0,0.0,0.0,0,0,0,0,unknown
140300,793028,12/01/2021,11/30/2022,0.0,0.0,0.0,0.0,0.0,0.0,0.0,0,0,0,0,unknown
190046,793045,01/01/2022,12/31/2022,0.0,0.0,0.0,0.0,0.0,0.0,0.0,0,0,0,0,unknown
190312,793046,07/01/2022,06/30/2023,0.0,0.0,0.0,0.0,0.0,0.0,0.0,0,0,0,0,unknown
230236,793052,07/01/2022,06/30/2023,0.0,0.0,0.0,0.0,0.0,0.0,0.0,0,0,0,0,unknown
240001,793055,01/01/2022,12/31/2022,0.0,0.0,0.0,0.0,0.0,0.0,0.0,0,0,0,0,unknown
240019,793057,07/01/2022,06/30/2023,0.0,0.0,0.0,0.0,0.0,0.0,0.0,0,0,0,0,unknown
240020,793058,01/01/2022,12/31/2022,0.0,0.0,0.0,0.0,0.0,0.0,0.0,0,0,0,0,unknown
240036,793060,07/01/2022,06/30/2023,0.0,0.0,0.0,0.0,0.0,0.0,0.0,0,0,0,0,unknown
240052,793062,10/01/2021,09/30/2022,0.0,0.0,0.0,0.0,0.0,0.0,0.0,0,0,0,0,unknown
240053,793063,01/01/2022,12/31/2022,0.0,0.0,0.0,0.0,0.0,0.0,0.0,0,0,0,0,unknown
270051,793069,04/01/2022,03/31/2023,0.0,0.0,0.0,0.0,0.0,0.0,0.0,0,0,0,0,unknown
310025,793076,01/01/2022,12/31/2022,0.0,0.0,0.0,0.0,0.0,0.0,0.0,0,0,0,0,unknown
310118,793077,01/01/2022,12/31/2022,0.0,0.0,0.0,0.0,0.0,0.0,0.0,0,0,0,0,unknown
340166,793082,01/01/2022,12/31/2022,0.0,0.0,0.0,0.0,0.0,0.0,0.0,0,0,0,0,unknown
360118,793085,07/01/2022,06/30/2023,0.0,0.0,0.0,0.0,0.0,0.0,0.0,0,0,0,0,unknown
360152,793086,07/01/2022,06/30/2023,0.0,0.0,0.0,0.0,0.0,0.0,0.0,0,0,0,0,unknown
370235,793088,07/01/2022,06/30/2023,0.0,0.0,0.0,0.0,0.0,0.0,0.0,0,0,0,0,unknown
380009,793090,07/01/2022,06/30/2023,0.0,0.0,0.0,0.0,0.0,0.0,0.0,0,0,0,0,unknown
390027,793091,07/01/2022,06/30/2023,0.0,0.0,0.0,0.0,0.0,0.0,0.0,0,0,0,0,unknown
390110,793094,07/01/2022,06/30/2023,0.0,0.0,0.0,0.0,0.0,0.0,0.0,0,0,0,0,unknown
390142,793095,07/01/2022,06/30/2023,0.0,0.0,0.0,0.0,0.0,0.0,0.0,0,0,0,0,unknown
390168,793097,07/01/2022,06/30/2023,0.0,0.0,0.0,0.0,0.0,0.0,0.0,0,0,0,0,unknown
390173,793098,07/01/2022,06/30/2023,0.0,0.0,0.0,0.0,0.0,0.0,0.0,0,0,0,0,unknown
390199,793099,07/01/2022,06/30/2023,0.0,0.0,0.0,0.0,0.0,0.0,0.0,0,0,0,0,unknown
390217,793100,07/01/2022,06/30/2023,0.0,0.0,0.0,0.0,0.0,0.0,0.0,0,0,0,0,unknown
400118,793106,01/01/2022,12/31/2022,0.0,0.0,0.0,0.0,0.0,0.0,0.0,0,0,0,0,unknown
450011,793115,07/01/2022,06/30/2023,0.0,0.0,0.0,0.0,0.0,0.0,0.0,0,0,0,0,unknown
450058,793116,07/01/2022,06/30/2023,0.0,0.0,0.0,0.0,0.0,0.0,0.0,0,0,0,0,unknown
450213,793120,01/01/2022,12/31/2022,0.0,0.0,0.0,0.0,0.0,0.0,0.0,0,0,0,0,unknown
450352,793123,10/01/2021,09/30/2022,0.0,0.0,0.0,0.0,0.0,0.0,0.0,0,0,0,0,unknown
450539,793125,07/01/2022,06/30/2023,0.0,0.0,0.0,0.0,0.0,0.0,0.0,0,0,0,0,unknown
450844,793129,01/01/2022,12/31/2022,0.0,0.0,0.0,0.0,0.0,0.0,0.0,0,0,0,0,unknown
450848,793130,10/01/2021,09/30/2022,0.0,0.0,0.0,0.0,0.0,0.0,0.0,0,0,0,0,unknown
500015,793138,01/01/2022,12/31/2022,0.0,0.0,0.0,0.0,0.0,0.0,0.0,0,0,0,0,unknown
500024,793139,01/01/2022,12/31/2022,0.0,0.0,0.0,0.0,0.0,0.0,0.0,0,0,0,0,unknown
520089,793142,01/01/2022,12/31/2022,0.0,0.0,0.0,0.0,0.0,0.0,0.0,0,0,0,0,unknown
520098,793143,07/01/2022,06/30/2023,0.0,0.0,0.0,0.0,0.0,0.0,0.0,0,0,0,0,unknown
520103,793144,07/01/2022,06/30/2023,0.0,0.0,0.0,0.0,0.0,0.0,0.0,0,0,0,0,unknown
520136,793146,07/01/2022,06/30/2023,0.0,0.0,0.0,0.0,0.0,0.0,0.0,0,0,0,0,unknown
520138,793147,01/01/2022,12/31/2022,0.0,0.0,0.0,0.0,0.0,0.0,0.0,0,0,0,0,unknown
520189,793149,01/01/2022,12/31/2022,0.0,0.0,0.0,0.0,0.0,0.0,0.0,0,0,0,0,unknown
520207,793150,01/01/2022,12/31/2022,0.0,0.0,0.0,0.0,0.0,0.0,0.0,0,0,0,0,unknown
670041,793158,07/01/2022,06/30/2023,0.0,0.0,0.0,0.0,0.0,0.0,0.0,0,0,0,0,unknown
670056,793159,07/01/2022,06/30/2023,0.0,0.0,0.0,0.0,0.0,0.0,0.0,0,0,0,0,unknown
050056,793170,07/01/2022,06/30/2023,0.0,0.0,0.0,0.0,0.0,0.0,0.0,0,0,0,0,unknown
050350,793177,01/01/2022,12/31/2022,0.0,0.0,0.0,0.0,0.0,0.0,0.0,0,0,0,0,unknown
050589,793181,06/01/2022,05/31/2023,0.0,0.0,0.0,0.0,0.0,0.0,0.0,0,0,0,0,unknown
050590,793182,01/01/2022,12/31/2022,0.0,0.0,0.0,0.0,0.0,0.0,0.0,0,0,0,0,unknown
060009,793190,01/01/2022,12/31/2022,0.0,0.0,0.0,0.0,0.0,0.0,0.0,0,0,0,0,unknown
060096,793193,11/01/2021,10/31/2022,0.0,0.0,0.0,0.0,0.0,0.0,0.0,0,0,0,0,unknown
100073,793201,07/01/2022,06/30/2023,0.0,0.0,0.0,0.0,0.0,0.0,0.0,0,0,0,0,unknown
100296,793209,10/01/2021,09/30/2022,0.0,0.0,0.0,0.0,0.0,0.0,0.0,0,0,0,0,unknown
110030,793214,07/01/2022,06/30/2023,0.0,0.0,0.0,0.0,0.0,0.0,0.0,0,0,0,0,unknown
140252,793223,10/01/2021,12/31/2022,0.0,0.0,0.0,0.0,0.0,0.0,0.0,0,0,0,0,unknown
140288,793224,01/01/2022,12/31/2022,0.0,0.0,0.0,0.0,0.0,0.0,0.0,0,0,0,0,unknown
150074,793227,01/01/2022,12/31/2022,0.0,0.0,0.0,0.0,0.0,0.0,0.0,0,0,0,0,unknown
170012,793231,10/01/2021,09/30/2022,0.0,0.0,0.0,0.0,0.0,0.0,0.0,0,0,0,0,unknown
190050,793244,11/01/2021,10/31/2022,0.0,0.0,0.0,0.0,0.0,0.0,0.0,0,0,0,0,unknown
230030,793253,07/01/2022,06/30/2023,0.0,0.0,0.0,0.0,0.0,0.0,0.0,0,0,0,0,unknown
230077,793254,07/01/2022,06/30/2023,0.0,0.0,0.0,0.0,0.0,0.0,0.0,0,0,0,0,unknown
240050,793256,01/01/2022,12/31/2022,0.0,0.0,0.0,0.0,0.0,0.0,0.0,0,0,0,0,unknown
240057,793257,01/01/2022,12/31/2022,0.0,0.0,0.0,0.0,0.0,0.0,0.0,0,0,0,0,unknown
240075,793259,07/01/2022,06/30/2023,0.0,0.0,0.0,0.0,0.0,0.0,0.0,0,0,0,0,unknown
240106,793263,01/01/2022,12/31/2022,0.0,0.0,0.0,0.0,0.0,0.0,0.0,0,0,0,0,unknown
240141,793265,01/01/2022,12/31/2022,0.0,0.0,0.0,0.0,0.0,0.0,0.0,0,0,0,0,unknown
240207,793267,01/01/2022,12/31/2022,0.0,0.0,0.0,0.0,0.0,0.0,0.0,0,0,0,0,unknown
240214,793268,01/01/2022,12/31/2022,0.0,0.0,0.0,0.0,0.0,0.0,0.0,0,0,0,0,unknown
260094,793275,10/01/2021,09/30/2022,0.0,0.0,0.0,0.0,0.0,0.0,0.0,0,0,0,0,unknown
260119,793276,01/01/2022,12/31/2022,0.0,0.0,0.0,0.0,0.0,0.0,0.0,0,0,0,0,unknown
280061,793279,01/01/2022,12/31/2022,0.0,0.0,0.0,0.0,0.0,0.0,0.0,0,0,0,0,unknown
310002,793283,01/01/2022,12/31/2022,0.0,0.0,0.0,0.0,0.0,0.0,0.0,0,0,0,0,unknown
310011,793285,01/01/2022,12/31/2022,0.0,0.0,0.0,0.0,0.0,0.0,0.0,0,0,0,0,unknown
314001,793286,03/01/2022,02/28/2023,0.0,0.0,0.0,0.0,0.0,0.0,0.0,0,0,0,0,unknown
340107,793295,10/01/2021,09/30/2022,0.0,0.0,0.0,0.0,0.0,0.0,0.0,0,0,0,0,unknown
340120,793296,10/01/2021,09/30/2022,0.0,0.0,0.0,0.0,0.0,0.0,0.0,0,0,0,0,unknown
340147,793297,07/01/2022,06/30/2023,0.0,0.0,0.0,0.0,0.0,0.0,0.0,0,0,0,0,unknown
361315,793308,07/01/2022,06/30/2023,0.0,0.0,0.0,0.0,0.0,0.0,0.0,0,0,0,0,unknown
370020,793319,07/01/2022,06/30/2023,0.0,0.0,0.0,0.0,0.0,0.0,0.0,0,0,0,0,unknown
370183,793321,12/01/2021,11/30/2022,0.0,0.0,0.0,0.0,0.0,0.0,0.0,0,0,0,0,unknown
390039,793327,07/01/2022,06/30/2023,0.0,0.0,0.0,0.0,0.0,0.0,0.0,0,0,0,0,unknown
390102,793330,07/01/2022,06/30/2023,0.0,0.0,0.0,0.0,0.0,0.0,0.0,0,0,0,0,unknown
390117,793331,07/01/2022,06/30/2023,0.0,0.0,0.0,0.0,0.0,0.0,0.0,0,0,0,0,unknown
390201,793335,07/01/2022,06/30/2023,0.0,0.0,0.0,0.0,0.0,0.0,0.0,0,0,0,0,unknown
390267,793337,07/01/2022,06/30/2023,0.0,0.0,0.0,0.0,0.0,0.0,0.0,0,0,0,0,unknown
390327,793338,07/01/2022,06/30/2023,0.0,0.0,0.0,0.0,0.0,0.0,0.0,0,0,0,0,unknown
400014,793344,01/01/2022,12/31/2022,0.0,0.0,0.0,0.0,0.0,0.0,0.0,0,0,0,0,unknown
400130,793347,01/01/2022,12/31/2022,0.0,0.0,0.0,0.0,0.0,0.0,0.0,0,0,0,0,unknown
450154,793353,07/01/2022,06/30/2023,0.0,0.0,0.0,0.0,0.0,0.0,0.0,0,0,0,0,unknown
450668,793359,06/01/2022,05/31/2023,0.0,0.0,0.0,0.0,0.0,0.0,0.0,0,0,0,0,unknown
490075,793364,01/01/2022,12/31/2022,0.0,0.0,0.0,0.0,0.0,0.0,0.0,0,0,0,0,unknown
490094,793365,09/01/2022,08/31/2023,0.0,0.0,0.0,0.0,0.0,0.0,0.0,0,0,0,0,unknown
490111,793366,11/01/2021,10/31/2022,0.0,0.0,0.0,0.0,0.0,0.0,0.0,0,0,0,0,unknown
490115,793367,10/01/2021,09/30/2022,0.0,0.0,0.0,0.0,0.0,0.0,0.0,0,0,0,0,unknown
490119,793368,01/01/2022,12/31/2022,0.0,0.0,0.0,0.0,0.0,0.0,0.0,0,0,0,0,unknown
490127,793370,07/01/2022,06/30/2023,0.0,0.0,0.0,0.0,0.0,0.0,0.0,0,0,0,0,unknown
490136,793371,09/01/2022,08/31/2023,0.0,0.0,0.0,0.0,0.0,0.0,0.0,0,0,0,0,unknown
520004,793373,01/01/2022,12/31/2022,0.0,0.0,0.0,0.0,0.0,0.0,0.0,0,0,0,0,unknown
520030,793374,07/01/2022,06/30/2023,0.0,0.0,0.0,0.0,0.0,0.0,0.0,0,0,0,0,unknown
520037,793376,01/01/2022,12/31/2022,0.0,0.0,0.0,0.0,0.0,0.0,0.0,0,0,0,0,unknown
520071,793380,10/01/2021,09/30/2022,0.0,0.0,0.0,0.0,0.0,0.0,0.0,0,0,0,0,unknown
520087,793383,01/01/2022,12/31/2022,0.0,0.0,0.0,0.0,0.0,0.0,0.0,0,0,0,0,unknown
521334,793385,01/01/2022,12/31/2022,0.0,0.0,0.0,0.0,0.0,0.0,0.0,0,0,0,0,unknown
040002,793392,01/01/2022,12/31/2022,0.0,0.0,0.0,0.0,0.0,0.0,0.0,0,0,0,0,unknown
040027,793394,01/01/2022,12/31/2022,0.0,0.0,0.0,0.0,0.0,0.0,0.0,0,0,0,0,unknown
050135,793399,01/01/2022,12/31/2022,0.0,0.0,0.0,0.0,0.0,0.0,0.0,0,0,0,0,unknown
050239,793401,01/01/2022,12/31/2022,0.0,0.0,0.0,0.0,0.0,0.0,0.0,0,0,0,0,unknown
080007,793412,07/01/2022,06/30/2023,0.0,0.0,0.0,0.0,0.0,0.0,0.0,0,0,0,0,unknown
140223,793427,01/01/2022,12/31/2022,0.0,0.0,0.0,0.0,0.0,0.0,0.0,0,0,0,0,unknown
150024,793434,01/01/2022,12/31/2022,0.0,0.0,0.0,0.0,0.0,0.0,0.0,0,0,0,0,unknown
150084,793436,07/01/2022,06/30/2023,0.0,0.0,0.0,0.0,0.0,0.0,0.0,0,0,0,0,unknown
150090,793437,01/01/2022,12/31/2022,0.0,0.0,0.0,0.0,0.0,0.0,0.0,0,0,0,0,unknown
210019,793472,07/01/2022,06/30/2023,0.0,0.0,0.0,0.0,0.0,0.0,0.0,0,0,0,0,unknown
210028,793473,07/01/2022,06/30/2023,0.0,0.0,0.0,0.0,0.0,0.0,0.0,0,0,0,0,unknown
230055,793476,01/01/2022,12/31/2022,0.0,0.0,0.0,0.0,0.0,0.0,0.0,0,0,0,0,unknown
230099,793479,01/01/2022,12/31/2022,0.0,0.0,0.0,0.0,0.0,0.0,0.0,0,0,0,0,unknown
230130,793480,01/01/2022,12/31/2022,0.0,0.0,0.0,0.0,0.0,0.0,0.0,0,0,0,0,unknown
241361,793489,01/01/2022,12/31/2022,0.0,0.0,0.0,0.0,0.0,0.0,0.0,0,0,0,0,unknown
250104,793492,10/01/2021,09/30/2022,0.0,0.0,0.0,0.0,0.0,0.0,0.0,0,0,0,0,unknown
250151,793493,01/01/2022,12/31/2022,0.0,0.0,0.0,0.0,0.0,0.0,0.0,0,0,0,0,unknown
251327,793494,01/01/2022,12/31/2022,0.0,0.0,0.0,0.0,0.0,0.0,0.0,0,0,0,0,unknown
260020,793495,07/01/2022,06/30/2023,0.0,0.0,0.0,0.0,0.0,0.0,0.0,0,0,0,0,unknown
260032,793497,01/01/2022,12/31/2022,0.0,0.0,0.0,0.0,0.0,0.0,0.0,0,0,0,0,unknown
260180,793500,01/01/2022,12/31/2022,0.0,0.0,0.0,0.0,0.0,0.0,0.0,0,0,0,0,unknown
290007,793503,07/01/2022,06/30/2023,0.0,0.0,0.0,0.0,0.0,0.0,0.0,0,0,0,0,unknown
310029,793506,01/01/2022,12/31/2022,0.0,0.0,0.0,0.0,0.0,0.0,0.0,0,0,0,0,unknown
310057,793508,01/01/2022,12/31/2022,0.0,0.0,0.0,0.0,0.0,0.0,0.0,0,0,0,0,unknown
310084,793509,01/01/2022,12/31/2022,0.0,0.0,0.0,0.0,0.0,0.0,0.0,0,0,0,0,unknown
340004,793518,01/01/2022,12/31/2022,0.0,0.0,0.0,0.0,0.0,0.0,0.0,0,0,0,0,unknown
340190,793520,01/01/2022,12/31/2022,0.0,0.0,0.0,0.0,0.0,0.0,0.0,0,0,0,0,unknown
360112,793522,01/01/2022,12/31/2022,0.0,0.0,0.0,0.0,0.0,0.0,0.0,0,0,0,0,unknown
370013,793523,07/01/2022,06/30/2023,0.0,0.0,0.0,0.0,0.0,0.0,0.0,0,0,0,0,unknown
370113,793526,07/01/2022,06/30/2023,0.0,0.0,0.0,0.0,0.0,0.0,0.0,0,0,0,0,unknown
390111,793539,07/01/2022,06/30/2023,0.0,0.0,0.0,0.0,0.0,0.0,0.0,0,0,0,0,unknown
390115,793540,07/01/2022,06/30/2023,0.0,0.0,0.0,0.0,0.0,0.0,0.0,0,0,0,0,unknown
390150,793541,07/01/2022,06/30/2023,0.0,0.0,0.0,0.0,0.0,0.0,0.0,0,0,0,0,unknown
390156,793542,07/01/2022,06/30/2023,0.0,0.0,0.0,0.0,0.0,0.0,0.0,0,0,0,0,unknown
390178,793543,07/01/2022,06/30/2023,0.0,0.0,0.0,0.0,0.0,0.0,0.0,0,0,0,0,unknown
420036,793547,07/01/2022,06/30/2023,0.0,0.0,0.0,0.0,0.0,0.0,0.0,0,0,0,0,unknown
450040,793552,07/01/2022,06/30/2023,0.0,0.0,0.0,0.0,0.0,0.0,0.0,0,0,0,0,unknown
450080,793553,10/01/2021,09/30/2022,0.0,0.0,0.0,0.0,0.0,0.0,0.0,0,0,0,0,unknown
450370,793558,05/01/2022,04/30/2023,0.0,0.0,0.0,0.0,0.0,0.0,0.0,0,0,0,0,unknown
450424,793559,01/01/2022,12/31/2022,0.0,0.0,0.0,0.0,0.0,0.0,0.0,0,0,0,0,unknown
450617,793561,01/01/2022,12/31/2022,0.0,0.0,0.0,0.0,0.0,0.0,0.0,0,0,0,0,unknown
450755,793563,07/01/2022,06/30/2023,0.0,0.0,0.0,0.0,0.0,0.0,0.0,0,0,0,0,unknown
450775,793565,10/01/2021,09/30/2022,0.0,0.0,0.0,0.0,0.0,0.0,0.0,0,0,0,0,unknown
040036,793591,01/01/2022,12/31/2022,0.0,0.0,0.0,0.0,0.0,0.0,0.0,0,0,0,0,unknown
040051,793592,04/01/2022,03/31/2023,0.0,0.0,0.0,0.0,0.0,0.0,0.0,0,0,0,0,unknown
040055,793593,01/01/2022,12/31/2022,0.0,0.0,0.0,0.0,0.0,0.0,0.0,0,0,0,0,unknown
040088,793596,07/01/2022,06/30/2023,0.0,0.0,0.0,0.0,0.0,0.0,0.0,0,0,0,0,unknown
050126,793602,01/01/2022,12/31/2022,0.0,0.0,0.0,0.0,0.0,0.0,0.0,0,0,0,0,unknown
050133,793603,01/01/2022,12/31/2022,0.0,0.0,0.0,0.0,0.0,0.0,0.0,0,0,0,0,unknown
050228,793604,07/01/2022,06/30/2023,0.0,0.0,0.0,0.0,0.0,0.0,0.0,0,0,0,0,unknown
050455,793608,01/01/2022,12/31/2022,0.0,0.0,0.0,0.0,0.0,0.0,0.0,0,0,0,0,unknown
100029,793620,05/01/2022,04/30/2023,0.0,0.0,0.0,0.0,0.0,0.0,0.0,0,0,0,0,unknown
150100,793634,07/01/2022,06/30/2023,0.0,0.0,0.0,0.0,0.0,0.0,0.0,0,0,0,0,unknown
180066,793644,03/01/2022,02/28/2023,0.0,0.0,0.0,0.0,0.0,0.0,0.0,0,0,0,0,unknown
230279,793666,07/01/2022,06/30/2023,0.0,0.0,0.0,0.0,0.0,0.0,0.0,0,0,0,0,unknown
240010,793671,01/01/2022,12/31/2022,0.0,0.0,0.0,0.0,0.0,0.0,0.0,0,0,0,0,unknown
240078,793672,01/01/2022,12/31/2022,0.0,0.0,0.0,0.0,0.0,0.0,0.0,0,0,0,0,unknown
240080,793673,01/01/2022,12/31/2022,0.0,0.0,0.0,0.0,0.0,0.0,0.0,0,0,0,0,unknown
250095,793677,10/01/2021,09/30/2022,0.0,0.0,0.0,0.0,0.0,0.0,0.0,0,0,0,0,unknown
250172,793679,10/27/2021,09/30/2022,0.0,0.0,0.0,0.0,0.0,0.0,0.0,0,0,0,0,unknown
252004,793680,01/01/2022,12/31/2022,0.0,0.0,0.0,0.0,0.0,0.0,0.0,0,0,0,0,unknown
310001,793696,01/01/2022,12/31/2022,0.0,0.0,0.0,0.0,0.0,0.0,0.0,0,0,0,0,unknown
340023,793710,01/01/2022,12/31/2022,0.0,0.0,0.0,0.0,0.0,0.0,0.0,0,0,0,0,unknown
360035,793713,07/01/2022,06/30/2023,0.0,0.0,0.0,0.0,0.0,0.0,0.0,0,0,0,0,unknown
370091,793722,07/01/2022,06/30/2023,0.0,0.0,0.0,0.0,0.0,0.0,0.0,0,0,0,0,unknown
390231,793735,07/01/2022,06/30/2023,0.0,0.0,0.0,0.0,0.0,0.0,0.0,0,0,0,0,unknown
400126,793741,01/01/2022,12/31/2022,0.0,0.0,0.0,0.0,0.0,0.0,0.0,0,0,0,0,unknown
450087,793751,06/01/2022,05/31/2023,0.0,0.0,0.0,0.0,0.0,0.0,0.0,0,0,0,0,unknown
450155,793752,10/01/2021,09/30/2022,0.0,0.0,0.0,0.0,0.0,0.0,0.0,0,0,0,0,unknown
450431,793754,01/01/2022,12/31/2022,0.0,0.0,0.0,0.0,0.0,0.0,0.0,0,0,0,0,unknown
450508,793755,07/01/2022,06/30/2023,0.0,0.0,0.0,0.0,0.0,0.0,0.0,0,0,0,0,unknown
450670,793756,07/01/2022,06/30/2023,0.0,0.0,0.0,0.0,0.0,0.0,0.0,0,0,0,0,unknown
450742,793757,06/01/2022,05/31/2023,0.0,0.0,0.0,0.0,0.0,0.0,0.0,0,0,0,0,unknown
450820,793759,01/01/2022,12/31/2022,0.0,0.0,0.0,0.0,0.0,0.0,0.0,0,0,0,0,unknown
451338,793762,04/01/2022,03/31/2023,0.0,0.0,0.0,0.0,0.0,0.0,0.0,0,0,0,0,unknown
451373,793763,01/01/2022,12/31/2022,0.0,0.0,0.0,0.0,0.0,0.0,0.0,0,0,0,0,unknown
520049,793776,10/01/2021,09/30/2022,0.0,0.0,0.0,0.0,0.0,0.0,0.0,0,0,0,0,unknown
670053,793778,07/01/2022,06/30/2023,0.0,0.0,0.0,0.0,0.0,0.0,0.0,0,0,0,0,unknown
670077,793780,01/01/2022,12/31/2022,0.0,0.0,0.0,0.0,0.0,0.0,0.0,0,0,0,0,unknown
030085,793787,10/01/2021,09/30/2022,0.0,0.0,0.0,0.0,0.0,0.0,0.0,0,0,0,0,unknown
040114,793789,01/01/2022,12/31/2022,0.0,0.0,0.0,0.0,0.0,0.0,0.0,0,0,0,0,unknown
070006,793803,10/01/2021,09/30/2022,0.0,0.0,0.0,0.0,0.0,0.0,0.0,0,0,0,0,unknown
100275,793808,01/01/2022,12/31/2022,0.0,0.0,0.0,0.0,0.0,0.0,0.0,0,0,0,0,unknown
100298,793810,07/01/2022,06/30/2023,0.0,0.0,0.0,0.0,0.0,0.0,0.0,0,0,0,0,unknown
110023,793812,01/01/2022,12/31/2022,0.0,0.0,0.0,0.0,0.0,0.0,0.0,0,0,0,0,unknown
113035,793814,11/17/2021,02/28/2022,0.0,0.0,0.0,0.0,0.0,0.0,0.0,0,0,0,0,unknown
220063,793849,10/01/2021,09/30/2022,0.0,0.0,0.0,0.0,0.0,0.0,0.0,0,0,0,0,unknown
240043,793852,01/01/2022,12/31/2022,0.0,0.0,0.0,0.0,0.0,0.0,0.0,0,0,0,0,unknown
280013,793862,07/01/2022,06/30/2023,0.0,0.0,0.0,0.0,0.0,0.0,0.0,0,0,0,0,unknown
310009,793865,01/01/2022,12/31/2022,0.0,0.0,0.0,0.0,0.0,0.0,0.0,0,0,0,0,unknown
390116,793887,01/01/2022,12/31/2022,0.0,0.0,0.0,0.0,0.0,0.0,0.0,0,0,0,0,unknown
390226,793891,07/01/2022,06/30/2023,0.0,0.0,0.0,0.0,0.0,0.0,0.0,0,0,0,0,unknown
400117,793896,01/01/2022,12/31/2022,0.0,0.0,0.0,0.0,0.0,0.0,0.0,0,0,0,0,unknown
420023,793899,09/01/2022,08/31/2023,0.0,0.0,0.0,0.0,0.0,0.0,0.0,0,0,0,0,unknown
450210,793915,08/01/2022,07/31/2023,0.0,0.0,0.0,0.0,0.0,0.0,0.0,0,0,0,0,unknown
450709,793918,01/01/2022,12/31/2022,0.0,0.0,0.0,0.0,0.0,0.0,0.0,0,0,0,0,unknown
110164,793961,07/01/2022,06/30/2023,0.0,0.0,0.0,0.0,0.0,0.0,0.0,0,0,0,0,unknown
171368,793969,01/01/2022,12/31/2022,0.0,0.0,0.0,0.0,0.0,0.0,0.0,0,0,0,0,unknown
190005,793971,01/01/2022,12/31/2022,0.0,0.0,0.0,0.0,0.0,0.0,0.0,0,0,0,0,unknown
190008,793972,04/01/2022,03/31/2023,0.0,0.0,0.0,0.0,0.0,0.0,0.0,0,0,0,0,unknown
190040,793973,01/01/2022,12/31/2022,0.0,0.0,0.0,0.0,0.0,0.0,0.0,0,0,0,0,unknown
190145,793974,10/01/2021,09/30/2022,0.0,0.0,0.0,0.0,0.0,0.0,0.0,0,0,0,0,unknown
220086,793981,10/01/2021,09/30/2022,0.0,0.0,0.0,0.0,0.0,0.0,0.0,0,0,0,0,unknown
230104,793983,01/01/2022,12/31/2022,0.0,0.0,0.0,0.0,0.0,0.0,0.0,0,0,0,0,unknown
231311,793987,07/01/2022,06/30/2023,0.0,0.0,0.0,0.0,0.0,0.0,0.0,0,0,0,0,unknown
250019,793992,10/01/2021,09/30/2022,0.0,0.0,0.0,0.0,0.0,0.0,0.0,0,0,0,0,unknown
310076,794013,01/01/2022,12/31/2022,0.0,0.0,0.0,0.0,0.0,0.0,0.0,0,0,0,0,unknown
310083,794014,01/01/2022,12/31/2022,0.0,0.0,0.0,0.0,0.0,0.0,0.0,0,0,0,0,unknown
320011,794016,01/01/2022,12/31/2022,0.0,0.0,0.0,0.0,0.0,0.0,0.0,0,0,0,0,unknown
320018,794017,10/01/2021,09/30/2022,0.0,0.0,0.0,0.0,0.0,0.0,0.0,0,0,0,0,unknown
320074,794018,02/01/2022,01/31/2023,0.0,0.0,0.0,0.0,0.0,0.0,0.0,0,0,0,0,unknown
330065,794019,01/01/2022,12/31/2022,0.0,0.0,0.0,0.0,0.0,0.0,0.0,0,0,0,0,unknown
370211,794037,07/01/2022,06/30/2023,0.0,0.0,0.0,0.0,0.0,0.0,0.0,0,0,0,0,unknown
390009,794041,07/01/2022,06/30/2023,0.0,0.0,0.0,0.0,0.0,0.0,0.0,0,0,0,0,unknown
390042,794044,07/01/2022,06/30/2023,0.0,0.0,0.0,0.0,0.0,0.0,0.0,0,0,0,0,unknown
390050,794045,07/01/2022,06/30/2023,0.0,0.0,0.0,0.0,0.0,0.0,0.0,0,0,0,0,unknown
390066,794046,07/01/2022,06/30/2023,0.0,0.0,0.0,0.0,0.0,0.0,0.0,0,0,0,0,unknown
390151,794049,07/01/2022,06/30/2023,0.0,0.0,0.0,0.0,0.0,0.0,0.0,0,0,0,0,unknown
390174,794051,07/01/2022,06/30/2023,0.0,0.0,0.0,0.0,0.0,0.0,0.0,0,0,0,0,unknown
390256,794054,07/01/2022,06/30/2023,0.0,0.0,0.0,0.0,0.0,0.0,0.0,0,0,0,0,unknown
390304,794056,01/01/2022,12/31/2022,0.0,0.0,0.0,0.0,0.0,0.0,0.0,0,0,0,0,unknown
400044,794060,01/01/2022,12/31/2022,0.0,0.0,0.0,0.0,0.0,0.0,0.0,0,0,0,0,unknown
400087,794061,01/01/2022,12/31/2022,0.0,0.0,0.0,0.0,0.0,0.0,0.0,0,0,0,0,unknown
420020,794063,10/01/2021,09/30/2022,0.0,0.0,0.0,0.0,0.0,0.0,0.0,0,0,0,0,unknown
420068,794064,10/01/2021,09/30/2022,0.0,0.0,0.0,0.0,0.0,0.0,0.0,0,0,0,0,unknown
420110,794065,01/01/2022,12/31/2022,0.0,0.0,0.0,0.0,0.0,0.0,0.0,0,0,0,0,unknown
450271,794074,01/01/2022,12/31/2022,0.0,0.0,0.0,0.0,0.0,0.0,0.0,0,0,0,0,unknown
450475,794076,10/01/2021,09/30/2022,0.0,0.0,0.0,0.0,0.0,0.0,0.0,0,0,0,0,unknown
490037,794085,01/01/2022,12/31/2022,0.0,0.0,0.0,0.0,0.0,0.0,0.0,0,0,0,0,unknown
490043,794086,01/01/2022,12/31/2022,0.0,0.0,0.0,0.0,0.0,0.0,0.0,0,0,0,0,unknown
490130,794091,01/01/2022,12/31/2022,0.0,0.0,0.0,0.0,0.0,0.0,0.0,0,0,0,0,unknown
500027,794094,01/01/2022,12/31/2022,0.0,0.0,0.0,0.0,0.0,0.0,0.0,0,0,0,0,unknown
510030,794100,01/01/2022,12/31/2022,0.0,0.0,0.0,0.0,0.0,0.0,0.0,0,0,0,0,unknown
670103,794107,02/01/2022,01/31/2023,0.0,0.0,0.0,0.0,0.0,0.0,0.0,0,0,0,0,unknown
040004,794117,01/01/2022,12/31/2022,0.0,0.0,0.0,0.0,0.0,0.0,0.0,0,0,0,0,unknown
040039,794119,07/01/2022,06/30/2023,0.0,0.0,0.0,0.0,0.0,0.0,0.0,0,0,0,0,unknown
050045,794121,07/01/2022,06/30/2023,0.0,0.0,0.0,0.0,0.0,0.0,0.0,0,0,0,0,unknown
100063,794132,01/01/2022,12/31/2022,0.0,0.0,0.0,0.0,0.0,0.0,0.0,0,0,0,0,unknown
100125,794136,10/01/2021,09/30/2022,0.0,0.0,0.0,0.0,0.0,0.0,0.0,0,0,0,0,unknown
100134,794137,10/01/2021,09/30/2022,0.0,0.0,0.0,0.0,0.0,0.0,0.0,0,0,0,0,unknown
100156,794139,11/01/2021,10/31/2022,0.0,0.0,0.0,0.0,0.0,0.0,0.0,0,0,0,0,unknown
110146,794144,05/01/2022,04/30/2023,0.0,0.0,0.0,0.0,0.0,0.0,0.0,0,0,0,0,unknown
150058,794153,01/01/2022,12/31/2022,0.0,0.0,0.0,0.0,0.0,0.0,0.0,0,0,0,0,unknown
150109,794155,01/01/2022,12/31/2022,0.0,0.0,0.0,0.0,0.0,0.0,0.0,0,0,0,0,unknown
161334,794161,07/01/2022,06/30/2023,0.0,0.0,0.0,0.0,0.0,0.0,0.0,0,0,0,0,unknown
190146,794167,01/01/2022,12/31/2022,0.0,0.0,0.0,0.0,0.0,0.0,0.0,0,0,0,0,unknown
230020,794174,01/01/2022,12/31/2022,0.0,0.0,0.0,0.0,0.0,0.0,0.0,0,0,0,0,unknown
230024,794175,01/01/2022,12/31/2022,0.0,0.0,0.0,0.0,0.0,0.0,0.0,0,0,0,0,unknown
250078,794180,10/01/2021,09/30/2022,0.0,0.0,0.0,0.0,0.0,0.0,0.0,0,0,0,0,unknown
250167,794181,01/01/2022,12/31/2022,0.0,0.0,0.0,0.0,0.0,0.0,0.0,0,0,0,0,unknown
260022,794182,06/01/2022,05/31/2023,0.0,0.0,0.0,0.0,0.0,0.0,0.0,0,0,0,0,unknown
260040,794183,10/01/2021,09/30/2022,0.0,0.0,0.0,0.0,0.0,0.0,0.0,0,0,0,0,unknown
310045,794186,01/01/2022,12/31/2022,0.0,0.0,0.0,0.0,0.0,0.0,0.0,0,0,0,0,unknown
310050,794187,01/01/2022,12/31/2022,0.0,0.0,0.0,0.0,0.0,0.0,0.0,0,0,0,0,unknown
310064,794188,01/01/2022,12/31/2022,0.0,0.0,0.0,0.0,0.0,0.0,0.0,0,0,0,0,unknown
310074,794189,01/01/2022,12/31/2022,0.0,0.0,0.0,0.0,0.0,0.0,0.0,0,0,0,0,unknown
390114,794216,07/01/2022,06/30/2023,0.0,0.0,0.0,0.0,0.0,0.0,0.0,0,0,0,0,unknown
390270,794219,07/01/2022,06/30/2023,0.0,0.0,0.0,0.0,0.0,0.0,0.0,0,0,0,0,unknown
400103,794221,01/01/2022,12/31/2022,0.0,0.0,0.0,0.0,0.0,0.0,0.0,0,0,0,0,unknown
420002,794223,06/01/2022,05/31/2023,0.0,0.0,0.0,0.0,0.0,0.0,0.0,0,0,0,0,unknown
440228,794230,06/01/2022,05/31/2023,0.0,0.0,0.0,0.0,0.0,0.0,0.0,0,0,0,0,unknown
450489,794238,04/01/2022,03/31/2023,0.0,0.0,0.0,0.0,0.0,0.0,0.0,0,0,0,0,unknown
450698,794242,10/01/2021,09/30/2022,0.0,0.0,0.0,0.0,0.0,0.0,0.0,0,0,0,0,unknown
040001,794273,04/01/2022,03/31/2023,0.0,0.0,0.0,0.0,0.0,0.0,0.0,0,0,0,0,unknown
040026,794276,07/01/2022,06/30/2023,0.0,0.0,0.0,0.0,0.0,0.0,0.0,0,0,0,0,unknown
050067,794282,07/01/2022,06/30/2023,0.0,0.0,0.0,0.0,0.0,0.0,0.0,0,0,0,0,unknown
060112,794318,07/01/2022,06/30/2023,0.0,0.0,0.0,0.0,0.0,0.0,0.0,0,0,0,0,unknown
100025,794320,07/01/2022,06/30/2023,0.0,0.0,0.0,0.0,0.0,0.0,0.0,0,0,0,0,unknown
100075,794321,01/01/2022,12/31/2022,0.0,0.0,0.0,0.0,0.0,0.0,0.0,0,0,0,0,unknown
100127,794323,01/01/2022,12/31/2022,0.0,0.0,0.0,0.0,0.0,0.0,0.0,0,0,0,0,unknown
100265,794324,01/01/2022,12/31/2022,0.0,0.0,0.0,0.0,0.0,0.0,0.0,0,0,0,0,unknown
110002,794329,01/01/2022,12/31/2022,0.0,0.0,0.0,0.0,0.0,0.0,0.0,0,0,0,0,unknown
110209,794341,01/01/2022,12/31/2022,0.0,0.0,0.0,0.0,0.0,0.0,0.0,0,0,0,0,unknown
140046,794355,01/01/2022,12/31/2022,0.0,0.0,0.0,0.0,0.0,0.0,0.0,0,0,0,0,unknown
141323,794361,04/01/2022,03/31/2023,0.0,0.0,0.0,0.0,0.0,0.0,0.0,0,0,0,0,unknown
190006,794378,07/01/2022,06/30/2023,0.0,0.0,0.0,0.0,0.0,0.0,0.0,0,0,0,0,unknown
190098,794381,07/01/2022,06/30/2023,0.0,0.0,0.0,0.0,0.0,0.0,0.0,0,0,0,0,unknown
190128,794382,10/01/2021,09/30/2022,0.0,0.0,0.0,0.0,0.0,0.0,0.0,0,0,0,0,unknown
241301,794394,07/01/2022,06/30/2023,0.0,0.0,0.0,0.0,0.0,0.0,0.0,0,0,0,0,unknown
241370,794396,07/01/2022,06/30/2023,0.0,0.0,0.0,0.0,0.0,0.0,0.0,0,0,0,0,unknown
250077,794401,10/01/2021,09/30/2022,0.0,0.0,0.0,0.0,0.0,0.0,0.0,0,0,0,0,unknown
260105,794402,01/01/2022,12/31/2022,0.0,0.0,0.0,0.0,0.0,0.0,0.0,0,0,0,0,unknown
290032,794416,01/01/2022,12/31/2022,0.0,0.0,0.0,0.0,0.0,0.0,0.0,0,0,0,0,unknown
310006,794419,01/01/2022,12/31/2022,0.0,0.0,0.0,0.0,0.0,0.0,0.0,0,0,0,0,unknown
310014,794420,01/01/2022,12/31/2022,0.0,0.0,0.0,0.0,0.0,0.0,0.0,0,0,0,0,unknown
310019,794421,01/01/2022,12/31/2022,0.0,0.0,0.0,0.0,0.0,0.0,0.0,0,0,0,0,unknown
310070,794424,01/01/2022,12/31/2022,0.0,0.0,0.0,0.0,0.0,0.0,0.0,0,0,0,0,unknown
310086,794425,07/01/2022,06/30/2023,0.0,0.0,0.0,0.0,0.0,0.0,0.0,0,0,0,0,unknown
320022,794430,01/01/2022,12/31/2022,0.0,0.0,0.0,0.0,0.0,0.0,0.0,0,0,0,0,unknown
330194,794432,01/01/2022,12/31/2022,0.0,0.0,0.0,0.0,0.0,0.0,0.0,0,0,0,0,unknown
334003,794434,04/01/2022,03/31/2023,0.0,0.0,0.0,0.0,0.0,0.0,0.0,0,0,0,0,unknown
340042,794435,10/01/2021,09/30/2022,0.0,0.0,0.0,0.0,0.0,0.0,0.0,0,0,0,0,unknown
340061,794436,07/01/2022,06/30/2023,0.0,0.0,0.0,0.0,0.0,0.0,0.0,0,0,0,0,unknown
340109,794437,01/01/2022,12/31/2022,0.0,0.0,0.0,0.0,0.0,0.0,0.0,0,0,0,0,unknown
370004,794457,07/01/2022,06/30/2023,0.0,0.0,0.0,0.0,0.0,0.0,0.0,0,0,0,0,unknown
370015,794458,04/01/2022,03/31/2023,0.0,0.0,0.0,0.0,0.0,0.0,0.0,0,0,0,0,unknown
370236,794465,07/01/2022,06/30/2023,0.0,0.0,0.0,0.0,0.0,0.0,0.0,0,0,0,0,unknown
390001,794471,07/01/2022,06/30/2023,0.0,0.0,0.0,0.0,0.0,0.0,0.0,0,0,0,0,unknown
390079,794475,07/01/2022,06/30/2023,0.0,0.0,0.0,0.0,0.0,0.0,0.0,0,0,0,0,unknown
390147,794477,07/01/2022,06/30/2023,0.0,0.0,0.0,0.0,0.0,0.0,0.0,0,0,0,0,unknown
390184,794480,07/01/2022,06/30/2023,0.0,0.0,0.0,0.0,0.0,0.0,0.0,0,0,0,0,unknown
390278,794484,07/01/2022,06/30/2023,0.0,0.0,0.0,0.0,0.0,0.0,0.0,0,0,0,0,unknown
390329,794485,07/01/2022,06/30/2023,0.0,0.0,0.0,0.0,0.0,0.0,0.0,0,0,0,0,unknown
450235,794514,07/01/2022,06/30/2023,0.0,0.0,0.0,0.0,0.0,0.0,0.0,0,0,0,0,unknown
450347,794517,07/01/2022,06/30/2023,0.0,0.0,0.0,0.0,0.0,0.0,0.0,0,0,0,0,unknown
450379,794519,01/01/2022,12/31/2022,0.0,0.0,0.0,0.0,0.0,0.0,0.0,0,0,0,0,unknown
450469,794520,01/01/2022,12/31/2022,0.0,0.0,0.0,0.0,0.0,0.0,0.0,0,0,0,0,unknown
450644,794524,01/01/2022,12/31/2022,0.0,0.0,0.0,0.0,0.0,0.0,0.0,0,0,0,0,unknown
450647,794525,06/01/2022,05/31/2023,0.0,0.0,0.0,0.0,0.0,0.0,0.0,0,0,0,0,unknown
451340,794526,04/01/2022,03/31/2023,0.0,0.0,0.0,0.0,0.0,0.0,0.0,0,0,0,0,unknown
490040,794532,01/01/2022,12/31/2022,0.0,0.0,0.0,0.0,0.0,0.0,0.0,0,0,0,0,unknown
490057,794534,01/01/2022,12/31/2022,0.0,0.0,0.0,0.0,0.0,0.0,0.0,0,0,0,0,unknown
490084,794536,07/01/2022,06/30/2023,0.0,0.0,0.0,0.0,0.0,0.0,0.0,0,0,0,0,unknown
490093,794537,01/01/2022,12/31/2022,0.0,0.0,0.0,0.0,0.0,0.0,0.0,0,0,0,0,unknown
490116,794539,09/01/2022,08/31/2023,0.0,0.0,0.0,0.0,0.0,0.0,0.0,0,0,0,0,unknown
670080,794554,05/01/2022,04/30/2023,0.0,0.0,0.0,0.0,0.0,0.0,0.0,0,0,0,0,unknown
050496,794571,01/01/2022,12/31/2022,0.0,0.0,0.0,0.0,0.0,0.0,0.0,0,0,0,0,unknown
100043,794575,01/01/2022,12/31/2022,0.0,0.0,0.0,0.0,0.0,0.0,0.0,0,0,0,0,unknown
100052,794576,01/01/2022,12/31/2022,0.0,0.0,0.0,0.0,0.0,0.0,0.0,0,0,0,0,unknown
100117,794577,10/01/2021,09/30/2022,0.0,0.0,0.0,0.0,0.0,0.0,0.0,0,0,0,0,unknown
100140,794579,10/01/2021,09/30/2022,0.0,0.0,0.0,0.0,0.0,0.0,0.0,0,0,0,0,unknown
100319,794581,01/01/2022,12/31/2022,0.0,0.0,0.0,0.0,0.0,0.0,0.0,0,0,0,0,unknown
250040,794612,10/01/2021,09/30/2022,0.0,0.0,0.0,0.0,0.0,0.0,0.0,0,0,0,0,unknown
281307,794619,07/01/2022,06/30/2023,0.0,0.0,0.0,0.0,0.0,0.0,0.0,0,0,0,0,unknown
281338,794621,07/01/2022,06/30/2023,0.0,0.0,0.0,0.0,0.0,0.0,0.0,0,0,0,0,unknown
340087,794635,02/01/2022,01/31/2023,0.0,0.0,0.0,0.0,0.0,0.0,0.0,0,0,0,0,unknown
370028,794644,07/01/2022,06/30/2023,0.0,0.0,0.0,0.0,0.0,0.0,0.0,0,0,0,0,unknown
370056,794645,07/01/2022,06/30/2023,0.0,0.0,0.0,0.0,0.0,0.0,0.0,0,0,0,0,unknown
370093,794646,07/01/2022,06/30/2023,0.0,0.0,0.0,0.0,0.0,0.0,0.0,0,0,0,0,unknown
390179,794655,07/01/2022,06/30/2023,0.0,0.0,0.0,0.0,0.0,0.0,0.0,0,0,0,0,unknown
390225,794657,07/01/2022,06/30/2023,0.0,0.0,0.0,0.0,0.0,0.0,0.0,0,0,0,0,unknown
400001,794662,07/01/2022,06/30/2023,0.0,0.0,0.0,0.0,0.0,0.0,0.0,0,0,0,0,unknown
400102,794663,01/01/2022,12/31/2022,0.0,0.0,0.0,0.0,0.0,0.0,0.0,0,0,0,0,unknown
450097,794674,01/01/2022,12/31/2022,0.0,0.0,0.0,0.0,0.0,0.0,0.0,0,0,0,0,unknown
450209,794676,01/01/2022,12/31/2022,0.0,0.0,0.0,0.0,0.0,0.0,0.0,0,0,0,0,unknown
450237,794677,07/01/2022,06/30/2023,0.0,0.0,0.0,0.0,0.0,0.0,0.0,0,0,0,0,unknown
450597,794679,10/01/2021,09/30/2022,0.0,0.0,0.0,0.0,0.0,0.0,0.0,0,0,0,0,unknown
450654,794681,10/01/2021,09/30/2022,0.0,0.0,0.0,0.0,0.0,0.0,0.0,0,0,0,0,unknown
450658,794682,10/01/2021,09/30/2022,0.0,0.0,0.0,0.0,0.0,0.0,0.0,0,0,0,0,unknown
450711,794683,10/01/2021,09/30/2022,0.0,0.0,0.0,0.0,0.0,0.0,0.0,0,0,0,0,unknown
450865,794685,07/01/2022,06/30/2023,0.0,0.0,0.0,0.0,0.0,0.0,0.0,0,0,0,0,unknown
040069,794707,01/01/2022,12/31/2022,0.0,0.0,0.0,0.0,0.0,0.0,0.0,0,0,0,0,unknown
050464,794715,06/01/2022,05/31/2023,0.0,0.0,0.0,0.0,0.0,0.0,0.0,0,0,0,0,unknown
060015,794718,07/01/2022,06/30/2023,0.0,0.0,0.0,0.0,0.0,0.0,0.0,0,0,0,0,unknown
060114,794720,01/01/2022,12/31/2022,0.0,0.0,0.0,0.0,0.0,0.0,0.0,0,0,0,0,unknown
100014,794727,01/01/2022,12/31/2022,0.0,0.0,0.0,0.0,0.0,0.0,0.0,0,0,0,0,unknown
100181,794734,01/01/2022,12/31/2022,0.0,0.0,0.0,0.0,0.0,0.0,0.0,0,0,0,0,unknown
100284,794741,01/01/2022,12/31/2022,0.0,0.0,0.0,0.0,0.0,0.0,0.0,0,0,0,0,unknown
100292,794742,07/01/2022,06/30/2023,0.0,0.0,0.0,0.0,0.0,0.0,0.0,0,0,0,0,unknown
104074,794743,01/01/2022,12/31/2022,0.0,0.0,0.0,0.0,0.0,0.0,0.0,0,0,0,0,unknown
110168,794746,07/01/2022,06/30/2023,0.0,0.0,0.0,0.0,0.0,0.0,0.0,0,0,0,0,unknown
140304,794753,01/01/2022,12/31/2022,0.0,0.0,0.0,0.0,0.0,0.0,0.0,0,0,0,0,unknown
161303,794757,07/01/2022,06/30/2023,0.0,0.0,0.0,0.0,0.0,0.0,0.0,0,0,0,0,unknown
161333,794758,07/01/2022,06/30/2023,0.0,0.0,0.0,0.0,0.0,0.0,0.0,0,0,0,0,unknown
161345,794759,07/01/2022,06/30/2023,0.0,0.0,0.0,0.0,0.0,0.0,0.0,0,0,0,0,unknown
180104,794766,09/01/2022,08/31/2023,0.0,0.0,0.0,0.0,0.0,0.0,0.0,0,0,0,0,unknown
190151,794771,10/01/2021,09/30/2022,0.0,0.0,0.0,0.0,0.0,0.0,0.0,0,0,0,0,unknown
230046,794779,07/01/2022,06/30/2023,0.0,0.0,0.0,0.0,0.0,0.0,0.0,0,0,0,0,unknown
230097,794780,07/01/2022,06/30/2023,0.0,0.0,0.0,0.0,0.0,0.0,0.0,0,0,0,0,unknown
250009,794785,10/01/2021,09/30/2022,0.0,0.0,0.0,0.0,0.0,0.0,0.0,0,0,0,0,unknown
250168,794789,07/01/2022,06/30/2023,0.0,0.0,0.0,0.0,0.0,0.0,0.0,0,0,0,0,unknown
280081,794803,07/01/2022,06/30/2023,0.0,0.0,0.0,0.0,0.0,0.0,0.0,0,0,0,0,unknown
310110,794808,01/01/2022,12/31/2022,0.0,0.0,0.0,0.0,0.0,0.0,0.0,0,0,0,0,unknown
360072,794813,01/01/2022,12/31/2022,0.0,0.0,0.0,0.0,0.0,0.0,0.0,0,0,0,0,unknown
370034,794815,07/01/2022,06/30/2023,0.0,0.0,0.0,0.0,0.0,0.0,0.0,0,0,0,0,unknown
390003,794817,07/01/2022,06/30/2023,0.0,0.0,0.0,0.0,0.0,0.0,0.0,0,0,0,0,unknown
390046,794823,07/01/2022,06/30/2023,0.0,0.0,0.0,0.0,0.0,0.0,0.0,0,0,0,0,unknown
390093,794825,07/01/2022,06/30/2023,0.0,0.0,0.0,0.0,0.0,0.0,0.0,0,0,0,0,unknown
390133,794826,07/01/2022,06/30/2023,0.0,0.0,0.0,0.0,0.0,0.0,0.0,0,0,0,0,unknown
450128,794840,01/01/2022,12/31/2022,0.0,0.0,0.0,0.0,0.0,0.0,0.0,0,0,0,0,unknown
450152,794842,10/01/2021,09/30/2022,0.0,0.0,0.0,0.0,0.0,0.0,0.0,0,0,0,0,unknown
450241,794844,06/01/2022,05/31/2023,0.0,0.0,0.0,0.0,0.0,0.0,0.0,0,0,0,0,unknown
450638,794847,06/01/2022,05/31/2023,0.0,0.0,0.0,0.0,0.0,0.0,0.0,0,0,0,0,unknown
450677,794848,01/01/2022,12/31/2022,0.0,0.0,0.0,0.0,0.0,0.0,0.0,0,0,0,0,unknown
450743,794849,05/01/2022,04/30/2023,0.0,0.0,0.0,0.0,0.0,0.0,0.0,0,0,0,0,unknown
450788,794850,09/01/2022,08/31/2023,0.0,0.0,0.0,0.0,0.0,0.0,0.0,0,0,0,0,unknown
450869,794851,01/01/2022,12/31/2022,0.0,0.0,0.0,0.0,0.0,0.0,0.0,0,0,0,0,unknown
510050,794866,10/01/2021,09/30/2022,0.0,0.0,0.0,0.0,0.0,0.0,0.0,0,0,0,0,unknown
510086,794869,07/01/2022,06/30/2023,0.0,0.0,0.0,0.0,0.0,0.0,0.0,0,0,0,0,unknown
511322,794872,01/01/2022,12/31/2022,0.0,0.0,0.0,0.0,0.0,0.0,0.0,0,0,0,0,unknown
054130,794879,01/01/2022,12/31/2022,0.0,0.0,0.0,0.0,0.0,0.0,0.0,0,0,0,0,unknown
351332,794893,04/01/2022,03/31/2023,0.0,0.0,0.0,0.0,0.0,0.0,0.0,0,0,0,0,unknown
501318,794897,01/01/2022,12/31/2022,0.0,0.0,0.0,0.0,0.0,0.0,0.0,0,0,0,0,unknown
100002,794898,10/01/2021,09/30/2022,0.0,0.0,0.0,0.0,0.0,0.0,0.0,0,0,0,0,unknown
140065,794900,01/01/2022,12/31/2022,0.0,0.0,0.0,0.0,0.0,0.0,0.0,0,0,0,0,unknown
364057,794911,04/01/2022,03/31/2023,0.0,0.0,0.0,0.0,0.0,0.0,0.0,0,0,0,0,unknown
364064,794912,04/01/2022,03/31/2023,0.0,0.0,0.0,0.0,0.0,0.0,0.0,0,0,0,0,unknown
021314,794916,10/01/2021,09/30/2022,0.0,0.0,0.0,0.0,0.0,0.0,0.0,0,0,0,0,unknown
040062,794917,07/01/2022,06/30/2023,0.0,0.0,0.0,0.0,0.0,0.0,0.0,0,0,0,0,unknown
090011,794928,07/01/2022,06/30/2023,0.0,0.0,0.0,0.0,0.0,0.0,0.0,0,0,0,0,unknown
100118,794932,01/01/2022,12/31/2022,0.0,0.0,0.0,0.0,0.0,0.0,0.0,0,0,0,0,unknown
102022,794937,08/01/2022,07/31/2023,0.0,0.0,0.0,0.0,0.0,0.0,0.0,0,0,0,0,unknown
180040,794947,07/01/2022,06/30/2023,0.0,0.0,0.0,0.0,0.0,0.0,0.0,0,0,0,0,unknown
190118,794955,10/01/2021,09/30/2022,0.0,0.0,0.0,0.0,0.0,0.0,0.0,0,0,0,0,unknown
250134,794964,07/01/2022,06/30/2023,0.0,0.0,0.0,0.0,0.0,0.0,0.0,0,0,0,0,unknown
310111,794970,01/01/2022,12/31/2022,0.0,0.0,0.0,0.0,0.0,0.0,0.0,0,0,0,0,unknown
360084,794975,01/01/2022,12/31/2022,0.0,0.0,0.0,0.0,0.0,0.0,0.0,0,0,0,0,unknown
360175,794979,01/01/2022,12/31/2022,0.0,0.0,0.0,0.0,0.0,0.0,0.0,0,0,0,0,unknown
362031,794981,04/01/2022,03/31/2023,0.0,0.0,0.0,0.0,0.0,0.0,0.0,0,0,0,0,unknown
390195,794994,07/01/2022,06/30/2023,0.0,0.0,0.0,0.0,0.0,0.0,0.0,0,0,0,0,unknown
524018,795015,08/01/2022,07/31/2023,0.0,0.0,0.0,0.0,0.0,0.0,0.0,0,0,0,0,unknown
050775,795028,01/01/2022,12/31/2022,0.0,0.0,0.0,0.0,0.0,0.0,0.0,0,0,0,0,unknown
060027,795030,01/01/2022,12/31/2022,0.0,0.0,0.0,0.0,0.0,0.0,0.0,0,0,0,0,unknown
060054,795031,01/01/2022,12/31/2022,0.0,0.0,0.0,0.0,0.0,0.0,0.0,0,0,0,0,unknown
060100,795032,01/01/2022,12/31/2022,0.0,0.0,0.0,0.0,0.0,0.0,0.0,0,0,0,0,unknown
080006,795035,07/01/2022,06/30/2023,0.0,0.0,0.0,0.0,0.0,0.0,0.0,0,0,0,0,unknown
100057,795038,01/01/2022,12/31/2022,0.0,0.0,0.0,0.0,0.0,0.0,0.0,0,0,0,0,unknown
100062,795039,10/01/2021,09/30/2022,0.0,0.0,0.0,0.0,0.0,0.0,0.0,0,0,0,0,unknown
104069,795048,07/01/2022,06/30/2023,0.0,0.0,0.0,0.0,0.0,0.0,0.0,0,0,0,0,unknown
141328,795054,04/01/2022,03/31/2023,0.0,0.0,0.0,0.0,0.0,0.0,0.0,0,0,0,0,unknown
180011,795058,07/01/2022,06/30/2023,0.0,0.0,0.0,0.0,0.0,0.0,0.0,0,0,0,0,unknown
190017,795064,07/01/2022,06/30/2023,0.0,0.0,0.0,0.0,0.0,0.0,0.0,0,0,0,0,unknown
190020,795065,07/01/2022,06/30/2023,0.0,0.0,0.0,0.0,0.0,0.0,0.0,0,0,0,0,unknown
190054,795069,10/01/2021,09/30/2022,0.0,0.0,0.0,0.0,0.0,0.0,0.0,0,0,0,0,unknown
190081,795070,01/01/2022,12/31/2022,0.0,0.0,0.0,0.0,0.0,0.0,0.0,0,0,0,0,unknown
190183,795071,07/01/2022,06/30/2023,0.0,0.0,0.0,0.0,0.0,0.0,0.0,0,0,0,0,unknown
240006,795079,01/01/2022,12/31/2022,0.0,0.0,0.0,0.0,0.0,0.0,0.0,0,0,0,0,unknown
250102,795080,10/01/2021,09/30/2022,0.0,0.0,0.0,0.0,0.0,0.0,0.0,0,0,0,0,unknown
250128,795081,01/01/2022,12/31/2022,0.0,0.0,0.0,0.0,0.0,0.0,0.0,0,0,0,0,unknown
260065,795082,07/01/2022,06/30/2023,0.0,0.0,0.0,0.0,0.0,0.0,0.0,0,0,0,0,unknown
290057,795090,01/01/2022,12/31/2022,0.0,0.0,0.0,0.0,0.0,0.0,0.0,0,0,0,0,unknown
310016,795091,01/01/2022,12/31/2022,0.0,0.0,0.0,0.0,0.0,0.0,0.0,0,0,0,0,unknown
310024,795092,01/01/2022,12/31/2022,0.0,0.0,0.0,0.0,0.0,0.0,0.0,0,0,0,0,unknown
310044,795094,01/01/2022,12/31/2022,0.0,0.0,0.0,0.0,0.0,0.0,0.0,0,0,0,0,unknown
310058,795095,01/01/2022,12/31/2022,0.0,0.0,0.0,0.0,0.0,0.0,0.0,0,0,0,0,unknown
310092,795097,01/01/2022,12/31/2022,0.0,0.0,0.0,0.0,0.0,0.0,0.0,0,0,0,0,unknown
340116,795102,10/01/2021,09/30/2022,0.0,0.0,0.0,0.0,0.0,0.0,0.0,0,0,0,0,unknown
340188,795103,10/01/2021,09/30/2022,0.0,0.0,0.0,0.0,0.0,0.0,0.0,0,0,0,0,unknown
370047,795106,07/01/2022,06/30/2023,0.0,0.0,0.0,0.0,0.0,0.0,0.0,0,0,0,0,unknown
370054,795107,01/01/2022,12/31/2022,0.0,0.0,0.0,0.0,0.0,0.0,0.0,0,0,0,0,unknown
370106,795108,07/01/2022,06/30/2023,0.0,0.0,0.0,0.0,0.0,0.0,0.0,0,0,0,0,unknown
390044,795115,07/01/2022,06/30/2023,0.0,0.0,0.0,0.0,0.0,0.0,0.0,0,0,0,0,unknown
390211,795122,07/01/2022,06/30/2023,0.0,0.0,0.0,0.0,0.0,0.0,0.0,0,0,0,0,unknown
390332,795124,07/01/2022,06/30/2023,0.0,0.0,0.0,0.0,0.0,0.0,0.0,0,0,0,0,unknown
400004,795127,07/01/2022,06/30/2023,0.0,0.0,0.0,0.0,0.0,0.0,0.0,0,0,0,0,unknown
440111,795134,07/01/2022,06/30/2023,0.0,0.0,0.0,0.0,0.0,0.0,0.0,0,0,0,0,unknown
450068,795140,07/01/2022,06/30/2023,0.0,0.0,0.0,0.0,0.0,0.0,0.0,0,0,0,0,unknown
450193,795144,07/01/2022,06/30/2023,0.0,0.0,0.0,0.0,0.0,0.0,0.0,0,0,0,0,unknown
450222,795146,01/01/2022,12/31/2022,0.0,0.0,0.0,0.0,0.0,0.0,0.0,0,0,0,0,unknown
450388,795149,07/01/2022,06/30/2023,0.0,0.0,0.0,0.0,0.0,0.0,0.0,0,0,0,0,unknown
450634,795151,01/01/2022,12/31/2022,0.0,0.0,0.0,0.0,0.0,0.0,0.0,0,0,0,0,unknown
450651,795153,04/01/2022,03/31/2023,0.0,0.0,0.0,0.0,0.0,0.0,0.0,0,0,0,0,unknown
450669,795154,06/01/2022,05/31/2023,0.0,0.0,0.0,0.0,0.0,0.0,0.0,0,0,0,0,unknown
450672,795155,02/01/2022,01/31/2023,0.0,0.0,0.0,0.0,0.0,0.0,0.0,0,0,0,0,unknown
450675,795157,06/01/2022,05/31/2023,0.0,0.0,0.0,0.0,0.0,0.0,0.0,0,0,0,0,unknown
450801,795161,07/01/2022,06/30/2023,0.0,0.0,0.0,0.0,0.0,0.0,0.0,0,0,0,0,unknown
450809,795163,07/01/2022,06/30/2023,0.0,0.0,0.0,0.0,0.0,0.0,0.0,0,0,0,0,unknown
060011,795198,01/01/2022,12/31/2022,0.0,0.0,0.0,0.0,0.0,0.0,0.0,0,0,0,0,unknown
060014,795199,09/01/2022,08/31/2023,0.0,0.0,0.0,0.0,0.0,0.0,0.0,0,0,0,0,unknown
060032,795201,01/01/2022,12/31/2022,0.0,0.0,0.0,0.0,0.0,0.0,0.0,0,0,0,0,unknown
080003,795207,07/01/2022,06/30/2023,0.0,0.0,0.0,0.0,0.0,0.0,0.0,0,0,0,0,unknown
100018,795208,10/01/2021,09/30/2022,0.0,0.0,0.0,0.0,0.0,0.0,0.0,0,0,0,0,unknown
110104,795213,07/01/2022,06/30/2023,0.0,0.0,0.0,0.0,0.0,0.0,0.0,0,0,0,0,unknown
140292,795221,01/01/2022,12/31/2022,0.0,0.0,0.0,0.0,0.0,0.0,0.0,0,0,0,0,unknown
181330,795223,07/01/2022,06/30/2023,0.0,0.0,0.0,0.0,0.0,0.0,0.0,0,0,0,0,unknown
190027,795224,07/01/2022,06/30/2023,0.0,0.0,0.0,0.0,0.0,0.0,0.0,0,0,0,0,unknown
190140,795226,05/01/2022,04/30/2023,0.0,0.0,0.0,0.0,0.0,0.0,0.0,0,0,0,0,unknown
252008,795235,09/01/2022,06/07/2023,0.0,0.0,0.0,0.0,0.0,0.0,0.0,0,0,0,0,unknown
260210,795236,01/01/2022,12/31/2022,0.0,0.0,0.0,0.0,0.0,0.0,0.0,0,0,0,0,unknown
264008,795237,07/01/2022,06/30/2023,0.0,0.0,0.0,0.0,0.0,0.0,0.0,0,0,0,0,unknown
310038,795242,01/01/2022,12/31/2022,0.0,0.0,0.0,0.0,0.0,0.0,0.0,0,0,0,0,unknown
310040,795244,01/01/2022,12/31/2022,0.0,0.0,0.0,0.0,0.0,0.0,0.0,0,0,0,0,unknown
390016,795256,07/01/2022,06/30/2023,0.0,0.0,0.0,0.0,0.0,0.0,0.0,0,0,0,0,unknown
390049,795258,07/01/2022,06/30/2023,0.0,0.0,0.0,0.0,0.0,0.0,0.0,0,0,0,0,unknown
390067,795259,07/01/2022,06/30/2023,0.0,0.0,0.0,0.0,0.0,0.0,0.0,0,0,0,0,unknown
390119,795261,07/01/2022,11/12/2022,0.0,0.0,0.0,0.0,0.0,0.0,0.0,0,0,0,0,unknown
390185,795263,07/01/2022,06/30/2023,0.0,0.0,0.0,0.0,0.0,0.0,0.0,0,0,0,0,unknown
390198,795264,07/01/2022,06/30/2023,0.0,0.0,0.0,0.0,0.0,0.0,0.0,0,0,0,0,unknown
390237,795266,07/01/2022,06/30/2023,0.0,0.0,0.0,0.0,0.0,0.0,0.0,0,0,0,0,unknown
450072,795276,07/01/2022,06/30/2023,0.0,0.0,0.0,0.0,0.0,0.0,0.0,0,0,0,0,unknown
450229,795278,09/01/2022,08/31/2023,0.0,0.0,0.0,0.0,0.0,0.0,0.0,0,0,0,0,unknown
450395,795280,07/01/2022,06/30/2023,0.0,0.0,0.0,0.0,0.0,0.0,0.0,0,0,0,0,unknown
450571,795283,10/01/2021,09/30/2022,0.0,0.0,0.0,0.0,0.0,0.0,0.0,0,0,0,0,unknown
450730,795286,01/01/2022,12/31/2022,0.0,0.0,0.0,0.0,0.0,0.0,0.0,0,0,0,0,unknown
510022,795298,01/01/2022,12/31/2022,0.0,0.0,0.0,0.0,0.0,0.0,0.0,0,0,0,0,unknown
061336,795320,04/01/2022,03/31/2023,0.0,0.0,0.0,0.0,0.0,0.0,0.0,0,0,0,0,unknown
100040,795324,07/01/2022,06/30/2023,0.0,0.0,0.0,0.0,0.0,0.0,0.0,0,0,0,0,unknown
100090,795325,10/01/2021,09/30/2022,0.0,0.0,0.0,0.0,0.0,0.0,0.0,0,0,0,0,unknown
100302,795332,10/01/2021,09/30/2022,0.0,0.0,0.0,0.0,0.0,0.0,0.0,0,0,0,0,unknown
220046,795353,10/01/2021,09/30/2022,0.0,0.0,0.0,0.0,0.0,0.0,0.0,0,0,0,0,unknown
251338,795358,10/01/2021,09/30/2022,0.0,0.0,0.0,0.0,0.0,0.0,0.0,0,0,0,0,unknown
271320,795362,04/01/2022,03/31/2023,0.0,0.0,0.0,0.0,0.0,0.0,0.0,0,0,0,0,unknown
310069,795365,01/01/2022,12/31/2022,0.0,0.0,0.0,0.0,0.0,0.0,0.0,0,0,0,0,unknown
310075,795367,01/01/2022,12/31/2022,0.0,0.0,0.0,0.0,0.0,0.0,0.0,0,0,0,0,unknown
390006,795382,07/01/2022,06/30/2023,0.0,0.0,0.0,0.0,0.0,0.0,0.0,0,0,0,0,unknown
161313,795419,07/01/2022,06/30/2023,0.0,0.0,0.0,0.0,0.0,0.0,0.0,0,0,0,0,unknown
280020,795426,07/01/2022,06/30/2023,0.0,0.0,0.0,0.0,0.0,0.0,0.0,0,0,0,0,unknown
324014,795428,08/01/2022,07/31/2023,0.0,0.0,0.0,0.0,0.0,0.0,0.0,0,0,0,0,unknown
450007,795435,07/01/2022,06/30/2023,0.0,0.0,0.0,0.0,0.0,0.0,0.0,0,0,0,0,unknown
511315,795439,01/01/2022,12/31/2022,0.0,0.0,0.0,0.0,0.0,0.0,0.0,0,0,0,0,unknown
052044,795449,04/01/2022,03/31/2023,0.0,0.0,0.0,0.0,0.0,0.0,0.0,0,0,0,0,unknown
070007,795453,10/01/2021,09/30/2022,0.0,0.0,0.0,0.0,0.0,0.0,0.0,0,0,0,0,unknown
070022,795456,10/01/2021,09/30/2022,0.0,0.0,0.0,0.0,0.0,0.0,0.0,0,0,0,0,unknown
390056,795479,07/01/2022,06/30/2023,0.0,0.0,0.0,0.0,0.0,0.0,0.0,0,0,0,0,unknown
450834,795489,01/01/2022,12/31/2022,0.0,0.0,0.0,0.0,0.0,0.0,0.0,0,0,0,0,unknown
451385,795491,07/01/2022,06/30/2023,0.0,0.0,0.0,0.0,0.0,0.0,0.0,0,0,0,0,unknown
490045,795493,07/01/2022,06/30/2023,0.0,0.0,0.0,0.0,0.0,0.0,0.0,0,0,0,0,unknown
050022,795497,05/01/2022,04/30/2023,0.0,0.0,0.0,0.0,0.0,0.0,0.0,0,0,0,0,unknown
150044,795514,09/01/2022,08/31/2023,0.0,0.0,0.0,0.0,0.0,0.0,0.0,0,0,0,0,unknown
241373,795533,10/01/2021,09/30/2022,0.0,0.0,0.0,0.0,0.0,0.0,0.0,0,0,0,0,unknown
290003,795539,02/01/2022,01/31/2023,0.0,0.0,0.0,0.0,0.0,0.0,0.0,0,0,0,0,unknown
390146,795546,07/01/2022,06/30/2023,0.0,0.0,0.0,0.0,0.0,0.0,0.0,0,0,0,0,unknown
400105,795548,07/01/2022,06/30/2023,0.0,0.0,0.0,0.0,0.0,0.0,0.0,0,0,0,0,unknown
400127,795549,07/01/2022,06/30/2023,0.0,0.0,0.0,0.0,0.0,0.0,0.0,0,0,0,0,unknown
434003,795550,07/01/2022,06/30/2023,0.0,0.0,0.0,0.0,0.0,0.0,0.0,0,0,0,0,unknown
450324,795553,01/01/2022,12/31/2022,0.0,0.0,0.0,0.0,0.0,0.0,0.0,0,0,0,0,unknown
523028,795565,01/01/2022,12/31/2022,0.0,0.0,0.0,0.0,0.0,0.0,0.0,0,0,0,0,unknown
670135,795566,01/01/2022,12/31/2022,0.0,0.0,0.0,0.0,0.0,0.0,0.0,0,0,0,0,unknown
052035,795578,09/01/2022,08/31/2023,0.0,0.0,0.0,0.0,0.0,0.0,0.0,0,0,0,0,unknown
100028,795580,10/01/2021,09/30/2022,0.0,0.0,0.0,0.0,0.0,0.0,0.0,0,0,0,0,unknown
140089,795585,07/01/2022,06/30/2023,0.0,0.0,0.0,0.0,0.0,0.0,0.0,0,0,0,0,unknown
191305,795593,04/01/2022,03/31/2023,0.0,0.0,0.0,0.0,0.0,0.0,0.0,0,0,0,0,unknown
231308,795596,04/01/2022,03/31/2023,0.0,0.0,0.0,0.0,0.0,0.0,0.0,0,0,0,0,unknown
340114,795601,07/01/2022,06/30/2023,0.0,0.0,0.0,0.0,0.0,0.0,0.0,0,0,0,0,unknown
360025,795604,01/01/2022,12/31/2022,0.0,0.0,0.0,0.0,0.0,0.0,0.0,0,0,0,0,unknown
450565,795610,10/01/2021,09/30/2022,0.0,0.0,0.0,0.0,0.0,0.0,0.0,0,0,0,0,unknown
050481,795618,01/01/2022,12/31/2022,0.0,0.0,0.0,0.0,0.0,0.0,0.0,0,0,0,0,unknown
062014,795620,09/01/2022,08/31/2023,0.0,0.0,0.0,0.0,0.0,0.0,0.0,0,0,0,0,unknown
104018,795624,07/01/2022,06/30/2023,0.0,0.0,0.0,0.0,0.0,0.0,0.0,0,0,0,0,unknown
184012,795639,05/01/2022,04/30/2023,0.0,0.0,0.0,0.0,0.0,0.0,0.0,0,0,0,0,unknown
240071,795647,01/01/2022,12/31/2022,0.0,0.0,0.0,0.0,0.0,0.0,0.0,0,0,0,0,unknown
390322,795654,01/01/2022,12/31/2022,0.0,0.0,0.0,0.0,0.0,0.0,0.0,0,0,0,0,unknown
392036,795655,04/01/2022,03/31/2023,0.0,0.0,0.0,0.0,0.0,0.0,0.0,0,0,0,0,unknown
050192,795670,01/01/2022,12/31/2022,0.0,0.0,0.0,0.0,0.0,0.0,0.0,0,0,0,0,unknown
050290,795672,01/01/2022,12/31/2022,0.0,0.0,0.0,0.0,0.0,0.0,0.0,0,0,0,0,unknown
110074,795680,07/01/2022,06/30/2023,0.0,0.0,0.0,0.0,0.0,0.0,0.0,0,0,0,0,unknown
171375,795687,04/01/2022,03/31/2023,0.0,0.0,0.0,0.0,0.0,0.0,0.0,0,0,0,0,unknown
231306,795689,04/01/2022,03/31/2023,0.0,0.0,0.0,0.0,0.0,0.0,0.0,0,0,0,0,unknown
290039,795692,01/01/2022,12/31/2022,0.0,0.0,0.0,0.0,0.0,0.0,0.0,0,0,0,0,unknown
380027,795695,07/01/2022,06/30/2023,0.0,0.0,0.0,0.0,0.0,0.0,0.0,0,0,0,0,unknown
430095,795697,07/01/2022,06/30/2023,0.0,0.0,0.0,0.0,0.0,0.0,0.0,0,0,0,0,unknown
530012,795704,01/01/2022,12/31/2022,0.0,0.0,0.0,0.0,0.0,0.0,0.0,0,0,0,0,unknown
032005,795705,06/01/2022,05/31/2023,0.0,0.0,0.0,0.0,0.0,0.0,0.0,0,0,0,0,unknown
050779,795711,07/01/2022,06/30/2023,0.0,0.0,0.0,0.0,0.0,0.0,0.0,0,0,0,0,unknown
100157,795712,10/01/2021,09/30/2022,0.0,0.0,0.0,0.0,0.0,0.0,0.0,0,0,0,0,unknown
170040,795717,07/01/2022,06/30/2023,0.0,0.0,0.0,0.0,0.0,0.0,0.0,0,0,0,0,unknown
373034,795723,10/01/2021,09/30/2022,0.0,0.0,0.0,0.0,0.0,0.0,0.0,0,0,0,0,unknown
390073,795726,07/01/2022,06/30/2023,0.0,0.0,0.0,0.0,0.0,0.0,0.0,0,0,0,0,unknown
500058,795737,01/01/2022,12/31/2022,0.0,0.0,0.0,0.0,0.0,0.0,0.0,0,0,0,0,unknown
070040,795744,10/01/2021,09/30/2022,0.0,0.0,0.0,0.0,0.0,0.0,0.0,0,0,0,0,unknown
180045,795755,01/01/2022,12/31/2022,0.0,0.0,0.0,0.0,0.0,0.0,0.0,0,0,0,0,unknown
241368,795763,07/01/2022,06/30/2023,0.0,0.0,0.0,0.0,0.0,0.0,0.0,0,0,0,0,unknown
360016,795773,01/01/2022,12/31/2022,0.0,0.0,0.0,0.0,0.0,0.0,0.0,0,0,0,0,unknown
360029,795774,07/01/2022,06/30/2023,0.0,0.0,0.0,0.0,0.0,0.0,0.0,0,0,0,0,unknown
360066,795778,01/01/2022,12/31/2022,0.0,0.0,0.0,0.0,0.0,0.0,0.0,0,0,0,0,unknown
360090,795779,10/01/2021,09/30/2022,0.0,0.0,0.0,0.0,0.0,0.0,0.0,0,0,0,0,unknown
360132,795780,01/01/2022,12/31/2022,0.0,0.0,0.0,0.0,0.0,0.0,0.0,0,0,0,0,unknown
360351,795781,01/01/2022,12/31/2022,0.0,0.0,0.0,0.0,0.0,0.0,0.0,0,0,0,0,unknown
360364,795782,01/01/2022,12/31/2022,0.0,0.0,0.0,0.0,0.0,0.0,0.0,0,0,0,0,unknown
404009,795785,04/01/2022,03/31/2023,0.0,0.0,0.0,0.0,0.0,0.0,0.0,0,0,0,0,unknown
492007,795795,06/01/2022,05/31/2023,0.0,0.0,0.0,0.0,0.0,0.0,0.0,0,0,0,0,unknown
390100,795820,07/01/2022,06/30/2023,0.0,0.0,0.0,0.0,0.0,0.0,0.0,0,0,0,0,unknown
450107,795827,08/01/2022,07/31/2023,0.0,0.0,0.0,0.0,0.0,0.0,0.0,0,0,0,0,unknown
450659,795830,08/01/2022,07/31/2023,0.0,0.0,0.0,0.0,0.0,0.0,0.0,0,0,0,0,unknown
020017,795836,01/01/2022,12/31/2022,0.0,0.0,0.0,0.0,0.0,0.0,0.0,0,0,0,0,unknown
032004,795837,09/01/2022,08/31/2023,0.0,0.0,0.0,0.0,0.0,0.0,0.0,0,0,0,0,unknown
052037,795841,09/01/2022,08/31/2023,0.0,0.0,0.0,0.0,0.0,0.0,0.0,0,0,0,0,unknown
102029,795847,09/01/2022,08/31/2023,0.0,0.0,0.0,0.0,0.0,0.0,0.0,0,0,0,0,unknown
141301,795853,07/01/2022,06/30/2023,0.0,0.0,0.0,0.0,0.0,0.0,0.0,0,0,0,0,unknown
223034,795860,10/01/2021,09/30/2022,0.0,0.0,0.0,0.0,0.0,0.0,0.0,0,0,0,0,unknown
334009,795866,04/01/2022,03/31/2023,0.0,0.0,0.0,0.0,0.0,0.0,0.0,0,0,0,0,unknown
362004,795868,07/01/2022,06/30/2023,0.0,0.0,0.0,0.0,0.0,0.0,0.0,0,0,0,0,unknown
363039,795869,01/01/2022,12/31/2022,0.0,0.0,0.0,0.0,0.0,0.0,0.0,0,0,0,0,unknown
364031,795870,07/01/2022,06/30/2023,0.0,0.0,0.0,0.0,0.0,0.0,0.0,0,0,0,0,unknown
374020,795874,07/01/2022,06/30/2023,0.0,0.0,0.0,0.0,0.0,0.0,0.0,0,0,0,0,unknown
452097,795878,08/01/2022,07/31/2023,0.0,0.0,0.0,0.0,0.0,0.0,0.0,0,0,0,0,unknown
043033,795882,01/01/2022,12/31/2022,0.0,0.0,0.0,0.0,0.0,0.0,0.0,0,0,0,0,unknown
100290,795890,07/01/2022,06/30/2023,0.0,0.0,0.0,0.0,0.0,0.0,0.0,0,0,0,0,unknown
141312,795892,05/01/2022,04/30/2023,0.0,0.0,0.0,0.0,0.0,0.0,0.0,0,0,0,0,unknown
161325,795894,07/01/2022,06/30/2023,0.0,0.0,0.0,0.0,0.0,0.0,0.0,0,0,0,0,unknown
161343,795895,07/01/2022,06/30/2023,0.0,0.0,0.0,0.0,0.0,0.0,0.0,0,0,0,0,unknown
191303,795899,07/01/2022,06/30/2023,0.0,0.0,0.0,0.0,0.0,0.0,0.0,0,0,0,0,unknown
451348,795927,04/01/2022,03/31/2023,0.0,0.0,0.0,0.0,0.0,0.0,0.0,0,0,0,0,unknown
452034,795928,09/01/2022,08/31/2023,0.0,0.0,0.0,0.0,0.0,0.0,0.0,0,0,0,0,unknown
050280,795939,07/01/2022,06/30/2023,0.0,0.0,0.0,0.0,0.0,0.0,0.0,0,0,0,0,unknown
070010,795942,10/01/2021,09/30/2022,0.0,0.0,0.0,0.0,0.0,0.0,0.0,0,0,0,0,unknown
070018,795943,10/01/2021,09/30/2022,0.0,0.0,0.0,0.0,0.0,0.0,0.0,0,0,0,0,unknown
140231,795947,07/01/2022,12/31/2022,0.0,0.0,0.0,0.0,0.0,0.0,0.0,0,0,0,0,unknown
150089,795949,01/01/2022,12/31/2022,0.0,0.0,0.0,0.0,0.0,0.0,0.0,0,0,0,0,unknown
240038,795955,01/01/2022,12/31/2022,0.0,0.0,0.0,0.0,0.0,0.0,0.0,0,0,0,0,unknown
240210,795956,01/01/2022,12/31/2022,0.0,0.0,0.0,0.0,0.0,0.0,0.0,0,0,0,0,unknown
290001,795960,07/01/2022,12/31/2022,0.0,0.0,0.0,0.0,0.0,0.0,0.0,0,0,0,0,unknown
300011,795962,01/01/2022,12/31/2022,0.0,0.0,0.0,0.0,0.0,0.0,0.0,0,0,0,0,unknown
330215,795968,01/01/2022,12/31/2022,0.0,0.0,0.0,0.0,0.0,0.0,0.0,0,0,0,0,unknown
330234,795971,01/01/2022,12/31/2022,0.0,0.0,0.0,0.0,0.0,0.0,0.0,0,0,0,0,unknown
450132,795979,10/01/2021,09/30/2022,0.0,0.0,0.0,0.0,0.0,0.0,0.0,0,0,0,0,unknown
210016,795991,01/01/2022,12/31/2022,0.0,0.0,0.0,0.0,0.0,0.0,0.0,0,0,0,0,unknown
400133,795995,01/01/2022,09/26/2022,0.0,0.0,0.0,0.0,0.0,0.0,0.0,0,0,0,0,unknown
012010,795998,09/01/2022,08/31/2023,0.0,0.0,0.0,0.0,0.0,0.0,0.0,0,0,0,0,unknown
012014,795999,05/01/2022,04/30/2023,0.0,0.0,0.0,0.0,0.0,0.0,0.0,0,0,0,0,unknown
112018,796006,09/01/2022,08/31/2023,0.0,0.0,0.0,0.0,0.0,0.0,0.0,0,0,0,0,unknown
141303,796010,05/01/2022,04/30/2023,0.0,0.0,0.0,0.0,0.0,0.0,0.0,0,0,0,0,unknown
161317,796013,07/01/2022,06/30/2023,0.0,0.0,0.0,0.0,0.0,0.0,0.0,0,0,0,0,unknown
161326,796014,07/01/2022,06/30/2023,0.0,0.0,0.0,0.0,0.0,0.0,0.0,0,0,0,0,unknown
240104,796023,01/01/2022,12/31/2022,0.0,0.0,0.0,0.0,0.0,0.0,0.0,0,0,0,0,unknown
241315,796024,01/01/2022,12/31/2022,0.0,0.0,0.0,0.0,0.0,0.0,0.0,0,0,0,0,unknown
310005,796028,01/01/2022,12/31/2022,0.0,0.0,0.0,0.0,0.0,0.0,0.0,0,0,0,0,unknown
370243,796036,01/01/2022,12/31/2022,0.0,0.0,0.0,0.0,0.0,0.0,0.0,0,0,0,0,unknown
102019,796066,09/01/2022,08/31/2023,0.0,0.0,0.0,0.0,0.0,0.0,0.0,0,0,0,0,unknown
161301,796075,07/01/2022,06/30/2023,0.0,0.0,0.0,0.0,0.0,0.0,0.0,0,0,0,0,unknown
161302,796076,07/01/2022,06/30/2023,0.0,0.0,0.0,0.0,0.0,0.0,0.0,0,0,0,0,unknown
161360,796077,07/01/2022,06/30/2023,0.0,0.0,0.0,0.0,0.0,0.0,0.0,0,0,0,0,unknown
231300,796087,07/01/2022,06/30/2023,0.0,0.0,0.0,0.0,0.0,0.0,0.0,0,0,0,0,unknown
234023,796088,07/01/2022,06/30/2023,0.0,0.0,0.0,0.0,0.0,0.0,0.0,0,0,0,0,unknown
261331,796092,04/01/2022,03/31/2023,0.0,0.0,0.0,0.0,0.0,0.0,0.0,0,0,0,0,unknown
292002,796097,09/01/2022,08/31/2023,0.0,0.0,0.0,0.0,0.0,0.0,0.0,0,0,0,0,unknown
310112,796103,01/01/2022,12/31/2022,0.0,0.0,0.0,0.0,0.0,0.0,0.0,0,0,0,0,unknown
392043,796124,09/01/2022,08/31/2023,0.0,0.0,0.0,0.0,0.0,0.0,0.0,0,0,0,0,unknown
451325,796140,10/01/2021,09/30/2022,0.0,0.0,0.0,0.0,0.0,0.0,0.0,0,0,0,0,unknown
452029,796141,09/01/2022,08/31/2023,0.0,0.0,0.0,0.0,0.0,0.0,0.0,0,0,0,0,unknown
452059,796142,09/01/2022,08/31/2023,0.0,0.0,0.0,0.0,0.0,0.0,0.0,0,0,0,0,unknown
452061,796143,09/01/2022,08/31/2023,0.0,0.0,0.0,0.0,0.0,0.0,0.0,0,0,0,0,unknown
050534,796151,06/01/2022,05/31/2023,0.0,0.0,0.0,0.0,0.0,0.0,0.0,0,0,0,0,unknown
144031,796170,07/01/2022,06/30/2023,0.0,0.0,0.0,0.0,0.0,0.0,0.0,0,0,0,0,unknown
151301,796171,07/01/2022,06/30/2023,0.0,0.0,0.0,0.0,0.0,0.0,0.0,0,0,0,0,unknown
151307,796172,07/01/2022,06/30/2023,0.0,0.0,0.0,0.0,0.0,0.0,0.0,0,0,0,0,unknown
161330,796173,07/01/2022,06/30/2023,0.0,0.0,0.0,0.0,0.0,0.0,0.0,0,0,0,0,unknown
174022,796174,07/01/2022,06/30/2023,0.0,0.0,0.0,0.0,0.0,0.0,0.0,0,0,0,0,unknown
192022,796177,06/01/2022,05/31/2023,0.0,0.0,0.0,0.0,0.0,0.0,0.0,0,0,0,0,unknown
263027,796184,09/01/2022,08/31/2023,0.0,0.0,0.0,0.0,0.0,0.0,0.0,0,0,0,0,unknown
310034,796185,01/01/2022,12/31/2022,0.0,0.0,0.0,0.0,0.0,0.0,0.0,0,0,0,0,unknown
312024,796186,04/01/2022,03/31/2023,0.0,0.0,0.0,0.0,0.0,0.0,0.0,0,0,0,0,unknown
450051,796206,07/01/2022,06/30/2023,0.0,0.0,0.0,0.0,0.0,0.0,0.0,0,0,0,0,unknown
450723,796217,07/01/2022,06/30/2023,0.0,0.0,0.0,0.0,0.0,0.0,0.0,0,0,0,0,unknown
453057,796219,09/01/2022,08/31/2023,0.0,0.0,0.0,0.0,0.0,0.0,0.0,0,0,0,0,unknown
673058,796231,05/01/2022,04/30/2023,0.0,0.0,0.0,0.0,0.0,0.0,0.0,0,0,0,0,unknown
050625,796238,07/01/2022,06/30/2023,0.0,0.0,0.0,0.0,0.0,0.0,0.0,0,0,0,0,unknown
100053,796240,05/01/2022,04/30/2023,0.0,0.0,0.0,0.0,0.0,0.0,0.0,0,0,0,0,unknown
161348,796244,07/01/2022,06/30/2023,0.0,0.0,0.0,0.0,0.0,0.0,0.0,0,0,0,0,unknown
251308,796249,10/01/2021,09/30/2022,0.0,0.0,0.0,0.0,0.0,0.0,0.0,0,0,0,0,unknown
300003,796251,07/01/2022,06/30/2023,0.0,0.0,0.0,0.0,0.0,0.0,0.0,0,0,0,0,unknown
352004,796265,08/01/2022,07/31/2023,0.0,0.0,0.0,0.0,0.0,0.0,0.0,0,0,0,0,unknown
511314,796308,07/01/2022,06/30/2023,0.0,0.0,0.0,0.0,0.0,0.0,0.0,0,0,0,0,unknown
512005,796310,09/01/2022,08/31/2023,0.0,0.0,0.0,0.0,0.0,0.0,0.0,0,0,0,0,unknown
010149,796316,07/01/2022,06/30/2023,0.0,0.0,0.0,0.0,0.0,0.0,0.0,0,0,0,0,unknown
030092,796319,01/01/2022,12/31/2022,0.0,0.0,0.0,0.0,0.0,0.0,0.0,0,0,0,0,unknown
034020,796320,07/01/2022,06/30/2023,0.0,0.0,0.0,0.0,0.0,0.0,0.0,0,0,0,0,unknown
041328,796321,04/01/2022,03/31/2023,0.0,0.0,0.0,0.0,0.0,0.0,0.0,0,0,0,0,unknown
052032,796323,09/01/2022,08/31/2023,0.0,0.0,0.0,0.0,0.0,0.0,0.0,0,0,0,0,unknown
171330,796330,05/01/2022,04/30/2023,0.0,0.0,0.0,0.0,0.0,0.0,0.0,0,0,0,0,unknown
180116,796331,03/01/2022,02/28/2023,0.0,0.0,0.0,0.0,0.0,0.0,0.0,0,0,0,0,unknown
190044,796338,10/01/2021,09/30/2022,0.0,0.0,0.0,0.0,0.0,0.0,0.0,0,0,0,0,unknown
192016,796341,06/01/2022,05/31/2023,0.0,0.0,0.0,0.0,0.0,0.0,0.0,0,0,0,0,unknown
192037,796342,06/01/2022,05/31/2023,0.0,0.0,0.0,0.0,0.0,0.0,0.0,0,0,0,0,unknown
192055,796343,09/01/2022,08/10/2023,0.0,0.0,0.0,0.0,0.0,0.0,0.0,0,0,0,0,unknown
231330,796346,07/01/2022,06/30/2023,0.0,0.0,0.0,0.0,0.0,0.0,0.0,0,0,0,0,unknown
281343,796354,07/01/2022,06/30/2023,0.0,0.0,0.0,0.0,0.0,0.0,0.0,0,0,0,0,unknown
331305,796360,01/01/2022,12/31/2022,0.0,0.0,0.0,0.0,0.0,0.0,0.0,0,0,0,0,unknown
331311,796361,01/01/2022,12/31/2022,0.0,0.0,0.0,0.0,0.0,0.0,0.0,0,0,0,0,unknown
331320,796362,01/01/2022,12/31/2022,0.0,0.0,0.0,0.0,0.0,0.0,0.0,0,0,0,0,unknown
360046,796371,07/01/2022,06/30/2023,0.0,0.0,0.0,0.0,0.0,0.0,0.0,0,0,0,0,unknown
360156,796373,01/01/2022,12/31/2022,0.0,0.0,0.0,0.0,0.0,0.0,0.0,0,0,0,0,unknown
372004,796375,09/01/2022,08/31/2023,0.0,0.0,0.0,0.0,0.0,0.0,0.0,0,0,0,0,unknown
380007,796378,04/01/2022,03/31/2023,0.0,0.0,0.0,0.0,0.0,0.0,0.0,0,0,0,0,unknown
390037,796380,07/01/2022,06/30/2023,0.0,0.0,0.0,0.0,0.0,0.0,0.0,0,0,0,0,unknown
390101,796382,07/01/2022,06/30/2023,0.0,0.0,0.0,0.0,0.0,0.0,0.0,0,0,0,0,unknown
392031,796387,05/01/2022,04/30/2023,0.0,0.0,0.0,0.0,0.0,0.0,0.0,0,0,0,0,unknown
430091,796389,01/01/2022,12/31/2022,0.0,0.0,0.0,0.0,0.0,0.0,0.0,0,0,0,0,unknown
440006,796390,12/01/2021,11/30/2022,0.0,0.0,0.0,0.0,0.0,0.0,0.0,0,0,0,0,unknown
452023,796405,09/01/2022,08/31/2023,0.0,0.0,0.0,0.0,0.0,0.0,0.0,0,0,0,0,unknown
500036,796413,01/01/2022,12/31/2022,0.0,0.0,0.0,0.0,0.0,0.0,0.0,0,0,0,0,unknown
500050,796414,07/01/2022,06/30/2023,0.0,0.0,0.0,0.0,0.0,0.0,0.0,0,0,0,0,unknown
500129,796415,01/01/2022,12/31/2022,0.0,0.0,0.0,0.0,0.0,0.0,0.0,0,0,0,0,unknown
670075,796417,07/01/2022,06/30/2023,0.0,0.0,0.0,0.0,0.0,0.0,0.0,0,0,0,0,unknown
673030,796419,07/01/2022,06/30/2023,0.0,0.0,0.0,0.0,0.0,0.0,0.0,0,0,0,0,unknown
050488,796429,01/01/2022,12/31/2022,0.0,0.0,0.0,0.0,0.0,0.0,0.0,0,0,0,0,unknown
090003,796432,07/01/2022,06/30/2023,0.0,0.0,0.0,0.0,0.0,0.0,0.0,0,0,0,0,unknown
180012,796440,09/01/2022,08/31/2023,0.0,0.0,0.0,0.0,0.0,0.0,0.0,0,0,0,0,unknown
241321,796450,07/01/2022,06/30/2023,0.0,0.0,0.0,0.0,0.0,0.0,0.0,0,0,0,0,unknown
281332,796452,07/01/2022,06/30/2023,0.0,0.0,0.0,0.0,0.0,0.0,0.0,0,0,0,0,unknown
282000,796453,07/01/2022,06/30/2023,0.0,0.0,0.0,0.0,0.0,0.0,0.0,0,0,0,0,unknown
360036,796465,01/01/2022,12/31/2022,0.0,0.0,0.0,0.0,0.0,0.0,0.0,0,0,0,0,unknown
360076,796466,01/01/2022,12/31/2022,0.0,0.0,0.0,0.0,0.0,0.0,0.0,0,0,0,0,unknown
370078,796472,07/01/2022,06/30/2023,0.0,0.0,0.0,0.0,0.0,0.0,0.0,0,0,0,0,unknown
380050,796474,10/01/2021,09/30/2022,0.0,0.0,0.0,0.0,0.0,0.0,0.0,0,0,0,0,unknown
452039,796490,09/01/2022,08/31/2023,0.0,0.0,0.0,0.0,0.0,0.0,0.0,0,0,0,0,unknown
030074,796507,10/01/2021,09/30/2022,0.0,0.0,0.0,0.0,0.0,0.0,0.0,0,0,0,0,unknown
052034,796519,09/01/2022,08/31/2023,0.0,0.0,0.0,0.0,0.0,0.0,0.0,0,0,0,0,unknown
100232,796525,09/01/2022,08/31/2023,0.0,0.0,0.0,0.0,0.0,0.0,0.0,0,0,0,0,unknown
102013,796528,09/01/2022,08/31/2023,0.0,0.0,0.0,0.0,0.0,0.0,0.0,0,0,0,0,unknown
152020,796535,07/01/2022,06/30/2023,0.0,0.0,0.0,0.0,0.0,0.0,0.0,0,0,0,0,unknown
174024,796536,01/01/2022,12/31/2022,0.0,0.0,0.0,0.0,0.0,0.0,0.0,0,0,0,0,unknown
181323,796537,10/01/2021,09/30/2022,0.0,0.0,0.0,0.0,0.0,0.0,0.0,0,0,0,0,unknown
192013,796540,09/01/2022,08/31/2023,0.0,0.0,0.0,0.0,0.0,0.0,0.0,0,0,0,0,unknown
232024,796545,05/01/2022,04/30/2023,0.0,0.0,0.0,0.0,0.0,0.0,0.0,0,0,0,0,unknown
263033,796553,01/01/2022,08/15/2022,0.0,0.0,0.0,0.0,0.0,0.0,0.0,0,0,0,0,unknown
271324,796554,04/01/2022,03/31/2023,0.0,0.0,0.0,0.0,0.0,0.0,0.0,0,0,0,0,unknown
271334,796555,07/01/2022,03/31/2023,0.0,0.0,0.0,0.0,0.0,0.0,0.0,0,0,0,0,unknown
281353,796558,07/01/2022,06/30/2023,0.0,0.0,0.0,0.0,0.0,0.0,0.0,0,0,0,0,unknown
392027,796576,09/01/2022,08/31/2023,0.0,0.0,0.0,0.0,0.0,0.0,0.0,0,0,0,0,unknown
451328,796584,01/01/2022,12/31/2022,0.0,0.0,0.0,0.0,0.0,0.0,0.0,0,0,0,0,unknown
452028,796586,09/01/2022,08/31/2023,0.0,0.0,0.0,0.0,0.0,0.0,0.0,0,0,0,0,unknown
452075,796587,09/01/2022,08/31/2023,0.0,0.0,0.0,0.0,0.0,0.0,0.0,0,0,0,0,unknown
452079,796588,09/01/2022,08/31/2023,0.0,0.0,0.0,0.0,0.0,0.0,0.0,0,0,0,0,unknown
050099,796600,01/01/2022,12/31/2022,0.0,0.0,0.0,0.0,0.0,0.0,0.0,0,0,0,0,unknown
050100,796601,10/01/2021,09/30/2022,0.0,0.0,0.0,0.0,0.0,0.0,0.0,0,0,0,0,unknown
090004,796612,07/01/2022,06/30/2023,0.0,0.0,0.0,0.0,0.0,0.0,0.0,0,0,0,0,unknown
110032,796620,10/01/2021,09/30/2022,0.0,0.0,0.0,0.0,0.0,0.0,0.0,0,0,0,0,unknown
110095,796621,10/01/2021,09/30/2022,0.0,0.0,0.0,0.0,0.0,0.0,0.0,0,0,0,0,unknown
110105,796622,10/01/2021,09/30/2022,0.0,0.0,0.0,0.0,0.0,0.0,0.0,0,0,0,0,unknown
153045,796630,07/01/2022,06/30/2023,0.0,0.0,0.0,0.0,0.0,0.0,0.0,0,0,0,0,unknown
161378,796631,07/01/2022,06/30/2023,0.0,0.0,0.0,0.0,0.0,0.0,0.0,0,0,0,0,unknown
171315,796633,07/01/2022,06/30/2023,0.0,0.0,0.0,0.0,0.0,0.0,0.0,0,0,0,0,unknown
210017,796638,07/01/2022,12/31/2022,0.0,0.0,0.0,0.0,0.0,0.0,0.0,0,0,0,0,unknown
210034,796639,07/01/2022,06/30/2023,0.0,0.0,0.0,0.0,0.0,0.0,0.0,0,0,0,0,unknown
281331,796649,07/01/2022,06/30/2023,0.0,0.0,0.0,0.0,0.0,0.0,0.0,0,0,0,0,unknown
310022,796651,01/01/2022,12/31/2022,0.0,0.0,0.0,0.0,0.0,0.0,0.0,0,0,0,0,unknown
320004,796653,07/01/2022,06/30/2023,0.0,0.0,0.0,0.0,0.0,0.0,0.0,0,0,0,0,unknown
340123,796656,01/01/2022,12/31/2022,0.0,0.0,0.0,0.0,0.0,0.0,0.0,0,0,0,0,unknown
370227,796671,07/01/2022,06/30/2023,0.0,0.0,0.0,0.0,0.0,0.0,0.0,0,0,0,0,unknown
490050,796709,01/01/2022,12/31/2022,0.0,0.0,0.0,0.0,0.0,0.0,0.0,0,0,0,0,unknown
044022,796727,01/01/2022,12/31/2022,0.0,0.0,0.0,0.0,0.0,0.0,0.0,0,0,0,0,unknown
051332,796736,01/01/2022,12/31/2022,0.0,0.0,0.0,0.0,0.0,0.0,0.0,0,0,0,0,unknown
112004,796740,09/01/2022,08/31/2023,0.0,0.0,0.0,0.0,0.0,0.0,0.0,0,0,0,0,unknown
194056,796756,05/01/2022,04/30/2023,0.0,0.0,0.0,0.0,0.0,0.0,0.0,0,0,0,0,unknown
232031,796760,05/01/2022,04/30/2023,0.0,0.0,0.0,0.0,0.0,0.0,0.0,0,0,0,0,unknown
281315,796768,05/01/2022,04/30/2023,0.0,0.0,0.0,0.0,0.0,0.0,0.0,0,0,0,0,unknown
370049,796772,01/01/2022,12/31/2022,0.0,0.0,0.0,0.0,0.0,0.0,0.0,0,0,0,0,unknown
431322,796777,01/01/2022,12/31/2022,0.0,0.0,0.0,0.0,0.0,0.0,0.0,0,0,0,0,unknown
442007,796782,09/01/2022,08/31/2023,0.0,0.0,0.0,0.0,0.0,0.0,0.0,0,0,0,0,unknown
452080,796790,09/01/2022,08/31/2023,0.0,0.0,0.0,0.0,0.0,0.0,0.0,0,0,0,0,unknown
452108,796791,09/01/2022,08/31/2023,0.0,0.0,0.0,0.0,0.0,0.0,0.0,0,0,0,0,unknown
052039,796809,09/01/2022,08/31/2023,0.0,0.0,0.0,0.0,0.0,0.0,0.0,0,0,0,0,unknown
063034,796813,06/01/2022,05/31/2023,0.0,0.0,0.0,0.0,0.0,0.0,0.0,0,0,0,0,unknown
102025,796814,09/01/2022,08/31/2023,0.0,0.0,0.0,0.0,0.0,0.0,0.0,0,0,0,0,unknown
161314,796828,07/01/2022,06/30/2023,0.0,0.0,0.0,0.0,0.0,0.0,0.0,0,0,0,0,unknown
173032,796829,01/01/2022,12/31/2022,0.0,0.0,0.0,0.0,0.0,0.0,0.0,0,0,0,0,unknown
232034,796837,07/01/2022,06/30/2023,0.0,0.0,0.0,0.0,0.0,0.0,0.0,0,0,0,0,unknown
241332,796838,05/01/2022,04/30/2023,0.0,0.0,0.0,0.0,0.0,0.0,0.0,0,0,0,0,unknown
284009,796844,07/01/2022,06/30/2023,0.0,0.0,0.0,0.0,0.0,0.0,0.0,0,0,0,0,unknown
310108,796847,01/01/2022,12/31/2022,0.0,0.0,0.0,0.0,0.0,0.0,0.0,0,0,0,0,unknown
312020,796849,09/01/2022,08/31/2023,0.0,0.0,0.0,0.0,0.0,0.0,0.0,0,0,0,0,unknown
372018,796854,09/01/2022,08/31/2023,0.0,0.0,0.0,0.0,0.0,0.0,0.0,0,0,0,0,unknown
422005,796859,09/01/2022,08/31/2023,0.0,0.0,0.0,0.0,0.0,0.0,0.0,0,0,0,0,unknown
451333,796869,05/01/2022,04/30/2023,0.0,0.0,0.0,0.0,0.0,0.0,0.0,0,0,0,0,unknown
454011,796872,09/01/2022,08/31/2023,0.0,0.0,0.0,0.0,0.0,0.0,0.0,0,0,0,0,unknown
043031,796881,09/01/2022,08/31/2023,0.0,0.0,0.0,0.0,0.0,0.0,0.0,0,0,0,0,unknown
043035,796882,06/01/2022,05/31/2023,0.0,0.0,0.0,0.0,0.0,0.0,0.0,0,0,0,0,unknown
112011,796895,05/01/2022,04/30/2023,0.0,0.0,0.0,0.0,0.0,0.0,0.0,0,0,0,0,unknown
241348,796926,07/01/2022,06/30/2023,0.0,0.0,0.0,0.0,0.0,0.0,0.0,0,0,0,0,unknown
340115,796945,10/01/2021,09/30/2022,0.0,0.0,0.0,0.0,0.0,0.0,0.0,0,0,0,0,unknown
371303,796955,05/01/2022,04/30/2023,0.0,0.0,0.0,0.0,0.0,0.0,0.0,0,0,0,0,unknown
372019,796956,09/01/2022,08/31/2023,0.0,0.0,0.0,0.0,0.0,0.0,0.0,0,0,0,0,unknown
452083,796969,09/01/2022,08/31/2023,0.0,0.0,0.0,0.0,0.0,0.0,0.0,0,0,0,0,unknown
040018,796980,01/01/2022,12/31/2022,0.0,0.0,0.0,0.0,0.0,0.0,0.0,0,0,0,0,unknown
040085,796981,01/01/2022,12/31/2022,0.0,0.0,0.0,0.0,0.0,0.0,0.0,0,0,0,0,unknown
143031,796998,04/13/2022,06/30/2023,0.0,0.0,0.0,0.0,0.0,0.0,0.0,0,0,0,0,unknown
170175,797002,03/01/2022,04/30/2022,0.0,0.0,0.0,0.0,0.0,0.0,0.0,0,0,0,0,unknown
192023,797013,09/01/2022,08/31/2023,0.0,0.0,0.0,0.0,0.0,0.0,0.0,0,0,0,0,unknown
222002,797015,09/01/2022,08/31/2023,0.0,0.0,0.0,0.0,0.0,0.0,0.0,0,0,0,0,unknown
240064,797016,01/01/2022,12/31/2022,0.0,0.0,0.0,0.0,0.0,0.0,0.0,0,0,0,0,unknown
241340,797017,07/01/2022,06/30/2023,0.0,0.0,0.0,0.0,0.0,0.0,0.0,0,0,0,0,unknown
281318,797019,07/01/2022,06/30/2023,0.0,0.0,0.0,0.0,0.0,0.0,0.0,0,0,0,0,unknown
353027,797027,08/26/2022,09/30/2023,0.0,0.0,0.0,0.0,0.0,0.0,0.0,0,0,0,0,unknown
453301,797053,09/01/2022,08/31/2023,0.0,0.0,0.0,0.0,0.0,0.0,0.0,0,0,0,0,unknown
491309,797057,07/01/2022,06/30/2023,0.0,0.0,0.0,0.0,0.0,0.0,0.0,0,0,0,0,unknown
034037,797064,07/01/2022,06/30/2023,0.0,0.0,0.0,0.0,0.0,0.0,0.0,0,0,0,0,unknown
042009,797065,06/01/2022,05/31/2023,0.0,0.0,0.0,0.0,0.0,0.0,0.0,0,0,0,0,unknown
050060,797066,09/01/2022,08/31/2023,0.0,0.0,0.0,0.0,0.0,0.0,0.0,0,0,0,0,unknown
141308,797077,05/01/2022,04/30/2023,0.0,0.0,0.0,0.0,0.0,0.0,0.0,0,0,0,0,unknown
174006,797080,07/01/2022,06/30/2023,0.0,0.0,0.0,0.0,0.0,0.0,0.0,0,0,0,0,unknown
191325,797084,07/01/2022,06/30/2023,0.0,0.0,0.0,0.0,0.0,0.0,0.0,0,0,0,0,unknown
192010,797086,09/01/2022,08/31/2023,0.0,0.0,0.0,0.0,0.0,0.0,0.0,0,0,0,0,unknown
193097,797088,09/01/2022,08/31/2023,0.0,0.0,0.0,0.0,0.0,0.0,0.0,0,0,0,0,unknown
262019,797096,07/01/2022,06/30/2023,0.0,0.0,0.0,0.0,0.0,0.0,0.0,0,0,0,0,unknown
442011,797107,05/01/2022,04/30/2023,0.0,0.0,0.0,0.0,0.0,0.0,0.0,0,0,0,0,unknown
452057,797116,09/01/2022,08/31/2023,0.0,0.0,0.0,0.0,0.0,0.0,0.0,0,0,0,0,unknown
521339,797123,07/01/2022,06/30/2023,0.0,0.0,0.0,0.0,0.0,0.0,0.0,0,0,0,0,unknown
030113,797127,10/01/2021,09/30/2022,0.0,0.0,0.0,0.0,0.0,0.0,0.0,0,0,0,0,unknown
030114,797128,10/01/2021,09/30/2022,0.0,0.0,0.0,0.0,0.0,0.0,0.0,0,0,0,0,unknown
040047,797130,10/01/2021,09/30/2022,0.0,0.0,0.0,0.0,0.0,0.0,0.0,0,0,0,0,unknown
080001,797137,07/01/2022,06/30/2023,0.0,0.0,0.0,0.0,0.0,0.0,0.0,0,0,0,0,unknown
100150,797139,10/01/2021,09/30/2022,0.0,0.0,0.0,0.0,0.0,0.0,0.0,0,0,0,0,unknown
150017,797146,07/01/2022,06/30/2023,0.0,0.0,0.0,0.0,0.0,0.0,0.0,0,0,0,0,unknown
150091,797150,01/01/2022,12/31/2022,0.0,0.0,0.0,0.0,0.0,0.0,0.0,0,0,0,0,unknown
234021,797160,07/01/2022,06/30/2023,0.0,0.0,0.0,0.0,0.0,0.0,0.0,0,0,0,0,unknown
281306,797162,07/01/2022,06/30/2023,0.0,0.0,0.0,0.0,0.0,0.0,0.0,0,0,0,0,unknown
281316,797163,07/01/2022,06/30/2023,0.0,0.0,0.0,0.0,0.0,0.0,0.0,0,0,0,0,unknown
342013,797166,09/01/2022,08/31/2023,0.0,0.0,0.0,0.0,0.0,0.0,0.0,0,0,0,0,unknown
471304,797184,10/01/2021,09/30/2022,0.0,0.0,0.0,0.0,0.0,0.0,0.0,0,0,0,0,unknown
060030,797194,01/01/2022,12/31/2022,0.0,0.0,0.0,0.0,0.0,0.0,0.0,0,0,0,0,unknown
060130,797195,07/01/2022,06/30/2023,0.0,0.0,0.0,0.0,0.0,0.0,0.0,0,0,0,0,unknown
150006,797202,01/01/2022,12/31/2022,0.0,0.0,0.0,0.0,0.0,0.0,0.0,0,0,0,0,unknown
170009,797209,01/01/2022,12/31/2022,0.0,0.0,0.0,0.0,0.0,0.0,0.0,0,0,0,0,unknown
170075,797210,10/01/2021,09/30/2022,0.0,0.0,0.0,0.0,0.0,0.0,0.0,0,0,0,0,unknown
360247,797228,01/01/2022,12/31/2022,0.0,0.0,0.0,0.0,0.0,0.0,0.0,0,0,0,0,unknown
452016,797244,09/01/2022,08/31/2023,0.0,0.0,0.0,0.0,0.0,0.0,0.0,0,0,0,0,unknown
673070,797256,09/01/2022,08/31/2023,0.0,0.0,0.0,0.0,0.0,0.0,0.0,0,0,0,0,unknown
080004,797272,07/01/2022,06/30/2023,0.0,0.0,0.0,0.0,0.0,0.0,0.0,0,0,0,0,unknown
080009,797273,07/01/2022,06/30/2023,0.0,0.0,0.0,0.0,0.0,0.0,0.0,0,0,0,0,unknown
141311,797282,07/01/2022,06/30/2023,0.0,0.0,0.0,0.0,0.0,0.0,0.0,0,0,0,0,unknown
241343,797291,07/01/2022,06/30/2023,0.0,0.0,0.0,0.0,0.0,0.0,0.0,0,0,0,0,unknown
261307,797293,07/01/2022,06/30/2023,0.0,0.0,0.0,0.0,0.0,0.0,0.0,0,0,0,0,unknown
454000,797327,09/01/2022,08/31/2023,0.0,0.0,0.0,0.0,0.0,0.0,0.0,0,0,0,0,unknown
052054,797348,05/01/2022,04/30/2023,0.0,0.0,0.0,0.0,0.0,0.0,0.0,0,0,0,0,unknown
110064,797356,07/01/2022,06/30/2023,0.0,0.0,0.0,0.0,0.0,0.0,0.0,0,0,0,0,unknown
171345,797368,07/01/2022,06/30/2023,0.0,0.0,0.0,0.0,0.0,0.0,0.0,0,0,0,0,unknown
171348,797369,07/01/2022,06/30/2023,0.0,0.0,0.0,0.0,0.0,0.0,0.0,0,0,0,0,unknown
180018,797370,07/01/2022,06/30/2023,0.0,0.0,0.0,0.0,0.0,0.0,0.0,0,0,0,0,unknown
180048,797372,10/01/2021,09/30/2022,0.0,0.0,0.0,0.0,0.0,0.0,0.0,0,0,0,0,unknown
181332,797376,08/01/2022,07/31/2023,0.0,0.0,0.0,0.0,0.0,0.0,0.0,0,0,0,0,unknown
261312,797387,04/01/2022,03/31/2023,0.0,0.0,0.0,0.0,0.0,0.0,0.0,0,0,0,0,unknown
261330,797388,05/01/2022,04/30/2023,0.0,0.0,0.0,0.0,0.0,0.0,0.0,0,0,0,0,unknown
342015,797393,08/01/2022,07/31/2023,0.0,0.0,0.0,0.0,0.0,0.0,0.0,0,0,0,0,unknown
360012,797399,07/01/2022,06/30/2023,0.0,0.0,0.0,0.0,0.0,0.0,0.0,0,0,0,0,unknown
360077,797405,01/01/2022,12/31/2022,0.0,0.0,0.0,0.0,0.0,0.0,0.0,0,0,0,0,unknown
360150,797407,01/01/2022,12/31/2022,0.0,0.0,0.0,0.0,0.0,0.0,0.0,0,0,0,0,unknown
361312,797408,01/01/2022,12/31/2022,0.0,0.0,0.0,0.0,0.0,0.0,0.0,0,0,0,0,unknown
361320,797409,07/01/2022,06/30/2023,0.0,0.0,0.0,0.0,0.0,0.0,0.0,0,0,0,0,unknown
451365,797419,07/01/2022,06/30/2023,0.0,0.0,0.0,0.0,0.0,0.0,0.0,0,0,0,0,unknown
452044,797420,09/01/2022,08/31/2023,0.0,0.0,0.0,0.0,0.0,0.0,0.0,0,0,0,0,unknown
490002,797423,10/01/2021,09/30/2022,0.0,0.0,0.0,0.0,0.0,0.0,0.0,0,0,0,0,unknown
492001,797425,07/01/2022,06/30/2023,0.0,0.0,0.0,0.0,0.0,0.0,0.0,0,0,0,0,unknown
521300,797433,07/01/2022,06/30/2023,0.0,0.0,0.0,0.0,0.0,0.0,0.0,0,0,0,0,unknown
061317,797439,01/01/2022,12/31/2022,0.0,0.0,0.0,0.0,0.0,0.0,0.0,0,0,0,0,unknown
110034,797444,07/01/2022,06/30/2023,0.0,0.0,0.0,0.0,0.0,0.0,0.0,0,0,0,0,unknown
142008,797447,09/01/2022,08/31/2023,0.0,0.0,0.0,0.0,0.0,0.0,0.0,0,0,0,0,unknown
180124,797450,10/01/2021,09/30/2022,0.0,0.0,0.0,0.0,0.0,0.0,0.0,0,0,0,0,unknown
310119,797461,07/01/2022,06/30/2023,0.0,0.0,0.0,0.0,0.0,0.0,0.0,0,0,0,0,unknown
060022,797492,07/01/2022,06/30/2023,0.0,0.0,0.0,0.0,0.0,0.0,0.0,0,0,0,0,unknown
060119,797493,07/01/2022,06/30/2023,0.0,0.0,0.0,0.0,0.0,0.0,0.0,0,0,0,0,unknown
060132,797494,07/01/2022,06/30/2023,0.0,0.0,0.0,0.0,0.0,0.0,0.0,0,0,0,0,unknown
104024,797502,07/01/2022,06/30/2023,0.0,0.0,0.0,0.0,0.0,0.0,0.0,0,0,0,0,unknown
261308,797516,09/01/2022,08/31/2023,0.0,0.0,0.0,0.0,0.0,0.0,0.0,0,0,0,0,unknown
050292,797549,07/01/2022,06/30/2023,0.0,0.0,0.0,0.0,0.0,0.0,0.0,0,0,0,0,unknown
050567,797558,07/01/2022,06/30/2023,0.0,0.0,0.0,0.0,0.0,0.0,0.0,0,0,0,0,unknown
050736,797560,07/01/2022,06/30/2023,0.0,0.0,0.0,0.0,0.0,0.0,0.0,0,0,0,0,unknown
180050,797575,07/01/2022,06/30/2023,0.0,0.0,0.0,0.0,0.0,0.0,0.0,0,0,0,0,unknown
180115,797576,11/01/2021,10/31/2022,0.0,0.0,0.0,0.0,0.0,0.0,0.0,0,0,0,0,unknown
232035,797580,06/01/2022,05/31/2023,0.0,0.0,0.0,0.0,0.0,0.0,0.0,0,0,0,0,unknown
241323,797581,06/01/2022,05/31/2023,0.0,0.0,0.0,0.0,0.0,0.0,0.0,0,0,0,0,unknown
241326,797582,07/01/2022,06/30/2023,0.0,0.0,0.0,0.0,0.0,0.0,0.0,0,0,0,0,unknown
290008,797584,07/01/2022,06/30/2023,0.0,0.0,0.0,0.0,0.0,0.0,0.0,0,0,0,0,unknown
310039,797590,01/01/2022,12/31/2022,0.0,0.0,0.0,0.0,0.0,0.0,0.0,0,0,0,0,unknown
310052,797591,01/01/2022,12/31/2022,0.0,0.0,0.0,0.0,0.0,0.0,0.0,0,0,0,0,unknown
360148,797608,01/01/2022,12/31/2022,0.0,0.0,0.0,0.0,0.0,0.0,0.0,0,0,0,0,unknown
380037,797615,01/01/2022,12/31/2022,0.0,0.0,0.0,0.0,0.0,0.0,0.0,0,0,0,0,unknown
444026,797622,01/01/2022,12/31/2022,0.0,0.0,0.0,0.0,0.0,0.0,0.0,0,0,0,0,unknown
453048,797627,01/01/2022,12/31/2022,0.0,0.0,0.0,0.0,0.0,0.0,0.0,0,0,0,0,unknown
673039,797632,01/01/2022,12/31/2022,0.0,0.0,0.0,0.0,0.0,0.0,0.0,0,0,0,0,unknown
042004,797635,09/01/2022,08/31/2023,0.0,0.0,0.0,0.0,0.0,0.0,0.0,0,0,0,0,unknown
102031,797643,04/01/2022,03/31/2023,0.0,0.0,0.0,0.0,0.0,0.0,0.0,0,0,0,0,unknown
110038,797644,10/01/2021,09/30/2022,0.0,0.0,0.0,0.0,0.0,0.0,0.0,0,0,0,0,unknown
150072,797647,01/01/2022,12/31/2022,0.0,0.0,0.0,0.0,0.0,0.0,0.0,0,0,0,0,unknown
163026,797652,01/01/2022,12/31/2022,0.0,0.0,0.0,0.0,0.0,0.0,0.0,0,0,0,0,unknown
170190,797654,01/01/2022,12/31/2022,0.0,0.0,0.0,0.0,0.0,0.0,0.0,0,0,0,0,unknown
232019,797664,06/01/2022,05/31/2023,0.0,0.0,0.0,0.0,0.0,0.0,0.0,0,0,0,0,unknown
281326,797665,07/01/2022,06/30/2023,0.0,0.0,0.0,0.0,0.0,0.0,0.0,0,0,0,0,unknown
452100,797691,06/01/2022,05/31/2023,0.0,0.0,0.0,0.0,0.0,0.0,0.0,0,0,0,0,unknown
010083,797697,10/01/2021,09/30/2022,0.0,0.0,0.0,0.0,0.0,0.0,0.0,0,0,0,0,unknown
020006,797699,01/01/2022,12/31/2022,0.0,0.0,0.0,0.0,0.0,0.0,0.0,0,0,0,0,unknown
060010,797711,07/01/2022,06/30/2023,0.0,0.0,0.0,0.0,0.0,0.0,0.0,0,0,0,0,unknown
060049,797712,07/01/2022,06/30/2023,0.0,0.0,0.0,0.0,0.0,0.0,0.0,0,0,0,0,unknown
060128,797715,07/01/2022,06/30/2023,0.0,0.0,0.0,0.0,0.0,0.0,0.0,0,0,0,0,unknown
100049,797719,11/01/2021,10/31/2022,0.0,0.0,0.0,0.0,0.0,0.0,0.0,0,0,0,0,unknown
100077,797720,01/01/2022,12/31/2022,0.0,0.0,0.0,0.0,0.0,0.0,0.0,0,0,0,0,unknown
104080,797727,06/01/2022,05/31/2023,0.0,0.0,0.0,0.0,0.0,0.0,0.0,0,0,0,0,unknown
140290,797735,07/01/2022,06/30/2023,0.0,0.0,0.0,0.0,0.0,0.0,0.0,0,0,0,0,unknown
141300,797736,09/01/2022,08/31/2023,0.0,0.0,0.0,0.0,0.0,0.0,0.0,0,0,0,0,unknown
151303,797738,07/01/2022,06/30/2023,0.0,0.0,0.0,0.0,0.0,0.0,0.0,0,0,0,0,unknown
151308,797739,07/01/2022,06/30/2023,0.0,0.0,0.0,0.0,0.0,0.0,0.0,0,0,0,0,unknown
160008,797740,01/01/2022,09/30/2022,0.0,0.0,0.0,0.0,0.0,0.0,0.0,0,0,0,0,unknown
161327,797743,07/01/2022,06/30/2023,0.0,0.0,0.0,0.0,0.0,0.0,0.0,0,0,0,0,unknown
161340,797744,07/01/2022,06/30/2023,0.0,0.0,0.0,0.0,0.0,0.0,0.0,0,0,0,0,unknown
170017,797745,01/01/2022,12/31/2022,0.0,0.0,0.0,0.0,0.0,0.0,0.0,0,0,0,0,unknown
170196,797746,01/01/2022,12/31/2022,0.0,0.0,0.0,0.0,0.0,0.0,0.0,0,0,0,0,unknown
171307,797747,07/01/2022,06/30/2023,0.0,0.0,0.0,0.0,0.0,0.0,0.0,0,0,0,0,unknown
222046,797753,09/01/2022,08/31/2023,0.0,0.0,0.0,0.0,0.0,0.0,0.0,0,0,0,0,unknown
223029,797754,10/01/2021,09/30/2022,0.0,0.0,0.0,0.0,0.0,0.0,0.0,0,0,0,0,unknown
240088,797762,07/01/2022,06/30/2023,0.0,0.0,0.0,0.0,0.0,0.0,0.0,0,0,0,0,unknown
250007,797764,10/01/2021,09/30/2022,0.0,0.0,0.0,0.0,0.0,0.0,0.0,0,0,0,0,unknown
281327,797767,05/01/2022,04/30/2023,0.0,0.0,0.0,0.0,0.0,0.0,0.0,0,0,0,0,unknown
321300,797773,07/01/2022,06/30/2023,0.0,0.0,0.0,0.0,0.0,0.0,0.0,0,0,0,0,unknown
334046,797777,04/01/2022,03/31/2023,0.0,0.0,0.0,0.0,0.0,0.0,0.0,0,0,0,0,unknown
361302,797805,07/01/2022,06/30/2023,0.0,0.0,0.0,0.0,0.0,0.0,0.0,0,0,0,0,unknown
670023,797831,07/01/2022,06/30/2023,0.0,0.0,0.0,0.0,0.0,0.0,0.0,0,0,0,0,unknown
050070,797837,01/01/2022,12/31/2022,0.0,0.0,0.0,0.0,0.0,0.0,0.0,0,0,0,0,unknown
050541,797842,01/01/2022,12/31/2022,0.0,0.0,0.0,0.0,0.0,0.0,0.0,0,0,0,0,unknown
050748,797844,01/01/2022,12/31/2022,0.0,0.0,0.0,0.0,0.0,0.0,0.0,0,0,0,0,unknown
050772,797845,01/01/2022,12/31/2022,0.0,0.0,0.0,0.0,0.0,0.0,0.0,0,0,0,0,unknown
102012,797855,09/01/2022,08/31/2023,0.0,0.0,0.0,0.0,0.0,0.0,0.0,0,0,0,0,unknown
104017,797856,07/01/2022,06/30/2023,0.0,0.0,0.0,0.0,0.0,0.0,0.0,0,0,0,0,unknown
110003,797857,01/01/2022,12/31/2022,0.0,0.0,0.0,0.0,0.0,0.0,0.0,0,0,0,0,unknown
120011,797858,01/01/2022,12/31/2022,0.0,0.0,0.0,0.0,0.0,0.0,0.0,0,0,0,0,unknown
153043,797866,01/01/2022,12/31/2022,0.0,0.0,0.0,0.0,0.0,0.0,0.0,0,0,0,0,unknown
180017,797870,10/01/2021,09/30/2022,0.0,0.0,0.0,0.0,0.0,0.0,0.0,0,0,0,0,unknown
190034,797872,01/01/2022,12/31/2022,0.0,0.0,0.0,0.0,0.0,0.0,0.0,0,0,0,0,unknown
250136,797879,01/01/2022,12/31/2022,0.0,0.0,0.0,0.0,0.0,0.0,0.0,0,0,0,0,unknown
310054,797886,01/01/2022,12/31/2022,0.0,0.0,0.0,0.0,0.0,0.0,0.0,0,0,0,0,unknown
321306,797890,01/01/2022,12/31/2022,0.0,0.0,0.0,0.0,0.0,0.0,0.0,0,0,0,0,unknown
360009,797897,01/01/2022,12/31/2022,0.0,0.0,0.0,0.0,0.0,0.0,0.0,0,0,0,0,unknown
360051,797899,01/01/2022,12/31/2022,0.0,0.0,0.0,0.0,0.0,0.0,0.0,0,0,0,0,unknown
360075,797900,01/01/2022,12/31/2022,0.0,0.0,0.0,0.0,0.0,0.0,0.0,0,0,0,0,unknown
360096,797901,01/01/2022,12/31/2022,0.0,0.0,0.0,0.0,0.0,0.0,0.0,0,0,0,0,unknown
360159,797902,01/01/2022,12/31/2022,0.0,0.0,0.0,0.0,0.0,0.0,0.0,0,0,0,0,unknown
362020,797903,09/01/2022,08/31/2023,0.0,0.0,0.0,0.0,0.0,0.0,0.0,0,0,0,0,unknown
440030,797910,07/01/2022,06/30/2023,0.0,0.0,0.0,0.0,0.0,0.0,0.0,0,0,0,0,unknown
010019,797926,10/01/2021,09/30/2022,0.0,0.0,0.0,0.0,0.0,0.0,0.0,0,0,0,0,unknown
040019,797927,10/01/2021,09/30/2022,0.0,0.0,0.0,0.0,0.0,0.0,0.0,0,0,0,0,unknown
050071,797928,01/01/2022,12/31/2022,0.0,0.0,0.0,0.0,0.0,0.0,0.0,0,0,0,0,unknown
062013,797938,09/01/2022,08/31/2023,0.0,0.0,0.0,0.0,0.0,0.0,0.0,0,0,0,0,unknown
141344,797944,07/01/2022,06/30/2023,0.0,0.0,0.0,0.0,0.0,0.0,0.0,0,0,0,0,unknown
150158,797946,01/01/2022,12/31/2022,0.0,0.0,0.0,0.0,0.0,0.0,0.0,0,0,0,0,unknown
152007,797949,09/01/2022,08/31/2023,0.0,0.0,0.0,0.0,0.0,0.0,0.0,0,0,0,0,unknown
152025,797951,09/01/2022,08/31/2023,0.0,0.0,0.0,0.0,0.0,0.0,0.0,0,0,0,0,unknown
153048,797952,01/01/2022,12/31/2022,0.0,0.0,0.0,0.0,0.0,0.0,0.0,0,0,0,0,unknown
161346,797953,07/01/2022,06/30/2023,0.0,0.0,0.0,0.0,0.0,0.0,0.0,0,0,0,0,unknown
170027,797955,10/01/2021,09/30/2022,0.0,0.0,0.0,0.0,0.0,0.0,0.0,0,0,0,0,unknown
170186,797958,01/01/2022,12/31/2022,0.0,0.0,0.0,0.0,0.0,0.0,0.0,0,0,0,0,unknown
171378,797959,05/01/2022,04/30/2023,0.0,0.0,0.0,0.0,0.0,0.0,0.0,0,0,0,0,unknown
173025,797960,01/01/2022,12/31/2022,0.0,0.0,0.0,0.0,0.0,0.0,0.0,0,0,0,0,unknown
180078,797961,10/01/2021,11/30/2021,0.0,0.0,0.0,0.0,0.0,0.0,0.0,0,0,0,0,unknown
220065,797965,10/01/2021,09/30/2022,0.0,0.0,0.0,0.0,0.0,0.0,0.0,0,0,0,0,unknown
230132,797967,07/01/2022,06/30/2023,0.0,0.0,0.0,0.0,0.0,0.0,0.0,0,0,0,0,unknown
231309,797969,07/01/2022,06/30/2023,0.0,0.0,0.0,0.0,0.0,0.0,0.0,0,0,0,0,unknown
261305,797972,07/01/2022,06/30/2023,0.0,0.0,0.0,0.0,0.0,0.0,0.0,0,0,0,0,unknown
281303,797976,09/01/2022,08/31/2023,0.0,0.0,0.0,0.0,0.0,0.0,0.0,0,0,0,0,unknown
450184,797993,07/01/2022,06/30/2023,0.0,0.0,0.0,0.0,0.0,0.0,0.0,0,0,0,0,unknown
100026,798028,07/01/2022,06/30/2023,0.0,0.0,0.0,0.0,0.0,0.0,0.0,0,0,0,0,unknown
150011,798043,07/01/2022,06/30/2023,0.0,0.0,0.0,0.0,0.0,0.0,0.0,0,0,0,0,unknown
150102,798045,01/01/2022,12/31/2022,0.0,0.0,0.0,0.0,0.0,0.0,0.0,0,0,0,0,unknown
153044,798047,01/01/2022,12/31/2022,0.0,0.0,0.0,0.0,0.0,0.0,0.0,0,0,0,0,unknown
192006,798059,09/01/2022,08/31/2023,0.0,0.0,0.0,0.0,0.0,0.0,0.0,0,0,0,0,unknown
310048,798072,01/01/2022,12/31/2022,0.0,0.0,0.0,0.0,0.0,0.0,0.0,0,0,0,0,unknown
310061,798073,01/01/2022,12/31/2022,0.0,0.0,0.0,0.0,0.0,0.0,0.0,0,0,0,0,unknown
330229,798076,01/01/2022,12/31/2022,0.0,0.0,0.0,0.0,0.0,0.0,0.0,0,0,0,0,unknown
340144,798081,10/01/2021,09/30/2022,0.0,0.0,0.0,0.0,0.0,0.0,0.0,0,0,0,0,unknown
342012,798083,09/01/2022,08/31/2023,0.0,0.0,0.0,0.0,0.0,0.0,0.0,0,0,0,0,unknown
344030,798084,01/01/2022,12/31/2022,0.0,0.0,0.0,0.0,0.0,0.0,0.0,0,0,0,0,unknown
344032,798085,01/01/2022,12/31/2022,0.0,0.0,0.0,0.0,0.0,0.0,0.0,0,0,0,0,unknown
371305,798090,07/01/2022,06/30/2023,0.0,0.0,0.0,0.0,0.0,0.0,0.0,0,0,0,0,unknown
042008,798131,09/01/2022,08/31/2023,0.0,0.0,0.0,0.0,0.0,0.0,0.0,0,0,0,0,unknown
050690,798136,01/01/2022,12/31/2022,0.0,0.0,0.0,0.0,0.0,0.0,0.0,0,0,0,0,unknown
050767,798137,01/01/2022,12/31/2022,0.0,0.0,0.0,0.0,0.0,0.0,0.0,0,0,0,0,unknown
060129,798140,07/01/2022,06/30/2023,0.0,0.0,0.0,0.0,0.0,0.0,0.0,0,0,0,0,unknown
062009,798141,09/01/2022,08/31/2023,0.0,0.0,0.0,0.0,0.0,0.0,0.0,0,0,0,0,unknown
110007,798146,08/01/2022,07/31/2023,0.0,0.0,0.0,0.0,0.0,0.0,0.0,0,0,0,0,unknown
110025,798147,05/01/2022,04/30/2023,0.0,0.0,0.0,0.0,0.0,0.0,0.0,0,0,0,0,unknown
110122,798148,10/01/2021,09/30/2022,0.0,0.0,0.0,0.0,0.0,0.0,0.0,0,0,0,0,unknown
150168,798158,01/01/2022,12/31/2022,0.0,0.0,0.0,0.0,0.0,0.0,0.0,0,0,0,0,unknown
154020,798159,07/01/2022,06/30/2023,0.0,0.0,0.0,0.0,0.0,0.0,0.0,0,0,0,0,unknown
231320,798170,07/01/2022,06/30/2023,0.0,0.0,0.0,0.0,0.0,0.0,0.0,0,0,0,0,unknown
263030,798177,01/01/2022,12/31/2022,0.0,0.0,0.0,0.0,0.0,0.0,0.0,0,0,0,0,unknown
281325,798179,07/01/2022,06/30/2023,0.0,0.0,0.0,0.0,0.0,0.0,0.0,0,0,0,0,unknown
352005,798196,08/01/2022,07/31/2023,0.0,0.0,0.0,0.0,0.0,0.0,0.0,0,0,0,0,unknown
371302,798210,07/01/2022,06/30/2023,0.0,0.0,0.0,0.0,0.0,0.0,0.0,0,0,0,0,unknown
670043,798242,12/01/2021,11/30/2022,0.0,0.0,0.0,0.0,0.0,0.0,0.0,0,0,0,0,unknown
052036,798248,09/01/2022,08/31/2023,0.0,0.0,0.0,0.0,0.0,0.0,0.0,0,0,0,0,unknown
100168,798257,10/01/2021,09/30/2022,0.0,0.0,0.0,0.0,0.0,0.0,0.0,0,0,0,0,unknown
150149,798271,01/01/2022,12/31/2022,0.0,0.0,0.0,0.0,0.0,0.0,0.0,0,0,0,0,unknown
161347,798273,07/01/2022,06/30/2023,0.0,0.0,0.0,0.0,0.0,0.0,0.0,0,0,0,0,unknown
161361,798274,07/01/2022,06/30/2023,0.0,0.0,0.0,0.0,0.0,0.0,0.0,0,0,0,0,unknown
181301,798278,01/01/2022,12/31/2022,0.0,0.0,0.0,0.0,0.0,0.0,0.0,0,0,0,0,unknown
182001,798279,09/01/2022,08/31/2023,0.0,0.0,0.0,0.0,0.0,0.0,0.0,0,0,0,0,unknown
230105,798289,10/01/2021,09/30/2022,0.0,0.0,0.0,0.0,0.0,0.0,0.0,0,0,0,0,unknown
234006,798292,07/01/2022,06/30/2023,0.0,0.0,0.0,0.0,0.0,0.0,0.0,0,0,0,0,unknown
250082,798304,10/01/2021,09/30/2022,0.0,0.0,0.0,0.0,0.0,0.0,0.0,0,0,0,0,unknown
261318,798308,07/01/2022,06/30/2023,0.0,0.0,0.0,0.0,0.0,0.0,0.0,0,0,0,0,unknown
320009,798314,03/01/2022,02/28/2023,0.0,0.0,0.0,0.0,0.0,0.0,0.0,0,0,0,0,unknown
450537,798347,07/01/2022,06/30/2023,0.0,0.0,0.0,0.0,0.0,0.0,0.0,0,0,0,0,unknown
452056,798355,09/01/2022,08/31/2023,0.0,0.0,0.0,0.0,0.0,0.0,0.0,0,0,0,0,unknown
010029,798379,10/01/2021,09/30/2022,0.0,0.0,0.0,0.0,0.0,0.0,0.0,0,0,0,0,unknown
010092,798380,10/01/2021,09/30/2022,0.0,0.0,0.0,0.0,0.0,0.0,0.0,0,0,0,0,unknown
050674,798389,01/01/2022,12/31/2022,0.0,0.0,0.0,0.0,0.0,0.0,0.0,0,0,0,0,unknown
054124,798390,07/01/2022,06/30/2023,0.0,0.0,0.0,0.0,0.0,0.0,0.0,0,0,0,0,unknown
150030,798428,01/01/2022,12/31/2022,0.0,0.0,0.0,0.0,0.0,0.0,0.0,0,0,0,0,unknown
153049,798429,12/17/2021,12/31/2022,0.0,0.0,0.0,0.0,0.0,0.0,0.0,0,0,0,0,unknown
161376,798430,07/01/2022,06/30/2023,0.0,0.0,0.0,0.0,0.0,0.0,0.0,0,0,0,0,unknown
180088,798432,01/01/2022,12/31/2022,0.0,0.0,0.0,0.0,0.0,0.0,0.0,0,0,0,0,unknown
261301,798449,06/01/2022,05/31/2023,0.0,0.0,0.0,0.0,0.0,0.0,0.0,0,0,0,0,unknown
271312,798450,05/01/2022,04/30/2023,0.0,0.0,0.0,0.0,0.0,0.0,0.0,0,0,0,0,unknown
340129,798467,10/01/2021,09/30/2022,0.0,0.0,0.0,0.0,0.0,0.0,0.0,0,0,0,0,unknown
351300,798474,07/01/2022,06/30/2023,0.0,0.0,0.0,0.0,0.0,0.0,0.0,0,0,0,0,unknown
360039,798475,01/01/2022,12/31/2022,0.0,0.0,0.0,0.0,0.0,0.0,0.0,0,0,0,0,unknown
371317,798478,07/01/2022,06/30/2023,0.0,0.0,0.0,0.0,0.0,0.0,0.0,0,0,0,0,unknown
371325,798479,07/01/2022,06/30/2023,0.0,0.0,0.0,0.0,0.0,0.0,0.0,0,0,0,0,unknown
392037,798483,06/01/2022,05/31/2023,0.0,0.0,0.0,0.0,0.0,0.0,0.0,0,0,0,0,unknown
451380,798508,06/01/2022,05/31/2023,0.0,0.0,0.0,0.0,0.0,0.0,0.0,0,0,0,0,unknown
502002,798512,09/01/2022,08/31/2023,0.0,0.0,0.0,0.0,0.0,0.0,0.0,0,0,0,0,unknown
522008,798521,06/01/2022,05/31/2023,0.0,0.0,0.0,0.0,0.0,0.0,0.0,0,0,0,0,unknown
160117,798562,01/01/2022,12/31/2022,0.0,0.0,0.0,0.0,0.0,0.0,0.0,0,0,0,0,unknown
191301,798565,07/01/2022,06/30/2023,0.0,0.0,0.0,0.0,0.0,0.0,0.0,0,0,0,0,unknown
271337,798577,04/01/2022,03/31/2023,0.0,0.0,0.0,0.0,0.0,0.0,0.0,0,0,0,0,unknown
281356,798579,07/01/2022,06/30/2023,0.0,0.0,0.0,0.0,0.0,0.0,0.0,0,0,0,0,unknown
292003,798580,06/01/2022,05/31/2023,0.0,0.0,0.0,0.0,0.0,0.0,0.0,0,0,0,0,unknown
310041,798581,01/01/2022,12/31/2022,0.0,0.0,0.0,0.0,0.0,0.0,0.0,0,0,0,0,unknown
431321,798606,07/01/2022,06/30/2023,0.0,0.0,0.0,0.0,0.0,0.0,0.0,0,0,0,0,unknown
512004,798624,08/01/2022,07/31/2023,0.0,0.0,0.0,0.0,0.0,0.0,0.0,0,0,0,0,unknown
042010,798648,09/01/2022,08/31/2023,0.0,0.0,0.0,0.0,0.0,0.0,0.0,0,0,0,0,unknown
110036,798666,01/01/2022,12/31/2022,0.0,0.0,0.0,0.0,0.0,0.0,0.0,0,0,0,0,unknown
150153,798679,07/01/2022,06/30/2023,0.0,0.0,0.0,0.0,0.0,0.0,0.0,0,0,0,0,unknown
150166,798680,01/01/2022,12/31/2022,0.0,0.0,0.0,0.0,0.0,0.0,0.0,0,0,0,0,unknown
182003,798683,06/01/2022,05/31/2023,0.0,0.0,0.0,0.0,0.0,0.0,0.0,0,0,0,0,unknown
192012,798684,09/01/2022,08/31/2023,0.0,0.0,0.0,0.0,0.0,0.0,0.0,0,0,0,0,unknown
280131,798705,01/01/2022,12/31/2022,0.0,0.0,0.0,0.0,0.0,0.0,0.0,0,0,0,0,unknown
321310,798709,06/01/2022,05/31/2023,0.0,0.0,0.0,0.0,0.0,0.0,0.0,0,0,0,0,unknown
440173,798731,09/01/2022,08/31/2023,0.0,0.0,0.0,0.0,0.0,0.0,0.0,0,0,0,0,unknown
450211,798736,07/01/2022,06/30/2023,0.0,0.0,0.0,0.0,0.0,0.0,0.0,0,0,0,0,unknown
010011,798762,07/01/2022,06/30/2023,0.0,0.0,0.0,0.0,0.0,0.0,0.0,0,0,0,0,unknown
010040,798763,10/01/2021,09/30/2022,0.0,0.0,0.0,0.0,0.0,0.0,0.0,0,0,0,0,unknown
040010,798768,07/01/2022,06/30/2023,0.0,0.0,0.0,0.0,0.0,0.0,0.0,0,0,0,0,unknown
050073,798771,01/01/2022,12/31/2022,0.0,0.0,0.0,0.0,0.0,0.0,0.0,0,0,0,0,unknown
050425,798776,01/01/2022,12/31/2022,0.0,0.0,0.0,0.0,0.0,0.0,0.0,0,0,0,0,unknown
050710,798782,01/01/2022,12/31/2022,0.0,0.0,0.0,0.0,0.0,0.0,0.0,0,0,0,0,unknown
050765,798783,01/01/2022,12/31/2022,0.0,0.0,0.0,0.0,0.0,0.0,0.0,0,0,0,0,unknown
052045,798785,09/01/2022,08/31/2023,0.0,0.0,0.0,0.0,0.0,0.0,0.0,0,0,0,0,unknown
140064,798796,10/01/2021,09/30/2022,0.0,0.0,0.0,0.0,0.0,0.0,0.0,0,0,0,0,unknown
142010,798799,06/01/2022,05/31/2023,0.0,0.0,0.0,0.0,0.0,0.0,0.0,0,0,0,0,unknown
143027,798800,09/01/2022,08/31/2023,0.0,0.0,0.0,0.0,0.0,0.0,0.0,0,0,0,0,unknown
150160,798801,01/01/2022,12/31/2022,0.0,0.0,0.0,0.0,0.0,0.0,0.0,0,0,0,0,unknown
230093,798811,01/01/2022,12/31/2022,0.0,0.0,0.0,0.0,0.0,0.0,0.0,0,0,0,0,unknown
230193,798812,10/01/2021,09/30/2022,0.0,0.0,0.0,0.0,0.0,0.0,0.0,0,0,0,0,unknown
240022,798815,01/01/2022,12/31/2022,0.0,0.0,0.0,0.0,0.0,0.0,0.0,0,0,0,0,unknown
240166,798817,01/01/2022,12/31/2022,0.0,0.0,0.0,0.0,0.0,0.0,0.0,0,0,0,0,unknown
281301,798822,07/01/2022,06/30/2023,0.0,0.0,0.0,0.0,0.0,0.0,0.0,0,0,0,0,unknown
334013,798829,04/01/2022,03/31/2023,0.0,0.0,0.0,0.0,0.0,0.0,0.0,0,0,0,0,unknown
380091,798858,01/01/2022,12/31/2022,0.0,0.0,0.0,0.0,0.0,0.0,0.0,0,0,0,0,unknown
431305,798869,06/01/2022,05/31/2023,0.0,0.0,0.0,0.0,0.0,0.0,0.0,0,0,0,0,unknown
100142,798926,10/01/2021,09/30/2022,0.0,0.0,0.0,0.0,0.0,0.0,0.0,0,0,0,0,unknown
181309,798959,07/01/2022,06/30/2023,0.0,0.0,0.0,0.0,0.0,0.0,0.0,0,0,0,0,unknown
181322,798961,07/01/2022,06/30/2023,0.0,0.0,0.0,0.0,0.0,0.0,0.0,0,0,0,0,unknown
181328,798963,07/01/2022,06/30/2023,0.0,0.0,0.0,0.0,0.0,0.0,0.0,0,0,0,0,unknown
182004,798964,09/01/2022,08/31/2023,0.0,0.0,0.0,0.0,0.0,0.0,0.0,0,0,0,0,unknown
230021,798970,01/01/2022,12/31/2022,0.0,0.0,0.0,0.0,0.0,0.0,0.0,0,0,0,0,unknown
230096,798972,10/01/2021,09/30/2022,0.0,0.0,0.0,0.0,0.0,0.0,0.0,0,0,0,0,unknown
241309,798984,07/01/2022,06/30/2023,0.0,0.0,0.0,0.0,0.0,0.0,0.0,0,0,0,0,unknown
250141,798989,10/01/2021,09/30/2022,0.0,0.0,0.0,0.0,0.0,0.0,0.0,0,0,0,0,unknown
281349,798994,07/01/2022,06/30/2023,0.0,0.0,0.0,0.0,0.0,0.0,0.0,0,0,0,0,unknown
334012,798997,04/01/2022,03/31/2023,0.0,0.0,0.0,0.0,0.0,0.0,0.0,0,0,0,0,unknown
361307,799004,01/01/2022,12/31/2022,0.0,0.0,0.0,0.0,0.0,0.0,0.0,0,0,0,0,unknown
361323,799005,01/01/2022,12/31/2022,0.0,0.0,0.0,0.0,0.0,0.0,0.0,0,0,0,0,unknown
363034,799006,10/01/2021,09/30/2022,0.0,0.0,0.0,0.0,0.0,0.0,0.0,0,0,0,0,unknown
420104,799014,01/01/2022,12/31/2022,0.0,0.0,0.0,0.0,0.0,0.0,0.0,0,0,0,0,unknown
450855,799023,01/01/2022,12/31/2022,0.0,0.0,0.0,0.0,0.0,0.0,0.0,0,0,0,0,unknown
453310,799029,07/01/2022,06/30/2023,0.0,0.0,0.0,0.0,0.0,0.0,0.0,0,0,0,0,unknown
493301,799036,07/01/2022,06/30/2023,0.0,0.0,0.0,0.0,0.0,0.0,0.0,0,0,0,0,unknown
511310,799037,07/01/2022,06/30/2023,0.0,0.0,0.0,0.0,0.0,0.0,0.0,0,0,0,0,unknown
010033,799043,10/01/2021,09/30/2022,0.0,0.0,0.0,0.0,0.0,0.0,0.0,0,0,0,0,unknown
111334,799089,01/01/2022,12/31/2022,0.0,0.0,0.0,0.0,0.0,0.0,0.0,0,0,0,0,unknown
151325,799108,07/01/2022,06/30/2023,0.0,0.0,0.0,0.0,0.0,0.0,0.0,0,0,0,0,unknown
161318,799110,07/01/2022,06/30/2023,0.0,0.0,0.0,0.0,0.0,0.0,0.0,0,0,0,0,unknown
230110,799129,01/01/2022,12/31/2022,0.0,0.0,0.0,0.0,0.0,0.0,0.0,0,0,0,0,unknown
281329,799152,07/01/2022,06/30/2023,0.0,0.0,0.0,0.0,0.0,0.0,0.0,0,0,0,0,unknown
351322,799164,07/01/2022,06/30/2023,0.0,0.0,0.0,0.0,0.0,0.0,0.0,0,0,0,0,unknown
373033,799168,01/01/2022,12/31/2022,0.0,0.0,0.0,0.0,0.0,0.0,0.0,0,0,0,0,unknown
392044,799170,07/01/2022,06/30/2023,0.0,0.0,0.0,0.0,0.0,0.0,0.0,0,0,0,0,unknown
440046,799180,06/01/2022,05/31/2023,0.0,0.0,0.0,0.0,0.0,0.0,0.0,0,0,0,0,unknown
450662,799186,04/01/2022,03/31/2023,0.0,0.0,0.0,0.0,0.0,0.0,0.0,0,0,0,0,unknown
451378,799191,10/01/2021,09/30/2022,0.0,0.0,0.0,0.0,0.0,0.0,0.0,0,0,0,0,unknown
041329,799207,07/01/2022,06/30/2023,0.0,0.0,0.0,0.0,0.0,0.0,0.0,0,0,0,0,unknown
050604,799210,01/01/2022,12/31/2022,0.0,0.0,0.0,0.0,0.0,0.0,0.0,0,0,0,0,unknown
212002,799242,07/01/2022,06/30/2023,0.0,0.0,0.0,0.0,0.0,0.0,0.0,0,0,0,0,unknown
250048,799256,01/01/2022,12/31/2022,0.0,0.0,0.0,0.0,0.0,0.0,0.0,0,0,0,0,unknown
372005,799279,06/01/2022,05/31/2023,0.0,0.0,0.0,0.0,0.0,0.0,0.0,0,0,0,0,unknown
440017,799288,07/01/2022,06/30/2023,0.0,0.0,0.0,0.0,0.0,0.0,0.0,0,0,0,0,unknown
440150,799289,01/01/2022,12/31/2022,0.0,0.0,0.0,0.0,0.0,0.0,0.0,0,0,0,0,unknown
010120,799309,10/01/2021,09/30/2022,0.0,0.0,0.0,0.0,0.0,0.0,0.0,0,0,0,0,unknown
010144,799310,01/01/2022,12/31/2022,0.0,0.0,0.0,0.0,0.0,0.0,0.0,0,0,0,0,unknown
040147,799317,01/01/2022,12/31/2022,0.0,0.0,0.0,0.0,0.0,0.0,0.0,0,0,0,0,unknown
050075,799322,01/01/2022,12/31/2022,0.0,0.0,0.0,0.0,0.0,0.0,0.0,0,0,0,0,unknown
052033,799325,09/01/2022,08/31/2023,0.0,0.0,0.0,0.0,0.0,0.0,0.0,0,0,0,0,unknown
052049,799326,09/01/2022,08/31/2023,0.0,0.0,0.0,0.0,0.0,0.0,0.0,0,0,0,0,unknown
054125,799328,07/01/2022,06/30/2023,0.0,0.0,0.0,0.0,0.0,0.0,0.0,0,0,0,0,unknown
150075,799356,10/01/2021,09/30/2022,0.0,0.0,0.0,0.0,0.0,0.0,0.0,0,0,0,0,unknown
153030,799357,10/01/2021,09/30/2022,0.0,0.0,0.0,0.0,0.0,0.0,0.0,0,0,0,0,unknown
161368,799358,07/01/2022,06/30/2023,0.0,0.0,0.0,0.0,0.0,0.0,0.0,0,0,0,0,unknown
190255,799362,01/01/2022,12/31/2022,0.0,0.0,0.0,0.0,0.0,0.0,0.0,0,0,0,0,unknown
210005,799365,07/01/2022,06/30/2023,0.0,0.0,0.0,0.0,0.0,0.0,0.0,0,0,0,0,unknown
220030,799367,10/01/2021,09/30/2022,0.0,0.0,0.0,0.0,0.0,0.0,0.0,0,0,0,0,unknown
220095,799369,10/01/2021,09/30/2022,0.0,0.0,0.0,0.0,0.0,0.0,0.0,0,0,0,0,unknown
230080,799373,10/01/2021,09/30/2022,0.0,0.0,0.0,0.0,0.0,0.0,0.0,0,0,0,0,unknown
231305,799377,07/01/2022,06/30/2023,0.0,0.0,0.0,0.0,0.0,0.0,0.0,0,0,0,0,unknown
240059,799380,01/01/2022,07/31/2022,0.0,0.0,0.0,0.0,0.0,0.0,0.0,0,0,0,0,unknown
241313,799383,07/01/2022,06/30/2023,0.0,0.0,0.0,0.0,0.0,0.0,0.0,0,0,0,0,unknown
271309,799395,07/01/2022,06/30/2023,0.0,0.0,0.0,0.0,0.0,0.0,0.0,0,0,0,0,unknown
271328,799397,04/01/2022,03/31/2023,0.0,0.0,0.0,0.0,0.0,0.0,0.0,0,0,0,0,unknown
334015,799402,04/01/2022,03/31/2023,0.0,0.0,0.0,0.0,0.0,0.0,0.0,0,0,0,0,unknown
340028,799404,10/01/2021,09/30/2022,0.0,0.0,0.0,0.0,0.0,0.0,0.0,0,0,0,0,unknown
340050,799405,07/01/2022,06/30/2023,0.0,0.0,0.0,0.0,0.0,0.0,0.0,0,0,0,0,unknown
340070,799406,10/01/2021,09/30/2022,0.0,0.0,0.0,0.0,0.0,0.0,0.0,0,0,0,0,unknown
340131,799408,07/01/2022,06/30/2023,0.0,0.0,0.0,0.0,0.0,0.0,0.0,0,0,0,0,unknown
360037,799410,01/01/2022,11/15/2022,0.0,0.0,0.0,0.0,0.0,0.0,0.0,0,0,0,0,unknown
360109,799412,01/01/2022,12/31/2022,0.0,0.0,0.0,0.0,0.0,0.0,0.0,0,0,0,0,unknown
431317,799426,07/01/2022,06/30/2023,0.0,0.0,0.0,0.0,0.0,0.0,0.0,0,0,0,0,unknown
440035,799427,10/01/2021,09/30/2022,0.0,0.0,0.0,0.0,0.0,0.0,0.0,0,0,0,0,unknown
440053,799428,07/01/2022,06/30/2023,0.0,0.0,0.0,0.0,0.0,0.0,0.0,0,0,0,0,unknown
440156,799429,04/01/2022,03/31/2023,0.0,0.0,0.0,0.0,0.0,0.0,0.0,0,0,0,0,unknown
453035,799440,06/01/2022,05/31/2023,0.0,0.0,0.0,0.0,0.0,0.0,0.0,0,0,0,0,unknown
054144,799469,07/01/2022,06/30/2023,0.0,0.0,0.0,0.0,0.0,0.0,0.0,0,0,0,0,unknown
100132,799478,01/01/2022,12/31/2022,0.0,0.0,0.0,0.0,0.0,0.0,0.0,0,0,0,0,unknown
102015,799489,09/01/2022,08/31/2023,0.0,0.0,0.0,0.0,0.0,0.0,0.0,0,0,0,0,unknown
140161,799494,10/01/2021,09/30/2022,0.0,0.0,0.0,0.0,0.0,0.0,0.0,0,0,0,0,unknown
142006,799499,09/01/2022,08/31/2023,0.0,0.0,0.0,0.0,0.0,0.0,0.0,0,0,0,0,unknown
143032,799500,09/07/2022,08/31/2023,0.0,0.0,0.0,0.0,0.0,0.0,0.0,0,0,0,0,unknown
150022,799501,01/01/2022,12/31/2022,0.0,0.0,0.0,0.0,0.0,0.0,0.0,0,0,0,0,unknown
150183,799503,01/01/2022,12/31/2022,0.0,0.0,0.0,0.0,0.0,0.0,0.0,0,0,0,0,unknown
161323,799505,07/01/2022,06/30/2023,0.0,0.0,0.0,0.0,0.0,0.0,0.0,0,0,0,0,unknown
190026,799506,01/01/2022,12/31/2022,0.0,0.0,0.0,0.0,0.0,0.0,0.0,0,0,0,0,unknown
190176,799507,01/01/2022,12/31/2022,0.0,0.0,0.0,0.0,0.0,0.0,0.0,0,0,0,0,unknown
230085,799530,01/01/2022,12/31/2022,0.0,0.0,0.0,0.0,0.0,0.0,0.0,0,0,0,0,unknown
230144,799531,01/01/2022,12/31/2022,0.0,0.0,0.0,0.0,0.0,0.0,0.0,0,0,0,0,unknown
241377,799534,07/01/2022,06/30/2023,0.0,0.0,0.0,0.0,0.0,0.0,0.0,0,0,0,0,unknown
261316,799545,07/01/2022,06/30/2023,0.0,0.0,0.0,0.0,0.0,0.0,0.0,0,0,0,0,unknown
261335,799547,07/01/2022,06/30/2023,0.0,0.0,0.0,0.0,0.0,0.0,0.0,0,0,0,0,unknown
262010,799548,09/01/2022,08/31/2023,0.0,0.0,0.0,0.0,0.0,0.0,0.0,0,0,0,0,unknown
272001,799551,09/01/2022,08/31/2023,0.0,0.0,0.0,0.0,0.0,0.0,0.0,0,0,0,0,unknown
340030,799570,07/01/2022,06/30/2023,0.0,0.0,0.0,0.0,0.0,0.0,0.0,0,0,0,0,unknown
340039,799571,10/01/2021,09/30/2022,0.0,0.0,0.0,0.0,0.0,0.0,0.0,0,0,0,0,unknown
340053,799572,01/01/2022,12/31/2022,0.0,0.0,0.0,0.0,0.0,0.0,0.0,0,0,0,0,unknown
340073,799573,07/01/2022,06/30/2023,0.0,0.0,0.0,0.0,0.0,0.0,0.0,0,0,0,0,unknown
340158,799574,01/01/2022,12/31/2022,0.0,0.0,0.0,0.0,0.0,0.0,0.0,0,0,0,0,unknown
340171,799575,01/01/2022,12/31/2022,0.0,0.0,0.0,0.0,0.0,0.0,0.0,0,0,0,0,unknown
420037,799587,10/01/2021,09/30/2022,0.0,0.0,0.0,0.0,0.0,0.0,0.0,0,0,0,0,unknown
420038,799588,10/01/2021,09/30/2022,0.0,0.0,0.0,0.0,0.0,0.0,0.0,0,0,0,0,unknown
420049,799589,10/01/2021,09/30/2022,0.0,0.0,0.0,0.0,0.0,0.0,0.0,0,0,0,0,unknown
420078,799590,10/01/2021,09/30/2022,0.0,0.0,0.0,0.0,0.0,0.0,0.0,0,0,0,0,unknown
420102,799591,10/01/2021,09/30/2022,0.0,0.0,0.0,0.0,0.0,0.0,0.0,0,0,0,0,unknown
490009,799600,07/01/2022,06/30/2023,0.0,0.0,0.0,0.0,0.0,0.0,0.0,0,0,0,0,unknown
490024,799601,10/01/2021,09/30/2022,0.0,0.0,0.0,0.0,0.0,0.0,0.0,0,0,0,0,unknown
490042,799604,10/01/2021,09/30/2022,0.0,0.0,0.0,0.0,0.0,0.0,0.0,0,0,0,0,unknown
490117,799606,10/01/2021,09/30/2022,0.0,0.0,0.0,0.0,0.0,0.0,0.0,0,0,0,0,unknown
510001,799609,01/01/2022,12/31/2022,0.0,0.0,0.0,0.0,0.0,0.0,0.0,0,0,0,0,unknown
510007,799611,10/01/2021,09/30/2022,0.0,0.0,0.0,0.0,0.0,0.0,0.0,0,0,0,0,unknown
510008,799612,01/01/2022,12/31/2022,0.0,0.0,0.0,0.0,0.0,0.0,0.0,0,0,0,0,unknown
510013,799613,01/01/2022,12/31/2022,0.0,0.0,0.0,0.0,0.0,0.0,0.0,0,0,0,0,unknown
510023,799614,07/01/2022,06/30/2023,0.0,0.0,0.0,0.0,0.0,0.0,0.0,0,0,0,0,unknown
510024,799615,07/01/2022,12/31/2022,0.0,0.0,0.0,0.0,0.0,0.0,0.0,0,0,0,0,unknown
510029,799616,10/01/2021,09/30/2022,0.0,0.0,0.0,0.0,0.0,0.0,0.0,0,0,0,0,unknown
510058,799618,01/01/2022,12/31/2022,0.0,0.0,0.0,0.0,0.0,0.0,0.0,0,0,0,0,unknown
510072,799619,01/01/2022,12/31/2022,0.0,0.0,0.0,0.0,0.0,0.0,0.0,0,0,0,0,unknown
520213,799625,07/01/2022,06/30/2023,0.0,0.0,0.0,0.0,0.0,0.0,0.0,0,0,0,0,unknown
041326,799633,07/01/2022,06/30/2023,0.0,0.0,0.0,0.0,0.0,0.0,0.0,0,0,0,0,unknown
051327,799641,07/01/2022,06/30/2023,0.0,0.0,0.0,0.0,0.0,0.0,0.0,0,0,0,0,unknown
070003,799642,10/01/2021,09/30/2022,0.0,0.0,0.0,0.0,0.0,0.0,0.0,0,0,0,0,unknown
070039,799646,10/01/2021,09/30/2022,0.0,0.0,0.0,0.0,0.0,0.0,0.0,0,0,0,0,unknown
100180,799651,05/01/2022,04/30/2023,0.0,0.0,0.0,0.0,0.0,0.0,0.0,0,0,0,0,unknown
142009,799661,09/01/2022,08/31/2023,0.0,0.0,0.0,0.0,0.0,0.0,0.0,0,0,0,0,unknown
150076,799663,07/01/2022,06/30/2023,0.0,0.0,0.0,0.0,0.0,0.0,0.0,0,0,0,0,unknown
151314,799664,07/01/2022,06/30/2023,0.0,0.0,0.0,0.0,0.0,0.0,0.0,0,0,0,0,unknown
153046,799665,01/01/2022,12/31/2022,0.0,0.0,0.0,0.0,0.0,0.0,0.0,0,0,0,0,unknown
161374,799667,07/01/2022,06/30/2023,0.0,0.0,0.0,0.0,0.0,0.0,0.0,0,0,0,0,unknown
181307,799681,07/01/2022,06/30/2023,0.0,0.0,0.0,0.0,0.0,0.0,0.0,0,0,0,0,unknown
194079,799687,07/01/2022,06/30/2023,0.0,0.0,0.0,0.0,0.0,0.0,0.0,0,0,0,0,unknown
230108,799696,12/01/2021,11/30/2022,0.0,0.0,0.0,0.0,0.0,0.0,0.0,0,0,0,0,unknown
271314,799711,07/01/2022,06/30/2023,0.0,0.0,0.0,0.0,0.0,0.0,0.0,0,0,0,0,unknown
280133,799712,01/01/2022,12/31/2022,0.0,0.0,0.0,0.0,0.0,0.0,0.0,0,0,0,0,unknown
334004,799720,04/01/2022,03/31/2023,0.0,0.0,0.0,0.0,0.0,0.0,0.0,0,0,0,0,unknown
334045,799721,04/01/2022,03/31/2023,0.0,0.0,0.0,0.0,0.0,0.0,0.0,0,0,0,0,unknown
334054,799722,04/01/2022,03/31/2023,0.0,0.0,0.0,0.0,0.0,0.0,0.0,0,0,0,0,unknown
340003,799724,10/01/2021,09/30/2022,0.0,0.0,0.0,0.0,0.0,0.0,0.0,0,0,0,0,unknown
340071,799725,10/01/2021,09/30/2022,0.0,0.0,0.0,0.0,0.0,0.0,0.0,0,0,0,0,unknown
360367,799728,01/01/2022,12/31/2022,0.0,0.0,0.0,0.0,0.0,0.0,0.0,0,0,0,0,unknown
362033,799729,09/01/2022,08/31/2023,0.0,0.0,0.0,0.0,0.0,0.0,0.0,0,0,0,0,unknown
364011,799730,07/01/2022,06/30/2023,0.0,0.0,0.0,0.0,0.0,0.0,0.0,0,0,0,0,unknown
390204,799744,07/01/2022,06/30/2023,0.0,0.0,0.0,0.0,0.0,0.0,0.0,0,0,0,0,unknown
420033,799751,10/01/2021,09/30/2022,0.0,0.0,0.0,0.0,0.0,0.0,0.0,0,0,0,0,unknown
420051,799752,10/01/2021,09/30/2022,0.0,0.0,0.0,0.0,0.0,0.0,0.0,0,0,0,0,unknown
420071,799754,10/01/2021,09/30/2022,0.0,0.0,0.0,0.0,0.0,0.0,0.0,0,0,0,0,unknown
450330,799760,01/01/2022,12/31/2022,0.0,0.0,0.0,0.0,0.0,0.0,0.0,0,0,0,0,unknown
490052,799765,01/01/2022,12/31/2022,0.0,0.0,0.0,0.0,0.0,0.0,0.0,0,0,0,0,unknown
510046,799768,07/01/2022,06/30/2023,0.0,0.0,0.0,0.0,0.0,0.0,0.0,0,0,0,0,unknown
041313,799775,07/01/2022,06/30/2023,0.0,0.0,0.0,0.0,0.0,0.0,0.0,0,0,0,0,unknown
042013,799776,07/01/2022,06/30/2023,0.0,0.0,0.0,0.0,0.0,0.0,0.0,0,0,0,0,unknown
100249,799792,10/01/2021,09/30/2022,0.0,0.0,0.0,0.0,0.0,0.0,0.0,0,0,0,0,unknown
121304,799796,07/01/2022,06/30/2023,0.0,0.0,0.0,0.0,0.0,0.0,0.0,0,0,0,0,unknown
150177,799799,01/01/2022,12/31/2022,0.0,0.0,0.0,0.0,0.0,0.0,0.0,0,0,0,0,unknown
161310,799801,07/01/2022,06/30/2023,0.0,0.0,0.0,0.0,0.0,0.0,0.0,0,0,0,0,unknown
161316,799802,01/01/2022,12/31/2022,0.0,0.0,0.0,0.0,0.0,0.0,0.0,0,0,0,0,unknown
161332,799803,07/01/2022,06/30/2023,0.0,0.0,0.0,0.0,0.0,0.0,0.0,0,0,0,0,unknown
181305,799805,07/01/2022,06/30/2023,0.0,0.0,0.0,0.0,0.0,0.0,0.0,0,0,0,0,unknown
192009,799807,09/01/2022,08/31/2023,0.0,0.0,0.0,0.0,0.0,0.0,0.0,0,0,0,0,unknown
193093,799808,09/01/2022,08/31/2023,0.0,0.0,0.0,0.0,0.0,0.0,0.0,0,0,0,0,unknown
212003,799810,07/01/2022,06/30/2023,0.0,0.0,0.0,0.0,0.0,0.0,0.0,0,0,0,0,unknown
261317,799825,07/01/2022,06/30/2023,0.0,0.0,0.0,0.0,0.0,0.0,0.0,0,0,0,0,unknown
261319,799826,07/01/2022,06/30/2023,0.0,0.0,0.0,0.0,0.0,0.0,0.0,0,0,0,0,unknown
340096,799832,01/01/2022,12/31/2022,0.0,0.0,0.0,0.0,0.0,0.0,0.0,0,0,0,0,unknown
351314,799835,07/01/2022,06/30/2023,0.0,0.0,0.0,0.0,0.0,0.0,0.0,0,0,0,0,unknown
371329,799838,07/01/2022,06/30/2023,0.0,0.0,0.0,0.0,0.0,0.0,0.0,0,0,0,0,unknown
452073,799849,09/01/2022,08/31/2023,0.0,0.0,0.0,0.0,0.0,0.0,0.0,0,0,0,0,unknown
044011,799865,07/01/2022,06/30/2023,0.0,0.0,0.0,0.0,0.0,0.0,0.0,0,0,0,0,unknown
161319,799875,07/01/2022,06/30/2023,0.0,0.0,0.0,0.0,0.0,0.0,0.0,0,0,0,0,unknown
161351,799876,07/01/2022,06/30/2023,0.0,0.0,0.0,0.0,0.0,0.0,0.0,0,0,0,0,unknown
161372,799877,07/01/2022,06/30/2023,0.0,0.0,0.0,0.0,0.0,0.0,0.0,0,0,0,0,unknown
200020,799880,01/01/2022,12/31/2022,0.0,0.0,0.0,0.0,0.0,0.0,0.0,0,0,0,0,unknown
261310,799896,07/01/2022,06/30/2023,0.0,0.0,0.0,0.0,0.0,0.0,0.0,0,0,0,0,unknown
261328,799897,07/01/2022,06/30/2023,0.0,0.0,0.0,0.0,0.0,0.0,0.0,0,0,0,0,unknown
271301,799898,07/01/2022,06/30/2023,0.0,0.0,0.0,0.0,0.0,0.0,0.0,0,0,0,0,unknown
280127,799899,01/01/2022,12/31/2022,0.0,0.0,0.0,0.0,0.0,0.0,0.0,0,0,0,0,unknown
320001,799900,07/01/2022,06/30/2023,0.0,0.0,0.0,0.0,0.0,0.0,0.0,0,0,0,0,unknown
322003,799901,06/01/2022,05/31/2023,0.0,0.0,0.0,0.0,0.0,0.0,0.0,0,0,0,0,unknown
354003,799908,07/01/2022,06/30/2023,0.0,0.0,0.0,0.0,0.0,0.0,0.0,0,0,0,0,unknown
392028,799912,09/01/2022,08/31/2023,0.0,0.0,0.0,0.0,0.0,0.0,0.0,0,0,0,0,unknown
531314,799932,07/01/2022,06/30/2023,0.0,0.0,0.0,0.0,0.0,0.0,0.0,0,0,0,0,unknown
010049,799933,01/01/2022,12/31/2022,0.0,0.0,0.0,0.0,0.0,0.0,0.0,0,0,0,0,unknown
010087,799934,10/01/2021,09/30/2022,0.0,0.0,0.0,0.0,0.0,0.0,0.0,0,0,0,0,unknown
050512,799939,01/01/2022,12/31/2022,0.0,0.0,0.0,0.0,0.0,0.0,0.0,0,0,0,0,unknown
054110,799941,08/01/2022,07/31/2023,0.0,0.0,0.0,0.0,0.0,0.0,0.0,0,0,0,0,unknown
060131,799942,07/01/2022,06/30/2023,0.0,0.0,0.0,0.0,0.0,0.0,0.0,0,0,0,0,unknown
064001,799943,07/01/2022,06/30/2023,0.0,0.0,0.0,0.0,0.0,0.0,0.0,0,0,0,0,unknown
140122,799968,01/01/2022,12/31/2022,0.0,0.0,0.0,0.0,0.0,0.0,0.0,0,0,0,0,unknown
161328,799975,07/01/2022,06/30/2023,0.0,0.0,0.0,0.0,0.0,0.0,0.0,0,0,0,0,unknown
161329,799976,07/01/2022,06/30/2023,0.0,0.0,0.0,0.0,0.0,0.0,0.0,0,0,0,0,unknown
250042,799984,10/01/2021,09/30/2022,0.0,0.0,0.0,0.0,0.0,0.0,0.0,0,0,0,0,unknown
250084,799987,10/01/2021,09/30/2022,0.0,0.0,0.0,0.0,0.0,0.0,0.0,0,0,0,0,unknown
320091,799996,01/01/2022,12/31/2022,0.0,0.0,0.0,0.0,0.0,0.0,0.0,0,0,0,0,unknown
334001,799999,04/01/2022,03/31/2023,0.0,0.0,0.0,0.0,0.0,0.0,0.0,0,0,0,0,unknown
334043,800001,04/01/2022,03/31/2023,0.0,0.0,0.0,0.0,0.0,0.0,0.0,0,0,0,0,unknown
340064,800002,01/01/2022,12/31/2022,0.0,0.0,0.0,0.0,0.0,0.0,0.0,0,0,0,0,unknown
340142,800004,10/01/2021,09/30/2022,0.0,0.0,0.0,0.0,0.0,0.0,0.0,0,0,0,0,unknown
340155,800005,07/01/2022,06/30/2023,0.0,0.0,0.0,0.0,0.0,0.0,0.0,0,0,0,0,unknown
340187,800007,01/01/2022,12/31/2022,0.0,0.0,0.0,0.0,0.0,0.0,0.0,0,0,0,0,unknown
374026,800009,07/01/2022,06/30/2023,0.0,0.0,0.0,0.0,0.0,0.0,0.0,0,0,0,0,unknown
380020,800010,01/01/2022,12/31/2022,0.0,0.0,0.0,0.0,0.0,0.0,0.0,0,0,0,0,unknown
380103,800011,01/01/2022,12/31/2022,0.0,0.0,0.0,0.0,0.0,0.0,0.0,0,0,0,0,unknown
420015,800027,10/01/2021,09/30/2022,0.0,0.0,0.0,0.0,0.0,0.0,0.0,0,0,0,0,unknown
420070,800029,10/01/2021,09/30/2022,0.0,0.0,0.0,0.0,0.0,0.0,0.0,0,0,0,0,unknown
420098,800031,10/01/2021,09/30/2022,0.0,0.0,0.0,0.0,0.0,0.0,0.0,0,0,0,0,unknown
420103,800032,10/01/2021,09/30/2022,0.0,0.0,0.0,0.0,0.0,0.0,0.0,0,0,0,0,unknown
420105,800033,10/01/2021,09/30/2022,0.0,0.0,0.0,0.0,0.0,0.0,0.0,0,0,0,0,unknown
420108,800035,10/01/2021,09/30/2022,0.0,0.0,0.0,0.0,0.0,0.0,0.0,0,0,0,0,unknown
490022,800044,01/01/2022,12/31/2022,0.0,0.0,0.0,0.0,0.0,0.0,0.0,0,0,0,0,unknown
490140,800052,01/01/2022,12/31/2022,0.0,0.0,0.0,0.0,0.0,0.0,0.0,0,0,0,0,unknown
010052,800058,01/01/2022,12/31/2022,0.0,0.0,0.0,0.0,0.0,0.0,0.0,0,0,0,0,unknown
020018,800063,10/01/2021,09/30/2022,0.0,0.0,0.0,0.0,0.0,0.0,0.0,0,0,0,0,unknown
030036,800064,01/01/2022,12/31/2022,0.0,0.0,0.0,0.0,0.0,0.0,0.0,0,0,0,0,unknown
040071,800066,07/01/2022,06/30/2023,0.0,0.0,0.0,0.0,0.0,0.0,0.0,0,0,0,0,unknown
040119,800067,10/01/2021,09/30/2022,0.0,0.0,0.0,0.0,0.0,0.0,0.0,0,0,0,0,unknown
050262,800069,07/01/2022,06/30/2023,0.0,0.0,0.0,0.0,0.0,0.0,0.0,0,0,0,0,unknown
054089,800075,07/01/2022,06/30/2023,0.0,0.0,0.0,0.0,0.0,0.0,0.0,0,0,0,0,unknown
070004,800077,10/01/2021,09/30/2022,0.0,0.0,0.0,0.0,0.0,0.0,0.0,0,0,0,0,unknown
100124,800084,06/01/2022,05/31/2023,0.0,0.0,0.0,0.0,0.0,0.0,0.0,0,0,0,0,unknown
100206,800085,11/01/2021,10/31/2022,0.0,0.0,0.0,0.0,0.0,0.0,0.0,0,0,0,0,unknown
110054,800088,01/01/2022,12/31/2022,0.0,0.0,0.0,0.0,0.0,0.0,0.0,0,0,0,0,unknown
140125,800089,01/01/2022,12/31/2022,0.0,0.0,0.0,0.0,0.0,0.0,0.0,0,0,0,0,unknown
141329,800090,07/01/2022,06/30/2023,0.0,0.0,0.0,0.0,0.0,0.0,0.0,0,0,0,0,unknown
153047,800091,05/01/2022,04/30/2023,0.0,0.0,0.0,0.0,0.0,0.0,0.0,0,0,0,0,unknown
160047,800092,01/01/2022,12/31/2022,0.0,0.0,0.0,0.0,0.0,0.0,0.0,0,0,0,0,unknown
161307,800093,07/01/2022,06/30/2023,0.0,0.0,0.0,0.0,0.0,0.0,0.0,0,0,0,0,unknown
161331,800094,07/01/2022,06/30/2023,0.0,0.0,0.0,0.0,0.0,0.0,0.0,0,0,0,0,unknown
161344,800095,07/01/2022,06/30/2023,0.0,0.0,0.0,0.0,0.0,0.0,0.0,0,0,0,0,unknown
190019,800097,07/01/2022,06/30/2023,0.0,0.0,0.0,0.0,0.0,0.0,0.0,0,0,0,0,unknown
193099,800098,01/01/2022,12/31/2022,0.0,0.0,0.0,0.0,0.0,0.0,0.0,0,0,0,0,unknown
223026,800106,01/01/2022,12/31/2022,0.0,0.0,0.0,0.0,0.0,0.0,0.0,0,0,0,0,unknown
230072,800107,04/01/2022,03/31/2023,0.0,0.0,0.0,0.0,0.0,0.0,0.0,0,0,0,0,unknown
262018,800115,09/01/2022,08/31/2023,0.0,0.0,0.0,0.0,0.0,0.0,0.0,0,0,0,0,unknown
320021,800121,01/01/2022,12/31/2022,0.0,0.0,0.0,0.0,0.0,0.0,0.0,0,0,0,0,unknown
322002,800122,09/01/2022,08/31/2023,0.0,0.0,0.0,0.0,0.0,0.0,0.0,0,0,0,0,unknown
330141,800127,01/01/2022,08/31/2022,0.0,0.0,0.0,0.0,0.0,0.0,0.0,0,0,0,0,unknown
334053,800130,04/01/2022,03/31/2023,0.0,0.0,0.0,0.0,0.0,0.0,0.0,0,0,0,0,unknown
340068,800133,10/01/2021,09/30/2022,0.0,0.0,0.0,0.0,0.0,0.0,0.0,0,0,0,0,unknown
340097,800135,10/01/2021,09/30/2022,0.0,0.0,0.0,0.0,0.0,0.0,0.0,0,0,0,0,unknown
340159,800136,07/01/2022,06/30/2023,0.0,0.0,0.0,0.0,0.0,0.0,0.0,0,0,0,0,unknown
420004,800147,07/01/2022,06/30/2023,0.0,0.0,0.0,0.0,0.0,0.0,0.0,0,0,0,0,unknown
420007,800148,10/01/2021,09/30/2022,0.0,0.0,0.0,0.0,0.0,0.0,0.0,0,0,0,0,unknown
420026,800149,07/01/2022,06/30/2023,0.0,0.0,0.0,0.0,0.0,0.0,0.0,0,0,0,0,unknown
420048,800150,07/01/2022,06/30/2023,0.0,0.0,0.0,0.0,0.0,0.0,0.0,0,0,0,0,unknown
420055,800151,07/01/2022,06/30/2023,0.0,0.0,0.0,0.0,0.0,0.0,0.0,0,0,0,0,unknown
420067,800152,10/01/2021,09/30/2022,0.0,0.0,0.0,0.0,0.0,0.0,0.0,0,0,0,0,unknown
420072,800153,10/01/2021,09/30/2022,0.0,0.0,0.0,0.0,0.0,0.0,0.0,0,0,0,0,unknown
420091,800155,07/01/2022,06/30/2023,0.0,0.0,0.0,0.0,0.0,0.0,0.0,0,0,0,0,unknown
420101,800156,01/01/2022,12/31/2022,0.0,0.0,0.0,0.0,0.0,0.0,0.0,0,0,0,0,unknown
440011,800157,07/01/2022,06/30/2023,0.0,0.0,0.0,0.0,0.0,0.0,0.0,0,0,0,0,unknown
440056,800158,10/01/2021,09/30/2022,0.0,0.0,0.0,0.0,0.0,0.0,0.0,0,0,0,0,unknown
450034,800160,07/01/2022,06/30/2023,0.0,0.0,0.0,0.0,0.0,0.0,0.0,0,0,0,0,unknown
450573,800162,07/01/2022,06/30/2023,0.0,0.0,0.0,0.0,0.0,0.0,0.0,0,0,0,0,unknown
450686,800163,01/01/2022,12/31/2022,0.0,0.0,0.0,0.0,0.0,0.0,0.0,0,0,0,0,unknown
460013,800166,09/01/2022,08/31/2023,0.0,0.0,0.0,0.0,0.0,0.0,0.0,0,0,0,0,unknown
492009,800169,08/01/2022,06/12/2023,0.0,0.0,0.0,0.0,0.0,0.0,0.0,0,0,0,0,unknown
521313,800171,07/01/2022,06/30/2023,0.0,0.0,0.0,0.0,0.0,0.0,0.0,0,0,0,0,unknown
050039,800178,07/01/2022,06/30/2023,0.0,0.0,0.0,0.0,0.0,0.0,0.0,0,0,0,0,unknown
050279,800181,06/01/2022,05/31/2023,0.0,0.0,0.0,0.0,0.0,0.0,0.0,0,0,0,0,unknown
102028,800196,07/01/2022,06/30/2023,0.0,0.0,0.0,0.0,0.0,0.0,0.0,0,0,0,0,unknown
110010,800197,09/01/2022,08/31/2023,0.0,0.0,0.0,0.0,0.0,0.0,0.0,0,0,0,0,unknown
110078,800199,09/01/2022,08/31/2023,0.0,0.0,0.0,0.0,0.0,0.0,0.0,0,0,0,0,unknown
141332,800203,07/01/2022,06/30/2023,0.0,0.0,0.0,0.0,0.0,0.0,0.0,0,0,0,0,unknown
161300,800206,07/01/2022,06/30/2023,0.0,0.0,0.0,0.0,0.0,0.0,0.0,0,0,0,0,unknown
171318,800210,07/01/2022,06/30/2023,0.0,0.0,0.0,0.0,0.0,0.0,0.0,0,0,0,0,unknown
181325,800216,07/01/2022,06/30/2023,0.0,0.0,0.0,0.0,0.0,0.0,0.0,0,0,0,0,unknown
183029,800217,01/01/2022,12/31/2022,0.0,0.0,0.0,0.0,0.0,0.0,0.0,0,0,0,0,unknown
184002,800218,07/01/2022,06/30/2023,0.0,0.0,0.0,0.0,0.0,0.0,0.0,0,0,0,0,unknown
192035,800222,09/01/2022,08/31/2023,0.0,0.0,0.0,0.0,0.0,0.0,0.0,0,0,0,0,unknown
260077,800233,07/01/2022,06/30/2023,0.0,0.0,0.0,0.0,0.0,0.0,0.0,0,0,0,0,unknown
261303,800235,07/01/2022,06/30/2023,0.0,0.0,0.0,0.0,0.0,0.0,0.0,0,0,0,0,unknown
361316,800273,07/01/2022,06/30/2023,0.0,0.0,0.0,0.0,0.0,0.0,0.0,0,0,0,0,unknown
364015,800275,07/01/2022,06/30/2023,0.0,0.0,0.0,0.0,0.0,0.0,0.0,0,0,0,0,unknown
370097,800276,11/01/2021,10/31/2022,0.0,0.0,0.0,0.0,0.0,0.0,0.0,0,0,0,0,unknown
381324,800277,01/01/2022,12/31/2022,0.0,0.0,0.0,0.0,0.0,0.0,0.0,0,0,0,0,unknown
431320,800284,07/01/2022,06/30/2023,0.0,0.0,0.0,0.0,0.0,0.0,0.0,0,0,0,0,unknown
450046,800294,07/01/2022,06/30/2023,0.0,0.0,0.0,0.0,0.0,0.0,0.0,0,0,0,0,unknown
450272,800296,07/01/2022,06/30/2023,0.0,0.0,0.0,0.0,0.0,0.0,0.0,0,0,0,0,unknown
490033,800306,10/01/2021,09/30/2022,0.0,0.0,0.0,0.0,0.0,0.0,0.0,0,0,0,0,unknown
490060,800307,12/01/2021,11/30/2022,0.0,0.0,0.0,0.0,0.0,0.0,0.0,0,0,0,0,unknown
490101,800308,01/01/2022,12/31/2022,0.0,0.0,0.0,0.0,0.0,0.0,0.0,0,0,0,0,unknown
490122,800309,01/01/2022,12/31/2022,0.0,0.0,0.0,0.0,0.0,0.0,0.0,0,0,0,0,unknown
510031,800313,10/01/2021,09/30/2022,0.0,0.0,0.0,0.0,0.0,0.0,0.0,0,0,0,0,unknown
520215,800316,06/30/2022,12/31/2022,0.0,0.0,0.0,0.0,0.0,0.0,0.0,0,0,0,0,unknown
030006,800317,01/01/2022,12/31/2022,0.0,0.0,0.0,0.0,0.0,0.0,0.0,0,0,0,0,unknown
030108,800321,01/01/2022,12/31/2022,0.0,0.0,0.0,0.0,0.0,0.0,0.0,0,0,0,0,unknown
030117,800322,12/01/2021,11/30/2022,0.0,0.0,0.0,0.0,0.0,0.0,0.0,0,0,0,0,unknown
030148,800323,10/01/2021,09/30/2022,0.0,0.0,0.0,0.0,0.0,0.0,0.0,0,0,0,0,unknown
050026,800328,10/01/2021,09/30/2022,0.0,0.0,0.0,0.0,0.0,0.0,0.0,0,0,0,0,unknown
050038,800329,07/01/2022,06/30/2023,0.0,0.0,0.0,0.0,0.0,0.0,0.0,0,0,0,0,unknown
050089,800332,01/01/2022,12/31/2022,0.0,0.0,0.0,0.0,0.0,0.0,0.0,0,0,0,0,unknown
050128,800335,07/01/2022,06/30/2023,0.0,0.0,0.0,0.0,0.0,0.0,0.0,0,0,0,0,unknown
050159,800337,07/01/2022,06/30/2023,0.0,0.0,0.0,0.0,0.0,0.0,0.0,0,0,0,0,unknown
050168,800339,07/01/2022,06/30/2023,0.0,0.0,0.0,0.0,0.0,0.0,0.0,0,0,0,0,unknown
050222,800340,10/01/2021,09/30/2022,0.0,0.0,0.0,0.0,0.0,0.0,0.0,0,0,0,0,unknown
050224,800341,01/01/2022,12/31/2022,0.0,0.0,0.0,0.0,0.0,0.0,0.0,0,0,0,0,unknown
050231,800342,01/01/2022,12/31/2022,0.0,0.0,0.0,0.0,0.0,0.0,0.0,0,0,0,0,unknown
050234,800343,10/01/2021,09/30/2022,0.0,0.0,0.0,0.0,0.0,0.0,0.0,0,0,0,0,unknown
050248,800344,07/01/2022,06/30/2023,0.0,0.0,0.0,0.0,0.0,0.0,0.0,0,0,0,0,unknown
050300,800345,07/01/2022,06/30/2023,0.0,0.0,0.0,0.0,0.0,0.0,0.0,0,0,0,0,unknown
050336,800347,01/01/2022,12/31/2022,0.0,0.0,0.0,0.0,0.0,0.0,0.0,0,0,0,0,unknown
050424,800349,10/01/2021,09/30/2022,0.0,0.0,0.0,0.0,0.0,0.0,0.0,0,0,0,0,unknown
050641,800351,01/01/2022,12/31/2022,0.0,0.0,0.0,0.0,0.0,0.0,0.0,0,0,0,0,unknown
050686,800352,01/01/2022,12/31/2022,0.0,0.0,0.0,0.0,0.0,0.0,0.0,0,0,0,0,unknown
070016,800357,10/01/2021,09/30/2022,0.0,0.0,0.0,0.0,0.0,0.0,0.0,0,0,0,0,unknown
070020,800358,10/01/2021,09/30/2022,0.0,0.0,0.0,0.0,0.0,0.0,0.0,0,0,0,0,unknown
120022,800378,07/01/2022,06/30/2023,0.0,0.0,0.0,0.0,0.0,0.0,0.0,0,0,0,0,unknown
120026,800379,07/01/2022,06/30/2023,0.0,0.0,0.0,0.0,0.0,0.0,0.0,0,0,0,0,unknown
120028,800380,07/01/2022,06/30/2023,0.0,0.0,0.0,0.0,0.0,0.0,0.0,0,0,0,0,unknown
130007,800381,07/01/2022,06/30/2023,0.0,0.0,0.0,0.0,0.0,0.0,0.0,0,0,0,0,unknown
130049,800382,01/01/2022,12/31/2022,0.0,0.0,0.0,0.0,0.0,0.0,0.0,0,0,0,0,unknown
130074,800383,01/01/2022,12/31/2022,0.0,0.0,0.0,0.0,0.0,0.0,0.0,0,0,0,0,unknown
140119,800387,07/01/2022,06/30/2023,0.0,0.0,0.0,0.0,0.0,0.0,0.0,0,0,0,0,unknown
141324,800389,04/01/2022,03/31/2023,0.0,0.0,0.0,0.0,0.0,0.0,0.0,0,0,0,0,unknown
150045,800394,01/01/2022,12/31/2022,0.0,0.0,0.0,0.0,0.0,0.0,0.0,0,0,0,0,unknown
150146,800395,01/01/2022,12/31/2022,0.0,0.0,0.0,0.0,0.0,0.0,0.0,0,0,0,0,unknown
161312,800396,07/01/2022,06/30/2023,0.0,0.0,0.0,0.0,0.0,0.0,0.0,0,0,0,0,unknown
161321,800397,07/01/2022,06/30/2023,0.0,0.0,0.0,0.0,0.0,0.0,0.0,0,0,0,0,unknown
161322,800398,07/01/2022,06/30/2023,0.0,0.0,0.0,0.0,0.0,0.0,0.0,0,0,0,0,unknown
200033,800403,10/01/2021,09/30/2022,0.0,0.0,0.0,0.0,0.0,0.0,0.0,0,0,0,0,unknown
200050,800405,10/01/2021,09/30/2022,0.0,0.0,0.0,0.0,0.0,0.0,0.0,0,0,0,0,unknown
220011,800409,07/01/2022,06/30/2023,0.0,0.0,0.0,0.0,0.0,0.0,0.0,0,0,0,0,unknown
220070,800410,10/01/2021,09/30/2022,0.0,0.0,0.0,0.0,0.0,0.0,0.0,0,0,0,0,unknown
231319,800414,07/01/2022,06/30/2023,0.0,0.0,0.0,0.0,0.0,0.0,0.0,0,0,0,0,unknown
231321,800415,07/01/2022,06/30/2023,0.0,0.0,0.0,0.0,0.0,0.0,0.0,0,0,0,0,unknown
240004,800416,01/01/2022,12/31/2022,0.0,0.0,0.0,0.0,0.0,0.0,0.0,0,0,0,0,unknown
240100,800418,01/01/2022,12/31/2022,0.0,0.0,0.0,0.0,0.0,0.0,0.0,0,0,0,0,unknown
270049,800424,01/01/2022,12/31/2022,0.0,0.0,0.0,0.0,0.0,0.0,0.0,0,0,0,0,unknown
270057,800425,01/01/2022,12/31/2022,0.0,0.0,0.0,0.0,0.0,0.0,0.0,0,0,0,0,unknown
281304,800427,07/01/2022,06/30/2023,0.0,0.0,0.0,0.0,0.0,0.0,0.0,0,0,0,0,unknown
281323,800428,07/01/2022,06/30/2023,0.0,0.0,0.0,0.0,0.0,0.0,0.0,0,0,0,0,unknown
281350,800429,07/01/2022,06/30/2023,0.0,0.0,0.0,0.0,0.0,0.0,0.0,0,0,0,0,unknown
300034,800430,10/01/2021,09/30/2022,0.0,0.0,0.0,0.0,0.0,0.0,0.0,0,0,0,0,unknown
314005,800435,07/01/2022,06/30/2023,0.0,0.0,0.0,0.0,0.0,0.0,0.0,0,0,0,0,unknown
330033,800438,01/01/2022,12/31/2022,0.0,0.0,0.0,0.0,0.0,0.0,0.0,0,0,0,0,unknown
330185,800446,01/01/2022,12/31/2022,0.0,0.0,0.0,0.0,0.0,0.0,0.0,0,0,0,0,unknown
330241,800448,01/01/2022,12/31/2022,0.0,0.0,0.0,0.0,0.0,0.0,0.0,0,0,0,0,unknown
330399,800459,01/01/2022,12/31/2022,0.0,0.0,0.0,0.0,0.0,0.0,0.0,0,0,0,0,unknown
340143,800462,07/01/2022,06/30/2023,0.0,0.0,0.0,0.0,0.0,0.0,0.0,0,0,0,0,unknown
350002,800464,07/01/2022,06/30/2023,0.0,0.0,0.0,0.0,0.0,0.0,0.0,0,0,0,0,unknown
362026,800465,09/01/2022,08/31/2023,0.0,0.0,0.0,0.0,0.0,0.0,0.0,0,0,0,0,unknown
371332,800466,07/01/2022,06/30/2023,0.0,0.0,0.0,0.0,0.0,0.0,0.0,0,0,0,0,unknown
380021,800468,07/01/2022,06/30/2023,0.0,0.0,0.0,0.0,0.0,0.0,0.0,0,0,0,0,unknown
380102,800469,07/01/2022,06/30/2023,0.0,0.0,0.0,0.0,0.0,0.0,0.0,0,0,0,0,unknown
390004,800471,07/01/2022,06/30/2023,0.0,0.0,0.0,0.0,0.0,0.0,0.0,0,0,0,0,unknown
394034,800480,07/01/2022,06/30/2023,0.0,0.0,0.0,0.0,0.0,0.0,0.0,0,0,0,0,unknown
410009,800481,10/01/2021,09/30/2022,0.0,0.0,0.0,0.0,0.0,0.0,0.0,0,0,0,0,unknown
420018,800483,10/01/2021,09/30/2022,0.0,0.0,0.0,0.0,0.0,0.0,0.0,0,0,0,0,unknown
420106,800485,10/01/2021,09/30/2022,0.0,0.0,0.0,0.0,0.0,0.0,0.0,0,0,0,0,unknown
430008,800487,01/01/2022,12/31/2022,0.0,0.0,0.0,0.0,0.0,0.0,0.0,0,0,0,0,unknown
451360,800494,07/01/2022,06/19/2023,0.0,0.0,0.0,0.0,0.0,0.0,0.0,0,0,0,0,unknown
454065,800495,08/01/2022,07/31/2023,0.0,0.0,0.0,0.0,0.0,0.0,0.0,0,0,0,0,unknown
460004,800496,01/01/2022,12/31/2022,0.0,0.0,0.0,0.0,0.0,0.0,0.0,0,0,0,0,unknown
460006,800497,01/01/2022,12/31/2022,0.0,0.0,0.0,0.0,0.0,0.0,0.0,0,0,0,0,unknown
460009,800498,07/01/2022,06/30/2023,0.0,0.0,0.0,0.0,0.0,0.0,0.0,0,0,0,0,unknown
460010,800499,01/01/2022,12/31/2022,0.0,0.0,0.0,0.0,0.0,0.0,0.0,0,0,0,0,unknown
460011,800500,01/01/2022,12/31/2022,0.0,0.0,0.0,0.0,0.0,0.0,0.0,0,0,0,0,unknown
460023,800503,01/01/2022,12/31/2022,0.0,0.0,0.0,0.0,0.0,0.0,0.0,0,0,0,0,unknown
460044,800507,01/01/2022,12/31/2022,0.0,0.0,0.0,0.0,0.0,0.0,0.0,0,0,0,0,unknown
460057,800508,01/01/2022,12/31/2022,0.0,0.0,0.0,0.0,0.0,0.0,0.0,0,0,0,0,unknown
460061,800510,01/01/2022,12/31/2022,0.0,0.0,0.0,0.0,0.0,0.0,0.0,0,0,0,0,unknown
460062,800511,01/01/2022,12/31/2022,0.0,0.0,0.0,0.0,0.0,0.0,0.0,0,0,0,0,unknown
470005,800512,10/01/2021,09/30/2022,0.0,0.0,0.0,0.0,0.0,0.0,0.0,0,0,0,0,unknown
490059,800513,09/01/2022,08/31/2023,0.0,0.0,0.0,0.0,0.0,0.0,0.0,0,0,0,0,unknown
490063,800514,01/01/2022,12/31/2022,0.0,0.0,0.0,0.0,0.0,0.0,0.0,0,0,0,0,unknown
490069,800515,09/01/2022,08/31/2023,0.0,0.0,0.0,0.0,0.0,0.0,0.0,0,0,0,0,unknown
500011,800516,07/01/2022,06/30/2023,0.0,0.0,0.0,0.0,0.0,0.0,0.0,0,0,0,0,unknown
500124,800517,01/01/2022,12/31/2022,0.0,0.0,0.0,0.0,0.0,0.0,0.0,0,0,0,0,unknown
520028,800523,01/01/2022,12/31/2022,0.0,0.0,0.0,0.0,0.0,0.0,0.0,0,0,0,0,unknown
520083,800524,01/01/2022,12/31/2022,0.0,0.0,0.0,0.0,0.0,0.0,0.0,0,0,0,0,unknown
520088,800525,01/01/2022,12/31/2022,0.0,0.0,0.0,0.0,0.0,0.0,0.0,0,0,0,0,unknown
520208,800526,01/01/2022,12/31/2022,0.0,0.0,0.0,0.0,0.0,0.0,0.0,0,0,0,0,unknown
530034,800527,01/01/2022,12/31/2022,0.0,0.0,0.0,0.0,0.0,0.0,0.0,0,0,0,0,unknown
010022,800529,01/01/2022,12/31/2022,0.0,0.0,0.0,0.0,0.0,0.0,0.0,0,0,0,0,unknown
050137,800533,01/01/2022,12/31/2022,0.0,0.0,0.0,0.0,0.0,0.0,0.0,0,0,0,0,unknown
050139,800535,01/01/2022,12/31/2022,0.0,0.0,0.0,0.0,0.0,0.0,0.0,0,0,0,0,unknown
050352,800539,01/01/2022,12/31/2022,0.0,0.0,0.0,0.0,0.0,0.0,0.0,0,0,0,0,unknown
050357,800541,01/01/2022,12/31/2022,0.0,0.0,0.0,0.0,0.0,0.0,0.0,0,0,0,0,unknown
050411,800543,01/01/2022,12/31/2022,0.0,0.0,0.0,0.0,0.0,0.0,0.0,0,0,0,0,unknown
050515,800546,01/01/2022,12/31/2022,0.0,0.0,0.0,0.0,0.0,0.0,0.0,0,0,0,0,unknown
050609,800549,01/01/2022,12/31/2022,0.0,0.0,0.0,0.0,0.0,0.0,0.0,0,0,0,0,unknown
050677,800550,01/01/2022,12/31/2022,0.0,0.0,0.0,0.0,0.0,0.0,0.0,0,0,0,0,unknown
050723,800551,01/01/2022,12/31/2022,0.0,0.0,0.0,0.0,0.0,0.0,0.0,0,0,0,0,unknown
070021,800552,10/01/2021,09/30/2022,0.0,0.0,0.0,0.0,0.0,0.0,0.0,0,0,0,0,unknown
070035,800553,10/01/2021,09/30/2022,0.0,0.0,0.0,0.0,0.0,0.0,0.0,0,0,0,0,unknown
100128,800565,10/01/2021,09/30/2022,0.0,0.0,0.0,0.0,0.0,0.0,0.0,0,0,0,0,unknown
161369,800585,07/01/2022,06/30/2023,0.0,0.0,0.0,0.0,0.0,0.0,0.0,0,0,0,0,unknown
170204,800588,01/01/2022,12/31/2022,0.0,0.0,0.0,0.0,0.0,0.0,0.0,0,0,0,0,unknown
180013,800589,04/01/2022,03/31/2023,0.0,0.0,0.0,0.0,0.0,0.0,0.0,0,0,0,0,unknown
193078,800592,01/01/2022,12/31/2022,0.0,0.0,0.0,0.0,0.0,0.0,0.0,0,0,0,0,unknown
230015,800593,01/01/2022,12/31/2022,0.0,0.0,0.0,0.0,0.0,0.0,0.0,0,0,0,0,unknown
230029,800594,07/01/2022,06/30/2023,0.0,0.0,0.0,0.0,0.0,0.0,0.0,0,0,0,0,unknown
270003,800604,06/01/2022,05/31/2023,0.0,0.0,0.0,0.0,0.0,0.0,0.0,0,0,0,0,unknown
280060,800605,07/01/2022,06/30/2023,0.0,0.0,0.0,0.0,0.0,0.0,0.0,0,0,0,0,unknown
280134,800606,01/01/2022,12/31/2022,0.0,0.0,0.0,0.0,0.0,0.0,0.0,0,0,0,0,unknown
290005,800607,01/01/2022,12/31/2022,0.0,0.0,0.0,0.0,0.0,0.0,0.0,0,0,0,0,unknown
310113,800611,01/01/2022,12/31/2022,0.0,0.0,0.0,0.0,0.0,0.0,0.0,0,0,0,0,unknown
320060,800613,10/01/2021,09/30/2022,0.0,0.0,0.0,0.0,0.0,0.0,0.0,0,0,0,0,unknown
371306,800620,07/01/2022,06/30/2023,0.0,0.0,0.0,0.0,0.0,0.0,0.0,0,0,0,0,unknown
380002,800621,10/01/2021,09/30/2022,0.0,0.0,0.0,0.0,0.0,0.0,0.0,0,0,0,0,unknown
431308,800644,07/01/2022,06/30/2023,0.0,0.0,0.0,0.0,0.0,0.0,0.0,0,0,0,0,unknown
450021,800649,07/01/2022,06/30/2023,0.0,0.0,0.0,0.0,0.0,0.0,0.0,0,0,0,0,unknown
450718,800657,03/01/2022,02/28/2023,0.0,0.0,0.0,0.0,0.0,0.0,0.0,0,0,0,0,unknown
460001,800660,01/01/2022,12/31/2022,0.0,0.0,0.0,0.0,0.0,0.0,0.0,0,0,0,0,unknown
460007,800661,01/01/2022,12/31/2022,0.0,0.0,0.0,0.0,0.0,0.0,0.0,0,0,0,0,unknown
500030,800667,07/01/2022,06/30/2023,0.0,0.0,0.0,0.0,0.0,0.0,0.0,0,0,0,0,unknown
060075,800677,01/01/2022,12/31/2022,0.0,0.0,0.0,0.0,0.0,0.0,0.0,0,0,0,0,unknown
110005,800689,10/01/2021,09/30/2022,0.0,0.0,0.0,0.0,0.0,0.0,0.0,0,0,0,0,unknown
161355,800690,07/01/2022,06/30/2023,0.0,0.0,0.0,0.0,0.0,0.0,0.0,0,0,0,0,unknown
161379,800691,07/01/2022,06/30/2023,0.0,0.0,0.0,0.0,0.0,0.0,0.0,0,0,0,0,unknown
171313,800692,07/01/2022,06/30/2023,0.0,0.0,0.0,0.0,0.0,0.0,0.0,0,0,0,0,unknown
260162,800705,01/01/2022,12/31/2022,0.0,0.0,0.0,0.0,0.0,0.0,0.0,0,0,0,0,unknown
271331,800706,07/01/2022,06/30/2023,0.0,0.0,0.0,0.0,0.0,0.0,0.0,0,0,0,0,unknown
310091,800709,01/01/2022,12/31/2022,0.0,0.0,0.0,0.0,0.0,0.0,0.0,0,0,0,0,unknown
360089,800715,01/01/2022,12/31/2022,0.0,0.0,0.0,0.0,0.0,0.0,0.0,0,0,0,0,unknown
370202,800717,01/01/2022,12/31/2022,0.0,0.0,0.0,0.0,0.0,0.0,0.0,0,0,0,0,unknown
373025,800719,01/01/2022,12/31/2022,0.0,0.0,0.0,0.0,0.0,0.0,0.0,0,0,0,0,unknown
431306,800726,07/01/2022,06/30/2023,0.0,0.0,0.0,0.0,0.0,0.0,0.0,0,0,0,0,unknown
452102,800731,07/01/2022,06/30/2023,0.0,0.0,0.0,0.0,0.0,0.0,0.0,0,0,0,0,unknown
501335,800739,07/01/2022,06/30/2023,0.0,0.0,0.0,0.0,0.0,0.0,0.0,0,0,0,0,unknown
030077,800745,10/01/2021,09/30/2022,0.0,0.0,0.0,0.0,0.0,0.0,0.0,0,0,0,0,unknown
051330,800758,07/01/2022,06/30/2023,0.0,0.0,0.0,0.0,0.0,0.0,0.0,0,0,0,0,unknown
150057,800766,01/01/2022,12/31/2022,0.0,0.0,0.0,0.0,0.0,0.0,0.0,0,0,0,0,unknown
173300,800769,07/01/2022,06/30/2023,0.0,0.0,0.0,0.0,0.0,0.0,0.0,0,0,0,0,unknown
230239,800775,01/01/2022,06/30/2022,0.0,0.0,0.0,0.0,0.0,0.0,0.0,0,0,0,0,unknown
231324,800776,07/01/2022,06/30/2023,0.0,0.0,0.0,0.0,0.0,0.0,0.0,0,0,0,0,unknown
261336,800783,07/01/2022,06/30/2023,0.0,0.0,0.0,0.0,0.0,0.0,0.0,0,0,0,0,unknown
281346,800786,07/01/2022,06/30/2023,0.0,0.0,0.0,0.0,0.0,0.0,0.0,0,0,0,0,unknown
334020,800798,04/01/2022,03/31/2023,0.0,0.0,0.0,0.0,0.0,0.0,0.0,0,0,0,0,unknown
351305,800800,07/01/2022,06/30/2023,0.0,0.0,0.0,0.0,0.0,0.0,0.0,0,0,0,0,unknown
362028,800802,09/01/2022,08/31/2023,0.0,0.0,0.0,0.0,0.0,0.0,0.0,0,0,0,0,unknown
391300,800815,07/01/2022,06/30/2023,0.0,0.0,0.0,0.0,0.0,0.0,0.0,0,0,0,0,unknown
391315,800816,07/01/2022,06/30/2023,0.0,0.0,0.0,0.0,0.0,0.0,0.0,0,0,0,0,unknown
431315,800821,07/01/2022,06/30/2023,0.0,0.0,0.0,0.0,0.0,0.0,0.0,0,0,0,0,unknown
050194,800834,08/01/2022,08/31/2022,0.0,0.0,0.0,0.0,0.0,0.0,0.0,0,0,0,0,unknown
050777,800835,01/01/2022,12/31/2022,0.0,0.0,0.0,0.0,0.0,0.0,0.0,0,0,0,0,unknown
100126,800837,10/01/2021,09/30/2022,0.0,0.0,0.0,0.0,0.0,0.0,0.0,0,0,0,0,unknown
102010,800844,09/01/2022,08/31/2023,0.0,0.0,0.0,0.0,0.0,0.0,0.0,0,0,0,0,unknown
151309,800851,07/01/2022,06/30/2023,0.0,0.0,0.0,0.0,0.0,0.0,0.0,0,0,0,0,unknown
161349,800852,07/01/2022,06/30/2023,0.0,0.0,0.0,0.0,0.0,0.0,0.0,0,0,0,0,unknown
170175,800853,05/01/2022,06/30/2022,0.0,0.0,0.0,0.0,0.0,0.0,0.0,0,0,0,0,unknown
173034,800854,08/27/2022,08/31/2023,0.0,0.0,0.0,0.0,0.0,0.0,0.0,0,0,0,0,unknown
181331,800855,07/01/2022,06/30/2023,0.0,0.0,0.0,0.0,0.0,0.0,0.0,0,0,0,0,unknown
191311,800858,07/01/2022,06/30/2023,0.0,0.0,0.0,0.0,0.0,0.0,0.0,0,0,0,0,unknown
214000,800859,07/01/2022,06/30/2023,0.0,0.0,0.0,0.0,0.0,0.0,0.0,0,0,0,0,unknown
231315,800860,07/01/2022,06/30/2023,0.0,0.0,0.0,0.0,0.0,0.0,0.0,0,0,0,0,unknown
254008,800865,07/01/2022,06/30/2023,0.0,0.0,0.0,0.0,0.0,0.0,0.0,0,0,0,0,unknown
291304,800867,07/01/2022,06/30/2023,0.0,0.0,0.0,0.0,0.0,0.0,0.0,0,0,0,0,unknown
330011,800874,07/01/2022,06/30/2023,0.0,0.0,0.0,0.0,0.0,0.0,0.0,0,0,0,0,unknown
334061,800876,04/01/2022,03/31/2023,0.0,0.0,0.0,0.0,0.0,0.0,0.0,0,0,0,0,unknown
351310,800882,07/01/2022,06/30/2023,0.0,0.0,0.0,0.0,0.0,0.0,0.0,0,0,0,0,unknown
371321,800887,07/01/2022,06/30/2023,0.0,0.0,0.0,0.0,0.0,0.0,0.0,0,0,0,0,unknown
451346,800901,07/01/2022,06/30/2023,0.0,0.0,0.0,0.0,0.0,0.0,0.0,0,0,0,0,unknown
452042,800902,09/01/2022,08/31/2023,0.0,0.0,0.0,0.0,0.0,0.0,0.0,0,0,0,0,unknown
461335,800904,07/01/2022,06/30/2023,0.0,0.0,0.0,0.0,0.0,0.0,0.0,0,0,0,0,unknown
041331,800909,01/01/2022,12/31/2022,0.0,0.0,0.0,0.0,0.0,0.0,0.0,0,0,0,0,unknown
050072,800910,01/01/2022,12/31/2022,0.0,0.0,0.0,0.0,0.0,0.0,0.0,0,0,0,0,unknown
051300,800911,07/01/2022,06/30/2023,0.0,0.0,0.0,0.0,0.0,0.0,0.0,0,0,0,0,unknown
051307,800912,07/01/2022,06/30/2023,0.0,0.0,0.0,0.0,0.0,0.0,0.0,0,0,0,0,unknown
061314,800919,01/01/2022,12/31/2022,0.0,0.0,0.0,0.0,0.0,0.0,0.0,0,0,0,0,unknown
061326,800920,07/01/2022,06/30/2023,0.0,0.0,0.0,0.0,0.0,0.0,0.0,0,0,0,0,unknown
100137,800924,07/01/2022,06/30/2023,0.0,0.0,0.0,0.0,0.0,0.0,0.0,0,0,0,0,unknown
102009,800926,09/01/2022,08/31/2023,0.0,0.0,0.0,0.0,0.0,0.0,0.0,0,0,0,0,unknown
110201,800927,07/01/2022,06/30/2023,0.0,0.0,0.0,0.0,0.0,0.0,0.0,0,0,0,0,unknown
140145,800928,07/01/2022,06/30/2023,0.0,0.0,0.0,0.0,0.0,0.0,0.0,0,0,0,0,unknown
140166,800929,07/01/2022,06/30/2023,0.0,0.0,0.0,0.0,0.0,0.0,0.0,0,0,0,0,unknown
150101,800935,01/01/2022,12/31/2022,0.0,0.0,0.0,0.0,0.0,0.0,0.0,0,0,0,0,unknown
160104,800938,01/01/2022,12/31/2022,0.0,0.0,0.0,0.0,0.0,0.0,0.0,0,0,0,0,unknown
163025,800939,01/01/2022,12/31/2022,0.0,0.0,0.0,0.0,0.0,0.0,0.0,0,0,0,0,unknown
170146,800941,01/01/2022,12/31/2022,0.0,0.0,0.0,0.0,0.0,0.0,0.0,0,0,0,0,unknown
170194,800942,01/01/2022,12/31/2022,0.0,0.0,0.0,0.0,0.0,0.0,0.0,0,0,0,0,unknown
180078,800944,12/01/2021,06/30/2022,0.0,0.0,0.0,0.0,0.0,0.0,0.0,0,0,0,0,unknown
190079,800945,08/01/2022,07/31/2023,0.0,0.0,0.0,0.0,0.0,0.0,0.0,0,0,0,0,unknown
192011,800946,09/01/2022,08/31/2023,0.0,0.0,0.0,0.0,0.0,0.0,0.0,0,0,0,0,unknown
193090,800947,01/01/2022,12/31/2022,0.0,0.0,0.0,0.0,0.0,0.0,0.0,0,0,0,0,unknown
231325,800951,07/01/2022,06/30/2023,0.0,0.0,0.0,0.0,0.0,0.0,0.0,0,0,0,0,unknown
241357,800955,07/01/2022,06/30/2023,0.0,0.0,0.0,0.0,0.0,0.0,0.0,0,0,0,0,unknown
242005,800957,07/01/2022,06/30/2023,0.0,0.0,0.0,0.0,0.0,0.0,0.0,0,0,0,0,unknown
263303,800958,07/01/2022,06/30/2023,0.0,0.0,0.0,0.0,0.0,0.0,0.0,0,0,0,0,unknown
271326,800959,07/01/2022,06/30/2023,0.0,0.0,0.0,0.0,0.0,0.0,0.0,0,0,0,0,unknown
281313,800960,07/01/2022,06/30/2023,0.0,0.0,0.0,0.0,0.0,0.0,0.0,0,0,0,0,unknown
281314,800961,07/01/2022,06/30/2023,0.0,0.0,0.0,0.0,0.0,0.0,0.0,0,0,0,0,unknown
320062,800970,10/01/2021,09/30/2022,0.0,0.0,0.0,0.0,0.0,0.0,0.0,0,0,0,0,unknown
334052,800974,04/01/2022,03/31/2023,0.0,0.0,0.0,0.0,0.0,0.0,0.0,0,0,0,0,unknown
371310,800980,07/01/2022,06/30/2023,0.0,0.0,0.0,0.0,0.0,0.0,0.0,0,0,0,0,unknown
371322,800981,07/01/2022,06/30/2023,0.0,0.0,0.0,0.0,0.0,0.0,0.0,0,0,0,0,unknown
372022,800982,07/01/2022,08/31/2023,0.0,0.0,0.0,0.0,0.0,0.0,0.0,0,0,0,0,unknown
374000,800983,07/01/2022,06/30/2023,0.0,0.0,0.0,0.0,0.0,0.0,0.0,0,0,0,0,unknown
381305,800984,07/01/2022,06/30/2023,0.0,0.0,0.0,0.0,0.0,0.0,0.0,0,0,0,0,unknown
390325,800989,07/01/2022,06/30/2023,0.0,0.0,0.0,0.0,0.0,0.0,0.0,0,0,0,0,unknown
391312,800990,07/01/2022,06/30/2023,0.0,0.0,0.0,0.0,0.0,0.0,0.0,0,0,0,0,unknown
420009,800991,10/01/2021,09/30/2022,0.0,0.0,0.0,0.0,0.0,0.0,0.0,0,0,0,0,unknown
440082,800993,07/01/2022,06/30/2023,0.0,0.0,0.0,0.0,0.0,0.0,0.0,0,0,0,0,unknown
450747,801004,01/01/2022,12/31/2022,0.0,0.0,0.0,0.0,0.0,0.0,0.0,0,0,0,0,unknown
451305,801007,07/01/2022,06/30/2023,0.0,0.0,0.0,0.0,0.0,0.0,0.0,0,0,0,0,unknown
462005,801010,07/01/2022,06/30/2023,0.0,0.0,0.0,0.0,0.0,0.0,0.0,0,0,0,0,unknown
521317,801018,07/01/2022,06/30/2023,0.0,0.0,0.0,0.0,0.0,0.0,0.0,0,0,0,0,unknown
521325,801019,01/01/2022,12/31/2022,0.0,0.0,0.0,0.0,0.0,0.0,0.0,0,0,0,0,unknown
134010,801031,07/01/2022,06/30/2023,0.0,0.0,0.0,0.0,0.0,0.0,0.0,0,0,0,0,unknown
161336,801032,07/01/2022,06/30/2023,0.0,0.0,0.0,0.0,0.0,0.0,0.0,0,0,0,0,unknown
170014,801033,10/01/2021,09/30/2022,0.0,0.0,0.0,0.0,0.0,0.0,0.0,0,0,0,0,unknown
170187,801034,01/01/2022,12/31/2022,0.0,0.0,0.0,0.0,0.0,0.0,0.0,0,0,0,0,unknown
170188,801035,01/01/2022,12/31/2022,0.0,0.0,0.0,0.0,0.0,0.0,0.0,0,0,0,0,unknown
230180,801038,07/01/2022,06/30/2023,0.0,0.0,0.0,0.0,0.0,0.0,0.0,0,0,0,0,unknown
231318,801039,07/01/2022,06/30/2023,0.0,0.0,0.0,0.0,0.0,0.0,0.0,0,0,0,0,unknown
271322,801042,07/01/2022,06/30/2023,0.0,0.0,0.0,0.0,0.0,0.0,0.0,0,0,0,0,unknown
271338,801043,07/01/2022,06/30/2023,0.0,0.0,0.0,0.0,0.0,0.0,0.0,0,0,0,0,unknown
281311,801044,07/01/2022,06/30/2023,0.0,0.0,0.0,0.0,0.0,0.0,0.0,0,0,0,0,unknown
314019,801049,01/01/2022,12/31/2022,0.0,0.0,0.0,0.0,0.0,0.0,0.0,0,0,0,0,unknown
340183,801051,01/01/2022,12/31/2022,0.0,0.0,0.0,0.0,0.0,0.0,0.0,0,0,0,0,unknown
351331,801052,07/01/2022,06/30/2023,0.0,0.0,0.0,0.0,0.0,0.0,0.0,0,0,0,0,unknown
431323,801057,07/01/2022,06/30/2023,0.0,0.0,0.0,0.0,0.0,0.0,0.0,0,0,0,0,unknown
431327,801058,07/01/2022,06/30/2023,0.0,0.0,0.0,0.0,0.0,0.0,0.0,0,0,0,0,unknown
450351,801060,10/01/2021,09/30/2022,0.0,0.0,0.0,0.0,0.0,0.0,0.0,0,0,0,0,unknown
451371,801068,07/01/2022,06/30/2023,0.0,0.0,0.0,0.0,0.0,0.0,0.0,0,0,0,0,unknown
451386,801069,07/01/2022,06/30/2023,0.0,0.0,0.0,0.0,0.0,0.0,0.0,0,0,0,0,unknown
460017,801070,09/01/2022,08/31/2023,0.0,0.0,0.0,0.0,0.0,0.0,0.0,0,0,0,0,unknown
510006,801072,01/01/2022,12/31/2022,0.0,0.0,0.0,0.0,0.0,0.0,0.0,0,0,0,0,unknown
510038,801073,07/01/2022,12/31/2022,0.0,0.0,0.0,0.0,0.0,0.0,0.0,0,0,0,0,unknown
010012,807674,04/01/2022,03/31/2023,0.0,0.0,0.0,0.0,0.0,0.0,0.0,0,0,0,0,unknown
010069,807681,01/01/2022,12/31/2022,0.0,0.0,0.0,0.0,0.0,0.0,0.0,0,0,0,0,unknown
010085,807684,04/01/2022,03/31/2023,0.0,0.0,0.0,0.0,0.0,0.0,0.0,0,0,0,0,unknown
010100,807688,04/01/2022,03/31/2023,0.0,0.0,0.0,0.0,0.0,0.0,0.0,0,0,0,0,unknown
010126,807694,04/01/2022,03/31/2023,0.0,0.0,0.0,0.0,0.0,0.0,0.0,0,0,0,0,unknown
010129,807696,04/01/2022,03/31/2023,0.0,0.0,0.0,0.0,0.0,0.0,0.0,0,0,0,0,unknown
020012,807699,01/01/2022,12/31/2022,0.0,0.0,0.0,0.0,0.0,0.0,0.0,0,0,0,0,unknown
021304,807700,07/01/2022,06/30/2023,0.0,0.0,0.0,0.0,0.0,0.0,0.0,0,0,0,0,unknown
030030,807705,04/01/2022,03/31/2023,0.0,0.0,0.0,0.0,0.0,0.0,0.0,0,0,0,0,unknown
030043,807708,05/01/2022,04/30/2023,0.0,0.0,0.0,0.0,0.0,0.0,0.0,0,0,0,0,unknown
030105,807712,01/01/2022,12/31/2022,0.0,0.0,0.0,0.0,0.0,0.0,0.0,0,0,0,0,unknown
032002,807717,09/01/2022,08/31/2023,0.0,0.0,0.0,0.0,0.0,0.0,0.0,0,0,0,0,unknown
034021,807719,07/01/2022,06/30/2023,0.0,0.0,0.0,0.0,0.0,0.0,0.0,0,0,0,0,unknown
040016,807722,07/01/2022,06/30/2023,0.0,0.0,0.0,0.0,0.0,0.0,0.0,0,0,0,0,unknown
040134,807726,10/01/2021,09/30/2022,0.0,0.0,0.0,0.0,0.0,0.0,0.0,0,0,0,0,unknown
041300,807728,07/01/2022,06/30/2023,0.0,0.0,0.0,0.0,0.0,0.0,0.0,0,0,0,0,unknown
041303,807729,07/01/2022,06/30/2023,0.0,0.0,0.0,0.0,0.0,0.0,0.0,0,0,0,0,unknown
041305,807730,07/01/2022,06/30/2023,0.0,0.0,0.0,0.0,0.0,0.0,0.0,0,0,0,0,unknown
041308,807731,07/01/2022,06/30/2023,0.0,0.0,0.0,0.0,0.0,0.0,0.0,0,0,0,0,unknown
041309,807732,07/01/2022,06/30/2023,0.0,0.0,0.0,0.0,0.0,0.0,0.0,0,0,0,0,unknown
041314,807733,07/01/2022,06/30/2023,0.0,0.0,0.0,0.0,0.0,0.0,0.0,0,0,0,0,unknown
041320,807734,07/01/2022,06/30/2023,0.0,0.0,0.0,0.0,0.0,0.0,0.0,0,0,0,0,unknown
041322,807735,07/01/2022,06/30/2023,0.0,0.0,0.0,0.0,0.0,0.0,0.0,0,0,0,0,unknown
043300,807738,07/01/2022,06/30/2023,0.0,0.0,0.0,0.0,0.0,0.0,0.0,0,0,0,0,unknown
043301,807739,07/01/2022,06/30/2023,0.0,0.0,0.0,0.0,0.0,0.0,0.0,0,0,0,0,unknown
050076,807749,01/01/2022,12/31/2022,0.0,0.0,0.0,0.0,0.0,0.0,0.0,0,0,0,0,unknown
050102,807752,07/01/2022,06/30/2023,0.0,0.0,0.0,0.0,0.0,0.0,0.0,0,0,0,0,unknown
050138,807757,01/01/2022,12/31/2022,0.0,0.0,0.0,0.0,0.0,0.0,0.0,0,0,0,0,unknown
050140,807758,01/01/2022,12/31/2022,0.0,0.0,0.0,0.0,0.0,0.0,0.0,0,0,0,0,unknown
050298,807775,02/01/2022,01/31/2023,0.0,0.0,0.0,0.0,0.0,0.0,0.0,0,0,0,0,unknown
050510,807785,01/01/2022,12/31/2022,0.0,0.0,0.0,0.0,0.0,0.0,0.0,0,0,0,0,unknown
050760,807793,01/01/2022,12/31/2022,0.0,0.0,0.0,0.0,0.0,0.0,0.0,0,0,0,0,unknown
051302,807797,07/01/2022,06/30/2023,0.0,0.0,0.0,0.0,0.0,0.0,0.0,0,0,0,0,unknown
051304,807798,07/01/2022,06/30/2023,0.0,0.0,0.0,0.0,0.0,0.0,0.0,0,0,0,0,unknown
051309,807799,07/01/2022,06/30/2023,0.0,0.0,0.0,0.0,0.0,0.0,0.0,0,0,0,0,unknown
051311,807800,07/01/2022,06/30/2023,0.0,0.0,0.0,0.0,0.0,0.0,0.0,0,0,0,0,unknown
051314,807801,07/01/2022,06/30/2023,0.0,0.0,0.0,0.0,0.0,0.0,0.0,0,0,0,0,unknown
051321,807805,07/01/2022,06/30/2023,0.0,0.0,0.0,0.0,0.0,0.0,0.0,0,0,0,0,unknown
052031,807810,09/01/2022,08/31/2023,0.0,0.0,0.0,0.0,0.0,0.0,0.0,0,0,0,0,unknown
052050,807811,09/01/2022,08/31/2023,0.0,0.0,0.0,0.0,0.0,0.0,0.0,0,0,0,0,unknown
053304,807814,07/01/2022,06/30/2023,0.0,0.0,0.0,0.0,0.0,0.0,0.0,0,0,0,0,unknown
053309,807816,07/01/2022,06/30/2023,0.0,0.0,0.0,0.0,0.0,0.0,0.0,0,0,0,0,unknown
054093,807819,07/01/2022,06/30/2023,0.0,0.0,0.0,0.0,0.0,0.0,0.0,0,0,0,0,unknown
054123,807820,07/01/2022,06/30/2023,0.0,0.0,0.0,0.0,0.0,0.0,0.0,0,0,0,0,unknown
060076,807828,01/01/2022,12/31/2022,0.0,0.0,0.0,0.0,0.0,0.0,0.0,0,0,0,0,unknown
061344,807835,07/01/2022,06/30/2023,0.0,0.0,0.0,0.0,0.0,0.0,0.0,0,0,0,0,unknown
070008,807838,10/01/2021,09/30/2022,0.0,0.0,0.0,0.0,0.0,0.0,0.0,0,0,0,0,unknown
070012,807839,01/01/2022,12/31/2022,0.0,0.0,0.0,0.0,0.0,0.0,0.0,0,0,0,0,unknown
070031,807841,10/01/2021,09/30/2022,0.0,0.0,0.0,0.0,0.0,0.0,0.0,0,0,0,0,unknown
082000,807848,08/01/2022,07/31/2023,0.0,0.0,0.0,0.0,0.0,0.0,0.0,0,0,0,0,unknown
090008,807851,10/01/2021,09/30/2022,0.0,0.0,0.0,0.0,0.0,0.0,0.0,0,0,0,0,unknown
093300,807853,07/01/2022,06/30/2023,0.0,0.0,0.0,0.0,0.0,0.0,0.0,0,0,0,0,unknown
100017,807856,10/01/2021,09/30/2022,0.0,0.0,0.0,0.0,0.0,0.0,0.0,0,0,0,0,unknown
100047,807864,10/01/2021,09/30/2022,0.0,0.0,0.0,0.0,0.0,0.0,0.0,0,0,0,0,unknown
100223,807900,06/01/2022,05/31/2023,0.0,0.0,0.0,0.0,0.0,0.0,0.0,0,0,0,0,unknown
100226,807902,07/01/2022,06/30/2023,0.0,0.0,0.0,0.0,0.0,0.0,0.0,0,0,0,0,unknown
100259,807916,09/01/2022,08/31/2023,0.0,0.0,0.0,0.0,0.0,0.0,0.0,0,0,0,0,unknown
102017,807932,08/01/2022,07/31/2023,0.0,0.0,0.0,0.0,0.0,0.0,0.0,0,0,0,0,unknown
102032,807933,09/01/2022,08/31/2023,0.0,0.0,0.0,0.0,0.0,0.0,0.0,0,0,0,0,unknown
103300,807935,07/01/2022,06/30/2023,0.0,0.0,0.0,0.0,0.0,0.0,0.0,0,0,0,0,unknown
104040,807938,07/01/2022,06/30/2023,0.0,0.0,0.0,0.0,0.0,0.0,0.0,0,0,0,0,unknown
104059,807940,07/01/2022,06/30/2023,0.0,0.0,0.0,0.0,0.0,0.0,0.0,0,0,0,0,unknown
104081,807943,04/01/2022,03/31/2023,0.0,0.0,0.0,0.0,0.0,0.0,0.0,0,0,0,0,unknown
110028,807950,01/01/2022,12/31/2022,0.0,0.0,0.0,0.0,0.0,0.0,0.0,0,0,0,0,unknown
110046,807953,07/01/2022,06/30/2023,0.0,0.0,0.0,0.0,0.0,0.0,0.0,0,0,0,0,unknown
110075,807956,10/01/2021,09/30/2022,0.0,0.0,0.0,0.0,0.0,0.0,0.0,0,0,0,0,unknown
110189,807969,01/01/2022,12/31/2022,0.0,0.0,0.0,0.0,0.0,0.0,0.0,0,0,0,0,unknown
110192,807970,07/01/2022,06/30/2023,0.0,0.0,0.0,0.0,0.0,0.0,0.0,0,0,0,0,unknown
111319,807975,07/01/2022,06/30/2023,0.0,0.0,0.0,0.0,0.0,0.0,0.0,0,0,0,0,unknown
111323,807979,01/01/2022,12/31/2022,0.0,0.0,0.0,0.0,0.0,0.0,0.0,0,0,0,0,unknown
121303,807988,07/01/2022,06/30/2023,0.0,0.0,0.0,0.0,0.0,0.0,0.0,0,0,0,0,unknown
121306,807989,07/01/2022,06/30/2023,0.0,0.0,0.0,0.0,0.0,0.0,0.0,0,0,0,0,unknown
123300,807990,07/01/2022,06/30/2023,0.0,0.0,0.0,0.0,0.0,0.0,0.0,0,0,0,0,unknown
130013,807993,07/01/2022,06/30/2023,0.0,0.0,0.0,0.0,0.0,0.0,0.0,0,0,0,0,unknown
131303,807995,07/01/2022,06/30/2023,0.0,0.0,0.0,0.0,0.0,0.0,0.0,0,0,0,0,unknown
140034,807998,01/01/2022,12/31/2022,0.0,0.0,0.0,0.0,0.0,0.0,0.0,0,0,0,0,unknown
140084,808002,12/01/2021,11/30/2022,0.0,0.0,0.0,0.0,0.0,0.0,0.0,0,0,0,0,unknown
140093,808003,10/01/2021,09/30/2022,0.0,0.0,0.0,0.0,0.0,0.0,0.0,0,0,0,0,unknown
140137,808006,07/01/2022,06/30/2023,0.0,0.0,0.0,0.0,0.0,0.0,0.0,0,0,0,0,unknown
140162,808008,10/01/2021,09/30/2022,0.0,0.0,0.0,0.0,0.0,0.0,0.0,0,0,0,0,unknown
140275,808016,07/01/2022,06/30/2023,0.0,0.0,0.0,0.0,0.0,0.0,0.0,0,0,0,0,unknown
141304,808021,07/01/2022,06/30/2023,0.0,0.0,0.0,0.0,0.0,0.0,0.0,0,0,0,0,unknown
141306,808022,01/01/2022,12/31/2022,0.0,0.0,0.0,0.0,0.0,0.0,0.0,0,0,0,0,unknown
141330,808029,07/01/2022,06/30/2023,0.0,0.0,0.0,0.0,0.0,0.0,0.0,0,0,0,0,unknown
141331,808030,07/01/2022,06/30/2023,0.0,0.0,0.0,0.0,0.0,0.0,0.0,0,0,0,0,unknown
141335,808031,07/01/2022,06/30/2023,0.0,0.0,0.0,0.0,0.0,0.0,0.0,0,0,0,0,unknown
141346,808034,07/01/2022,06/30/2023,0.0,0.0,0.0,0.0,0.0,0.0,0.0,0,0,0,0,unknown
141347,808035,08/01/2022,07/31/2023,0.0,0.0,0.0,0.0,0.0,0.0,0.0,0,0,0,0,unknown
142011,808037,07/01/2022,06/30/2023,0.0,0.0,0.0,0.0,0.0,0.0,0.0,0,0,0,0,unknown
142013,808038,09/01/2022,08/31/2023,0.0,0.0,0.0,0.0,0.0,0.0,0.0,0,0,0,0,unknown
143300,808041,09/01/2022,08/31/2023,0.0,0.0,0.0,0.0,0.0,0.0,0.0,0,0,0,0,unknown
150021,808050,01/01/2022,12/31/2022,0.0,0.0,0.0,0.0,0.0,0.0,0.0,0,0,0,0,unknown
150061,808057,01/01/2022,12/31/2022,0.0,0.0,0.0,0.0,0.0,0.0,0.0,0,0,0,0,unknown
150157,808062,07/01/2022,06/30/2023,0.0,0.0,0.0,0.0,0.0,0.0,0.0,0,0,0,0,unknown
150167,808063,01/01/2022,12/31/2022,0.0,0.0,0.0,0.0,0.0,0.0,0.0,0,0,0,0,unknown
150172,808064,01/01/2022,12/31/2022,0.0,0.0,0.0,0.0,0.0,0.0,0.0,0,0,0,0,unknown
153042,808069,01/01/2022,12/31/2022,0.0,0.0,0.0,0.0,0.0,0.0,0.0,0,0,0,0,unknown
160013,808075,01/01/2022,12/31/2022,0.0,0.0,0.0,0.0,0.0,0.0,0.0,0,0,0,0,unknown
160079,808076,07/01/2022,06/30/2023,0.0,0.0,0.0,0.0,0.0,0.0,0.0,0,0,0,0,unknown
160080,808077,07/01/2022,06/30/2023,0.0,0.0,0.0,0.0,0.0,0.0,0.0,0,0,0,0,unknown
160083,808080,07/01/2022,06/30/2023,0.0,0.0,0.0,0.0,0.0,0.0,0.0,0,0,0,0,unknown
160089,808081,05/01/2022,04/30/2023,0.0,0.0,0.0,0.0,0.0,0.0,0.0,0,0,0,0,unknown
160101,808082,07/01/2022,06/30/2023,0.0,0.0,0.0,0.0,0.0,0.0,0.0,0,0,0,0,unknown
161304,808086,07/01/2022,06/30/2023,0.0,0.0,0.0,0.0,0.0,0.0,0.0,0,0,0,0,unknown
161305,808087,07/01/2022,06/30/2023,0.0,0.0,0.0,0.0,0.0,0.0,0.0,0,0,0,0,unknown
161308,808088,07/01/2022,06/30/2023,0.0,0.0,0.0,0.0,0.0,0.0,0.0,0,0,0,0,unknown
161309,808089,07/01/2022,06/30/2023,0.0,0.0,0.0,0.0,0.0,0.0,0.0,0,0,0,0,unknown
161315,808090,07/01/2022,06/30/2023,0.0,0.0,0.0,0.0,0.0,0.0,0.0,0,0,0,0,unknown
161335,808091,07/01/2022,06/30/2023,0.0,0.0,0.0,0.0,0.0,0.0,0.0,0,0,0,0,unknown
161337,808092,07/01/2022,06/30/2023,0.0,0.0,0.0,0.0,0.0,0.0,0.0,0,0,0,0,unknown
161341,808093,07/01/2022,06/30/2023,0.0,0.0,0.0,0.0,0.0,0.0,0.0,0,0,0,0,unknown
161342,808094,07/01/2022,06/30/2023,0.0,0.0,0.0,0.0,0.0,0.0,0.0,0,0,0,0,unknown
161356,808097,07/01/2022,06/30/2023,0.0,0.0,0.0,0.0,0.0,0.0,0.0,0,0,0,0,unknown
161357,808098,07/01/2022,06/30/2023,0.0,0.0,0.0,0.0,0.0,0.0,0.0,0,0,0,0,unknown
161358,808099,07/01/2022,06/30/2023,0.0,0.0,0.0,0.0,0.0,0.0,0.0,0,0,0,0,unknown
161359,808100,07/01/2022,06/30/2023,0.0,0.0,0.0,0.0,0.0,0.0,0.0,0,0,0,0,unknown
161364,808101,07/01/2022,06/30/2023,0.0,0.0,0.0,0.0,0.0,0.0,0.0,0,0,0,0,unknown
161365,808102,07/01/2022,06/30/2023,0.0,0.0,0.0,0.0,0.0,0.0,0.0,0,0,0,0,unknown
161371,808103,07/01/2022,06/30/2023,0.0,0.0,0.0,0.0,0.0,0.0,0.0,0,0,0,0,unknown
161373,808104,07/01/2022,06/30/2023,0.0,0.0,0.0,0.0,0.0,0.0,0.0,0,0,0,0,unknown
161377,808105,07/01/2022,06/30/2023,0.0,0.0,0.0,0.0,0.0,0.0,0.0,0,0,0,0,unknown
161380,808106,07/01/2022,06/30/2023,0.0,0.0,0.0,0.0,0.0,0.0,0.0,0,0,0,0,unknown
163027,808108,10/01/2021,09/30/2022,0.0,0.0,0.0,0.0,0.0,0.0,0.0,0,0,0,0,unknown
170013,808110,07/01/2022,06/30/2023,0.0,0.0,0.0,0.0,0.0,0.0,0.0,0,0,0,0,unknown
170023,808111,07/01/2022,06/30/2023,0.0,0.0,0.0,0.0,0.0,0.0,0.0,0,0,0,0,unknown
170049,808112,01/01/2022,12/31/2022,0.0,0.0,0.0,0.0,0.0,0.0,0.0,0,0,0,0,unknown
170109,808113,01/01/2022,12/31/2022,0.0,0.0,0.0,0.0,0.0,0.0,0.0,0,0,0,0,unknown
170185,808116,01/01/2022,12/31/2022,0.0,0.0,0.0,0.0,0.0,0.0,0.0,0,0,0,0,unknown
170203,808118,07/01/2022,06/30/2023,0.0,0.0,0.0,0.0,0.0,0.0,0.0,0,0,0,0,unknown
171308,808121,07/01/2022,06/30/2023,0.0,0.0,0.0,0.0,0.0,0.0,0.0,0,0,0,0,unknown
171327,808124,07/01/2022,06/30/2023,0.0,0.0,0.0,0.0,0.0,0.0,0.0,0,0,0,0,unknown
171350,808129,08/01/2022,07/31/2023,0.0,0.0,0.0,0.0,0.0,0.0,0.0,0,0,0,0,unknown
171364,808130,01/01/2022,12/31/2022,0.0,0.0,0.0,0.0,0.0,0.0,0.0,0,0,0,0,unknown
171372,808131,07/01/2022,06/30/2023,0.0,0.0,0.0,0.0,0.0,0.0,0.0,0,0,0,0,unknown
173028,808133,10/01/2021,09/30/2022,0.0,0.0,0.0,0.0,0.0,0.0,0.0,0,0,0,0,unknown
173033,808134,01/01/2022,12/31/2022,0.0,0.0,0.0,0.0,0.0,0.0,0.0,0,0,0,0,unknown
180056,808139,10/01/2021,09/30/2022,0.0,0.0,0.0,0.0,0.0,0.0,0.0,0,0,0,0,unknown
180080,808140,09/01/2022,08/31/2023,0.0,0.0,0.0,0.0,0.0,0.0,0.0,0,0,0,0,unknown
180128,808144,04/01/2022,03/31/2023,0.0,0.0,0.0,0.0,0.0,0.0,0.0,0,0,0,0,unknown
180130,808145,09/01/2022,08/31/2023,0.0,0.0,0.0,0.0,0.0,0.0,0.0,0,0,0,0,unknown
181329,808148,07/01/2022,06/30/2023,0.0,0.0,0.0,0.0,0.0,0.0,0.0,0,0,0,0,unknown
183030,808149,01/01/2022,12/31/2022,0.0,0.0,0.0,0.0,0.0,0.0,0.0,0,0,0,0,unknown
190090,808159,04/01/2022,03/31/2023,0.0,0.0,0.0,0.0,0.0,0.0,0.0,0,0,0,0,unknown
190106,808161,04/01/2022,03/31/2023,0.0,0.0,0.0,0.0,0.0,0.0,0.0,0,0,0,0,unknown
190116,808162,06/01/2022,05/31/2023,0.0,0.0,0.0,0.0,0.0,0.0,0.0,0,0,0,0,unknown
190133,808164,07/01/2022,06/30/2023,0.0,0.0,0.0,0.0,0.0,0.0,0.0,0,0,0,0,unknown
190202,808168,10/01/2021,09/30/2022,0.0,0.0,0.0,0.0,0.0,0.0,0.0,0,0,0,0,unknown
190204,808169,04/01/2022,03/31/2023,0.0,0.0,0.0,0.0,0.0,0.0,0.0,0,0,0,0,unknown
190218,808170,04/01/2022,03/31/2023,0.0,0.0,0.0,0.0,0.0,0.0,0.0,0,0,0,0,unknown
191304,808175,07/01/2022,06/30/2023,0.0,0.0,0.0,0.0,0.0,0.0,0.0,0,0,0,0,unknown
191312,808177,07/01/2022,06/30/2023,0.0,0.0,0.0,0.0,0.0,0.0,0.0,0,0,0,0,unknown
191319,808179,07/01/2022,06/30/2023,0.0,0.0,0.0,0.0,0.0,0.0,0.0,0,0,0,0,unknown
191321,808180,07/01/2022,06/30/2023,0.0,0.0,0.0,0.0,0.0,0.0,0.0,0,0,0,0,unknown
192004,808181,09/01/2022,08/31/2023,0.0,0.0,0.0,0.0,0.0,0.0,0.0,0,0,0,0,unknown
192015,808183,09/01/2022,08/31/2023,0.0,0.0,0.0,0.0,0.0,0.0,0.0,0,0,0,0,unknown
192031,808184,09/01/2022,08/31/2023,0.0,0.0,0.0,0.0,0.0,0.0,0.0,0,0,0,0,unknown
193067,808187,08/01/2022,07/31/2023,0.0,0.0,0.0,0.0,0.0,0.0,0.0,0,0,0,0,unknown
193079,808188,01/01/2022,12/31/2022,0.0,0.0,0.0,0.0,0.0,0.0,0.0,0,0,0,0,unknown
193086,808189,01/01/2022,12/31/2022,0.0,0.0,0.0,0.0,0.0,0.0,0.0,0,0,0,0,unknown
201307,808196,07/01/2022,06/30/2023,0.0,0.0,0.0,0.0,0.0,0.0,0.0,0,0,0,0,unknown
210001,808198,07/01/2022,06/30/2023,0.0,0.0,0.0,0.0,0.0,0.0,0.0,0,0,0,0,unknown
210065,808199,07/01/2022,06/30/2023,0.0,0.0,0.0,0.0,0.0,0.0,0.0,0,0,0,0,unknown
220126,808206,01/01/2022,12/31/2022,0.0,0.0,0.0,0.0,0.0,0.0,0.0,0,0,0,0,unknown
230095,808221,07/01/2022,06/30/2023,0.0,0.0,0.0,0.0,0.0,0.0,0.0,0,0,0,0,unknown
230100,808223,07/01/2022,06/30/2023,0.0,0.0,0.0,0.0,0.0,0.0,0.0,0,0,0,0,unknown
230133,808224,07/01/2022,06/30/2023,0.0,0.0,0.0,0.0,0.0,0.0,0.0,0,0,0,0,unknown
230303,808228,07/01/2022,06/30/2023,0.0,0.0,0.0,0.0,0.0,0.0,0.0,0,0,0,0,unknown
231301,808229,07/01/2022,06/30/2023,0.0,0.0,0.0,0.0,0.0,0.0,0.0,0,0,0,0,unknown
231310,808230,07/01/2022,06/30/2023,0.0,0.0,0.0,0.0,0.0,0.0,0.0,0,0,0,0,unknown
231322,808231,07/01/2022,06/30/2023,0.0,0.0,0.0,0.0,0.0,0.0,0.0,0,0,0,0,unknown
231328,808232,07/01/2022,06/30/2023,0.0,0.0,0.0,0.0,0.0,0.0,0.0,0,0,0,0,unknown
232029,808233,07/01/2022,06/30/2023,0.0,0.0,0.0,0.0,0.0,0.0,0.0,0,0,0,0,unknown
240030,808243,01/01/2022,12/31/2022,0.0,0.0,0.0,0.0,0.0,0.0,0.0,0,0,0,0,unknown
240044,808246,10/01/2021,09/30/2022,0.0,0.0,0.0,0.0,0.0,0.0,0.0,0,0,0,0,unknown
241355,808255,01/01/2022,12/31/2022,0.0,0.0,0.0,0.0,0.0,0.0,0.0,0,0,0,0,unknown
241374,808258,07/01/2022,06/30/2023,0.0,0.0,0.0,0.0,0.0,0.0,0.0,0,0,0,0,unknown
250025,808261,10/01/2021,09/30/2022,0.0,0.0,0.0,0.0,0.0,0.0,0.0,0,0,0,0,unknown
250072,808265,10/01/2021,09/30/2022,0.0,0.0,0.0,0.0,0.0,0.0,0.0,0,0,0,0,unknown
250081,808266,10/01/2021,09/30/2022,0.0,0.0,0.0,0.0,0.0,0.0,0.0,0,0,0,0,unknown
250117,808270,10/01/2021,09/30/2022,0.0,0.0,0.0,0.0,0.0,0.0,0.0,0,0,0,0,unknown
250138,808272,10/01/2021,09/30/2022,0.0,0.0,0.0,0.0,0.0,0.0,0.0,0,0,0,0,unknown
251319,808275,07/01/2022,06/30/2023,0.0,0.0,0.0,0.0,0.0,0.0,0.0,0,0,0,0,unknown
252003,808277,09/01/2022,08/31/2023,0.0,0.0,0.0,0.0,0.0,0.0,0.0,0,0,0,0,unknown
252006,808278,08/01/2022,07/31/2023,0.0,0.0,0.0,0.0,0.0,0.0,0.0,0,0,0,0,unknown
253027,808280,06/01/2022,05/31/2023,0.0,0.0,0.0,0.0,0.0,0.0,0.0,0,0,0,0,unknown
260068,808287,01/01/2022,12/31/2022,0.0,0.0,0.0,0.0,0.0,0.0,0.0,0,0,0,0,unknown
260070,808288,01/01/2022,12/31/2022,0.0,0.0,0.0,0.0,0.0,0.0,0.0,0,0,0,0,unknown
260085,808290,01/01/2022,12/31/2022,0.0,0.0,0.0,0.0,0.0,0.0,0.0,0,0,0,0,unknown
260110,808292,01/01/2022,12/31/2022,0.0,0.0,0.0,0.0,0.0,0.0,0.0,0,0,0,0,unknown
260142,808294,05/01/2022,04/30/2023,0.0,0.0,0.0,0.0,0.0,0.0,0.0,0,0,0,0,unknown
260175,808295,04/01/2022,03/31/2023,0.0,0.0,0.0,0.0,0.0,0.0,0.0,0,0,0,0,unknown
260190,808297,10/01/2021,09/30/2022,0.0,0.0,0.0,0.0,0.0,0.0,0.0,0,0,0,0,unknown
261320,808308,10/01/2021,09/30/2022,0.0,0.0,0.0,0.0,0.0,0.0,0.0,0,0,0,0,unknown
261332,808310,07/01/2022,06/30/2023,0.0,0.0,0.0,0.0,0.0,0.0,0.0,0,0,0,0,unknown
261333,808311,07/01/2022,06/30/2023,0.0,0.0,0.0,0.0,0.0,0.0,0.0,0,0,0,0,unknown
261338,808313,07/01/2022,06/30/2023,0.0,0.0,0.0,0.0,0.0,0.0,0.0,0,0,0,0,unknown
263032,808315,01/01/2022,12/31/2022,0.0,0.0,0.0,0.0,0.0,0.0,0.0,0,0,0,0,unknown
271303,808322,07/01/2022,06/30/2023,0.0,0.0,0.0,0.0,0.0,0.0,0.0,0,0,0,0,unknown
271306,808323,07/01/2022,06/30/2023,0.0,0.0,0.0,0.0,0.0,0.0,0.0,0,0,0,0,unknown
271327,808325,07/01/2022,06/30/2023,0.0,0.0,0.0,0.0,0.0,0.0,0.0,0,0,0,0,unknown
271333,808326,07/01/2022,06/30/2023,0.0,0.0,0.0,0.0,0.0,0.0,0.0,0,0,0,0,unknown
271346,808327,07/01/2022,06/30/2023,0.0,0.0,0.0,0.0,0.0,0.0,0.0,0,0,0,0,unknown
280077,808331,01/01/2022,12/31/2022,0.0,0.0,0.0,0.0,0.0,0.0,0.0,0,0,0,0,unknown
280105,808332,07/01/2022,06/30/2023,0.0,0.0,0.0,0.0,0.0,0.0,0.0,0,0,0,0,unknown
280128,808333,07/01/2022,06/30/2023,0.0,0.0,0.0,0.0,0.0,0.0,0.0,0,0,0,0,unknown
280129,808334,01/01/2022,12/31/2022,0.0,0.0,0.0,0.0,0.0,0.0,0.0,0,0,0,0,unknown
281302,808337,07/01/2022,06/30/2023,0.0,0.0,0.0,0.0,0.0,0.0,0.0,0,0,0,0,unknown
281305,808338,07/01/2022,06/30/2023,0.0,0.0,0.0,0.0,0.0,0.0,0.0,0,0,0,0,unknown
281308,808339,07/01/2022,06/30/2023,0.0,0.0,0.0,0.0,0.0,0.0,0.0,0,0,0,0,unknown
281309,808340,07/01/2022,06/30/2023,0.0,0.0,0.0,0.0,0.0,0.0,0.0,0,0,0,0,unknown
281312,808341,07/01/2022,06/30/2023,0.0,0.0,0.0,0.0,0.0,0.0,0.0,0,0,0,0,unknown
281333,808342,07/01/2022,06/30/2023,0.0,0.0,0.0,0.0,0.0,0.0,0.0,0,0,0,0,unknown
281351,808343,07/01/2022,06/30/2023,0.0,0.0,0.0,0.0,0.0,0.0,0.0,0,0,0,0,unknown
281358,808344,07/01/2022,06/30/2023,0.0,0.0,0.0,0.0,0.0,0.0,0.0,0,0,0,0,unknown
281361,808345,07/01/2022,06/30/2023,0.0,0.0,0.0,0.0,0.0,0.0,0.0,0,0,0,0,unknown
282001,808346,07/01/2022,06/30/2023,0.0,0.0,0.0,0.0,0.0,0.0,0.0,0,0,0,0,unknown
283025,808347,07/01/2022,06/30/2023,0.0,0.0,0.0,0.0,0.0,0.0,0.0,0,0,0,0,unknown
291301,808350,07/01/2022,06/30/2023,0.0,0.0,0.0,0.0,0.0,0.0,0.0,0,0,0,0,unknown
291303,808352,07/01/2022,06/30/2023,0.0,0.0,0.0,0.0,0.0,0.0,0.0,0,0,0,0,unknown
291309,808356,01/01/2022,12/31/2022,0.0,0.0,0.0,0.0,0.0,0.0,0.0,0,0,0,0,unknown
294000,808357,07/01/2022,06/30/2023,0.0,0.0,0.0,0.0,0.0,0.0,0.0,0,0,0,0,unknown
294002,808358,07/01/2022,06/30/2023,0.0,0.0,0.0,0.0,0.0,0.0,0.0,0,0,0,0,unknown
294012,808359,07/01/2022,06/30/2023,0.0,0.0,0.0,0.0,0.0,0.0,0.0,0,0,0,0,unknown
301309,808362,10/01/2021,09/30/2022,0.0,0.0,0.0,0.0,0.0,0.0,0.0,0,0,0,0,unknown
310073,808384,01/01/2022,12/31/2022,0.0,0.0,0.0,0.0,0.0,0.0,0.0,0,0,0,0,unknown
310096,808392,01/01/2022,12/31/2022,0.0,0.0,0.0,0.0,0.0,0.0,0.0,0,0,0,0,unknown
314011,808397,07/01/2022,06/30/2023,0.0,0.0,0.0,0.0,0.0,0.0,0.0,0,0,0,0,unknown
314013,808398,07/01/2022,06/30/2023,0.0,0.0,0.0,0.0,0.0,0.0,0.0,0,0,0,0,unknown
314016,808399,07/01/2022,06/30/2023,0.0,0.0,0.0,0.0,0.0,0.0,0.0,0,0,0,0,unknown
320033,808405,01/01/2022,12/31/2022,0.0,0.0,0.0,0.0,0.0,0.0,0.0,0,0,0,0,unknown
320061,808407,10/01/2021,09/30/2022,0.0,0.0,0.0,0.0,0.0,0.0,0.0,0,0,0,0,unknown
320065,808409,07/01/2022,06/30/2023,0.0,0.0,0.0,0.0,0.0,0.0,0.0,0,0,0,0,unknown
321304,808412,07/01/2022,06/30/2023,0.0,0.0,0.0,0.0,0.0,0.0,0.0,0,0,0,0,unknown
321307,808413,07/01/2022,06/30/2023,0.0,0.0,0.0,0.0,0.0,0.0,0.0,0,0,0,0,unknown
321308,808414,07/01/2022,06/30/2023,0.0,0.0,0.0,0.0,0.0,0.0,0.0,0,0,0,0,unknown
330074,808422,01/01/2022,12/31/2022,0.0,0.0,0.0,0.0,0.0,0.0,0.0,0,0,0,0,unknown
330111,808429,01/01/2022,12/31/2022,0.0,0.0,0.0,0.0,0.0,0.0,0.0,0,0,0,0,unknown
330135,808431,01/01/2022,12/31/2022,0.0,0.0,0.0,0.0,0.0,0.0,0.0,0,0,0,0,unknown
330136,808432,01/01/2022,12/31/2022,0.0,0.0,0.0,0.0,0.0,0.0,0.0,0,0,0,0,unknown
330211,808438,01/01/2022,12/31/2022,0.0,0.0,0.0,0.0,0.0,0.0,0.0,0,0,0,0,unknown
330236,808441,01/01/2022,09/30/2022,0.0,0.0,0.0,0.0,0.0,0.0,0.0,0,0,0,0,unknown
332008,808448,07/01/2022,06/30/2023,0.0,0.0,0.0,0.0,0.0,0.0,0.0,0,0,0,0,unknown
334027,808450,01/01/2022,12/31/2022,0.0,0.0,0.0,0.0,0.0,0.0,0.0,0,0,0,0,unknown
334060,808451,04/01/2022,03/31/2023,0.0,0.0,0.0,0.0,0.0,0.0,0.0,0,0,0,0,unknown
340020,808454,01/01/2022,12/31/2022,0.0,0.0,0.0,0.0,0.0,0.0,0.0,0,0,0,0,unknown
340032,808455,07/01/2022,06/30/2023,0.0,0.0,0.0,0.0,0.0,0.0,0.0,0,0,0,0,unknown
350015,808477,01/01/2022,12/31/2022,0.0,0.0,0.0,0.0,0.0,0.0,0.0,0,0,0,0,unknown
351301,808478,07/01/2022,06/30/2023,0.0,0.0,0.0,0.0,0.0,0.0,0.0,0,0,0,0,unknown
351303,808479,07/01/2022,06/30/2023,0.0,0.0,0.0,0.0,0.0,0.0,0.0,0,0,0,0,unknown
351304,808481,07/01/2022,06/30/2023,0.0,0.0,0.0,0.0,0.0,0.0,0.0,0,0,0,0,unknown
351308,808484,07/01/2022,06/30/2023,0.0,0.0,0.0,0.0,0.0,0.0,0.0,0,0,0,0,unknown
351311,808485,07/01/2022,06/30/2023,0.0,0.0,0.0,0.0,0.0,0.0,0.0,0,0,0,0,unknown
351315,808486,07/01/2022,06/30/2023,0.0,0.0,0.0,0.0,0.0,0.0,0.0,0,0,0,0,unknown
351318,808488,07/01/2022,06/30/2023,0.0,0.0,0.0,0.0,0.0,0.0,0.0,0,0,0,0,unknown
351323,808489,07/01/2022,06/30/2023,0.0,0.0,0.0,0.0,0.0,0.0,0.0,0,0,0,0,unknown
351324,808490,07/01/2022,06/30/2023,0.0,0.0,0.0,0.0,0.0,0.0,0.0,0,0,0,0,unknown
351325,808491,07/01/2022,06/30/2023,0.0,0.0,0.0,0.0,0.0,0.0,0.0,0,0,0,0,unknown
351333,808493,07/01/2022,06/30/2023,0.0,0.0,0.0,0.0,0.0,0.0,0.0,0,0,0,0,unknown
351334,808494,07/01/2022,06/30/2023,0.0,0.0,0.0,0.0,0.0,0.0,0.0,0,0,0,0,unknown
360001,808496,01/01/2022,12/31/2022,0.0,0.0,0.0,0.0,0.0,0.0,0.0,0,0,0,0,unknown
360002,808497,01/01/2022,12/31/2022,0.0,0.0,0.0,0.0,0.0,0.0,0.0,0,0,0,0,unknown
360068,808503,01/01/2022,12/31/2022,0.0,0.0,0.0,0.0,0.0,0.0,0.0,0,0,0,0,unknown
360081,808504,01/01/2022,02/28/2022,0.0,0.0,0.0,0.0,0.0,0.0,0.0,0,0,0,0,unknown
362022,808513,09/01/2022,08/31/2023,0.0,0.0,0.0,0.0,0.0,0.0,0.0,0,0,0,0,unknown
363033,808516,01/01/2022,12/31/2022,0.0,0.0,0.0,0.0,0.0,0.0,0.0,0,0,0,0,unknown
363041,808517,04/01/2022,03/31/2023,0.0,0.0,0.0,0.0,0.0,0.0,0.0,0,0,0,0,unknown
370030,808526,01/01/2022,12/31/2022,0.0,0.0,0.0,0.0,0.0,0.0,0.0,0,0,0,0,unknown
370039,808528,11/01/2021,10/31/2022,0.0,0.0,0.0,0.0,0.0,0.0,0.0,0,0,0,0,unknown
371304,808543,07/01/2022,06/30/2023,0.0,0.0,0.0,0.0,0.0,0.0,0.0,0,0,0,0,unknown
371312,808544,07/01/2022,06/30/2023,0.0,0.0,0.0,0.0,0.0,0.0,0.0,0,0,0,0,unknown
371313,808545,07/01/2022,06/30/2023,0.0,0.0,0.0,0.0,0.0,0.0,0.0,0,0,0,0,unknown
371319,808546,07/01/2022,06/30/2023,0.0,0.0,0.0,0.0,0.0,0.0,0.0,0,0,0,0,unknown
371323,808547,10/01/2021,09/30/2022,0.0,0.0,0.0,0.0,0.0,0.0,0.0,0,0,0,0,unknown
371327,808548,07/01/2022,06/30/2023,0.0,0.0,0.0,0.0,0.0,0.0,0.0,0,0,0,0,unknown
371338,808549,07/01/2022,06/30/2023,0.0,0.0,0.0,0.0,0.0,0.0,0.0,0,0,0,0,unknown
371340,808550,07/01/2022,06/30/2023,0.0,0.0,0.0,0.0,0.0,0.0,0.0,0,0,0,0,unknown
371341,808551,07/01/2022,06/30/2023,0.0,0.0,0.0,0.0,0.0,0.0,0.0,0,0,0,0,unknown
380005,808553,10/01/2021,09/30/2022,0.0,0.0,0.0,0.0,0.0,0.0,0.0,0,0,0,0,unknown
380071,808555,01/01/2022,12/31/2022,0.0,0.0,0.0,0.0,0.0,0.0,0.0,0,0,0,0,unknown
381301,808556,07/01/2022,06/30/2023,0.0,0.0,0.0,0.0,0.0,0.0,0.0,0,0,0,0,unknown
381310,808557,07/01/2022,06/30/2023,0.0,0.0,0.0,0.0,0.0,0.0,0.0,0,0,0,0,unknown
381311,808558,07/01/2022,06/30/2023,0.0,0.0,0.0,0.0,0.0,0.0,0.0,0,0,0,0,unknown
381315,808559,07/01/2022,06/30/2023,0.0,0.0,0.0,0.0,0.0,0.0,0.0,0,0,0,0,unknown
381319,808560,07/01/2022,06/30/2023,0.0,0.0,0.0,0.0,0.0,0.0,0.0,0,0,0,0,unknown
390035,808565,07/01/2022,06/30/2023,0.0,0.0,0.0,0.0,0.0,0.0,0.0,0,0,0,0,unknown
390045,808566,07/01/2022,06/30/2023,0.0,0.0,0.0,0.0,0.0,0.0,0.0,0,0,0,0,unknown
390162,808586,07/01/2022,06/30/2023,0.0,0.0,0.0,0.0,0.0,0.0,0.0,0,0,0,0,unknown
390330,808608,07/01/2022,06/30/2023,0.0,0.0,0.0,0.0,0.0,0.0,0.0,0,0,0,0,unknown
391301,808609,07/01/2022,06/30/2023,0.0,0.0,0.0,0.0,0.0,0.0,0.0,0,0,0,0,unknown
391302,808610,07/01/2022,06/30/2023,0.0,0.0,0.0,0.0,0.0,0.0,0.0,0,0,0,0,unknown
391305,808611,07/01/2022,06/30/2023,0.0,0.0,0.0,0.0,0.0,0.0,0.0,0,0,0,0,unknown
391307,808612,07/01/2022,06/30/2023,0.0,0.0,0.0,0.0,0.0,0.0,0.0,0,0,0,0,unknown
391308,808613,07/01/2022,06/30/2023,0.0,0.0,0.0,0.0,0.0,0.0,0.0,0,0,0,0,unknown
391309,808614,07/01/2022,06/30/2023,0.0,0.0,0.0,0.0,0.0,0.0,0.0,0,0,0,0,unknown
391317,808615,07/01/2022,06/30/2023,0.0,0.0,0.0,0.0,0.0,0.0,0.0,0,0,0,0,unknown
392050,808616,07/01/2022,06/30/2023,0.0,0.0,0.0,0.0,0.0,0.0,0.0,0,0,0,0,unknown
393307,808618,07/01/2022,06/30/2023,0.0,0.0,0.0,0.0,0.0,0.0,0.0,0,0,0,0,unknown
394001,808619,07/01/2022,06/30/2023,0.0,0.0,0.0,0.0,0.0,0.0,0.0,0,0,0,0,unknown
394004,808620,07/01/2022,06/30/2023,0.0,0.0,0.0,0.0,0.0,0.0,0.0,0,0,0,0,unknown
394012,808621,07/01/2022,06/30/2023,0.0,0.0,0.0,0.0,0.0,0.0,0.0,0,0,0,0,unknown
394014,808622,07/01/2022,06/30/2023,0.0,0.0,0.0,0.0,0.0,0.0,0.0,0,0,0,0,unknown
394016,808624,07/01/2022,06/30/2023,0.0,0.0,0.0,0.0,0.0,0.0,0.0,0,0,0,0,unknown
420010,808638,10/01/2021,09/30/2022,0.0,0.0,0.0,0.0,0.0,0.0,0.0,0,0,0,0,unknown
420043,808640,10/01/2021,09/30/2022,0.0,0.0,0.0,0.0,0.0,0.0,0.0,0,0,0,0,unknown
421300,808650,10/01/2021,09/30/2022,0.0,0.0,0.0,0.0,0.0,0.0,0.0,0,0,0,0,unknown
422009,808652,08/01/2022,07/31/2023,0.0,0.0,0.0,0.0,0.0,0.0,0.0,0,0,0,0,unknown
431302,808659,07/01/2022,06/30/2023,0.0,0.0,0.0,0.0,0.0,0.0,0.0,0,0,0,0,unknown
431310,808660,07/01/2022,06/30/2023,0.0,0.0,0.0,0.0,0.0,0.0,0.0,0,0,0,0,unknown
431318,808661,07/01/2022,06/30/2023,0.0,0.0,0.0,0.0,0.0,0.0,0.0,0,0,0,0,unknown
431324,808662,07/01/2022,06/30/2023,0.0,0.0,0.0,0.0,0.0,0.0,0.0,0,0,0,0,unknown
431326,808663,07/01/2022,06/30/2023,0.0,0.0,0.0,0.0,0.0,0.0,0.0,0,0,0,0,unknown
431330,808664,07/01/2022,06/30/2023,0.0,0.0,0.0,0.0,0.0,0.0,0.0,0,0,0,0,unknown
431331,808665,07/01/2022,06/30/2023,0.0,0.0,0.0,0.0,0.0,0.0,0.0,0,0,0,0,unknown
431332,808666,07/01/2022,06/30/2023,0.0,0.0,0.0,0.0,0.0,0.0,0.0,0,0,0,0,unknown
431337,808667,07/01/2022,06/30/2023,0.0,0.0,0.0,0.0,0.0,0.0,0.0,0,0,0,0,unknown
440159,808683,04/01/2022,03/31/2023,0.0,0.0,0.0,0.0,0.0,0.0,0.0,0,0,0,0,unknown
441306,808691,07/01/2022,06/30/2023,0.0,0.0,0.0,0.0,0.0,0.0,0.0,0,0,0,0,unknown
450032,808697,07/01/2022,06/30/2023,0.0,0.0,0.0,0.0,0.0,0.0,0.0,0,0,0,0,unknown
450044,808702,09/01/2022,08/31/2023,0.0,0.0,0.0,0.0,0.0,0.0,0.0,0,0,0,0,unknown
450064,808706,01/01/2022,12/31/2022,0.0,0.0,0.0,0.0,0.0,0.0,0.0,0,0,0,0,unknown
450135,808711,10/01/2021,09/30/2022,0.0,0.0,0.0,0.0,0.0,0.0,0.0,0,0,0,0,unknown
450162,808715,01/01/2022,12/31/2022,0.0,0.0,0.0,0.0,0.0,0.0,0.0,0,0,0,0,unknown
450403,808724,09/01/2022,08/31/2023,0.0,0.0,0.0,0.0,0.0,0.0,0.0,0,0,0,0,unknown
450447,808725,01/01/2022,12/31/2022,0.0,0.0,0.0,0.0,0.0,0.0,0.0,0,0,0,0,unknown
450831,808749,09/01/2022,08/31/2023,0.0,0.0,0.0,0.0,0.0,0.0,0.0,0,0,0,0,unknown
450876,808753,01/01/2022,12/31/2022,0.0,0.0,0.0,0.0,0.0,0.0,0.0,0,0,0,0,unknown
451316,808756,07/01/2022,06/30/2023,0.0,0.0,0.0,0.0,0.0,0.0,0.0,0,0,0,0,unknown
451319,808757,07/01/2022,06/30/2023,0.0,0.0,0.0,0.0,0.0,0.0,0.0,0,0,0,0,unknown
451322,808758,07/01/2022,06/30/2023,0.0,0.0,0.0,0.0,0.0,0.0,0.0,0,0,0,0,unknown
451335,808759,07/01/2022,06/30/2023,0.0,0.0,0.0,0.0,0.0,0.0,0.0,0,0,0,0,unknown
451364,808761,07/01/2022,06/30/2023,0.0,0.0,0.0,0.0,0.0,0.0,0.0,0,0,0,0,unknown
451381,808763,07/01/2022,06/30/2023,0.0,0.0,0.0,0.0,0.0,0.0,0.0,0,0,0,0,unknown
451387,808764,07/01/2022,06/30/2023,0.0,0.0,0.0,0.0,0.0,0.0,0.0,0,0,0,0,unknown
452046,808765,08/01/2022,07/31/2023,0.0,0.0,0.0,0.0,0.0,0.0,0.0,0,0,0,0,unknown
452090,808769,09/01/2022,08/31/2023,0.0,0.0,0.0,0.0,0.0,0.0,0.0,0,0,0,0,unknown
452095,808770,09/01/2022,08/31/2023,0.0,0.0,0.0,0.0,0.0,0.0,0.0,0,0,0,0,unknown
453306,808771,07/01/2022,06/30/2023,0.0,0.0,0.0,0.0,0.0,0.0,0.0,0,0,0,0,unknown
453315,808772,07/01/2022,06/30/2023,0.0,0.0,0.0,0.0,0.0,0.0,0.0,0,0,0,0,unknown
460042,808786,10/01/2021,09/30/2022,0.0,0.0,0.0,0.0,0.0,0.0,0.0,0,0,0,0,unknown
461306,808789,07/01/2022,06/30/2023,0.0,0.0,0.0,0.0,0.0,0.0,0.0,0,0,0,0,unknown
464001,808790,07/01/2022,06/30/2023,0.0,0.0,0.0,0.0,0.0,0.0,0.0,0,0,0,0,unknown
490097,808809,01/01/2022,12/31/2022,0.0,0.0,0.0,0.0,0.0,0.0,0.0,0,0,0,0,unknown
500119,808834,01/01/2022,12/31/2022,0.0,0.0,0.0,0.0,0.0,0.0,0.0,0,0,0,0,unknown
504004,808841,07/01/2022,06/30/2023,0.0,0.0,0.0,0.0,0.0,0.0,0.0,0,0,0,0,unknown
520013,808851,07/01/2022,06/30/2023,0.0,0.0,0.0,0.0,0.0,0.0,0.0,0,0,0,0,unknown
520045,808853,01/01/2022,12/31/2022,0.0,0.0,0.0,0.0,0.0,0.0,0.0,0,0,0,0,unknown
520075,808856,07/01/2022,06/30/2023,0.0,0.0,0.0,0.0,0.0,0.0,0.0,0,0,0,0,unknown
520097,808857,07/01/2022,06/30/2023,0.0,0.0,0.0,0.0,0.0,0.0,0.0,0,0,0,0,unknown
520196,808863,01/01/2022,12/31/2022,0.0,0.0,0.0,0.0,0.0,0.0,0.0,0,0,0,0,unknown
521310,808866,07/01/2022,06/30/2023,0.0,0.0,0.0,0.0,0.0,0.0,0.0,0,0,0,0,unknown
521311,808867,07/01/2022,06/30/2023,0.0,0.0,0.0,0.0,0.0,0.0,0.0,0,0,0,0,unknown
521343,808870,10/01/2021,09/30/2022,0.0,0.0,0.0,0.0,0.0,0.0,0.0,0,0,0,0,unknown
523027,808876,01/01/2022,12/31/2022,0.0,0.0,0.0,0.0,0.0,0.0,0.0,0,0,0,0,unknown
530032,808879,05/01/2022,04/30/2023,0.0,0.0,0.0,0.0,0.0,0.0,0.0,0,0,0,0,unknown
531303,808881,07/01/2022,06/30/2023,0.0,0.0,0.0,0.0,0.0,0.0,0.0,0,0,0,0,unknown
531308,808883,07/01/2022,06/30/2023,0.0,0.0,0.0,0.0,0.0,0.0,0.0,0,0,0,0,unknown
531311,808884,07/01/2022,06/30/2023,0.0,0.0,0.0,0.0,0.0,0.0,0.0,0,0,0,0,unknown
531316,808885,07/01/2022,06/30/2023,0.0,0.0,0.0,0.0,0.0,0.0,0.0,0,0,0,0,unknown
534001,808887,07/01/2022,06/30/2023,0.0,0.0,0.0,0.0,0.0,0.0,0.0,0,0,0,0,unknown
650001,808889,10/01/2021,09/30/2022,0.0,0.0,0.0,0.0,0.0,0.0,0.0,0,0,0,0,unknown
670031,808891,07/01/2022,06/30/2023,0.0,0.0,0.0,0.0,0.0,0.0,0.0,0,0,0,0,unknown
670090,808898,01/01/2022,12/31/2022,0.0,0.0,0.0,0.0,0.0,0.0,0.0,0,0,0,0,unknown
673036,808903,06/01/2022,05/31/2023,0.0,0.0,0.0,0.0,0.0,0.0,0.0,0,0,0,0,unknown
673066,808905,10/01/2021,09/30/2022,0.0,0.0,0.0,0.0,0.0,0.0,0.0,0,0,0,0,unknown
673074,808906,01/01/2022,12/31/2022,0.0,0.0,0.0,0.0,0.0,0.0,0.0,0,0,0,0,unknown
010046,808915,01/01/2022,12/31/2022,0.0,0.0,0.0,0.0,0.0,0.0,0.0,0,0,0,0,unknown
010150,808924,10/01/2021,09/30/2022,0.0,0.0,0.0,0.0,0.0,0.0,0.0,0,0,0,0,unknown
012008,808927,09/01/2022,08/31/2023,0.0,0.0,0.0,0.0,0.0,0.0,0.0,0,0,0,0,unknown
030065,808930,01/01/2022,12/31/2022,0.0,0.0,0.0,0.0,0.0,0.0,0.0,0,0,0,0,unknown
030083,808931,10/01/2021,09/30/2022,0.0,0.0,0.0,0.0,0.0,0.0,0.0,0,0,0,0,unknown
030088,808935,01/01/2022,12/31/2022,0.0,0.0,0.0,0.0,0.0,0.0,0.0,0,0,0,0,unknown
030122,808941,01/01/2022,12/31/2022,0.0,0.0,0.0,0.0,0.0,0.0,0.0,0,0,0,0,unknown
041306,808959,07/01/2022,08/14/2022,0.0,0.0,0.0,0.0,0.0,0.0,0.0,0,0,0,0,unknown
041306,808960,08/15/2022,12/31/2022,0.0,0.0,0.0,0.0,0.0,0.0,0.0,0,0,0,0,unknown
050272,809000,10/01/2021,09/30/2022,0.0,0.0,0.0,0.0,0.0,0.0,0.0,0,0,0,0,unknown
050394,809012,01/01/2022,12/31/2022,0.0,0.0,0.0,0.0,0.0,0.0,0.0,0,0,0,0,unknown
051991,809022,07/01/2022,06/30/2023,0.0,0.0,0.0,0.0,0.0,0.0,0.0,0,0,0,0,unknown
054009,809023,07/01/2022,06/30/2023,0.0,0.0,0.0,0.0,0.0,0.0,0.0,0,0,0,0,unknown
060020,809026,07/01/2022,06/30/2023,0.0,0.0,0.0,0.0,0.0,0.0,0.0,0,0,0,0,unknown
060034,809027,10/01/2021,09/30/2022,0.0,0.0,0.0,0.0,0.0,0.0,0.0,0,0,0,0,unknown
070017,809034,10/01/2021,09/30/2022,0.0,0.0,0.0,0.0,0.0,0.0,0.0,0,0,0,0,unknown
100071,809053,10/01/2021,09/30/2022,0.0,0.0,0.0,0.0,0.0,0.0,0.0,0,0,0,0,unknown
100080,809056,07/01/2022,06/30/2023,0.0,0.0,0.0,0.0,0.0,0.0,0.0,0,0,0,0,unknown
100107,809059,01/01/2022,12/31/2022,0.0,0.0,0.0,0.0,0.0,0.0,0.0,0,0,0,0,unknown
100122,809062,04/01/2022,03/31/2023,0.0,0.0,0.0,0.0,0.0,0.0,0.0,0,0,0,0,unknown
100167,809065,09/01/2022,08/31/2023,0.0,0.0,0.0,0.0,0.0,0.0,0.0,0,0,0,0,unknown
100191,809078,07/01/2022,06/30/2023,0.0,0.0,0.0,0.0,0.0,0.0,0.0,0,0,0,0,unknown
100212,809080,09/01/2022,08/31/2023,0.0,0.0,0.0,0.0,0.0,0.0,0.0,0,0,0,0,unknown
100236,809084,01/01/2022,12/31/2022,0.0,0.0,0.0,0.0,0.0,0.0,0.0,0,0,0,0,unknown
100252,809088,05/01/2022,04/30/2023,0.0,0.0,0.0,0.0,0.0,0.0,0.0,0,0,0,0,unknown
100267,809091,01/01/2022,12/31/2022,0.0,0.0,0.0,0.0,0.0,0.0,0.0,0,0,0,0,unknown
100320,809102,07/01/2022,06/30/2023,0.0,0.0,0.0,0.0,0.0,0.0,0.0,0,0,0,0,unknown
102001,809106,09/01/2022,08/31/2023,0.0,0.0,0.0,0.0,0.0,0.0,0.0,0,0,0,0,unknown
110083,809122,07/01/2022,06/30/2023,0.0,0.0,0.0,0.0,0.0,0.0,0.0,0,0,0,0,unknown
110089,809123,01/01/2022,12/31/2022,0.0,0.0,0.0,0.0,0.0,0.0,0.0,0,0,0,0,unknown
110177,809127,04/01/2022,03/31/2023,0.0,0.0,0.0,0.0,0.0,0.0,0.0,0,0,0,0,unknown
110200,809132,07/01/2022,06/30/2023,0.0,0.0,0.0,0.0,0.0,0.0,0.0,0,0,0,0,unknown
111303,809138,10/01/2021,09/30/2022,0.0,0.0,0.0,0.0,0.0,0.0,0.0,0,0,0,0,unknown
121307,809145,07/01/2022,06/30/2023,0.0,0.0,0.0,0.0,0.0,0.0,0.0,0,0,0,0,unknown
131307,809146,07/01/2022,06/30/2023,0.0,0.0,0.0,0.0,0.0,0.0,0.0,0,0,0,0,unknown
132002,809148,09/01/2022,08/31/2023,0.0,0.0,0.0,0.0,0.0,0.0,0.0,0,0,0,0,unknown
140002,809150,01/01/2022,12/31/2022,0.0,0.0,0.0,0.0,0.0,0.0,0.0,0,0,0,0,unknown
140043,809152,05/01/2022,04/30/2023,0.0,0.0,0.0,0.0,0.0,0.0,0.0,0,0,0,0,unknown
140114,809159,10/01/2021,12/31/2022,0.0,0.0,0.0,0.0,0.0,0.0,0.0,0,0,0,0,unknown
140181,809164,01/01/2022,12/31/2022,0.0,0.0,0.0,0.0,0.0,0.0,0.0,0,0,0,0,unknown
150004,809175,01/01/2022,12/30/2022,0.0,0.0,0.0,0.0,0.0,0.0,0.0,0,0,0,0,unknown
151331,809185,01/01/2022,12/31/2022,0.0,0.0,0.0,0.0,0.0,0.0,0.0,0,0,0,0,unknown
152013,809186,09/01/2022,08/31/2023,0.0,0.0,0.0,0.0,0.0,0.0,0.0,0,0,0,0,unknown
160028,809191,07/01/2022,06/30/2023,0.0,0.0,0.0,0.0,0.0,0.0,0.0,0,0,0,0,unknown
160029,809192,07/01/2022,06/30/2023,0.0,0.0,0.0,0.0,0.0,0.0,0.0,0,0,0,0,unknown
160040,809194,07/01/2022,06/30/2023,0.0,0.0,0.0,0.0,0.0,0.0,0.0,0,0,0,0,unknown
160067,809196,07/01/2022,06/30/2023,0.0,0.0,0.0,0.0,0.0,0.0,0.0,0,0,0,0,unknown
160069,809197,07/01/2022,06/30/2023,0.0,0.0,0.0,0.0,0.0,0.0,0.0,0,0,0,0,unknown
160112,809199,07/01/2022,06/30/2023,0.0,0.0,0.0,0.0,0.0,0.0,0.0,0,0,0,0,unknown
161311,809201,07/01/2022,06/30/2023,0.0,0.0,0.0,0.0,0.0,0.0,0.0,0,0,0,0,unknown
161375,809205,07/01/2022,06/30/2023,0.0,0.0,0.0,0.0,0.0,0.0,0.0,0,0,0,0,unknown
170006,809209,04/01/2022,03/31/2023,0.0,0.0,0.0,0.0,0.0,0.0,0.0,0,0,0,0,unknown
170016,809211,07/01/2022,06/30/2023,0.0,0.0,0.0,0.0,0.0,0.0,0.0,0,0,0,0,unknown
170020,809212,07/01/2022,06/30/2023,0.0,0.0,0.0,0.0,0.0,0.0,0.0,0,0,0,0,unknown
170068,809213,01/01/2022,12/31/2022,0.0,0.0,0.0,0.0,0.0,0.0,0.0,0,0,0,0,unknown
170105,809215,07/01/2022,06/30/2023,0.0,0.0,0.0,0.0,0.0,0.0,0.0,0,0,0,0,unknown
170137,809216,01/01/2022,12/31/2022,0.0,0.0,0.0,0.0,0.0,0.0,0.0,0,0,0,0,unknown
170142,809217,04/01/2022,03/31/2023,0.0,0.0,0.0,0.0,0.0,0.0,0.0,0,0,0,0,unknown
170175,809218,07/01/2022,06/30/2023,0.0,0.0,0.0,0.0,0.0,0.0,0.0,0,0,0,0,unknown
170183,809219,07/01/2022,06/30/2023,0.0,0.0,0.0,0.0,0.0,0.0,0.0,0,0,0,0,unknown
170197,809221,01/01/2022,12/31/2022,0.0,0.0,0.0,0.0,0.0,0.0,0.0,0,0,0,0,unknown
173026,809236,01/01/2022,12/31/2022,0.0,0.0,0.0,0.0,0.0,0.0,0.0,0,0,0,0,unknown
180051,809242,01/01/2022,12/31/2022,0.0,0.0,0.0,0.0,0.0,0.0,0.0,0,0,0,0,unknown
180078,809243,07/01/2022,06/30/2023,0.0,0.0,0.0,0.0,0.0,0.0,0.0,0,0,0,0,unknown
180154,809251,07/01/2022,06/30/2023,0.0,0.0,0.0,0.0,0.0,0.0,0.0,0,0,0,0,unknown
190013,809257,01/01/2022,12/31/2022,0.0,0.0,0.0,0.0,0.0,0.0,0.0,0,0,0,0,unknown
190014,809258,01/01/2022,12/31/2022,0.0,0.0,0.0,0.0,0.0,0.0,0.0,0,0,0,0,unknown
190088,809265,01/01/2022,12/31/2022,0.0,0.0,0.0,0.0,0.0,0.0,0.0,0,0,0,0,unknown
190317,809274,07/01/2022,06/30/2023,0.0,0.0,0.0,0.0,0.0,0.0,0.0,0,0,0,0,unknown
192032,809278,09/01/2022,08/31/2023,0.0,0.0,0.0,0.0,0.0,0.0,0.0,0,0,0,0,unknown
192034,809279,09/01/2022,08/31/2023,0.0,0.0,0.0,0.0,0.0,0.0,0.0,0,0,0,0,unknown
193058,809280,06/01/2022,05/31/2023,0.0,0.0,0.0,0.0,0.0,0.0,0.0,0,0,0,0,unknown
193096,809281,06/01/2022,05/31/2023,0.0,0.0,0.0,0.0,0.0,0.0,0.0,0,0,0,0,unknown
210004,809289,07/01/2022,06/30/2023,0.0,0.0,0.0,0.0,0.0,0.0,0.0,0,0,0,0,unknown
210008,809290,07/01/2022,06/30/2023,0.0,0.0,0.0,0.0,0.0,0.0,0.0,0,0,0,0,unknown
210037,809291,07/01/2022,06/30/2023,0.0,0.0,0.0,0.0,0.0,0.0,0.0,0,0,0,0,unknown
210058,809292,07/01/2022,06/30/2023,0.0,0.0,0.0,0.0,0.0,0.0,0.0,0,0,0,0,unknown
220016,809293,10/01/2021,09/30/2022,0.0,0.0,0.0,0.0,0.0,0.0,0.0,0,0,0,0,unknown
220019,809294,10/01/2021,09/30/2022,0.0,0.0,0.0,0.0,0.0,0.0,0.0,0,0,0,0,unknown
220062,809295,10/01/2021,09/30/2022,0.0,0.0,0.0,0.0,0.0,0.0,0.0,0,0,0,0,unknown
220066,809296,07/01/2022,06/30/2023,0.0,0.0,0.0,0.0,0.0,0.0,0.0,0,0,0,0,unknown
230217,809317,04/01/2022,03/31/2023,0.0,0.0,0.0,0.0,0.0,0.0,0.0,0,0,0,0,unknown
231337,809324,10/01/2021,09/30/2022,0.0,0.0,0.0,0.0,0.0,0.0,0.0,0,0,0,0,unknown
240040,809331,01/01/2022,12/31/2022,0.0,0.0,0.0,0.0,0.0,0.0,0.0,0,0,0,0,unknown
250018,809343,10/01/2021,09/30/2022,0.0,0.0,0.0,0.0,0.0,0.0,0.0,0,0,0,0,unknown
250038,809345,01/01/2022,12/31/2022,0.0,0.0,0.0,0.0,0.0,0.0,0.0,0,0,0,0,unknown
260005,809360,01/01/2022,12/31/2022,0.0,0.0,0.0,0.0,0.0,0.0,0.0,0,0,0,0,unknown
260011,809361,01/01/2022,12/31/2022,0.0,0.0,0.0,0.0,0.0,0.0,0.0,0,0,0,0,unknown
260023,809363,07/01/2022,06/30/2023,0.0,0.0,0.0,0.0,0.0,0.0,0.0,0,0,0,0,unknown
260050,809367,07/01/2022,06/30/2023,0.0,0.0,0.0,0.0,0.0,0.0,0.0,0,0,0,0,unknown
260052,809368,07/01/2022,06/30/2023,0.0,0.0,0.0,0.0,0.0,0.0,0.0,0,0,0,0,unknown
260062,809372,01/01/2022,12/31/2022,0.0,0.0,0.0,0.0,0.0,0.0,0.0,0,0,0,0,unknown
260102,809377,07/01/2022,06/30/2023,0.0,0.0,0.0,0.0,0.0,0.0,0.0,0,0,0,0,unknown
260160,809381,01/01/2022,12/31/2022,0.0,0.0,0.0,0.0,0.0,0.0,0.0,0,0,0,0,unknown
260163,809382,01/01/2022,12/31/2022,0.0,0.0,0.0,0.0,0.0,0.0,0.0,0,0,0,0,unknown
260183,809383,07/01/2022,06/30/2023,0.0,0.0,0.0,0.0,0.0,0.0,0.0,0,0,0,0,unknown
260186,809384,05/01/2022,04/30/2023,0.0,0.0,0.0,0.0,0.0,0.0,0.0,0,0,0,0,unknown
260191,809385,01/01/2022,12/31/2022,0.0,0.0,0.0,0.0,0.0,0.0,0.0,0,0,0,0,unknown
260214,809386,01/01/2022,12/31/2022,0.0,0.0,0.0,0.0,0.0,0.0,0.0,0,0,0,0,unknown
260216,809387,01/01/2022,12/31/2022,0.0,0.0,0.0,0.0,0.0,0.0,0.0,0,0,0,0,unknown
263031,809394,07/01/2022,06/30/2023,0.0,0.0,0.0,0.0,0.0,0.0,0.0,0,0,0,0,unknown
271341,809396,07/01/2022,06/30/2023,0.0,0.0,0.0,0.0,0.0,0.0,0.0,0,0,0,0,unknown
280009,809397,07/01/2022,06/30/2023,0.0,0.0,0.0,0.0,0.0,0.0,0.0,0,0,0,0,unknown
280111,809402,05/01/2022,04/30/2023,0.0,0.0,0.0,0.0,0.0,0.0,0.0,0,0,0,0,unknown
280132,809403,04/01/2022,03/31/2023,0.0,0.0,0.0,0.0,0.0,0.0,0.0,0,0,0,0,unknown
281335,809406,08/01/2022,07/31/2023,0.0,0.0,0.0,0.0,0.0,0.0,0.0,0,0,0,0,unknown
281352,809407,08/01/2022,07/31/2023,0.0,0.0,0.0,0.0,0.0,0.0,0.0,0,0,0,0,unknown
300017,809415,08/01/2022,07/31/2023,0.0,0.0,0.0,0.0,0.0,0.0,0.0,0,0,0,0,unknown
313032,809424,01/01/2022,12/31/2022,0.0,0.0,0.0,0.0,0.0,0.0,0.0,0,0,0,0,unknown
320003,809426,09/01/2022,07/09/2023,0.0,0.0,0.0,0.0,0.0,0.0,0.0,0,0,0,0,unknown
320006,809428,06/01/2022,05/31/2023,0.0,0.0,0.0,0.0,0.0,0.0,0.0,0,0,0,0,unknown
320038,809429,01/01/2022,12/31/2022,0.0,0.0,0.0,0.0,0.0,0.0,0.0,0,0,0,0,unknown
321311,809431,07/01/2022,06/30/2023,0.0,0.0,0.0,0.0,0.0,0.0,0.0,0,0,0,0,unknown
323033,809433,01/01/2022,12/31/2022,0.0,0.0,0.0,0.0,0.0,0.0,0.0,0,0,0,0,unknown
330008,809438,01/01/2022,12/31/2022,0.0,0.0,0.0,0.0,0.0,0.0,0.0,0,0,0,0,unknown
330079,809446,01/01/2022,12/31/2022,0.0,0.0,0.0,0.0,0.0,0.0,0.0,0,0,0,0,unknown
334063,809461,04/01/2022,03/31/2023,0.0,0.0,0.0,0.0,0.0,0.0,0.0,0,0,0,0,unknown
342014,809479,10/01/2021,09/30/2022,0.0,0.0,0.0,0.0,0.0,0.0,0.0,0,0,0,0,unknown
360236,809512,01/01/2022,12/31/2022,0.0,0.0,0.0,0.0,0.0,0.0,0.0,0,0,0,0,unknown
360358,809513,07/01/2022,06/30/2023,0.0,0.0,0.0,0.0,0.0,0.0,0.0,0,0,0,0,unknown
361300,809514,01/01/2022,12/31/2022,0.0,0.0,0.0,0.0,0.0,0.0,0.0,0,0,0,0,unknown
362019,809520,08/01/2022,07/31/2023,0.0,0.0,0.0,0.0,0.0,0.0,0.0,0,0,0,0,unknown
370094,809531,01/01/2022,12/31/2022,0.0,0.0,0.0,0.0,0.0,0.0,0.0,0,0,0,0,unknown
370180,809535,10/01/2021,09/30/2022,0.0,0.0,0.0,0.0,0.0,0.0,0.0,0,0,0,0,unknown
370201,809537,01/01/2022,12/31/2022,0.0,0.0,0.0,0.0,0.0,0.0,0.0,0,0,0,0,unknown
371337,809541,07/01/2022,06/30/2023,0.0,0.0,0.0,0.0,0.0,0.0,0.0,0,0,0,0,unknown
390068,809555,07/01/2022,06/30/2023,0.0,0.0,0.0,0.0,0.0,0.0,0.0,0,0,0,0,unknown
390071,809557,07/01/2022,04/02/2023,0.0,0.0,0.0,0.0,0.0,0.0,0.0,0,0,0,0,unknown
390072,809559,07/01/2022,12/07/2022,0.0,0.0,0.0,0.0,0.0,0.0,0.0,0,0,0,0,unknown
390123,809577,07/01/2022,06/30/2023,0.0,0.0,0.0,0.0,0.0,0.0,0.0,0,0,0,0,unknown
390127,809578,07/01/2022,06/30/2023,0.0,0.0,0.0,0.0,0.0,0.0,0.0,0,0,0,0,unknown
391313,809589,07/01/2022,06/30/2023,0.0,0.0,0.0,0.0,0.0,0.0,0.0,0,0,0,0,unknown
391316,809590,07/01/2022,06/30/2023,0.0,0.0,0.0,0.0,0.0,0.0,0.0,0,0,0,0,unknown
394026,809592,07/01/2022,06/30/2023,0.0,0.0,0.0,0.0,0.0,0.0,0.0,0,0,0,0,unknown
413025,809604,01/01/2022,12/31/2022,0.0,0.0,0.0,0.0,0.0,0.0,0.0,0,0,0,0,unknown
420019,809606,07/01/2022,06/30/2023,0.0,0.0,0.0,0.0,0.0,0.0,0.0,0,0,0,0,unknown
420030,809608,01/01/2022,12/31/2022,0.0,0.0,0.0,0.0,0.0,0.0,0.0,0,0,0,0,unknown
440192,809653,07/01/2022,06/30/2023,0.0,0.0,0.0,0.0,0.0,0.0,0.0,0,0,0,0,unknown
441301,809658,10/01/2021,09/30/2022,0.0,0.0,0.0,0.0,0.0,0.0,0.0,0,0,0,0,unknown
450694,809728,01/01/2022,12/31/2022,0.0,0.0,0.0,0.0,0.0,0.0,0.0,0,0,0,0,unknown
450702,809729,10/01/2021,09/30/2022,0.0,0.0,0.0,0.0,0.0,0.0,0.0,0,0,0,0,unknown
451331,809750,08/01/2022,07/31/2023,0.0,0.0,0.0,0.0,0.0,0.0,0.0,0,0,0,0,unknown
452032,809754,09/01/2022,08/31/2023,0.0,0.0,0.0,0.0,0.0,0.0,0.0,0,0,0,0,unknown
453036,809757,07/01/2022,06/30/2023,0.0,0.0,0.0,0.0,0.0,0.0,0.0,0,0,0,0,unknown
460052,809771,01/01/2022,12/31/2022,0.0,0.0,0.0,0.0,0.0,0.0,0.0,0,0,0,0,unknown
471302,809779,10/01/2021,09/30/2022,0.0,0.0,0.0,0.0,0.0,0.0,0.0,0,0,0,0,unknown
471307,809780,10/01/2021,09/30/2022,0.0,0.0,0.0,0.0,0.0,0.0,0.0,0,0,0,0,unknown
490092,809796,01/01/2022,12/31/2022,0.0,0.0,0.0,0.0,0.0,0.0,0.0,0,0,0,0,unknown
494022,809805,09/01/2022,08/31/2023,0.0,0.0,0.0,0.0,0.0,0.0,0.0,0,0,0,0,unknown
500037,809808,01/01/2022,12/31/2022,0.0,0.0,0.0,0.0,0.0,0.0,0.0,0,0,0,0,unknown
504002,809823,09/01/2022,08/31/2023,0.0,0.0,0.0,0.0,0.0,0.0,0.0,0,0,0,0,unknown
520038,809835,01/01/2022,12/31/2022,0.0,0.0,0.0,0.0,0.0,0.0,0.0,0,0,0,0,unknown
670085,809856,07/01/2022,06/30/2023,0.0,0.0,0.0,0.0,0.0,0.0,0.0,0,0,0,0,unknown
673031,809860,01/01/2022,12/31/2022,0.0,0.0,0.0,0.0,0.0,0.0,0.0,0,0,0,0,unknown
673042,809861,06/01/2022,05/31/2023,0.0,0.0,0.0,0.0,0.0,0.0,0.0,0,0,0,0,unknown
673062,809863,01/01/2022,12/31/2022,0.0,0.0,0.0,0.0,0.0,0.0,0.0,0,0,0,0,unknown
673069,809864,01/01/2022,12/31/2022,0.0,0.0,0.0,0.0,0.0,0.0,0.0,0,0,0,0,unknown
010073,809867,10/01/2021,09/30/2022,0.0,0.0,0.0,0.0,0.0,0.0,0.0,0,0,0,0,unknown
020026,809875,10/01/2021,09/30/2022,0.0,0.0,0.0,0.0,0.0,0.0,0.0,0,0,0,0,unknown
030101,809881,09/01/2022,08/31/2023,0.0,0.0,0.0,0.0,0.0,0.0,0.0,0,0,0,0,unknown
040078,809901,09/01/2022,08/31/2023,0.0,0.0,0.0,0.0,0.0,0.0,0.0,0,0,0,0,unknown
040118,809903,10/01/2021,09/30/2022,0.0,0.0,0.0,0.0,0.0,0.0,0.0,0,0,0,0,unknown
042006,809908,09/01/2022,08/31/2023,0.0,0.0,0.0,0.0,0.0,0.0,0.0,0,0,0,0,unknown
050334,809936,07/01/2022,06/30/2023,0.0,0.0,0.0,0.0,0.0,0.0,0.0,0,0,0,0,unknown
063037,809972,10/08/2021,12/31/2021,0.0,0.0,0.0,0.0,0.0,0.0,0.0,0,0,0,0,unknown
070029,809975,10/01/2021,09/30/2022,0.0,0.0,0.0,0.0,0.0,0.0,0.0,0,0,0,0,unknown
100121,809991,01/01/2022,12/31/2022,0.0,0.0,0.0,0.0,0.0,0.0,0.0,0,0,0,0,unknown
130014,810065,10/01/2021,09/30/2022,0.0,0.0,0.0,0.0,0.0,0.0,0.0,0,0,0,0,unknown
150046,810083,09/01/2022,08/31/2023,0.0,0.0,0.0,0.0,0.0,0.0,0.0,0,0,0,0,unknown
150104,810084,01/01/2022,12/31/2022,0.0,0.0,0.0,0.0,0.0,0.0,0.0,0,0,0,0,unknown
153028,810086,01/01/2022,12/31/2022,0.0,0.0,0.0,0.0,0.0,0.0,0.0,0,0,0,0,unknown
160030,810092,07/01/2022,06/30/2023,0.0,0.0,0.0,0.0,0.0,0.0,0.0,0,0,0,0,unknown
160057,810095,07/01/2022,06/30/2023,0.0,0.0,0.0,0.0,0.0,0.0,0.0,0,0,0,0,unknown
160110,810097,01/01/2022,12/31/2022,0.0,0.0,0.0,0.0,0.0,0.0,0.0,0,0,0,0,unknown
170103,810100,07/01/2022,06/30/2023,0.0,0.0,0.0,0.0,0.0,0.0,0.0,0,0,0,0,unknown
170120,810101,01/01/2022,12/31/2022,0.0,0.0,0.0,0.0,0.0,0.0,0.0,0,0,0,0,unknown
170145,810102,01/01/2022,12/31/2022,0.0,0.0,0.0,0.0,0.0,0.0,0.0,0,0,0,0,unknown
170150,810103,01/01/2022,12/31/2022,0.0,0.0,0.0,0.0,0.0,0.0,0.0,0,0,0,0,unknown
170191,810106,07/01/2022,06/30/2023,0.0,0.0,0.0,0.0,0.0,0.0,0.0,0,0,0,0,unknown
183026,810130,09/01/2022,08/31/2023,0.0,0.0,0.0,0.0,0.0,0.0,0.0,0,0,0,0,unknown
190267,810149,01/01/2022,12/31/2022,0.0,0.0,0.0,0.0,0.0,0.0,0.0,0,0,0,0,unknown
192008,810154,09/01/2022,08/31/2023,0.0,0.0,0.0,0.0,0.0,0.0,0.0,0,0,0,0,unknown
200052,810167,10/01/2021,09/30/2022,0.0,0.0,0.0,0.0,0.0,0.0,0.0,0,0,0,0,unknown
210033,810171,07/01/2022,06/30/2023,0.0,0.0,0.0,0.0,0.0,0.0,0.0,0,0,0,0,unknown
220108,810174,10/01/2021,09/30/2022,0.0,0.0,0.0,0.0,0.0,0.0,0.0,0,0,0,0,unknown
230003,810179,01/01/2022,12/31/2022,0.0,0.0,0.0,0.0,0.0,0.0,0.0,0,0,0,0,unknown
240018,810189,01/01/2022,12/31/2022,0.0,0.0,0.0,0.0,0.0,0.0,0.0,0,0,0,0,unknown
250004,810197,10/01/2021,09/30/2022,0.0,0.0,0.0,0.0,0.0,0.0,0.0,0,0,0,0,unknown
260017,810214,01/01/2022,12/31/2022,0.0,0.0,0.0,0.0,0.0,0.0,0.0,0,0,0,0,unknown
260047,810216,07/01/2022,06/30/2023,0.0,0.0,0.0,0.0,0.0,0.0,0.0,0,0,0,0,unknown
260057,810217,10/01/2021,09/30/2022,0.0,0.0,0.0,0.0,0.0,0.0,0.0,0,0,0,0,unknown
260059,810218,07/01/2022,06/30/2023,0.0,0.0,0.0,0.0,0.0,0.0,0.0,0,0,0,0,unknown
260081,810219,01/01/2022,12/31/2022,0.0,0.0,0.0,0.0,0.0,0.0,0.0,0,0,0,0,unknown
260177,810222,07/01/2022,06/30/2023,0.0,0.0,0.0,0.0,0.0,0.0,0.0,0,0,0,0,unknown
260195,810223,06/01/2022,05/31/2023,0.0,0.0,0.0,0.0,0.0,0.0,0.0,0,0,0,0,unknown
260200,810224,01/01/2022,12/31/2022,0.0,0.0,0.0,0.0,0.0,0.0,0.0,0,0,0,0,unknown
280032,810229,01/01/2022,12/31/2022,0.0,0.0,0.0,0.0,0.0,0.0,0.0,0,0,0,0,unknown
280065,810230,01/01/2022,12/31/2022,0.0,0.0,0.0,0.0,0.0,0.0,0.0,0,0,0,0,unknown
290046,810236,01/01/2022,12/31/2022,0.0,0.0,0.0,0.0,0.0,0.0,0.0,0,0,0,0,unknown
292004,810239,09/01/2022,08/31/2023,0.0,0.0,0.0,0.0,0.0,0.0,0.0,0,0,0,0,unknown
292006,810240,09/01/2022,08/31/2023,0.0,0.0,0.0,0.0,0.0,0.0,0.0,0,0,0,0,unknown
310027,810254,01/01/2022,12/31/2022,0.0,0.0,0.0,0.0,0.0,0.0,0.0,0,0,0,0,unknown
310115,810267,01/01/2022,12/31/2022,0.0,0.0,0.0,0.0,0.0,0.0,0.0,0,0,0,0,unknown
330222,810278,01/01/2022,12/31/2022,0.0,0.0,0.0,0.0,0.0,0.0,0.0,0,0,0,0,unknown
330238,810279,07/01/2022,06/30/2023,0.0,0.0,0.0,0.0,0.0,0.0,0.0,0,0,0,0,unknown
330406,810281,07/01/2022,06/30/2023,0.0,0.0,0.0,0.0,0.0,0.0,0.0,0,0,0,0,unknown
360032,810307,01/01/2022,12/31/2022,0.0,0.0,0.0,0.0,0.0,0.0,0.0,0,0,0,0,unknown
360137,810311,01/01/2022,12/31/2022,0.0,0.0,0.0,0.0,0.0,0.0,0.0,0,0,0,0,unknown
361314,810321,01/01/2022,12/31/2022,0.0,0.0,0.0,0.0,0.0,0.0,0.0,0,0,0,0,unknown
362029,810325,09/01/2022,08/31/2023,0.0,0.0,0.0,0.0,0.0,0.0,0.0,0,0,0,0,unknown
370114,810340,07/01/2022,06/30/2023,0.0,0.0,0.0,0.0,0.0,0.0,0.0,0,0,0,0,unknown
370225,810346,01/01/2022,12/31/2022,0.0,0.0,0.0,0.0,0.0,0.0,0.0,0,0,0,0,unknown
380052,810354,07/01/2022,06/30/2023,0.0,0.0,0.0,0.0,0.0,0.0,0.0,0,0,0,0,unknown
390058,810364,07/01/2022,06/30/2023,0.0,0.0,0.0,0.0,0.0,0.0,0.0,0,0,0,0,unknown
390096,810367,07/01/2022,06/30/2023,0.0,0.0,0.0,0.0,0.0,0.0,0.0,0,0,0,0,unknown
390335,810374,12/21/2021,06/30/2022,0.0,0.0,0.0,0.0,0.0,0.0,0.0,0,0,0,0,unknown
391304,810375,07/01/2022,06/30/2023,0.0,0.0,0.0,0.0,0.0,0.0,0.0,0,0,0,0,unknown
392025,810376,09/01/2022,08/31/2023,0.0,0.0,0.0,0.0,0.0,0.0,0.0,0,0,0,0,unknown
400005,810382,01/01/2022,12/31/2022,0.0,0.0,0.0,0.0,0.0,0.0,0.0,0,0,0,0,unknown
440137,810423,07/01/2022,06/30/2023,0.0,0.0,0.0,0.0,0.0,0.0,0.0,0,0,0,0,unknown
450085,810445,10/01/2021,09/30/2022,0.0,0.0,0.0,0.0,0.0,0.0,0.0,0,0,0,0,unknown
450165,810448,07/01/2022,06/30/2023,0.0,0.0,0.0,0.0,0.0,0.0,0.0,0,0,0,0,unknown
450292,810452,01/01/2022,12/31/2022,0.0,0.0,0.0,0.0,0.0,0.0,0.0,0,0,0,0,unknown
450484,810457,01/01/2022,12/31/2022,0.0,0.0,0.0,0.0,0.0,0.0,0.0,0,0,0,0,unknown
450639,810463,10/01/2021,09/30/2022,0.0,0.0,0.0,0.0,0.0,0.0,0.0,0,0,0,0,unknown
453072,810496,08/01/2022,07/31/2023,0.0,0.0,0.0,0.0,0.0,0.0,0.0,0,0,0,0,unknown
453091,810497,01/01/2022,12/31/2022,0.0,0.0,0.0,0.0,0.0,0.0,0.0,0,0,0,0,unknown
454076,810500,09/01/2022,08/31/2023,0.0,0.0,0.0,0.0,0.0,0.0,0.0,0,0,0,0,unknown
454093,810501,09/01/2022,08/31/2023,0.0,0.0,0.0,0.0,0.0,0.0,0.0,0,0,0,0,unknown
462004,810519,09/01/2022,08/31/2023,0.0,0.0,0.0,0.0,0.0,0.0,0.0,0,0,0,0,unknown
470001,810522,10/01/2021,09/30/2022,0.0,0.0,0.0,0.0,0.0,0.0,0.0,0,0,0,0,unknown
470003,810525,10/01/2021,09/30/2022,0.0,0.0,0.0,0.0,0.0,0.0,0.0,0,0,0,0,unknown
500139,810549,12/05/2021,12/31/2022,0.0,0.0,0.0,0.0,0.0,0.0,0.0,0,0,0,0,unknown
501330,810557,01/01/2022,12/31/2022,0.0,0.0,0.0,0.0,0.0,0.0,0.0,0,0,0,0,unknown
521305,810582,01/01/2022,12/31/2022,0.0,0.0,0.0,0.0,0.0,0.0,0.0,0,0,0,0,unknown
670076,810600,01/01/2022,12/31/2022,0.0,0.0,0.0,0.0,0.0,0.0,0.0,0,0,0,0,unknown
010005,810613,10/01/2021,09/30/2022,0.0,0.0,0.0,0.0,0.0,0.0,0.0,0,0,0,0,unknown
010059,810617,10/01/2021,09/30/2022,0.0,0.0,0.0,0.0,0.0,0.0,0.0,0,0,0,0,unknown
010061,810618,10/01/2021,10/31/2022,0.0,0.0,0.0,0.0,0.0,0.0,0.0,0,0,0,0,unknown
020024,810623,07/01/2022,06/30/2023,0.0,0.0,0.0,0.0,0.0,0.0,0.0,0,0,0,0,unknown
030013,810625,10/01/2021,09/30/2022,0.0,0.0,0.0,0.0,0.0,0.0,0.0,0,0,0,0,unknown
050624,810684,10/01/2021,09/30/2022,0.0,0.0,0.0,0.0,0.0,0.0,0.0,0,0,0,0,unknown
052046,810699,09/01/2022,08/31/2023,0.0,0.0,0.0,0.0,0.0,0.0,0.0,0,0,0,0,unknown
110024,810763,07/01/2022,06/30/2023,0.0,0.0,0.0,0.0,0.0,0.0,0.0,0,0,0,0,unknown
140184,810787,05/01/2022,01/13/2023,0.0,0.0,0.0,0.0,0.0,0.0,0.0,0,0,0,0,unknown
150097,810799,01/01/2022,12/31/2022,0.0,0.0,0.0,0.0,0.0,0.0,0.0,0,0,0,0,unknown
150161,810802,01/01/2022,12/31/2022,0.0,0.0,0.0,0.0,0.0,0.0,0.0,0,0,0,0,unknown
160045,810821,01/01/2022,12/31/2022,0.0,0.0,0.0,0.0,0.0,0.0,0.0,0,0,0,0,unknown
190099,810852,07/01/2022,06/30/2023,0.0,0.0,0.0,0.0,0.0,0.0,0.0,0,0,0,0,unknown
190167,810854,10/01/2021,09/30/2022,0.0,0.0,0.0,0.0,0.0,0.0,0.0,0,0,0,0,unknown
220049,810870,10/01/2021,09/30/2022,0.0,0.0,0.0,0.0,0.0,0.0,0.0,0,0,0,0,unknown
221302,810874,10/01/2021,09/30/2022,0.0,0.0,0.0,0.0,0.0,0.0,0.0,0,0,0,0,unknown
230208,810889,01/01/2022,12/31/2022,0.0,0.0,0.0,0.0,0.0,0.0,0.0,0,0,0,0,unknown
230239,810890,07/01/2022,06/30/2023,0.0,0.0,0.0,0.0,0.0,0.0,0.0,0,0,0,0,unknown
240115,810923,01/01/2022,12/31/2022,0.0,0.0,0.0,0.0,0.0,0.0,0.0,0,0,0,0,unknown
270012,810975,01/01/2022,12/31/2022,0.0,0.0,0.0,0.0,0.0,0.0,0.0,0,0,0,0,unknown
280125,810983,01/01/2022,12/31/2022,0.0,0.0,0.0,0.0,0.0,0.0,0.0,0,0,0,0,unknown
281360,810990,07/01/2022,06/30/2023,0.0,0.0,0.0,0.0,0.0,0.0,0.0,0,0,0,0,unknown
292007,810994,09/01/2022,08/31/2023,0.0,0.0,0.0,0.0,0.0,0.0,0.0,0,0,0,0,unknown
310051,811009,01/01/2022,12/31/2022,0.0,0.0,0.0,0.0,0.0,0.0,0.0,0,0,0,0,unknown
312023,811014,09/01/2022,08/31/2023,0.0,0.0,0.0,0.0,0.0,0.0,0.0,0,0,0,0,unknown
330144,811028,01/01/2022,12/31/2022,0.0,0.0,0.0,0.0,0.0,0.0,0.0,0,0,0,0,unknown
330218,811032,01/01/2022,12/31/2022,0.0,0.0,0.0,0.0,0.0,0.0,0.0,0,0,0,0,unknown
340127,811044,10/01/2021,09/30/2022,0.0,0.0,0.0,0.0,0.0,0.0,0.0,0,0,0,0,unknown
370014,811063,10/01/2021,09/30/2022,0.0,0.0,0.0,0.0,0.0,0.0,0.0,0,0,0,0,unknown
372007,811070,09/01/2022,08/31/2023,0.0,0.0,0.0,0.0,0.0,0.0,0.0,0,0,0,0,unknown
392045,811089,09/01/2022,08/31/2023,0.0,0.0,0.0,0.0,0.0,0.0,0.0,0,0,0,0,unknown
430084,811100,10/01/2021,09/30/2022,0.0,0.0,0.0,0.0,0.0,0.0,0.0,0,0,0,0,unknown
440061,811108,07/01/2022,06/30/2023,0.0,0.0,0.0,0.0,0.0,0.0,0.0,0,0,0,0,unknown
450023,811119,07/01/2022,06/30/2023,0.0,0.0,0.0,0.0,0.0,0.0,0.0,0,0,0,0,unknown
453054,811154,01/01/2022,08/31/2022,0.0,0.0,0.0,0.0,0.0,0.0,0.0,0,0,0,0,unknown
490005,811175,10/01/2021,09/30/2022,0.0,0.0,0.0,0.0,0.0,0.0,0.0,0,0,0,0,unknown
500072,811186,01/01/2022,12/31/2022,0.0,0.0,0.0,0.0,0.0,0.0,0.0,0,0,0,0,unknown
512002,811198,09/01/2022,08/31/2023,0.0,0.0,0.0,0.0,0.0,0.0,0.0,0,0,0,0,unknown
670071,811231,01/01/2022,12/31/2022,0.0,0.0,0.0,0.0,0.0,0.0,0.0,0,0,0,0,unknown
032006,811270,09/01/2022,08/31/2023,0.0,0.0,0.0,0.0,0.0,0.0,0.0,0,0,0,0,unknown
040041,811278,09/01/2022,08/31/2023,0.0,0.0,0.0,0.0,0.0,0.0,0.0,0,0,0,0,unknown
050506,811341,06/01/2022,05/31/2023,0.0,0.0,0.0,0.0,0.0,0.0,0.0,0,0,0,0,unknown
052052,811356,09/01/2022,08/31/2023,0.0,0.0,0.0,0.0,0.0,0.0,0.0,0,0,0,0,unknown
053300,811357,10/01/2021,09/30/2022,0.0,0.0,0.0,0.0,0.0,0.0,0.0,0,0,0,0,unknown
060001,811363,01/01/2022,12/31/2022,0.0,0.0,0.0,0.0,0.0,0.0,0.0,0,0,0,0,unknown
100211,811418,10/01/2021,09/30/2022,0.0,0.0,0.0,0.0,0.0,0.0,0.0,0,0,0,0,unknown
140068,811461,04/01/2022,03/31/2023,0.0,0.0,0.0,0.0,0.0,0.0,0.0,0,0,0,0,unknown
140116,811463,09/01/2022,08/31/2023,0.0,0.0,0.0,0.0,0.0,0.0,0.0,0,0,0,0,unknown
141340,811471,09/01/2022,08/31/2023,0.0,0.0,0.0,0.0,0.0,0.0,0.0,0,0,0,0,unknown
150001,811475,01/01/2022,12/31/2022,0.0,0.0,0.0,0.0,0.0,0.0,0.0,0,0,0,0,unknown
150005,811478,01/01/2022,12/31/2022,0.0,0.0,0.0,0.0,0.0,0.0,0.0,0,0,0,0,unknown
150133,811498,03/01/2022,02/28/2023,0.0,0.0,0.0,0.0,0.0,0.0,0.0,0,0,0,0,unknown
150165,811504,01/01/2022,12/31/2022,0.0,0.0,0.0,0.0,0.0,0.0,0.0,0,0,0,0,unknown
150181,811509,07/01/2022,06/30/2023,0.0,0.0,0.0,0.0,0.0,0.0,0.0,0,0,0,0,unknown
172004,811568,09/01/2022,08/31/2023,0.0,0.0,0.0,0.0,0.0,0.0,0.0,0,0,0,0,unknown
180127,811575,08/01/2022,07/31/2023,0.0,0.0,0.0,0.0,0.0,0.0,0.0,0,0,0,0,unknown
180139,811576,09/01/2022,08/31/2023,0.0,0.0,0.0,0.0,0.0,0.0,0.0,0,0,0,0,unknown
190114,811591,07/01/2022,06/30/2023,0.0,0.0,0.0,0.0,0.0,0.0,0.0,0,0,0,0,unknown
191308,811600,09/01/2022,08/31/2023,0.0,0.0,0.0,0.0,0.0,0.0,0.0,0,0,0,0,unknown
220008,811620,10/01/2021,09/30/2022,0.0,0.0,0.0,0.0,0.0,0.0,0.0,0,0,0,0,unknown
220020,811621,01/01/2022,12/31/2022,0.0,0.0,0.0,0.0,0.0,0.0,0.0,0,0,0,0,unknown
230031,811630,01/01/2022,12/31/2022,0.0,0.0,0.0,0.0,0.0,0.0,0.0,0,0,0,0,unknown
230041,811633,10/01/2021,09/30/2022,0.0,0.0,0.0,0.0,0.0,0.0,0.0,0,0,0,0,unknown
230264,811643,01/01/2022,12/31/2022,0.0,0.0,0.0,0.0,0.0,0.0,0.0,0,0,0,0,unknown
250096,811674,01/01/2022,12/31/2022,0.0,0.0,0.0,0.0,0.0,0.0,0.0,0,0,0,0,unknown
260061,811687,07/01/2022,06/30/2023,0.0,0.0,0.0,0.0,0.0,0.0,0.0,0,0,0,0,unknown
260074,811690,11/01/2021,10/31/2022,0.0,0.0,0.0,0.0,0.0,0.0,0.0,0,0,0,0,unknown
263029,811703,01/01/2022,12/31/2022,0.0,0.0,0.0,0.0,0.0,0.0,0.0,0,0,0,0,unknown
312017,811737,09/01/2022,08/31/2023,0.0,0.0,0.0,0.0,0.0,0.0,0.0,0,0,0,0,unknown
312022,811739,09/01/2022,08/31/2023,0.0,0.0,0.0,0.0,0.0,0.0,0.0,0,0,0,0,unknown
330019,811750,01/01/2022,12/31/2022,0.0,0.0,0.0,0.0,0.0,0.0,0.0,0,0,0,0,unknown
330027,811753,01/01/2022,12/31/2022,0.0,0.0,0.0,0.0,0.0,0.0,0.0,0,0,0,0,unknown
330043,811757,01/01/2022,12/31/2022,0.0,0.0,0.0,0.0,0.0,0.0,0.0,0,0,0,0,unknown
330045,811758,01/01/2022,12/31/2022,0.0,0.0,0.0,0.0,0.0,0.0,0.0,0,0,0,0,unknown
330046,811759,01/01/2022,12/31/2022,0.0,0.0,0.0,0.0,0.0,0.0,0.0,0,0,0,0,unknown
330055,811761,01/01/2022,12/31/2022,0.0,0.0,0.0,0.0,0.0,0.0,0.0,0,0,0,0,unknown
330059,811762,01/01/2022,12/31/2022,0.0,0.0,0.0,0.0,0.0,0.0,0.0,0,0,0,0,unknown
330073,811765,01/01/2022,12/31/2022,0.0,0.0,0.0,0.0,0.0,0.0,0.0,0,0,0,0,unknown
330078,811768,01/01/2022,12/31/2022,0.0,0.0,0.0,0.0,0.0,0.0,0.0,0,0,0,0,unknown
330080,811770,07/01/2022,06/30/2023,0.0,0.0,0.0,0.0,0.0,0.0,0.0,0,0,0,0,unknown
330101,811774,01/01/2022,12/31/2022,0.0,0.0,0.0,0.0,0.0,0.0,0.0,0,0,0,0,unknown
330102,811775,01/01/2022,12/31/2022,0.0,0.0,0.0,0.0,0.0,0.0,0.0,0,0,0,0,unknown
330104,811777,01/01/2022,12/31/2022,0.0,0.0,0.0,0.0,0.0,0.0,0.0,0,0,0,0,unknown
330106,811778,01/01/2022,12/31/2022,0.0,0.0,0.0,0.0,0.0,0.0,0.0,0,0,0,0,unknown
330107,811779,01/01/2022,12/31/2022,0.0,0.0,0.0,0.0,0.0,0.0,0.0,0,0,0,0,unknown
330119,811780,01/01/2022,12/31/2022,0.0,0.0,0.0,0.0,0.0,0.0,0.0,0,0,0,0,unknown
330125,811781,01/01/2022,12/31/2022,0.0,0.0,0.0,0.0,0.0,0.0,0.0,0,0,0,0,unknown
330127,811783,07/01/2022,06/30/2023,0.0,0.0,0.0,0.0,0.0,0.0,0.0,0,0,0,0,unknown
330128,811784,07/01/2022,06/30/2023,0.0,0.0,0.0,0.0,0.0,0.0,0.0,0,0,0,0,unknown
330141,811785,09/01/2022,08/31/2023,0.0,0.0,0.0,0.0,0.0,0.0,0.0,0,0,0,0,unknown
330157,811787,01/01/2022,12/31/2022,0.0,0.0,0.0,0.0,0.0,0.0,0.0,0,0,0,0,unknown
330160,811789,01/01/2022,12/31/2022,0.0,0.0,0.0,0.0,0.0,0.0,0.0,0,0,0,0,unknown
330162,811790,01/01/2022,12/31/2022,0.0,0.0,0.0,0.0,0.0,0.0,0.0,0,0,0,0,unknown
330169,811791,01/01/2022,12/31/2022,0.0,0.0,0.0,0.0,0.0,0.0,0.0,0,0,0,0,unknown
330181,811793,01/01/2022,12/31/2022,0.0,0.0,0.0,0.0,0.0,0.0,0.0,0,0,0,0,unknown
330182,811794,01/01/2022,12/31/2022,0.0,0.0,0.0,0.0,0.0,0.0,0.0,0,0,0,0,unknown
330188,811796,01/01/2022,12/31/2022,0.0,0.0,0.0,0.0,0.0,0.0,0.0,0,0,0,0,unknown
330195,811798,01/01/2022,12/31/2022,0.0,0.0,0.0,0.0,0.0,0.0,0.0,0,0,0,0,unknown
330196,811799,07/01/2022,06/30/2023,0.0,0.0,0.0,0.0,0.0,0.0,0.0,0,0,0,0,unknown
330197,811800,01/01/2022,12/31/2022,0.0,0.0,0.0,0.0,0.0,0.0,0.0,0,0,0,0,unknown
330199,811802,07/01/2022,06/30/2023,0.0,0.0,0.0,0.0,0.0,0.0,0.0,0,0,0,0,unknown
330202,811803,07/01/2022,06/30/2023,0.0,0.0,0.0,0.0,0.0,0.0,0.0,0,0,0,0,unknown
330204,811804,07/01/2022,06/30/2023,0.0,0.0,0.0,0.0,0.0,0.0,0.0,0,0,0,0,unknown
330226,811807,01/01/2022,12/31/2022,0.0,0.0,0.0,0.0,0.0,0.0,0.0,0,0,0,0,unknown
330240,811810,07/01/2022,06/30/2023,0.0,0.0,0.0,0.0,0.0,0.0,0.0,0,0,0,0,unknown
330246,811811,01/01/2022,12/31/2022,0.0,0.0,0.0,0.0,0.0,0.0,0.0,0,0,0,0,unknown
330259,811812,01/01/2022,12/31/2022,0.0,0.0,0.0,0.0,0.0,0.0,0.0,0,0,0,0,unknown
330261,811813,01/01/2022,12/31/2022,0.0,0.0,0.0,0.0,0.0,0.0,0.0,0,0,0,0,unknown
330264,811814,01/01/2022,12/31/2022,0.0,0.0,0.0,0.0,0.0,0.0,0.0,0,0,0,0,unknown
330265,811815,01/01/2022,12/31/2022,0.0,0.0,0.0,0.0,0.0,0.0,0.0,0,0,0,0,unknown
330270,811818,01/01/2022,12/31/2022,0.0,0.0,0.0,0.0,0.0,0.0,0.0,0,0,0,0,unknown
330279,811821,01/01/2022,12/31/2022,0.0,0.0,0.0,0.0,0.0,0.0,0.0,0,0,0,0,unknown
330286,811822,01/01/2022,12/31/2022,0.0,0.0,0.0,0.0,0.0,0.0,0.0,0,0,0,0,unknown
330331,811825,01/01/2022,12/31/2022,0.0,0.0,0.0,0.0,0.0,0.0,0.0,0,0,0,0,unknown
330332,811826,01/01/2022,12/31/2022,0.0,0.0,0.0,0.0,0.0,0.0,0.0,0,0,0,0,unknown
330396,811829,07/01/2022,06/30/2023,0.0,0.0,0.0,0.0,0.0,0.0,0.0,0,0,0,0,unknown
330401,811831,01/01/2022,12/31/2022,0.0,0.0,0.0,0.0,0.0,0.0,0.0,0,0,0,0,unknown
330411,811833,01/01/2022,12/31/2022,0.0,0.0,0.0,0.0,0.0,0.0,0.0,0,0,0,0,unknown
363044,811899,01/01/2022,12/31/2022,0.0,0.0,0.0,0.0,0.0,0.0,0.0,0,0,0,0,unknown
370166,811907,10/01/2021,09/30/2022,0.0,0.0,0.0,0.0,0.0,0.0,0.0,0,0,0,0,unknown
370199,811910,07/01/2022,06/30/2023,0.0,0.0,0.0,0.0,0.0,0.0,0.0,0,0,0,0,unknown
370228,811915,01/01/2022,12/31/2022,0.0,0.0,0.0,0.0,0.0,0.0,0.0,0,0,0,0,unknown
440072,811965,07/01/2022,06/30/2023,0.0,0.0,0.0,0.0,0.0,0.0,0.0,0,0,0,0,unknown
440144,811966,07/01/2022,06/30/2023,0.0,0.0,0.0,0.0,0.0,0.0,0.0,0,0,0,0,unknown
440185,811967,09/01/2022,08/31/2023,0.0,0.0,0.0,0.0,0.0,0.0,0.0,0,0,0,0,unknown
440193,811968,07/01/2022,06/30/2023,0.0,0.0,0.0,0.0,0.0,0.0,0.0,0,0,0,0,unknown
450596,811991,12/01/2021,11/30/2022,0.0,0.0,0.0,0.0,0.0,0.0,0.0,0,0,0,0,unknown
450851,812008,07/01/2022,06/30/2023,0.0,0.0,0.0,0.0,0.0,0.0,0.0,0,0,0,0,unknown
452067,812027,09/01/2022,08/31/2023,0.0,0.0,0.0,0.0,0.0,0.0,0.0,0,0,0,0,unknown
452068,812028,09/01/2022,08/31/2023,0.0,0.0,0.0,0.0,0.0,0.0,0.0,0,0,0,0,unknown
453300,812034,10/01/2021,09/30/2022,0.0,0.0,0.0,0.0,0.0,0.0,0.0,0,0,0,0,unknown
454006,812036,09/01/2022,08/31/2023,0.0,0.0,0.0,0.0,0.0,0.0,0.0,0,0,0,0,unknown
460043,812045,01/01/2022,12/31/2022,0.0,0.0,0.0,0.0,0.0,0.0,0.0,0,0,0,0,unknown
523029,812110,03/10/2022,03/31/2023,0.0,0.0,0.0,0.0,0.0,0.0,0.0,0,0,0,0,unknown
670034,812112,06/01/2022,05/31/2023,0.0,0.0,0.0,0.0,0.0,0.0,0.0,0,0,0,0,unknown
673032,812127,01/01/2022,12/31/2022,0.0,0.0,0.0,0.0,0.0,0.0,0.0,0,0,0,0,unknown
673060,812136,01/01/2022,12/31/2022,0.0,0.0,0.0,0.0,0.0,0.0,0.0,0,0,0,0,unknown
010035,812145,07/01/2022,06/30/2023,0.0,0.0,0.0,0.0,0.0,0.0,0.0,0,0,0,0,unknown
010045,812146,10/01/2021,09/30/2022,0.0,0.0,0.0,0.0,0.0,0.0,0.0,0,0,0,0,unknown
010056,812148,07/01/2022,06/30/2023,0.0,0.0,0.0,0.0,0.0,0.0,0.0,0,0,0,0,unknown
010130,812156,07/01/2022,06/30/2023,0.0,0.0,0.0,0.0,0.0,0.0,0.0,0,0,0,0,unknown
010174,812163,01/01/2022,12/31/2022,0.0,0.0,0.0,0.0,0.0,0.0,0.0,0,0,0,0,unknown
030107,812183,01/01/2022,12/31/2022,0.0,0.0,0.0,0.0,0.0,0.0,0.0,0,0,0,0,unknown
033038,812189,01/01/2022,12/31/2022,0.0,0.0,0.0,0.0,0.0,0.0,0.0,0,0,0,0,unknown
033041,812192,06/01/2022,05/31/2023,0.0,0.0,0.0,0.0,0.0,0.0,0.0,0,0,0,0,unknown
043031,812206,01/01/2022,08/31/2022,0.0,0.0,0.0,0.0,0.0,0.0,0.0,0,0,0,0,unknown
043032,812207,01/01/2022,12/31/2022,0.0,0.0,0.0,0.0,0.0,0.0,0.0,0,0,0,0,unknown
043034,812208,11/01/2021,10/31/2022,0.0,0.0,0.0,0.0,0.0,0.0,0.0,0,0,0,0,unknown
050454,812311,07/01/2022,06/30/2023,0.0,0.0,0.0,0.0,0.0,0.0,0.0,0,0,0,0,unknown
100099,812477,07/01/2022,06/30/2023,0.0,0.0,0.0,0.0,0.0,0.0,0.0,0,0,0,0,unknown
100217,812504,01/01/2022,12/31/2022,0.0,0.0,0.0,0.0,0.0,0.0,0.0,0,0,0,0,unknown
100220,812505,10/01/2021,09/30/2022,0.0,0.0,0.0,0.0,0.0,0.0,0.0,0,0,0,0,unknown
110011,812540,07/01/2022,06/30/2023,0.0,0.0,0.0,0.0,0.0,0.0,0.0,0,0,0,0,unknown
110027,812543,07/01/2022,06/30/2023,0.0,0.0,0.0,0.0,0.0,0.0,0.0,0,0,0,0,unknown
110045,812548,10/01/2021,09/30/2022,0.0,0.0,0.0,0.0,0.0,0.0,0.0,0,0,0,0,unknown
110073,812551,08/01/2022,07/31/2023,0.0,0.0,0.0,0.0,0.0,0.0,0.0,0,0,0,0,unknown
110125,812558,05/01/2022,04/30/2023,0.0,0.0,0.0,0.0,0.0,0.0,0.0,0,0,0,0,unknown
110234,812564,10/01/2021,09/30/2022,0.0,0.0,0.0,0.0,0.0,0.0,0.0,0,0,0,0,unknown
110236,812565,07/01/2022,06/30/2023,0.0,0.0,0.0,0.0,0.0,0.0,0.0,0,0,0,0,unknown
140103,812608,01/01/2022,12/31/2022,0.0,0.0,0.0,0.0,0.0,0.0,0.0,0,0,0,0,unknown
140294,812628,01/01/2022,01/13/2023,0.0,0.0,0.0,0.0,0.0,0.0,0.0,0,0,0,0,unknown
161352,812670,07/01/2022,06/30/2023,0.0,0.0,0.0,0.0,0.0,0.0,0.0,0,0,0,0,unknown
170200,812677,08/01/2022,07/31/2023,0.0,0.0,0.0,0.0,0.0,0.0,0.0,0,0,0,0,unknown
180138,812697,09/01/2022,08/31/2023,0.0,0.0,0.0,0.0,0.0,0.0,0.0,0,0,0,0,unknown
190025,812708,01/01/2022,12/31/2022,0.0,0.0,0.0,0.0,0.0,0.0,0.0,0,0,0,0,unknown
190316,812725,10/01/2021,09/30/2022,0.0,0.0,0.0,0.0,0.0,0.0,0.0,0,0,0,0,unknown
230022,812769,01/01/2022,12/31/2022,0.0,0.0,0.0,0.0,0.0,0.0,0.0,0,0,0,0,unknown
230222,812787,07/01/2022,06/30/2023,0.0,0.0,0.0,0.0,0.0,0.0,0.0,0,0,0,0,unknown
240076,812804,01/01/2022,12/31/2022,0.0,0.0,0.0,0.0,0.0,0.0,0.0,0,0,0,0,unknown
240084,812805,07/01/2022,06/30/2023,0.0,0.0,0.0,0.0,0.0,0.0,0.0,0,0,0,0,unknown
243302,812814,01/01/2022,12/31/2022,0.0,0.0,0.0,0.0,0.0,0.0,0.0,0,0,0,0,unknown
250069,812817,01/01/2022,12/31/2022,0.0,0.0,0.0,0.0,0.0,0.0,0.0,0,0,0,0,unknown
260024,812839,01/01/2022,12/31/2022,0.0,0.0,0.0,0.0,0.0,0.0,0.0,0,0,0,0,unknown
260034,812844,01/01/2022,12/31/2022,0.0,0.0,0.0,0.0,0.0,0.0,0.0,0,0,0,0,unknown
260219,812858,01/01/2022,12/31/2022,0.0,0.0,0.0,0.0,0.0,0.0,0.0,0,0,0,0,unknown
280023,812890,07/01/2022,06/30/2023,0.0,0.0,0.0,0.0,0.0,0.0,0.0,0,0,0,0,unknown
280139,812896,01/01/2022,12/31/2022,0.0,0.0,0.0,0.0,0.0,0.0,0.0,0,0,0,0,unknown
330005,812973,01/01/2022,12/31/2022,0.0,0.0,0.0,0.0,0.0,0.0,0.0,0,0,0,0,unknown
330086,812983,01/01/2022,12/31/2022,0.0,0.0,0.0,0.0,0.0,0.0,0.0,0,0,0,0,unknown
330115,812993,01/01/2022,12/31/2022,0.0,0.0,0.0,0.0,0.0,0.0,0.0,0,0,0,0,unknown
330163,813004,01/01/2022,12/31/2022,0.0,0.0,0.0,0.0,0.0,0.0,0.0,0,0,0,0,unknown
330231,813027,07/01/2022,06/30/2023,0.0,0.0,0.0,0.0,0.0,0.0,0.0,0,0,0,0,unknown
330405,813039,04/01/2022,03/31/2023,0.0,0.0,0.0,0.0,0.0,0.0,0.0,0,0,0,0,unknown
330410,813040,01/01/2022,12/31/2022,0.0,0.0,0.0,0.0,0.0,0.0,0.0,0,0,0,0,unknown
340069,813066,10/01/2021,09/30/2022,0.0,0.0,0.0,0.0,0.0,0.0,0.0,0,0,0,0,unknown
360080,813114,01/01/2022,12/31/2022,0.0,0.0,0.0,0.0,0.0,0.0,0.0,0,0,0,0,unknown
360086,813118,01/01/2022,12/31/2022,0.0,0.0,0.0,0.0,0.0,0.0,0.0,0,0,0,0,unknown
360242,813144,07/01/2022,06/30/2023,0.0,0.0,0.0,0.0,0.0,0.0,0.0,0,0,0,0,unknown
394054,813261,09/01/2022,08/31/2023,0.0,0.0,0.0,0.0,0.0,0.0,0.0,0,0,0,0,unknown
400120,813276,01/01/2022,12/31/2022,0.0,0.0,0.0,0.0,0.0,0.0,0.0,0,0,0,0,unknown
410013,813286,10/01/2021,09/30/2022,0.0,0.0,0.0,0.0,0.0,0.0,0.0,0,0,0,0,unknown
420073,813292,10/01/2021,09/30/2022,0.0,0.0,0.0,0.0,0.0,0.0,0.0,0,0,0,0,unknown
440152,813328,07/01/2022,06/30/2023,0.0,0.0,0.0,0.0,0.0,0.0,0.0,0,0,0,0,unknown
450137,813365,10/01/2021,09/30/2022,0.0,0.0,0.0,0.0,0.0,0.0,0.0,0,0,0,0,unknown
460005,813434,06/01/2022,05/31/2023,0.0,0.0,0.0,0.0,0.0,0.0,0.0,0,0,0,0,unknown
500031,813490,01/01/2022,12/31/2022,0.0,0.0,0.0,0.0,0.0,0.0,0.0,0,0,0,0,unknown
673034,813572,01/01/2022,07/31/2022,0.0,0.0,0.0,0.0,0.0,0.0,0.0,0,0,0,0,unknown
140012,813628,01/01/2022,12/31/2022,0.0,0.0,0.0,0.0,0.0,0.0,0.0,0,0,0,0,unknown
141305,813631,01/01/2022,12/31/2022,0.0,0.0,0.0,0.0,0.0,0.0,0.0,0,0,0,0,unknown
150086,813634,01/01/2022,12/31/2022,0.0,0.0,0.0,0.0,0.0,0.0,0.0,0,0,0,0,unknown
193074,813641,07/01/2022,06/30/2023,0.0,0.0,0.0,0.0,0.0,0.0,0.0,0,0,0,0,unknown
220135,813648,10/01/2021,09/30/2022,0.0,0.0,0.0,0.0,0.0,0.0,0.0,0,0,0,0,unknown
242004,813651,09/01/2022,12/31/2022,0.0,0.0,0.0,0.0,0.0,0.0,0.0,0,0,0,0,unknown
373036,813692,01/01/2022,12/31/2022,0.0,0.0,0.0,0.0,0.0,0.0,0.0,0,0,0,0,unknown
430090,813703,01/01/2022,12/31/2022,0.0,0.0,0.0,0.0,0.0,0.0,0.0,0,0,0,0,unknown
450771,813719,01/01/2022,12/31/2022,0.0,0.0,0.0,0.0,0.0,0.0,0.0,0,0,0,0,unknown
460003,813728,09/01/2022,04/30/2023,0.0,0.0,0.0,0.0,0.0,0.0,0.0,0,0,0,0,unknown
520139,813734,01/01/2022,12/31/2022,0.0,0.0,0.0,0.0,0.0,0.0,0.0,0,0,0,0,unknown
010007,813746,10/01/2021,09/30/2022,0.0,0.0,0.0,0.0,0.0,0.0,0.0,0,0,0,0,unknown
010016,813748,01/01/2022,12/31/2022,0.0,0.0,0.0,0.0,0.0,0.0,0.0,0,0,0,0,unknown
010036,813751,04/01/2022,03/31/2023,0.0,0.0,0.0,0.0,0.0,0.0,0.0,0,0,0,0,unknown
010055,813756,10/01/2021,09/30/2022,0.0,0.0,0.0,0.0,0.0,0.0,0.0,0,0,0,0,unknown
010058,813757,10/01/2021,09/30/2022,0.0,0.0,0.0,0.0,0.0,0.0,0.0,0,0,0,0,unknown
010090,813767,07/01/2022,06/30/2023,0.0,0.0,0.0,0.0,0.0,0.0,0.0,0,0,0,0,unknown
010095,813769,10/01/2021,09/30/2022,0.0,0.0,0.0,0.0,0.0,0.0,0.0,0,0,0,0,unknown
010097,813771,01/01/2022,12/31/2022,0.0,0.0,0.0,0.0,0.0,0.0,0.0,0,0,0,0,unknown
010108,813774,07/01/2022,06/30/2023,0.0,0.0,0.0,0.0,0.0,0.0,0.0,0,0,0,0,unknown
010114,813776,10/01/2021,09/30/2022,0.0,0.0,0.0,0.0,0.0,0.0,0.0,0,0,0,0,unknown
010131,813781,07/01/2022,06/30/2023,0.0,0.0,0.0,0.0,0.0,0.0,0.0,0,0,0,0,unknown
010157,813783,04/01/2022,03/31/2023,0.0,0.0,0.0,0.0,0.0,0.0,0.0,0,0,0,0,unknown
013031,813790,07/01/2022,06/30/2023,0.0,0.0,0.0,0.0,0.0,0.0,0.0,0,0,0,0,unknown
020008,813794,07/01/2022,06/30/2023,0.0,0.0,0.0,0.0,0.0,0.0,0.0,0,0,0,0,unknown
030002,813801,01/01/2022,12/31/2022,0.0,0.0,0.0,0.0,0.0,0.0,0.0,0,0,0,0,unknown
030023,813803,07/01/2022,06/30/2023,0.0,0.0,0.0,0.0,0.0,0.0,0.0,0,0,0,0,unknown
030037,813806,06/01/2022,05/31/2023,0.0,0.0,0.0,0.0,0.0,0.0,0.0,0,0,0,0,unknown
030089,813814,01/01/2022,12/31/2022,0.0,0.0,0.0,0.0,0.0,0.0,0.0,0,0,0,0,unknown
030119,813817,07/01/2022,06/30/2023,0.0,0.0,0.0,0.0,0.0,0.0,0.0,0,0,0,0,unknown
033025,813824,01/01/2022,07/31/2022,0.0,0.0,0.0,0.0,0.0,0.0,0.0,0,0,0,0,unknown
033028,813826,01/01/2022,07/31/2022,0.0,0.0,0.0,0.0,0.0,0.0,0.0,0,0,0,0,unknown
033042,813829,08/01/2022,07/31/2023,0.0,0.0,0.0,0.0,0.0,0.0,0.0,0,0,0,0,unknown
040161,813842,10/01/2021,09/30/2022,0.0,0.0,0.0,0.0,0.0,0.0,0.0,0,0,0,0,unknown
050009,813858,07/01/2022,06/30/2023,0.0,0.0,0.0,0.0,0.0,0.0,0.0,0,0,0,0,unknown
050024,813860,01/01/2022,12/31/2022,0.0,0.0,0.0,0.0,0.0,0.0,0.0,0,0,0,0,unknown
050055,813870,01/01/2022,12/31/2022,0.0,0.0,0.0,0.0,0.0,0.0,0.0,0,0,0,0,unknown
050131,813885,01/01/2022,12/31/2022,0.0,0.0,0.0,0.0,0.0,0.0,0.0,0,0,0,0,unknown
050145,813889,01/01/2022,12/31/2022,0.0,0.0,0.0,0.0,0.0,0.0,0.0,0,0,0,0,unknown
050435,813948,07/01/2022,06/30/2023,0.0,0.0,0.0,0.0,0.0,0.0,0.0,0,0,0,0,unknown
052038,814022,09/01/2022,08/31/2023,0.0,0.0,0.0,0.0,0.0,0.0,0.0,0,0,0,0,unknown
060006,814036,01/01/2022,12/31/2022,0.0,0.0,0.0,0.0,0.0,0.0,0.0,0,0,0,0,unknown
060023,814037,01/01/2022,12/31/2022,0.0,0.0,0.0,0.0,0.0,0.0,0.0,0,0,0,0,unknown
061328,814048,01/01/2022,12/31/2022,0.0,0.0,0.0,0.0,0.0,0.0,0.0,0,0,0,0,unknown
063035,814050,01/01/2022,12/31/2022,0.0,0.0,0.0,0.0,0.0,0.0,0.0,0,0,0,0,unknown
063301,814054,01/01/2022,12/31/2022,0.0,0.0,0.0,0.0,0.0,0.0,0.0,0,0,0,0,unknown
100022,814076,10/01/2021,09/30/2022,0.0,0.0,0.0,0.0,0.0,0.0,0.0,0,0,0,0,unknown
100023,814077,11/01/2021,10/31/2022,0.0,0.0,0.0,0.0,0.0,0.0,0.0,0,0,0,0,unknown
100054,814087,06/01/2022,05/31/2023,0.0,0.0,0.0,0.0,0.0,0.0,0.0,0,0,0,0,unknown
100087,814093,10/01/2021,09/30/2022,0.0,0.0,0.0,0.0,0.0,0.0,0.0,0,0,0,0,unknown
100110,814097,01/01/2022,12/31/2022,0.0,0.0,0.0,0.0,0.0,0.0,0.0,0,0,0,0,unknown
100131,814099,01/01/2022,12/31/2022,0.0,0.0,0.0,0.0,0.0,0.0,0.0,0,0,0,0,unknown
100161,814102,06/01/2022,05/31/2023,0.0,0.0,0.0,0.0,0.0,0.0,0.0,0,0,0,0,unknown
100179,814105,01/01/2022,12/31/2022,0.0,0.0,0.0,0.0,0.0,0.0,0.0,0,0,0,0,unknown
100189,814110,01/01/2022,12/31/2022,0.0,0.0,0.0,0.0,0.0,0.0,0.0,0,0,0,0,unknown
100209,814113,01/01/2022,12/31/2022,0.0,0.0,0.0,0.0,0.0,0.0,0.0,0,0,0,0,unknown
100213,814116,05/01/2022,04/30/2023,0.0,0.0,0.0,0.0,0.0,0.0,0.0,0,0,0,0,unknown
100224,814118,05/01/2022,04/30/2023,0.0,0.0,0.0,0.0,0.0,0.0,0.0,0,0,0,0,unknown
100228,814122,02/01/2022,01/31/2023,0.0,0.0,0.0,0.0,0.0,0.0,0.0,0,0,0,0,unknown
100231,814125,06/01/2022,05/31/2023,0.0,0.0,0.0,0.0,0.0,0.0,0.0,0,0,0,0,unknown
100238,814126,10/01/2021,09/30/2022,0.0,0.0,0.0,0.0,0.0,0.0,0.0,0,0,0,0,unknown
100242,814127,02/01/2022,01/31/2023,0.0,0.0,0.0,0.0,0.0,0.0,0.0,0,0,0,0,unknown
100243,814130,01/01/2022,12/31/2022,0.0,0.0,0.0,0.0,0.0,0.0,0.0,0,0,0,0,unknown
100244,814131,10/01/2021,09/30/2022,0.0,0.0,0.0,0.0,0.0,0.0,0.0,0,0,0,0,unknown
100246,814132,10/01/2021,09/30/2022,0.0,0.0,0.0,0.0,0.0,0.0,0.0,0,0,0,0,unknown
100248,814133,03/01/2022,02/28/2023,0.0,0.0,0.0,0.0,0.0,0.0,0.0,0,0,0,0,unknown
100254,814134,05/01/2022,04/30/2023,0.0,0.0,0.0,0.0,0.0,0.0,0.0,0,0,0,0,unknown
100256,814136,03/01/2022,02/28/2023,0.0,0.0,0.0,0.0,0.0,0.0,0.0,0,0,0,0,unknown
100260,814138,10/01/2021,09/30/2022,0.0,0.0,0.0,0.0,0.0,0.0,0.0,0,0,0,0,unknown
100264,814139,03/01/2022,02/28/2023,0.0,0.0,0.0,0.0,0.0,0.0,0.0,0,0,0,0,unknown
100269,814141,06/01/2022,05/31/2023,0.0,0.0,0.0,0.0,0.0,0.0,0.0,0,0,0,0,unknown
100277,814142,07/01/2022,06/30/2023,0.0,0.0,0.0,0.0,0.0,0.0,0.0,0,0,0,0,unknown
100329,814148,01/01/2022,12/31/2022,0.0,0.0,0.0,0.0,0.0,0.0,0.0,0,0,0,0,unknown
100350,814150,02/01/2022,01/31/2023,0.0,0.0,0.0,0.0,0.0,0.0,0.0,0,0,0,0,unknown
100360,814152,12/17/2021,10/31/2022,0.0,0.0,0.0,0.0,0.0,0.0,0.0,0,0,0,0,unknown
103026,814161,10/01/2021,09/30/2022,0.0,0.0,0.0,0.0,0.0,0.0,0.0,0,0,0,0,unknown
103036,814162,01/01/2022,12/31/2022,0.0,0.0,0.0,0.0,0.0,0.0,0.0,0,0,0,0,unknown
103047,814163,01/01/2022,12/31/2022,0.0,0.0,0.0,0.0,0.0,0.0,0.0,0,0,0,0,unknown
103048,814164,01/01/2022,12/31/2022,0.0,0.0,0.0,0.0,0.0,0.0,0.0,0,0,0,0,unknown
110035,814174,07/01/2022,06/30/2023,0.0,0.0,0.0,0.0,0.0,0.0,0.0,0,0,0,0,unknown
110086,814179,09/01/2022,08/31/2023,0.0,0.0,0.0,0.0,0.0,0.0,0.0,0,0,0,0,unknown
110111,814183,01/01/2022,12/31/2022,0.0,0.0,0.0,0.0,0.0,0.0,0.0,0,0,0,0,unknown
110121,814188,10/01/2021,09/30/2022,0.0,0.0,0.0,0.0,0.0,0.0,0.0,0,0,0,0,unknown
110128,814191,03/01/2022,02/28/2023,0.0,0.0,0.0,0.0,0.0,0.0,0.0,0,0,0,0,unknown
110130,814194,12/01/2021,11/30/2022,0.0,0.0,0.0,0.0,0.0,0.0,0.0,0,0,0,0,unknown
110142,814195,10/01/2021,09/30/2022,0.0,0.0,0.0,0.0,0.0,0.0,0.0,0,0,0,0,unknown
110184,814200,07/01/2022,06/30/2023,0.0,0.0,0.0,0.0,0.0,0.0,0.0,0,0,0,0,unknown
110225,814204,07/01/2022,06/30/2023,0.0,0.0,0.0,0.0,0.0,0.0,0.0,0,0,0,0,unknown
110230,814205,09/01/2022,08/31/2023,0.0,0.0,0.0,0.0,0.0,0.0,0.0,0,0,0,0,unknown
110237,814206,10/01/2021,09/30/2022,0.0,0.0,0.0,0.0,0.0,0.0,0.0,0,0,0,0,unknown
111304,814208,07/01/2022,06/30/2023,0.0,0.0,0.0,0.0,0.0,0.0,0.0,0,0,0,0,unknown
111327,814212,07/01/2022,06/30/2023,0.0,0.0,0.0,0.0,0.0,0.0,0.0,0,0,0,0,unknown
111328,814217,08/01/2022,07/31/2023,0.0,0.0,0.0,0.0,0.0,0.0,0.0,0,0,0,0,unknown
113028,814221,07/01/2022,06/30/2023,0.0,0.0,0.0,0.0,0.0,0.0,0.0,0,0,0,0,unknown
113029,814222,01/01/2022,12/31/2022,0.0,0.0,0.0,0.0,0.0,0.0,0.0,0,0,0,0,unknown
113031,814224,09/01/2022,08/31/2023,0.0,0.0,0.0,0.0,0.0,0.0,0.0,0,0,0,0,unknown
130003,814235,07/01/2022,06/30/2023,0.0,0.0,0.0,0.0,0.0,0.0,0.0,0,0,0,0,unknown
140019,814249,07/01/2022,06/30/2023,0.0,0.0,0.0,0.0,0.0,0.0,0.0,0,0,0,0,unknown
140143,814263,10/01/2021,09/30/2022,0.0,0.0,0.0,0.0,0.0,0.0,0.0,0,0,0,0,unknown
140177,814270,04/01/2022,03/31/2023,0.0,0.0,0.0,0.0,0.0,0.0,0.0,0,0,0,0,unknown
140191,814280,07/01/2022,06/30/2023,0.0,0.0,0.0,0.0,0.0,0.0,0.0,0,0,0,0,unknown
140210,814283,04/01/2022,03/31/2023,0.0,0.0,0.0,0.0,0.0,0.0,0.0,0,0,0,0,unknown
140239,814288,07/01/2022,06/30/2023,0.0,0.0,0.0,0.0,0.0,0.0,0.0,0,0,0,0,unknown
150009,814299,08/01/2022,07/31/2023,0.0,0.0,0.0,0.0,0.0,0.0,0.0,0,0,0,0,unknown
150015,814302,01/01/2022,12/31/2022,0.0,0.0,0.0,0.0,0.0,0.0,0.0,0,0,0,0,unknown
150047,814305,06/01/2022,05/31/2023,0.0,0.0,0.0,0.0,0.0,0.0,0.0,0,0,0,0,unknown
150112,814310,01/01/2022,12/31/2022,0.0,0.0,0.0,0.0,0.0,0.0,0.0,0,0,0,0,unknown
150150,814311,04/01/2022,03/31/2023,0.0,0.0,0.0,0.0,0.0,0.0,0.0,0,0,0,0,unknown
150179,814316,01/01/2022,12/31/2022,0.0,0.0,0.0,0.0,0.0,0.0,0.0,0,0,0,0,unknown
151310,814318,01/01/2022,12/31/2022,0.0,0.0,0.0,0.0,0.0,0.0,0.0,0,0,0,0,unknown
161353,814341,07/01/2022,06/30/2023,0.0,0.0,0.0,0.0,0.0,0.0,0.0,0,0,0,0,unknown
180141,814388,07/01/2022,06/30/2023,0.0,0.0,0.0,0.0,0.0,0.0,0.0,0,0,0,0,unknown
190039,814401,01/01/2022,12/31/2022,0.0,0.0,0.0,0.0,0.0,0.0,0.0,0,0,0,0,unknown
190045,814404,01/01/2022,12/31/2022,0.0,0.0,0.0,0.0,0.0,0.0,0.0,0,0,0,0,unknown
190144,814411,09/01/2022,08/31/2023,0.0,0.0,0.0,0.0,0.0,0.0,0.0,0,0,0,0,unknown
190164,814412,08/01/2022,07/31/2023,0.0,0.0,0.0,0.0,0.0,0.0,0.0,0,0,0,0,unknown
190303,814416,01/01/2022,12/31/2022,0.0,0.0,0.0,0.0,0.0,0.0,0.0,0,0,0,0,unknown
200008,814438,10/01/2021,09/30/2022,0.0,0.0,0.0,0.0,0.0,0.0,0.0,0,0,0,0,unknown
220024,814450,10/01/2021,09/30/2022,0.0,0.0,0.0,0.0,0.0,0.0,0.0,0,0,0,0,unknown
220073,814456,01/01/2022,12/31/2022,0.0,0.0,0.0,0.0,0.0,0.0,0.0,0,0,0,0,unknown
220080,814459,01/01/2022,12/31/2022,0.0,0.0,0.0,0.0,0.0,0.0,0.0,0,0,0,0,unknown
220098,814464,01/01/2022,12/31/2022,0.0,0.0,0.0,0.0,0.0,0.0,0.0,0,0,0,0,unknown
230036,814480,07/01/2022,06/30/2023,0.0,0.0,0.0,0.0,0.0,0.0,0.0,0,0,0,0,unknown
230037,814481,07/01/2022,06/30/2023,0.0,0.0,0.0,0.0,0.0,0.0,0.0,0,0,0,0,unknown
230059,814484,07/01/2022,06/30/2023,0.0,0.0,0.0,0.0,0.0,0.0,0.0,0,0,0,0,unknown
230066,814488,07/01/2022,06/30/2023,0.0,0.0,0.0,0.0,0.0,0.0,0.0,0,0,0,0,unknown
230071,814490,11/01/2021,10/31/2022,0.0,0.0,0.0,0.0,0.0,0.0,0.0,0,0,0,0,unknown
230259,814506,07/01/2022,06/30/2023,0.0,0.0,0.0,0.0,0.0,0.0,0.0,0,0,0,0,unknown
230297,814507,10/01/2021,09/30/2022,0.0,0.0,0.0,0.0,0.0,0.0,0.0,0,0,0,0,unknown
230301,814508,01/01/2022,12/31/2022,0.0,0.0,0.0,0.0,0.0,0.0,0.0,0,0,0,0,unknown
240187,814520,01/01/2022,12/31/2022,0.0,0.0,0.0,0.0,0.0,0.0,0.0,0,0,0,0,unknown
241325,814535,01/01/2022,12/31/2022,0.0,0.0,0.0,0.0,0.0,0.0,0.0,0,0,0,0,unknown
251302,814564,01/01/2022,12/31/2022,0.0,0.0,0.0,0.0,0.0,0.0,0.0,0,0,0,0,unknown
260025,814575,10/01/2021,09/30/2022,0.0,0.0,0.0,0.0,0.0,0.0,0.0,0,0,0,0,unknown
260097,814583,01/01/2022,12/31/2022,0.0,0.0,0.0,0.0,0.0,0.0,0.0,0,0,0,0,unknown
270017,814596,01/01/2022,12/31/2022,0.0,0.0,0.0,0.0,0.0,0.0,0.0,0,0,0,0,unknown
330023,814666,10/01/2021,09/30/2022,0.0,0.0,0.0,0.0,0.0,0.0,0.0,0,0,0,0,unknown
330049,814674,10/01/2021,09/30/2022,0.0,0.0,0.0,0.0,0.0,0.0,0.0,0,0,0,0,unknown
330100,814678,01/01/2022,12/31/2022,0.0,0.0,0.0,0.0,0.0,0.0,0.0,0,0,0,0,unknown
330184,814683,01/01/2022,12/31/2022,0.0,0.0,0.0,0.0,0.0,0.0,0.0,0,0,0,0,unknown
330205,814686,01/01/2022,12/31/2022,0.0,0.0,0.0,0.0,0.0,0.0,0.0,0,0,0,0,unknown
330273,814702,10/01/2021,09/30/2022,0.0,0.0,0.0,0.0,0.0,0.0,0.0,0,0,0,0,unknown
340156,814735,10/01/2021,09/30/2022,0.0,0.0,0.0,0.0,0.0,0.0,0.0,0,0,0,0,unknown
360058,814753,04/01/2022,03/31/2023,0.0,0.0,0.0,0.0,0.0,0.0,0.0,0,0,0,0,unknown
360107,814761,01/01/2022,12/31/2022,0.0,0.0,0.0,0.0,0.0,0.0,0.0,0,0,0,0,unknown
360354,814775,07/01/2022,06/30/2023,0.0,0.0,0.0,0.0,0.0,0.0,0.0,0,0,0,0,unknown
361334,814776,01/01/2022,12/31/2022,0.0,0.0,0.0,0.0,0.0,0.0,0.0,0,0,0,0,unknown
370006,814787,06/01/2022,05/31/2023,0.0,0.0,0.0,0.0,0.0,0.0,0.0,0,0,0,0,unknown
370170,814791,10/01/2021,09/30/2022,0.0,0.0,0.0,0.0,0.0,0.0,0.0,0,0,0,0,unknown
370210,814793,01/01/2022,12/31/2022,0.0,0.0,0.0,0.0,0.0,0.0,0.0,0,0,0,0,unknown
371342,814800,07/01/2022,06/30/2023,0.0,0.0,0.0,0.0,0.0,0.0,0.0,0,0,0,0,unknown
381307,814813,07/01/2022,06/30/2023,0.0,0.0,0.0,0.0,0.0,0.0,0.0,0,0,0,0,unknown
410006,814871,10/01/2021,09/30/2022,0.0,0.0,0.0,0.0,0.0,0.0,0.0,0,0,0,0,unknown
410010,814872,10/01/2021,09/30/2022,0.0,0.0,0.0,0.0,0.0,0.0,0.0,0,0,0,0,unknown
420079,814886,04/01/2022,03/31/2023,0.0,0.0,0.0,0.0,0.0,0.0,0.0,0,0,0,0,unknown
440001,814906,01/01/2022,12/31/2022,0.0,0.0,0.0,0.0,0.0,0.0,0.0,0,0,0,0,unknown
440008,814910,01/01/2022,12/31/2022,0.0,0.0,0.0,0.0,0.0,0.0,0.0,0,0,0,0,unknown
440009,814911,07/01/2022,06/30/2023,0.0,0.0,0.0,0.0,0.0,0.0,0.0,0,0,0,0,unknown
440032,814919,07/01/2022,06/30/2023,0.0,0.0,0.0,0.0,0.0,0.0,0.0,0,0,0,0,unknown
440039,814921,07/01/2022,06/30/2023,0.0,0.0,0.0,0.0,0.0,0.0,0.0,0,0,0,0,unknown
440194,814933,09/01/2022,08/31/2023,0.0,0.0,0.0,0.0,0.0,0.0,0.0,0,0,0,0,unknown
440200,814936,07/01/2022,06/30/2023,0.0,0.0,0.0,0.0,0.0,0.0,0.0,0,0,0,0,unknown
440218,814937,01/01/2022,12/31/2022,0.0,0.0,0.0,0.0,0.0,0.0,0.0,0,0,0,0,unknown
443027,814943,06/01/2022,05/31/2023,0.0,0.0,0.0,0.0,0.0,0.0,0.0,0,0,0,0,unknown
443033,814947,10/01/2021,09/30/2022,0.0,0.0,0.0,0.0,0.0,0.0,0.0,0,0,0,0,unknown
443034,814948,01/01/2022,12/31/2022,0.0,0.0,0.0,0.0,0.0,0.0,0.0,0,0,0,0,unknown
443035,814949,04/01/2022,03/31/2023,0.0,0.0,0.0,0.0,0.0,0.0,0.0,0,0,0,0,unknown
450102,814968,07/01/2022,06/30/2023,0.0,0.0,0.0,0.0,0.0,0.0,0.0,0,0,0,0,unknown
450194,814974,11/01/2021,10/31/2022,0.0,0.0,0.0,0.0,0.0,0.0,0.0,0,0,0,0,unknown
450346,814981,09/01/2022,08/31/2023,0.0,0.0,0.0,0.0,0.0,0.0,0.0,0,0,0,0,unknown
450399,814984,10/01/2021,09/30/2022,0.0,0.0,0.0,0.0,0.0,0.0,0.0,0,0,0,0,unknown
450419,814985,10/01/2021,09/30/2022,0.0,0.0,0.0,0.0,0.0,0.0,0.0,0,0,0,0,unknown
450422,814987,01/01/2022,12/31/2022,0.0,0.0,0.0,0.0,0.0,0.0,0.0,0,0,0,0,unknown
450462,814989,01/01/2022,12/31/2022,0.0,0.0,0.0,0.0,0.0,0.0,0.0,0,0,0,0,unknown
450586,814991,07/01/2022,04/05/2023,0.0,0.0,0.0,0.0,0.0,0.0,0.0,0,0,0,0,unknown
450587,814996,09/01/2022,08/31/2023,0.0,0.0,0.0,0.0,0.0,0.0,0.0,0,0,0,0,unknown
450641,815000,07/01/2022,06/30/2023,0.0,0.0,0.0,0.0,0.0,0.0,0.0,0,0,0,0,unknown
450643,815002,01/01/2022,12/31/2022,0.0,0.0,0.0,0.0,0.0,0.0,0.0,0,0,0,0,unknown
450779,815020,10/01/2021,09/30/2022,0.0,0.0,0.0,0.0,0.0,0.0,0.0,0,0,0,0,unknown
450840,815027,01/01/2022,12/31/2022,0.0,0.0,0.0,0.0,0.0,0.0,0.0,0,0,0,0,unknown
453054,815064,09/01/2022,08/31/2023,0.0,0.0,0.0,0.0,0.0,0.0,0.0,0,0,0,0,unknown
460014,815081,01/01/2022,12/31/2022,0.0,0.0,0.0,0.0,0.0,0.0,0.0,0,0,0,0,unknown
460026,815083,01/01/2022,12/31/2022,0.0,0.0,0.0,0.0,0.0,0.0,0.0,0,0,0,0,unknown
460039,815086,01/01/2022,12/31/2022,0.0,0.0,0.0,0.0,0.0,0.0,0.0,0,0,0,0,unknown
460049,815091,01/01/2022,12/31/2022,0.0,0.0,0.0,0.0,0.0,0.0,0.0,0,0,0,0,unknown
460054,815094,04/01/2022,03/31/2023,0.0,0.0,0.0,0.0,0.0,0.0,0.0,0,0,0,0,unknown
461304,815095,07/01/2022,06/30/2023,0.0,0.0,0.0,0.0,0.0,0.0,0.0,0,0,0,0,unknown
470012,815100,10/01/2021,09/30/2022,0.0,0.0,0.0,0.0,0.0,0.0,0.0,0,0,0,0,unknown
490032,815104,07/01/2022,06/30/2023,0.0,0.0,0.0,0.0,0.0,0.0,0.0,0,0,0,0,unknown
500005,815121,01/01/2022,06/30/2022,0.0,0.0,0.0,0.0,0.0,0.0,0.0,0,0,0,0,unknown
501304,815131,01/01/2022,12/31/2022,0.0,0.0,0.0,0.0,0.0,0.0,0.0,0,0,0,0,unknown
511318,815154,01/01/2022,12/31/2022,0.0,0.0,0.0,0.0,0.0,0.0,0.0,0,0,0,0,unknown
520041,815160,07/01/2022,06/30/2023,0.0,0.0,0.0,0.0,0.0,0.0,0.0,0,0,0,0,unknown
520044,815161,07/01/2022,06/30/2023,0.0,0.0,0.0,0.0,0.0,0.0,0.0,0,0,0,0,unknown
520059,815163,01/01/2022,12/31/2022,0.0,0.0,0.0,0.0,0.0,0.0,0.0,0,0,0,0,unknown
520062,815164,10/01/2021,09/30/2022,0.0,0.0,0.0,0.0,0.0,0.0,0.0,0,0,0,0,unknown
520063,815165,07/01/2022,06/30/2023,0.0,0.0,0.0,0.0,0.0,0.0,0.0,0,0,0,0,unknown
520102,815169,01/01/2022,12/31/2022,0.0,0.0,0.0,0.0,0.0,0.0,0.0,0,0,0,0,unknown
520194,815172,01/01/2022,12/31/2022,0.0,0.0,0.0,0.0,0.0,0.0,0.0,0,0,0,0,unknown
520205,815174,01/01/2022,12/31/2022,0.0,0.0,0.0,0.0,0.0,0.0,0.0,0,0,0,0,unknown
521320,815176,10/01/2021,09/30/2022,0.0,0.0,0.0,0.0,0.0,0.0,0.0,0,0,0,0,unknown
521321,815177,01/01/2022,12/31/2022,0.0,0.0,0.0,0.0,0.0,0.0,0.0,0,0,0,0,unknown
521337,815181,07/01/2022,06/30/2023,0.0,0.0,0.0,0.0,0.0,0.0,0.0,0,0,0,0,unknown
670265,815199,09/01/2022,08/31/2023,0.0,0.0,0.0,0.0,0.0,0.0,0.0,0,0,0,0,unknown
673029,815202,01/01/2022,12/31/2022,0.0,0.0,0.0,0.0,0.0,0.0,0.0,0,0,0,0,unknown
010078,815209,10/01/2021,09/30/2022,0.0,0.0,0.0,0.0,0.0,0.0,0.0,0,0,0,0,unknown
010079,815210,07/01/2022,06/30/2023,0.0,0.0,0.0,0.0,0.0,0.0,0.0,0,0,0,0,unknown
010086,815212,01/01/2022,12/31/2022,0.0,0.0,0.0,0.0,0.0,0.0,0.0,0,0,0,0,unknown
010091,815213,07/01/2022,06/30/2023,0.0,0.0,0.0,0.0,0.0,0.0,0.0,0,0,0,0,unknown
010139,815220,01/01/2022,12/31/2022,0.0,0.0,0.0,0.0,0.0,0.0,0.0,0,0,0,0,unknown
030073,815241,10/01/2021,09/30/2022,0.0,0.0,0.0,0.0,0.0,0.0,0.0,0,0,0,0,unknown
030147,815244,01/01/2022,12/31/2022,0.0,0.0,0.0,0.0,0.0,0.0,0.0,0,0,0,0,unknown
033039,815251,01/01/2022,12/31/2022,0.0,0.0,0.0,0.0,0.0,0.0,0.0,0,0,0,0,unknown
043029,815277,01/01/2022,12/31/2022,0.0,0.0,0.0,0.0,0.0,0.0,0.0,0,0,0,0,unknown
050013,815280,01/01/2022,12/31/2022,0.0,0.0,0.0,0.0,0.0,0.0,0.0,0,0,0,0,unknown
050078,815287,01/01/2022,12/31/2022,0.0,0.0,0.0,0.0,0.0,0.0,0.0,0,0,0,0,unknown
050110,815288,07/01/2022,06/30/2023,0.0,0.0,0.0,0.0,0.0,0.0,0.0,0,0,0,0,unknown
050122,815290,01/01/2022,12/31/2022,0.0,0.0,0.0,0.0,0.0,0.0,0.0,0,0,0,0,unknown
050124,815292,07/01/2022,06/30/2023,0.0,0.0,0.0,0.0,0.0,0.0,0.0,0,0,0,0,unknown
050132,815293,07/01/2022,06/30/2023,0.0,0.0,0.0,0.0,0.0,0.0,0.0,0,0,0,0,unknown
050180,815295,01/01/2022,12/31/2022,0.0,0.0,0.0,0.0,0.0,0.0,0.0,0,0,0,0,unknown
050254,815298,11/01/2021,10/31/2022,0.0,0.0,0.0,0.0,0.0,0.0,0.0,0,0,0,0,unknown
050351,815305,07/01/2022,06/30/2023,0.0,0.0,0.0,0.0,0.0,0.0,0.0,0,0,0,0,unknown
050378,815308,01/01/2022,12/31/2022,0.0,0.0,0.0,0.0,0.0,0.0,0.0,0,0,0,0,unknown
050417,815316,01/01/2022,12/31/2022,0.0,0.0,0.0,0.0,0.0,0.0,0.0,0,0,0,0,unknown
050492,815320,09/01/2022,08/31/2023,0.0,0.0,0.0,0.0,0.0,0.0,0.0,0,0,0,0,unknown
050498,815321,01/01/2022,12/31/2022,0.0,0.0,0.0,0.0,0.0,0.0,0.0,0,0,0,0,unknown
050537,815322,01/01/2022,12/31/2022,0.0,0.0,0.0,0.0,0.0,0.0,0.0,0,0,0,0,unknown
050551,815324,06/01/2022,05/31/2023,0.0,0.0,0.0,0.0,0.0,0.0,0.0,0,0,0,0,unknown
050561,815325,01/01/2022,12/31/2022,0.0,0.0,0.0,0.0,0.0,0.0,0.0,0,0,0,0,unknown
050581,815328,06/01/2022,05/31/2023,0.0,0.0,0.0,0.0,0.0,0.0,0.0,0,0,0,0,unknown
050709,815332,01/01/2022,12/31/2022,0.0,0.0,0.0,0.0,0.0,0.0,0.0,0,0,0,0,unknown
050769,815339,01/01/2022,12/31/2022,0.0,0.0,0.0,0.0,0.0,0.0,0.0,0,0,0,0,unknown
051308,815342,07/01/2022,06/30/2023,0.0,0.0,0.0,0.0,0.0,0.0,0.0,0,0,0,0,unknown
053032,815348,01/01/2022,12/31/2022,0.0,0.0,0.0,0.0,0.0,0.0,0.0,0,0,0,0,unknown
060044,815368,05/01/2022,06/30/2022,0.0,0.0,0.0,0.0,0.0,0.0,0.0,0,0,0,0,unknown
060118,815373,07/01/2022,06/30/2023,0.0,0.0,0.0,0.0,0.0,0.0,0.0,0,0,0,0,unknown
070027,815387,01/01/2022,12/31/2022,0.0,0.0,0.0,0.0,0.0,0.0,0.0,0,0,0,0,unknown
100012,815407,10/01/2021,09/30/2022,0.0,0.0,0.0,0.0,0.0,0.0,0.0,0,0,0,0,unknown
100286,815472,10/01/2021,09/30/2022,0.0,0.0,0.0,0.0,0.0,0.0,0.0,0,0,0,0,unknown
100359,815475,11/22/2021,09/30/2022,0.0,0.0,0.0,0.0,0.0,0.0,0.0,0,0,0,0,unknown
103039,815483,01/01/2022,12/31/2022,0.0,0.0,0.0,0.0,0.0,0.0,0.0,0,0,0,0,unknown
103054,815484,09/26/2022,12/31/2022,0.0,0.0,0.0,0.0,0.0,0.0,0.0,0,0,0,0,unknown
110018,815491,07/01/2022,06/30/2023,0.0,0.0,0.0,0.0,0.0,0.0,0.0,0,0,0,0,unknown
110050,815496,01/01/2022,12/31/2022,0.0,0.0,0.0,0.0,0.0,0.0,0.0,0,0,0,0,unknown
110071,815500,09/01/2022,08/31/2023,0.0,0.0,0.0,0.0,0.0,0.0,0.0,0,0,0,0,unknown
110190,815510,01/01/2022,12/31/2022,0.0,0.0,0.0,0.0,0.0,0.0,0.0,0,0,0,0,unknown
120002,815524,01/01/2022,12/31/2022,0.0,0.0,0.0,0.0,0.0,0.0,0.0,0,0,0,0,unknown
120014,815527,07/01/2022,06/30/2023,0.0,0.0,0.0,0.0,0.0,0.0,0.0,0,0,0,0,unknown
130002,815529,10/01/2021,09/30/2022,0.0,0.0,0.0,0.0,0.0,0.0,0.0,0,0,0,0,unknown
140083,815542,07/01/2022,06/30/2023,0.0,0.0,0.0,0.0,0.0,0.0,0.0,0,0,0,0,unknown
140110,815544,10/01/2021,09/30/2022,0.0,0.0,0.0,0.0,0.0,0.0,0.0,0,0,0,0,unknown
140115,815545,07/01/2022,06/30/2023,0.0,0.0,0.0,0.0,0.0,0.0,0.0,0,0,0,0,unknown
140133,815548,07/01/2022,06/30/2023,0.0,0.0,0.0,0.0,0.0,0.0,0.0,0,0,0,0,unknown
140197,815553,07/01/2022,06/30/2023,0.0,0.0,0.0,0.0,0.0,0.0,0.0,0,0,0,0,unknown
141315,815565,10/01/2021,09/30/2022,0.0,0.0,0.0,0.0,0.0,0.0,0.0,0,0,0,0,unknown
141334,815571,04/01/2022,03/31/2023,0.0,0.0,0.0,0.0,0.0,0.0,0.0,0,0,0,0,unknown
150002,815579,01/01/2022,12/31/2022,0.0,0.0,0.0,0.0,0.0,0.0,0.0,0,0,0,0,unknown
150007,815581,01/01/2022,12/31/2022,0.0,0.0,0.0,0.0,0.0,0.0,0.0,0,0,0,0,unknown
150008,815582,07/01/2022,06/30/2023,0.0,0.0,0.0,0.0,0.0,0.0,0.0,0,0,0,0,unknown
150018,815584,01/01/2022,12/31/2022,0.0,0.0,0.0,0.0,0.0,0.0,0.0,0,0,0,0,unknown
150023,815586,01/01/2022,12/31/2022,0.0,0.0,0.0,0.0,0.0,0.0,0.0,0,0,0,0,unknown
150034,815588,07/01/2022,06/30/2023,0.0,0.0,0.0,0.0,0.0,0.0,0.0,0,0,0,0,unknown
150035,815589,01/01/2022,12/31/2022,0.0,0.0,0.0,0.0,0.0,0.0,0.0,0,0,0,0,unknown
150065,815590,01/01/2022,12/31/2022,0.0,0.0,0.0,0.0,0.0,0.0,0.0,0,0,0,0,unknown
150069,815591,01/01/2022,12/31/2022,0.0,0.0,0.0,0.0,0.0,0.0,0.0,0,0,0,0,unknown
150113,815597,01/01/2022,12/31/2022,0.0,0.0,0.0,0.0,0.0,0.0,0.0,0,0,0,0,unknown
150128,815598,01/01/2022,12/31/2022,0.0,0.0,0.0,0.0,0.0,0.0,0.0,0,0,0,0,unknown
150169,815600,01/01/2022,12/31/2022,0.0,0.0,0.0,0.0,0.0,0.0,0.0,0,0,0,0,unknown
150173,815602,01/01/2022,12/31/2022,0.0,0.0,0.0,0.0,0.0,0.0,0.0,0,0,0,0,unknown
150193,815603,05/06/2022,12/31/2022,0.0,0.0,0.0,0.0,0.0,0.0,0.0,0,0,0,0,unknown
151332,815605,01/01/2022,12/31/2022,0.0,0.0,0.0,0.0,0.0,0.0,0.0,0,0,0,0,unknown
170208,815639,10/07/2021,09/30/2022,0.0,0.0,0.0,0.0,0.0,0.0,0.0,0,0,0,0,unknown
180009,815658,10/01/2021,09/30/2022,0.0,0.0,0.0,0.0,0.0,0.0,0.0,0,0,0,0,unknown
180020,815661,07/01/2022,06/30/2023,0.0,0.0,0.0,0.0,0.0,0.0,0.0,0,0,0,0,unknown
180027,815663,10/01/2021,09/30/2022,0.0,0.0,0.0,0.0,0.0,0.0,0.0,0,0,0,0,unknown
180038,815665,06/01/2022,05/31/2023,0.0,0.0,0.0,0.0,0.0,0.0,0.0,0,0,0,0,unknown
180087,815672,07/01/2022,06/30/2023,0.0,0.0,0.0,0.0,0.0,0.0,0.0,0,0,0,0,unknown
180095,815676,01/01/2022,12/31/2022,0.0,0.0,0.0,0.0,0.0,0.0,0.0,0,0,0,0,unknown
180149,815686,10/01/2021,09/30/2022,0.0,0.0,0.0,0.0,0.0,0.0,0.0,0,0,0,0,unknown
190004,815696,10/01/2021,09/30/2022,0.0,0.0,0.0,0.0,0.0,0.0,0.0,0,0,0,0,unknown
190053,815704,04/01/2022,11/30/2022,0.0,0.0,0.0,0.0,0.0,0.0,0.0,0,0,0,0,unknown
193300,815720,01/01/2022,12/31/2022,0.0,0.0,0.0,0.0,0.0,0.0,0.0,0,0,0,0,unknown
201311,815740,01/01/2022,12/31/2022,0.0,0.0,0.0,0.0,0.0,0.0,0.0,0,0,0,0,unknown
220017,815744,01/01/2022,12/31/2022,0.0,0.0,0.0,0.0,0.0,0.0,0.0,0,0,0,0,unknown
220090,815763,10/01/2021,09/30/2022,0.0,0.0,0.0,0.0,0.0,0.0,0.0,0,0,0,0,unknown
220111,815767,01/01/2022,12/31/2022,0.0,0.0,0.0,0.0,0.0,0.0,0.0,0,0,0,0,unknown
230069,815788,07/01/2022,06/30/2023,0.0,0.0,0.0,0.0,0.0,0.0,0.0,0,0,0,0,unknown
230174,815800,07/01/2022,06/30/2023,0.0,0.0,0.0,0.0,0.0,0.0,0.0,0,0,0,0,unknown
230176,815802,07/01/2022,06/30/2023,0.0,0.0,0.0,0.0,0.0,0.0,0.0,0,0,0,0,unknown
230207,815807,10/01/2021,09/30/2022,0.0,0.0,0.0,0.0,0.0,0.0,0.0,0,0,0,0,unknown
230216,815808,10/01/2021,09/30/2022,0.0,0.0,0.0,0.0,0.0,0.0,0.0,0,0,0,0,unknown
230241,815810,07/01/2022,06/30/2023,0.0,0.0,0.0,0.0,0.0,0.0,0.0,0,0,0,0,unknown
230302,815816,01/01/2022,12/31/2022,0.0,0.0,0.0,0.0,0.0,0.0,0.0,0,0,0,0,unknown
233026,815822,04/01/2022,03/31/2023,0.0,0.0,0.0,0.0,0.0,0.0,0.0,0,0,0,0,unknown
240014,815826,01/01/2022,12/31/2022,0.0,0.0,0.0,0.0,0.0,0.0,0.0,0,0,0,0,unknown
240066,815828,01/01/2022,12/31/2022,0.0,0.0,0.0,0.0,0.0,0.0,0.0,0,0,0,0,unknown
270023,815876,01/01/2022,12/31/2022,0.0,0.0,0.0,0.0,0.0,0.0,0.0,0,0,0,0,unknown
271304,815877,07/01/2022,06/30/2023,0.0,0.0,0.0,0.0,0.0,0.0,0.0,0,0,0,0,unknown
281359,815891,01/01/2022,12/31/2022,0.0,0.0,0.0,0.0,0.0,0.0,0.0,0,0,0,0,unknown
330006,815920,01/01/2022,12/31/2022,0.0,0.0,0.0,0.0,0.0,0.0,0.0,0,0,0,0,unknown
330221,815951,01/01/2022,12/31/2022,0.0,0.0,0.0,0.0,0.0,0.0,0.0,0,0,0,0,unknown
330267,815955,01/01/2022,12/31/2022,0.0,0.0,0.0,0.0,0.0,0.0,0.0,0,0,0,0,unknown
330304,815957,01/01/2022,12/31/2022,0.0,0.0,0.0,0.0,0.0,0.0,0.0,0,0,0,0,unknown
330395,815964,01/01/2022,12/31/2022,0.0,0.0,0.0,0.0,0.0,0.0,0.0,0,0,0,0,unknown
340173,816010,10/01/2021,09/30/2022,0.0,0.0,0.0,0.0,0.0,0.0,0.0,0,0,0,0,unknown
350011,816035,01/01/2022,12/31/2022,0.0,0.0,0.0,0.0,0.0,0.0,0.0,0,0,0,0,unknown
350063,816036,10/01/2021,09/30/2022,0.0,0.0,0.0,0.0,0.0,0.0,0.0,0,0,0,0,unknown
350070,816040,07/01/2022,06/30/2023,0.0,0.0,0.0,0.0,0.0,0.0,0.0,0,0,0,0,unknown
351306,816041,07/01/2022,06/30/2023,0.0,0.0,0.0,0.0,0.0,0.0,0.0,0,0,0,0,unknown
351328,816043,04/01/2022,03/31/2023,0.0,0.0,0.0,0.0,0.0,0.0,0.0,0,0,0,0,unknown
360014,816050,07/01/2022,06/30/2023,0.0,0.0,0.0,0.0,0.0,0.0,0.0,0,0,0,0,unknown
360027,816057,01/01/2022,12/31/2022,0.0,0.0,0.0,0.0,0.0,0.0,0.0,0,0,0,0,unknown
360044,816064,01/01/2022,12/31/2022,0.0,0.0,0.0,0.0,0.0,0.0,0.0,0,0,0,0,unknown
360055,816072,01/01/2022,12/31/2022,0.0,0.0,0.0,0.0,0.0,0.0,0.0,0,0,0,0,unknown
360082,816085,01/01/2022,12/31/2022,0.0,0.0,0.0,0.0,0.0,0.0,0.0,0,0,0,0,unknown
360095,816094,01/01/2022,12/31/2022,0.0,0.0,0.0,0.0,0.0,0.0,0.0,0,0,0,0,unknown
360121,816096,10/01/2021,09/30/2022,0.0,0.0,0.0,0.0,0.0,0.0,0.0,0,0,0,0,unknown
360123,816098,01/01/2022,12/31/2022,0.0,0.0,0.0,0.0,0.0,0.0,0.0,0,0,0,0,unknown
360131,816099,01/01/2022,12/31/2022,0.0,0.0,0.0,0.0,0.0,0.0,0.0,0,0,0,0,unknown
360180,816112,01/01/2022,12/31/2022,0.0,0.0,0.0,0.0,0.0,0.0,0.0,0,0,0,0,unknown
360245,816118,01/01/2022,12/31/2022,0.0,0.0,0.0,0.0,0.0,0.0,0.0,0,0,0,0,unknown
360276,816120,01/01/2022,12/31/2022,0.0,0.0,0.0,0.0,0.0,0.0,0.0,0,0,0,0,unknown
360361,816124,10/01/2021,09/30/2022,0.0,0.0,0.0,0.0,0.0,0.0,0.0,0,0,0,0,unknown
360368,816126,01/01/2022,12/31/2022,0.0,0.0,0.0,0.0,0.0,0.0,0.0,0,0,0,0,unknown
361304,816129,01/01/2022,12/31/2022,0.0,0.0,0.0,0.0,0.0,0.0,0.0,0,0,0,0,unknown
361331,816131,01/01/2022,12/31/2022,0.0,0.0,0.0,0.0,0.0,0.0,0.0,0,0,0,0,unknown
363035,816135,02/01/2022,01/31/2023,0.0,0.0,0.0,0.0,0.0,0.0,0.0,0,0,0,0,unknown
363040,816136,06/01/2022,05/31/2023,0.0,0.0,0.0,0.0,0.0,0.0,0.0,0,0,0,0,unknown
364061,816143,04/01/2022,03/31/2023,0.0,0.0,0.0,0.0,0.0,0.0,0.0,0,0,0,0,unknown
370002,816145,06/01/2022,05/31/2023,0.0,0.0,0.0,0.0,0.0,0.0,0.0,0,0,0,0,unknown
370099,816152,12/01/2021,11/30/2022,0.0,0.0,0.0,0.0,0.0,0.0,0.0,0,0,0,0,unknown
370171,816153,10/01/2021,09/30/2022,0.0,0.0,0.0,0.0,0.0,0.0,0.0,0,0,0,0,unknown
370172,816154,10/01/2021,09/30/2022,0.0,0.0,0.0,0.0,0.0,0.0,0.0,0,0,0,0,unknown
370173,816155,10/01/2021,09/30/2022,0.0,0.0,0.0,0.0,0.0,0.0,0.0,0,0,0,0,unknown
370206,816156,01/01/2022,12/31/2022,0.0,0.0,0.0,0.0,0.0,0.0,0.0,0,0,0,0,unknown
380060,816171,01/01/2022,12/31/2022,0.0,0.0,0.0,0.0,0.0,0.0,0.0,0,0,0,0,unknown
392033,816193,07/01/2022,06/30/2023,0.0,0.0,0.0,0.0,0.0,0.0,0.0,0,0,0,0,unknown
400011,816196,04/01/2022,03/31/2023,0.0,0.0,0.0,0.0,0.0,0.0,0.0,0,0,0,0,unknown
400013,816197,04/01/2022,03/31/2023,0.0,0.0,0.0,0.0,0.0,0.0,0.0,0,0,0,0,unknown
400032,816202,01/01/2022,12/31/2022,0.0,0.0,0.0,0.0,0.0,0.0,0.0,0,0,0,0,unknown
400104,816207,04/01/2022,03/31/2023,0.0,0.0,0.0,0.0,0.0,0.0,0.0,0,0,0,0,unknown
400106,816208,01/01/2022,12/31/2022,0.0,0.0,0.0,0.0,0.0,0.0,0.0,0,0,0,0,unknown
400128,816213,01/01/2022,12/31/2022,0.0,0.0,0.0,0.0,0.0,0.0,0.0,0,0,0,0,unknown
410008,816220,10/01/2021,09/30/2022,0.0,0.0,0.0,0.0,0.0,0.0,0.0,0,0,0,0,unknown
422008,816246,10/01/2021,09/30/2022,0.0,0.0,0.0,0.0,0.0,0.0,0.0,0,0,0,0,unknown
430089,816249,01/01/2022,12/31/2022,0.0,0.0,0.0,0.0,0.0,0.0,0.0,0,0,0,0,unknown
440015,816259,01/01/2022,12/31/2022,0.0,0.0,0.0,0.0,0.0,0.0,0.0,0,0,0,0,unknown
440057,816270,07/01/2022,06/30/2023,0.0,0.0,0.0,0.0,0.0,0.0,0.0,0,0,0,0,unknown
450015,816294,10/01/2021,09/30/2022,0.0,0.0,0.0,0.0,0.0,0.0,0.0,0,0,0,0,unknown
450018,816295,09/01/2022,08/31/2023,0.0,0.0,0.0,0.0,0.0,0.0,0.0,0,0,0,0,unknown
450054,816302,09/01/2022,08/31/2023,0.0,0.0,0.0,0.0,0.0,0.0,0.0,0,0,0,0,unknown
450055,816303,10/01/2021,09/30/2022,0.0,0.0,0.0,0.0,0.0,0.0,0.0,0,0,0,0,unknown
450104,816308,10/01/2021,09/30/2022,0.0,0.0,0.0,0.0,0.0,0.0,0.0,0,0,0,0,unknown
450124,816309,07/01/2022,06/30/2023,0.0,0.0,0.0,0.0,0.0,0.0,0.0,0,0,0,0,unknown
450133,816310,10/01/2021,09/30/2022,0.0,0.0,0.0,0.0,0.0,0.0,0.0,0,0,0,0,unknown
450163,816312,07/01/2022,06/30/2023,0.0,0.0,0.0,0.0,0.0,0.0,0.0,0,0,0,0,unknown
450176,816313,01/01/2022,12/31/2022,0.0,0.0,0.0,0.0,0.0,0.0,0.0,0,0,0,0,unknown
450847,816353,01/01/2022,12/31/2022,0.0,0.0,0.0,0.0,0.0,0.0,0.0,0,0,0,0,unknown
450891,816354,01/01/2022,12/31/2022,0.0,0.0,0.0,0.0,0.0,0.0,0.0,0,0,0,0,unknown
453025,816363,01/01/2022,12/31/2022,0.0,0.0,0.0,0.0,0.0,0.0,0.0,0,0,0,0,unknown
453047,816365,01/01/2022,08/31/2022,0.0,0.0,0.0,0.0,0.0,0.0,0.0,0,0,0,0,unknown
460015,816380,01/01/2022,12/31/2022,0.0,0.0,0.0,0.0,0.0,0.0,0.0,0,0,0,0,unknown
460021,816381,01/01/2022,12/31/2022,0.0,0.0,0.0,0.0,0.0,0.0,0.0,0,0,0,0,unknown
460030,816382,02/01/2022,01/31/2023,0.0,0.0,0.0,0.0,0.0,0.0,0.0,0,0,0,0,unknown
460058,816388,01/01/2022,12/31/2022,0.0,0.0,0.0,0.0,0.0,0.0,0.0,0,0,0,0,unknown
490126,816420,03/01/2022,02/28/2023,0.0,0.0,0.0,0.0,0.0,0.0,0.0,0,0,0,0,unknown
493027,816425,01/01/2022,12/31/2022,0.0,0.0,0.0,0.0,0.0,0.0,0.0,0,0,0,0,unknown
493033,816426,06/01/2022,05/31/2023,0.0,0.0,0.0,0.0,0.0,0.0,0.0,0,0,0,0,unknown
500007,816432,01/01/2022,12/31/2022,0.0,0.0,0.0,0.0,0.0,0.0,0.0,0,0,0,0,unknown
500014,816434,01/01/2022,12/31/2022,0.0,0.0,0.0,0.0,0.0,0.0,0.0,0,0,0,0,unknown
500021,816435,07/01/2022,06/30/2023,0.0,0.0,0.0,0.0,0.0,0.0,0.0,0,0,0,0,unknown
500039,816441,07/01/2022,06/30/2023,0.0,0.0,0.0,0.0,0.0,0.0,0.0,0,0,0,0,unknown
500041,816442,07/01/2022,06/30/2023,0.0,0.0,0.0,0.0,0.0,0.0,0.0,0,0,0,0,unknown
500051,816443,07/01/2022,06/30/2023,0.0,0.0,0.0,0.0,0.0,0.0,0.0,0,0,0,0,unknown
500088,816450,07/01/2022,06/30/2023,0.0,0.0,0.0,0.0,0.0,0.0,0.0,0,0,0,0,unknown
510002,816460,05/01/2022,12/31/2022,0.0,0.0,0.0,0.0,0.0,0.0,0.0,0,0,0,0,unknown
510091,816472,01/01/2022,12/31/2022,0.0,0.0,0.0,0.0,0.0,0.0,0.0,0,0,0,0,unknown
520057,816484,01/01/2022,12/31/2022,0.0,0.0,0.0,0.0,0.0,0.0,0.0,0,0,0,0,unknown
520091,816491,07/01/2022,06/30/2023,0.0,0.0,0.0,0.0,0.0,0.0,0.0,0,0,0,0,unknown
530002,816503,07/01/2022,06/30/2023,0.0,0.0,0.0,0.0,0.0,0.0,0.0,0,0,0,0,unknown
530011,816504,07/01/2022,06/30/2023,0.0,0.0,0.0,0.0,0.0,0.0,0.0,0,0,0,0,unknown
670008,816508,01/01/2022,12/31/2022,0.0,0.0,0.0,0.0,0.0,0.0,0.0,0,0,0,0,unknown
670078,816511,01/01/2022,12/31/2022,0.0,0.0,0.0,0.0,0.0,0.0,0.0,0,0,0,0,unknown
670108,816513,06/01/2022,05/31/2023,0.0,0.0,0.0,0.0,0.0,0.0,0.0,0,0,0,0,unknown
670120,816515,01/01/2022,12/31/2022,0.0,0.0,0.0,0.0,0.0,0.0,0.0,0,0,0,0,unknown
670309,816520,01/01/2022,12/31/2022,0.0,0.0,0.0,0.0,0.0,0.0,0.0,0,0,0,0,unknown
673034,816526,08/01/2022,07/31/2023,0.0,0.0,0.0,0.0,0.0,0.0,0.0,0,0,0,0,unknown
713025,816534,09/01/2022,08/31/2023,0.0,0.0,0.0,0.0,0.0,0.0,0.0,0,0,0,0,unknown
010175,816537,10/01/2021,09/30/2022,0.0,0.0,0.0,0.0,0.0,0.0,0.0,0,0,0,0,unknown
050057,816542,07/01/2022,06/30/2023,0.0,0.0,0.0,0.0,0.0,0.0,0.0,0,0,0,0,unknown
110069,816545,01/01/2022,12/31/2022,0.0,0.0,0.0,0.0,0.0,0.0,0.0,0,0,0,0,unknown
110153,816546,01/01/2022,12/31/2022,0.0,0.0,0.0,0.0,0.0,0.0,0.0,0,0,0,0,unknown
141319,816549,06/01/2022,05/31/2023,0.0,0.0,0.0,0.0,0.0,0.0,0.0,0,0,0,0,unknown
150088,816551,07/01/2022,06/30/2023,0.0,0.0,0.0,0.0,0.0,0.0,0.0,0,0,0,0,unknown
190160,816554,03/01/2022,02/28/2023,0.0,0.0,0.0,0.0,0.0,0.0,0.0,0,0,0,0,unknown
380082,816571,01/01/2022,12/31/2022,0.0,0.0,0.0,0.0,0.0,0.0,0.0,0,0,0,0,unknown
450874,816577,01/01/2022,12/31/2022,0.0,0.0,0.0,0.0,0.0,0.0,0.0,0,0,0,0,unknown
040067,816592,10/01/2021,09/30/2022,0.0,0.0,0.0,0.0,0.0,0.0,0.0,0,0,0,0,unknown
110008,816606,10/01/2021,09/30/2022,0.0,0.0,0.0,0.0,0.0,0.0,0.0,0,0,0,0,unknown
110165,816609,01/01/2022,12/31/2022,0.0,0.0,0.0,0.0,0.0,0.0,0.0,0,0,0,0,unknown
140077,816611,01/01/2022,12/31/2022,0.0,0.0,0.0,0.0,0.0,0.0,0.0,0,0,0,0,unknown
140167,816613,10/01/2021,09/30/2022,0.0,0.0,0.0,0.0,0.0,0.0,0.0,0,0,0,0,unknown
193094,816658,01/01/2022,12/31/2022,0.0,0.0,0.0,0.0,0.0,0.0,0.0,0,0,0,0,unknown
103044,816788,01/01/2022,12/31/2022,0.0,0.0,0.0,0.0,0.0,0.0,0.0,0,0,0,0,unknown
210012,816810,07/01/2022,06/30/2023,0.0,0.0,0.0,0.0,0.0,0.0,0.0,0,0,0,0,unknown
250127,816829,10/01/2021,09/30/2022,0.0,0.0,0.0,0.0,0.0,0.0,0.0,0,0,0,0,unknown
300012,816832,07/01/2022,06/30/2023,0.0,0.0,0.0,0.0,0.0,0.0,0.0,0,0,0,0,unknown
323032,816834,01/01/2022,12/31/2022,0.0,0.0,0.0,0.0,0.0,0.0,0.0,0,0,0,0,unknown
330085,816835,01/01/2022,12/31/2022,0.0,0.0,0.0,0.0,0.0,0.0,0.0,0,0,0,0,unknown
400123,816872,01/01/2022,12/31/2022,0.0,0.0,0.0,0.0,0.0,0.0,0.0,0,0,0,0,unknown
500152,816895,01/01/2022,12/31/2022,0.0,0.0,0.0,0.0,0.0,0.0,0.0,0,0,0,0,unknown
050438,816910,01/01/2022,06/30/2022,0.0,0.0,0.0,0.0,0.0,0.0,0.0,0,0,0,0,unknown
160005,816912,07/01/2022,06/30/2023,0.0,0.0,0.0,0.0,0.0,0.0,0.0,0,0,0,0,unknown
330223,816920,01/01/2022,12/31/2022,0.0,0.0,0.0,0.0,0.0,0.0,0.0,0,0,0,0,unknown
420086,816958,10/01/2021,09/30/2022,0.0,0.0,0.0,0.0,0.0,0.0,0.0,0,0,0,0,unknown
110044,816987,08/01/2022,07/31/2023,0.0,0.0,0.0,0.0,0.0,0.0,0.0,0,0,0,0,unknown
140088,816995,07/01/2022,06/30/2023,0.0,0.0,0.0,0.0,0.0,0.0,0.0,0,0,0,0,unknown
140286,816996,09/01/2022,08/31/2023,0.0,0.0,0.0,0.0,0.0,0.0,0.0,0,0,0,0,unknown
230121,817011,01/01/2022,12/31/2022,0.0,0.0,0.0,0.0,0.0,0.0,0.0,0,0,0,0,unknown
330058,817020,01/01/2022,12/31/2022,0.0,0.0,0.0,0.0,0.0,0.0,0.0,0,0,0,0,unknown
450889,817064,01/01/2022,12/31/2022,0.0,0.0,0.0,0.0,0.0,0.0,0.0,0,0,0,0,unknown
524002,817073,07/01/2022,06/30/2023,0.0,0.0,0.0,0.0,0.0,0.0,0.0,0,0,0,0,unknown
050608,817089,01/01/2022,12/31/2022,0.0,0.0,0.0,0.0,0.0,0.0,0.0,0,0,0,0,unknown
210009,817109,07/01/2022,06/30/2023,0.0,0.0,0.0,0.0,0.0,0.0,0.0,0,0,0,0,unknown
230005,817111,01/01/2022,12/31/2022,0.0,0.0,0.0,0.0,0.0,0.0,0.0,0,0,0,0,unknown
270074,817123,10/01/2021,09/30/2022,0.0,0.0,0.0,0.0,0.0,0.0,0.0,0,0,0,0,unknown
360147,817150,10/01/2021,09/30/2022,0.0,0.0,0.0,0.0,0.0,0.0,0.0,0,0,0,0,unknown
380038,817155,01/01/2022,12/31/2022,0.0,0.0,0.0,0.0,0.0,0.0,0.0,0,0,0,0,unknown
390336,817158,01/24/2022,06/30/2022,0.0,0.0,0.0,0.0,0.0,0.0,0.0,0,0,0,0,unknown
501992,817175,10/01/2021,09/30/2022,0.0,0.0,0.0,0.0,0.0,0.0,0.0,0,0,0,0,unknown
050281,817184,07/01/2022,06/30/2023,0.0,0.0,0.0,0.0,0.0,0.0,0.0,0,0,0,0,unknown
070024,817189,10/01/2021,09/30/2022,0.0,0.0,0.0,0.0,0.0,0.0,0.0,0,0,0,0,unknown
140242,817197,09/01/2022,08/31/2023,0.0,0.0,0.0,0.0,0.0,0.0,0.0,0,0,0,0,unknown
140280,817198,01/01/2022,12/31/2022,0.0,0.0,0.0,0.0,0.0,0.0,0.0,0,0,0,0,unknown
210023,817212,07/01/2022,06/30/2023,0.0,0.0,0.0,0.0,0.0,0.0,0.0,0,0,0,0,unknown
521353,817269,07/01/2022,06/30/2023,0.0,0.0,0.0,0.0,0.0,0.0,0.0,0,0,0,0,unknown
010128,817272,01/01/2022,12/31/2022,0.0,0.0,0.0,0.0,0.0,0.0,0.0,0,0,0,0,unknown
050636,817275,07/01/2022,06/30/2023,0.0,0.0,0.0,0.0,0.0,0.0,0.0,0,0,0,0,unknown
200037,817300,10/01/2021,09/30/2022,0.0,0.0,0.0,0.0,0.0,0.0,0.0,0,0,0,0,unknown
210002,817301,07/01/2022,06/30/2023,0.0,0.0,0.0,0.0,0.0,0.0,0.0,0,0,0,0,unknown
210030,817302,07/01/2022,06/30/2023,0.0,0.0,0.0,0.0,0.0,0.0,0.0,0,0,0,0,unknown
210051,817303,07/01/2022,06/30/2023,0.0,0.0,0.0,0.0,0.0,0.0,0.0,0,0,0,0,unknown
300019,817316,07/01/2022,06/30/2023,0.0,0.0,0.0,0.0,0.0,0.0,0.0,0,0,0,0,unknown
360017,817334,07/01/2022,06/30/2023,0.0,0.0,0.0,0.0,0.0,0.0,0.0,0,0,0,0,unknown
360071,817335,01/01/2022,12/31/2022,0.0,0.0,0.0,0.0,0.0,0.0,0.0,0,0,0,0,unknown
370057,817338,10/01/2021,09/30/2022,0.0,0.0,0.0,0.0,0.0,0.0,0.0,0,0,0,0,unknown
393056,817341,07/01/2022,06/30/2023,0.0,0.0,0.0,0.0,0.0,0.0,0.0,0,0,0,0,unknown
033036,817359,06/01/2022,05/31/2023,0.0,0.0,0.0,0.0,0.0,0.0,0.0,0,0,0,0,unknown
050283,817361,09/01/2022,08/31/2023,0.0,0.0,0.0,0.0,0.0,0.0,0.0,0,0,0,0,unknown
050678,817362,07/01/2022,06/30/2023,0.0,0.0,0.0,0.0,0.0,0.0,0.0,0,0,0,0,unknown
180016,817377,07/01/2022,06/30/2023,0.0,0.0,0.0,0.0,0.0,0.0,0.0,0,0,0,0,unknown
180064,817378,07/01/2022,06/30/2023,0.0,0.0,0.0,0.0,0.0,0.0,0.0,0,0,0,0,unknown
210003,817382,07/01/2022,06/30/2023,0.0,0.0,0.0,0.0,0.0,0.0,0.0,0,0,0,0,unknown
210011,817383,07/01/2022,06/30/2023,0.0,0.0,0.0,0.0,0.0,0.0,0.0,0,0,0,0,unknown
210040,817384,07/01/2022,06/30/2023,0.0,0.0,0.0,0.0,0.0,0.0,0.0,0,0,0,0,unknown
360270,817413,01/01/2022,12/31/2022,0.0,0.0,0.0,0.0,0.0,0.0,0.0,0,0,0,0,unknown
050586,817437,01/01/2022,12/31/2022,0.0,0.0,0.0,0.0,0.0,0.0,0.0,0,0,0,0,unknown
100253,817441,10/01/2021,09/30/2022,0.0,0.0,0.0,0.0,0.0,0.0,0.0,0,0,0,0,unknown
110076,817442,09/01/2022,08/31/2023,0.0,0.0,0.0,0.0,0.0,0.0,0.0,0,0,0,0,unknown
141338,817447,07/01/2022,06/30/2023,0.0,0.0,0.0,0.0,0.0,0.0,0.0,0,0,0,0,unknown
180002,817452,07/01/2022,06/30/2023,0.0,0.0,0.0,0.0,0.0,0.0,0.0,0,0,0,0,unknown
200018,817454,10/01/2021,09/30/2022,0.0,0.0,0.0,0.0,0.0,0.0,0.0,0,0,0,0,unknown
210035,817455,07/01/2022,06/30/2023,0.0,0.0,0.0,0.0,0.0,0.0,0.0,0,0,0,0,unknown
210038,817456,07/01/2022,06/30/2023,0.0,0.0,0.0,0.0,0.0,0.0,0.0,0,0,0,0,unknown
290053,817476,07/01/2022,06/30/2023,0.0,0.0,0.0,0.0,0.0,0.0,0.0,0,0,0,0,unknown
310015,817477,01/01/2022,12/31/2022,0.0,0.0,0.0,0.0,0.0,0.0,0.0,0,0,0,0,unknown
330030,817480,01/01/2022,12/31/2022,0.0,0.0,0.0,0.0,0.0,0.0,0.0,0,0,0,0,unknown
340123,817485,10/01/2021,12/31/2021,0.0,0.0,0.0,0.0,0.0,0.0,0.0,0,0,0,0,unknown
440176,817491,04/01/2022,03/31/2023,0.0,0.0,0.0,0.0,0.0,0.0,0.0,0,0,0,0,unknown
140150,817518,07/01/2022,06/30/2023,0.0,0.0,0.0,0.0,0.0,0.0,0.0,0,0,0,0,unknown
193069,817524,01/01/2022,12/31/2022,0.0,0.0,0.0,0.0,0.0,0.0,0.0,0,0,0,0,unknown
230054,817532,07/01/2022,06/30/2023,0.0,0.0,0.0,0.0,0.0,0.0,0.0,0,0,0,0,unknown
261311,817534,04/01/2022,03/31/2023,0.0,0.0,0.0,0.0,0.0,0.0,0.0,0,0,0,0,unknown
330393,817540,01/01/2022,12/31/2022,0.0,0.0,0.0,0.0,0.0,0.0,0.0,0,0,0,0,unknown
370218,817546,07/01/2022,06/30/2023,0.0,0.0,0.0,0.0,0.0,0.0,0.0,0,0,0,0,unknown
390002,817548,07/01/2022,06/30/2023,0.0,0.0,0.0,0.0,0.0,0.0,0.0,0,0,0,0,unknown
450002,817553,06/01/2022,05/31/2023,0.0,0.0,0.0,0.0,0.0,0.0,0.0,0,0,0,0,unknown
140120,817573,01/01/2022,12/31/2022,0.0,0.0,0.0,0.0,0.0,0.0,0.0,0,0,0,0,unknown
190318,817590,10/01/2021,09/30/2022,0.0,0.0,0.0,0.0,0.0,0.0,0.0,0,0,0,0,unknown
400003,817618,01/01/2022,12/31/2022,0.0,0.0,0.0,0.0,0.0,0.0,0.0,0,0,0,0,unknown
040137,817639,07/01/2022,06/30/2023,0.0,0.0,0.0,0.0,0.0,0.0,0.0,0,0,0,0,unknown
050295,817651,07/01/2022,06/30/2023,0.0,0.0,0.0,0.0,0.0,0.0,0.0,0,0,0,0,unknown
100067,817659,01/01/2022,12/31/2022,0.0,0.0,0.0,0.0,0.0,0.0,0.0,0,0,0,0,unknown
100070,817662,01/01/2022,09/21/2022,0.0,0.0,0.0,0.0,0.0,0.0,0.0,0,0,0,0,unknown
220088,817680,10/01/2021,09/30/2022,0.0,0.0,0.0,0.0,0.0,0.0,0.0,0,0,0,0,unknown
400079,817706,01/01/2022,12/31/2022,0.0,0.0,0.0,0.0,0.0,0.0,0.0,0,0,0,0,unknown
033025,817731,08/01/2022,07/31/2023,0.0,0.0,0.0,0.0,0.0,0.0,0.0,0,0,0,0,unknown
040153,817733,10/01/2021,09/30/2022,0.0,0.0,0.0,0.0,0.0,0.0,0.0,0,0,0,0,unknown
360013,817763,01/01/2022,12/31/2022,0.0,0.0,0.0,0.0,0.0,0.0,0.0,0,0,0,0,unknown
360056,817767,01/01/2022,12/31/2022,0.0,0.0,0.0,0.0,0.0,0.0,0.0,0,0,0,0,unknown
360091,817771,01/01/2022,12/31/2022,0.0,0.0,0.0,0.0,0.0,0.0,0.0,0,0,0,0,unknown
360125,817773,01/01/2022,12/31/2022,0.0,0.0,0.0,0.0,0.0,0.0,0.0,0,0,0,0,unknown
360203,817777,01/01/2022,12/31/2022,0.0,0.0,0.0,0.0,0.0,0.0,0.0,0,0,0,0,unknown
360230,817778,01/01/2022,12/31/2022,0.0,0.0,0.0,0.0,0.0,0.0,0.0,0,0,0,0,unknown
360355,817780,01/01/2022,12/31/2022,0.0,0.0,0.0,0.0,0.0,0.0,0.0,0,0,0,0,unknown
360365,817781,07/01/2022,06/30/2023,0.0,0.0,0.0,0.0,0.0,0.0,0.0,0,0,0,0,unknown
440048,817790,10/01/2021,09/30/2022,0.0,0.0,0.0,0.0,0.0,0.0,0.0,0,0,0,0,unknown
500005,817794,07/01/2022,06/30/2023,0.0,0.0,0.0,0.0,0.0,0.0,0.0,0,0,0,0,unknown
110132,817814,04/01/2022,03/31/2023,0.0,0.0,0.0,0.0,0.0,0.0,0.0,0,0,0,0,unknown
220035,817830,10/01/2021,09/30/2022,0.0,0.0,0.0,0.0,0.0,0.0,0.0,0,0,0,0,unknown
240056,817853,01/01/2022,12/31/2022,0.0,0.0,0.0,0.0,0.0,0.0,0.0,0,0,0,0,unknown
241364,817855,10/01/2021,09/30/2022,0.0,0.0,0.0,0.0,0.0,0.0,0.0,0,0,0,0,unknown
440050,817876,07/01/2022,06/30/2023,0.0,0.0,0.0,0.0,0.0,0.0,0.0,0,0,0,0,unknown
440104,817877,07/01/2022,06/30/2023,0.0,0.0,0.0,0.0,0.0,0.0,0.0,0,0,0,0,unknown
440109,817878,07/01/2022,06/30/2023,0.0,0.0,0.0,0.0,0.0,0.0,0.0,0,0,0,0,unknown
440187,817879,03/01/2022,02/28/2023,0.0,0.0,0.0,0.0,0.0,0.0,0.0,0,0,0,0,unknown
490077,817882,01/01/2022,12/31/2022,0.0,0.0,0.0,0.0,0.0,0.0,0.0,0,0,0,0,unknown
100093,817913,10/01/2021,09/30/2022,0.0,0.0,0.0,0.0,0.0,0.0,0.0,0,0,0,0,unknown
140013,817924,01/01/2022,12/31/2022,0.0,0.0,0.0,0.0,0.0,0.0,0.0,0,0,0,0,unknown
140187,817925,07/01/2022,06/30/2023,0.0,0.0,0.0,0.0,0.0,0.0,0.0,0,0,0,0,unknown
171381,817931,01/01/2022,09/30/2022,0.0,0.0,0.0,0.0,0.0,0.0,0.0,0,0,0,0,unknown
220177,817935,10/01/2021,09/30/2022,0.0,0.0,0.0,0.0,0.0,0.0,0.0,0,0,0,0,unknown
501311,817986,01/01/2022,12/31/2022,0.0,0.0,0.0,0.0,0.0,0.0,0.0,0,0,0,0,unknown
520177,817988,07/01/2022,06/30/2023,0.0,0.0,0.0,0.0,0.0,0.0,0.0,0,0,0,0,unknown
050179,817992,01/01/2022,12/31/2022,0.0,0.0,0.0,0.0,0.0,0.0,0.0,0,0,0,0,unknown
050603,817994,07/01/2022,06/30/2023,0.0,0.0,0.0,0.0,0.0,0.0,0.0,0,0,0,0,unknown
100106,817998,06/01/2022,05/31/2023,0.0,0.0,0.0,0.0,0.0,0.0,0.0,0,0,0,0,unknown
230078,818006,01/01/2022,12/31/2022,0.0,0.0,0.0,0.0,0.0,0.0,0.0,0,0,0,0,unknown
231333,818012,07/01/2022,06/30/2023,0.0,0.0,0.0,0.0,0.0,0.0,0.0,0,0,0,0,unknown
300014,818015,03/01/2022,02/28/2023,0.0,0.0,0.0,0.0,0.0,0.0,0.0,0,0,0,0,unknown
400006,818035,01/01/2022,12/31/2022,0.0,0.0,0.0,0.0,0.0,0.0,0.0,0,0,0,0,unknown
400098,818036,01/01/2022,12/31/2022,0.0,0.0,0.0,0.0,0.0,0.0,0.0,0,0,0,0,unknown
050194,818054,09/01/2022,12/31/2022,0.0,0.0,0.0,0.0,0.0,0.0,0.0,0,0,0,0,unknown
060024,818069,07/01/2022,06/30/2023,0.0,0.0,0.0,0.0,0.0,0.0,0.0,0,0,0,0,unknown
100176,818075,01/01/2022,12/31/2022,0.0,0.0,0.0,0.0,0.0,0.0,0.0,0,0,0,0,unknown
140063,818083,07/01/2022,06/30/2023,0.0,0.0,0.0,0.0,0.0,0.0,0.0,0,0,0,0,unknown
140228,818086,07/01/2022,06/30/2023,0.0,0.0,0.0,0.0,0.0,0.0,0.0,0,0,0,0,unknown
150051,818089,01/01/2022,12/31/2022,0.0,0.0,0.0,0.0,0.0,0.0,0.0,0,0,0,0,unknown
190007,818092,07/01/2022,06/30/2023,0.0,0.0,0.0,0.0,0.0,0.0,0.0,0,0,0,0,unknown
300023,818109,10/01/2021,09/30/2022,0.0,0.0,0.0,0.0,0.0,0.0,0.0,0,0,0,0,unknown
380001,818116,01/01/2022,12/31/2022,0.0,0.0,0.0,0.0,0.0,0.0,0.0,0,0,0,0,unknown
450822,818129,01/01/2022,12/31/2022,0.0,0.0,0.0,0.0,0.0,0.0,0.0,0,0,0,0,unknown
453047,818131,09/01/2022,08/31/2023,0.0,0.0,0.0,0.0,0.0,0.0,0.0,0,0,0,0,unknown
470011,818133,10/01/2021,09/30/2022,0.0,0.0,0.0,0.0,0.0,0.0,0.0,0,0,0,0,unknown
110150,818176,01/01/2022,12/31/2022,0.0,0.0,0.0,0.0,0.0,0.0,0.0,0,0,0,0,unknown
180049,818181,09/01/2022,08/31/2023,0.0,0.0,0.0,0.0,0.0,0.0,0.0,0,0,0,0,unknown
180069,818182,07/01/2022,06/30/2023,0.0,0.0,0.0,0.0,0.0,0.0,0.0,0,0,0,0,unknown
180102,818183,01/01/2022,12/31/2022,0.0,0.0,0.0,0.0,0.0,0.0,0.0,0,0,0,0,unknown
440060,818223,07/01/2022,06/30/2023,0.0,0.0,0.0,0.0,0.0,0.0,0.0,0,0,0,0,unknown
040014,818236,10/01/2021,09/30/2022,0.0,0.0,0.0,0.0,0.0,0.0,0.0,0,0,0,0,unknown
100266,818248,10/01/2021,09/30/2022,0.0,0.0,0.0,0.0,0.0,0.0,0.0,0,0,0,0,unknown
370237,818278,07/01/2022,06/30/2023,0.0,0.0,0.0,0.0,0.0,0.0,0.0,0,0,0,0,unknown
440110,818286,01/01/2022,12/31/2022,0.0,0.0,0.0,0.0,0.0,0.0,0.0,0,0,0,0,unknown
520017,818298,07/01/2022,06/30/2023,0.0,0.0,0.0,0.0,0.0,0.0,0.0,0,0,0,0,unknown
010104,818301,07/01/2022,06/30/2023,0.0,0.0,0.0,0.0,0.0,0.0,0.0,0,0,0,0,unknown
010173,818302,07/01/2022,06/30/2023,0.0,0.0,0.0,0.0,0.0,0.0,0.0,0,0,0,0,unknown
100068,818332,01/01/2022,12/31/2022,0.0,0.0,0.0,0.0,0.0,0.0,0.0,0,0,0,0,unknown
143301,818396,07/01/2022,06/30/2023,0.0,0.0,0.0,0.0,0.0,0.0,0.0,0,0,0,0,unknown
180103,818398,09/01/2022,08/31/2023,0.0,0.0,0.0,0.0,0.0,0.0,0.0,0,0,0,0,unknown
193070,818401,07/01/2022,06/30/2023,0.0,0.0,0.0,0.0,0.0,0.0,0.0,0,0,0,0,unknown
240213,818440,01/01/2022,12/31/2022,0.0,0.0,0.0,0.0,0.0,0.0,0.0,0,0,0,0,unknown
290019,818443,01/01/2022,12/31/2022,0.0,0.0,0.0,0.0,0.0,0.0,0.0,0,0,0,0,unknown
440020,818461,01/01/2022,12/31/2022,0.0,0.0,0.0,0.0,0.0,0.0,0.0,0,0,0,0,unknown
440148,818462,07/01/2022,06/30/2023,0.0,0.0,0.0,0.0,0.0,0.0,0.0,0,0,0,0,unknown
490023,818473,11/01/2021,10/31/2022,0.0,0.0,0.0,0.0,0.0,0.0,0.0,0,0,0,0,unknown
490089,818474,10/01/2021,09/30/2022,0.0,0.0,0.0,0.0,0.0,0.0,0.0,0,0,0,0,unknown
523300,818513,01/01/2022,12/31/2022,0.0,0.0,0.0,0.0,0.0,0.0,0.0,0,0,0,0,unknown
030016,818516,01/01/2022,12/31/2022,0.0,0.0,0.0,0.0,0.0,0.0,0.0,0,0,0,0,unknown
153037,818529,07/01/2022,06/30/2023,0.0,0.0,0.0,0.0,0.0,0.0,0.0,0,0,0,0,unknown
220036,818537,01/01/2022,12/31/2022,0.0,0.0,0.0,0.0,0.0,0.0,0.0,0,0,0,0,unknown
243300,818550,01/01/2022,12/31/2022,0.0,0.0,0.0,0.0,0.0,0.0,0.0,0,0,0,0,unknown
291307,818556,08/01/2022,07/31/2023,0.0,0.0,0.0,0.0,0.0,0.0,0.0,0,0,0,0,unknown
363306,818566,07/01/2022,06/30/2023,0.0,0.0,0.0,0.0,0.0,0.0,0.0,0,0,0,0,unknown
363309,818567,05/12/2022,12/31/2022,0.0,0.0,0.0,0.0,0.0,0.0,0.0,0,0,0,0,unknown
390070,818571,01/01/2022,12/31/2022,0.0,0.0,0.0,0.0,0.0,0.0,0.0,0,0,0,0,unknown
393303,818575,07/01/2022,06/30/2023,0.0,0.0,0.0,0.0,0.0,0.0,0.0,0,0,0,0,unknown
440029,818577,07/01/2022,06/30/2023,0.0,0.0,0.0,0.0,0.0,0.0,0.0,0,0,0,0,unknown
450289,818580,03/01/2022,09/30/2022,0.0,0.0,0.0,0.0,0.0,0.0,0.0,0,0,0,0,unknown
490020,818585,01/01/2022,12/31/2022,0.0,0.0,0.0,0.0,0.0,0.0,0.0,0,0,0,0,unknown
520116,818593,09/01/2022,08/31/2023,0.0,0.0,0.0,0.0,0.0,0.0,0.0,0,0,0,0,unknown
670122,818595,01/01/2022,12/31/2022,0.0,0.0,0.0,0.0,0.0,0.0,0.0,0,0,0,0,unknown
010008,818596,01/01/2022,12/31/2022,0.0,0.0,0.0,0.0,0.0,0.0,0.0,0,0,0,0,unknown
010065,818598,01/01/2022,12/31/2022,0.0,0.0,0.0,0.0,0.0,0.0,0.0,0,0,0,0,unknown
030011,818602,10/01/2021,09/30/2022,0.0,0.0,0.0,0.0,0.0,0.0,0.0,0,0,0,0,unknown
050042,818626,07/01/2022,06/30/2023,0.0,0.0,0.0,0.0,0.0,0.0,0.0,0,0,0,0,unknown
110135,818643,04/01/2022,03/31/2023,0.0,0.0,0.0,0.0,0.0,0.0,0.0,0,0,0,0,unknown
120019,818645,07/01/2022,06/30/2023,0.0,0.0,0.0,0.0,0.0,0.0,0.0,0,0,0,0,unknown
160153,818651,07/01/2022,06/30/2023,0.0,0.0,0.0,0.0,0.0,0.0,0.0,0,0,0,0,unknown
230244,818670,01/01/2022,12/31/2022,0.0,0.0,0.0,0.0,0.0,0.0,0.0,0,0,0,0,unknown
230275,818671,01/01/2022,12/31/2022,0.0,0.0,0.0,0.0,0.0,0.0,0.0,0,0,0,0,unknown
241360,818673,07/01/2022,06/30/2023,0.0,0.0,0.0,0.0,0.0,0.0,0.0,0,0,0,0,unknown
320017,818685,05/01/2022,04/30/2023,0.0,0.0,0.0,0.0,0.0,0.0,0.0,0,0,0,0,unknown
370016,818696,07/01/2022,06/30/2023,0.0,0.0,0.0,0.0,0.0,0.0,0.0,0,0,0,0,unknown
430098,818721,10/01/2021,09/30/2022,0.0,0.0,0.0,0.0,0.0,0.0,0.0,0,0,0,0,unknown
440065,818722,07/01/2022,06/30/2023,0.0,0.0,0.0,0.0,0.0,0.0,0.0,0,0,0,0,unknown
440231,818723,07/01/2022,06/30/2023,0.0,0.0,0.0,0.0,0.0,0.0,0.0,0,0,0,0,unknown
030007,818763,07/01/2022,06/30/2023,0.0,0.0,0.0,0.0,0.0,0.0,0.0,0,0,0,0,unknown
030069,818764,09/01/2022,08/31/2023,0.0,0.0,0.0,0.0,0.0,0.0,0.0,0,0,0,0,unknown
040015,818765,01/01/2022,12/31/2022,0.0,0.0,0.0,0.0,0.0,0.0,0.0,0,0,0,0,unknown
040050,818766,10/01/2021,09/30/2022,0.0,0.0,0.0,0.0,0.0,0.0,0.0,0,0,0,0,unknown
190256,818802,01/01/2022,12/31/2022,0.0,0.0,0.0,0.0,0.0,0.0,0.0,0,0,0,0,unknown
230035,818806,01/01/2022,12/31/2022,0.0,0.0,0.0,0.0,0.0,0.0,0.0,0,0,0,0,unknown
230277,818808,11/01/2021,10/31/2022,0.0,0.0,0.0,0.0,0.0,0.0,0.0,0,0,0,0,unknown
450082,818836,07/01/2022,06/30/2023,0.0,0.0,0.0,0.0,0.0,0.0,0.0,0,0,0,0,unknown
450584,818837,10/01/2021,09/30/2022,0.0,0.0,0.0,0.0,0.0,0.0,0.0,0,0,0,0,unknown
