provider_num,rpt_rec_num,fy_begin,fy_end,total_revenue,medicare_revenue,medicaid_revenue,other_revenue,medicare_pct,medicaid_pct,other_pct,medicare_days,medicaid_days,other_days,total_days,data_quality
110130,747534,12/01/2022,01/31/2023,0.0,0.0,0.0,0.0,0.0,0.0,0.0,0,0,0,0,unknown
144042,748262,10/01/2022,12/31/2022,0.0,0.0,0.0,0.0,0.0,0.0,0.0,0,0,0,0,unknown
043036,748457,01/01/2023,02/28/2023,0.0,0.0,0.0,0.0,0.0,0.0,0.0,0,0,0,0,unknown
454155,748589,11/17/2022,12/31/2022,0.0,0.0,0.0,0.0,0.0,0.0,0.0,0,0,0,0,unknown
144043,748617,10/03/2022,12/31/2022,0.0,0.0,0.0,0.0,0.0,0.0,0.0,0,0,0,0,unknown
421303,748727,10/01/2022,01/16/2023,0.0,0.0,0.0,0.0,0.0,0.0,0.0,0,0,0,0,unknown
083028,748744,01/27/2023,04/30/2023,0.0,0.0,0.0,0.0,0.0,0.0,0.0,0,0,0,0,unknown
030077,749514,10/01/2022,01/09/2023,0.0,0.0,0.0,0.0,0.0,0.0,0.0,0,0,0,0,unknown
313030,749926,01/01/2023,03/30/2023,0.0,0.0,0.0,0.0,0.0,0.0,0.0,0,0,0,0,unknown
673073,750484,01/01/2023,02/28/2023,0.0,0.0,0.0,0.0,0.0,0.0,0.0,0,0,0,0,unknown
262017,750697,11/01/2022,01/31/2023,0.0,0.0,0.0,0.0,0.0,0.0,0.0,0,0,0,0,unknown
030153,750916,10/14/2022,01/31/2023,0.0,0.0,0.0,0.0,0.0,0.0,0.0,0,0,0,0,unknown
450697,751096,10/01/2022,04/30/2023,0.0,0.0,0.0,0.0,0.0,0.0,0.0,0,0,0,0,unknown
673074,752249,01/01/2023,02/28/2023,0.0,0.0,0.0,0.0,0.0,0.0,0.0,0,0,0,0,unknown
523030,752455,03/29/2023,06/30/2023,0.0,0.0,0.0,0.0,0.0,0.0,0.0,0,0,0,0,unknown
363045,752657,01/01/2023,02/28/2023,0.0,0.0,0.0,0.0,0.0,0.0,0.0,0,0,0,0,unknown
110028,756287,01/01/2023,06/30/2023,0.0,0.0,0.0,0.0,0.0,0.0,0.0,0,0,0,0,unknown
230078,756523,01/01/2023,06/30/2023,0.0,0.0,0.0,0.0,0.0,0.0,0.0,0,0,0,0,unknown
340051,756673,10/01/2022,06/30/2023,0.0,0.0,0.0,0.0,0.0,0.0,0.0,0,0,0,0,unknown
341323,756679,10/01/2022,06/30/2023,0.0,0.0,0.0,0.0,0.0,0.0,0.0,0,0,0,0,unknown
444032,756911,11/15/2022,06/30/2023,0.0,0.0,0.0,0.0,0.0,0.0,0.0,0,0,0,0,unknown
530034,757078,01/01/2023,06/30/2023,0.0,0.0,0.0,0.0,0.0,0.0,0.0,0,0,0,0,unknown
030010,757634,10/01/2022,06/30/2023,0.0,0.0,0.0,0.0,0.0,0.0,0.0,0,0,0,0,unknown
030011,757635,10/01/2022,06/30/2023,0.0,0.0,0.0,0.0,0.0,0.0,0.0,0,0,0,0,unknown
230230,757885,01/01/2023,06/30/2023,0.0,0.0,0.0,0.0,0.0,0.0,0.0,0,0,0,0,unknown
230208,758107,01/01/2023,06/30/2023,0.0,0.0,0.0,0.0,0.0,0.0,0.0,0,0,0,0,unknown
390339,758178,12/06/2022,06/30/2023,0.0,0.0,0.0,0.0,0.0,0.0,0.0,0,0,0,0,unknown
460003,758595,05/01/2023,06/30/2023,0.0,0.0,0.0,0.0,0.0,0.0,0.0,0,0,0,0,unknown
140167,759187,10/01/2022,07/16/2023,0.0,0.0,0.0,0.0,0.0,0.0,0.0,0,0,0,0,unknown
500148,759615,01/01/2023,06/30/2023,0.0,0.0,0.0,0.0,0.0,0.0,0.0,0,0,0,0,unknown
250172,760885,10/01/2022,04/30/2023,0.0,0.0,0.0,0.0,0.0,0.0,0.0,0,0,0,0,unknown
344034,760893,10/01/2022,06/30/2023,0.0,0.0,0.0,0.0,0.0,0.0,0.0,0,0,0,0,unknown
510012,760912,10/01/2022,09/30/2023,0.0,0.0,0.0,0.0,0.0,0.0,0.0,0,0,0,0,unknown
364067,760995,01/27/2023,06/30/2023,0.0,0.0,0.0,0.0,0.0,0.0,0.0,0,0,0,0,unknown
053045,761030,03/25/2023,04/30/2023,0.0,0.0,0.0,0.0,0.0,0.0,0.0,0,0,0,0,unknown
250163,761151,01/01/2023,07/02/2023,0.0,0.0,0.0,0.0,0.0,0.0,0.0,0,0,0,0,unknown
033045,761196,04/15/2023,07/31/2023,0.0,0.0,0.0,0.0,0.0,0.0,0.0,0,0,0,0,unknown
250043,761298,10/01/2022,09/30/2023,0.0,0.0,0.0,0.0,0.0,0.0,0.0,0,0,0,0,unknown
050660,761425,10/01/2022,09/30/2023,0.0,0.0,0.0,0.0,0.0,0.0,0.0,0,0,0,0,unknown
014012,761493,10/01/2022,09/30/2023,0.0,0.0,0.0,0.0,0.0,0.0,0.0,0,0,0,0,unknown
130025,761638,10/01/2022,09/30/2023,0.0,0.0,0.0,0.0,0.0,0.0,0.0,0,0,0,0,unknown
370030,761834,01/01/2023,06/30/2023,0.0,0.0,0.0,0.0,0.0,0.0,0.0,0,0,0,0,unknown
523031,762131,05/05/2023,07/31/2023,0.0,0.0,0.0,0.0,0.0,0.0,0.0,0,0,0,0,unknown
370139,762196,01/01/2023,03/31/2023,0.0,0.0,0.0,0.0,0.0,0.0,0.0,0,0,0,0,unknown
010051,762236,10/01/2022,09/30/2023,0.0,0.0,0.0,0.0,0.0,0.0,0.0,0,0,0,0,unknown
250018,762411,10/01/2022,09/30/2023,0.0,0.0,0.0,0.0,0.0,0.0,0.0,0,0,0,0,unknown
110111,762795,01/01/2023,06/30/2023,0.0,0.0,0.0,0.0,0.0,0.0,0.0,0,0,0,0,unknown
420072,762842,10/01/2022,09/30/2023,0.0,0.0,0.0,0.0,0.0,0.0,0.0,0,0,0,0,unknown
373038,762915,11/29/2022,08/31/2023,0.0,0.0,0.0,0.0,0.0,0.0,0.0,0,0,0,0,unknown
373037,763150,10/18/2022,08/31/2023,0.0,0.0,0.0,0.0,0.0,0.0,0.0,0,0,0,0,unknown
420067,763161,10/01/2022,09/30/2023,0.0,0.0,0.0,0.0,0.0,0.0,0.0,0,0,0,0,unknown
450085,763264,10/01/2022,08/03/2023,0.0,0.0,0.0,0.0,0.0,0.0,0.0,0,0,0,0,unknown
031313,763306,10/01/2022,06/30/2023,0.0,0.0,0.0,0.0,0.0,0.0,0.0,0,0,0,0,unknown
070031,763314,10/01/2022,09/30/2023,0.0,0.0,0.0,0.0,0.0,0.0,0.0,0,0,0,0,unknown
454156,763448,02/01/2023,06/30/2023,0.0,0.0,0.0,0.0,0.0,0.0,0.0,0,0,0,0,unknown
250060,763500,10/01/2022,05/31/2023,0.0,0.0,0.0,0.0,0.0,0.0,0.0,0,0,0,0,unknown
180106,763688,04/01/2023,09/07/2023,0.0,0.0,0.0,0.0,0.0,0.0,0.0,0,0,0,0,unknown
110189,763817,01/01/2023,06/30/2023,0.0,0.0,0.0,0.0,0.0,0.0,0.0,0,0,0,0,unknown
250097,763830,10/01/2022,09/30/2023,0.0,0.0,0.0,0.0,0.0,0.0,0.0,0,0,0,0,unknown
490115,763944,10/01/2022,09/30/2023,0.0,0.0,0.0,0.0,0.0,0.0,0.0,0,0,0,0,unknown
673071,763952,10/01/2022,09/30/2023,0.0,0.0,0.0,0.0,0.0,0.0,0.0,0,0,0,0,unknown
433027,764057,10/01/2022,09/30/2023,0.0,0.0,0.0,0.0,0.0,0.0,0.0,0,0,0,0,unknown
514011,764065,10/01/2022,09/30/2023,0.0,0.0,0.0,0.0,0.0,0.0,0.0,0,0,0,0,unknown
010034,764070,10/01/2022,09/30/2023,0.0,0.0,0.0,0.0,0.0,0.0,0.0,0,0,0,0,unknown
123025,764167,10/01/2022,09/30/2023,0.0,0.0,0.0,0.0,0.0,0.0,0.0,0,0,0,0,unknown
241376,764194,10/01/2022,09/30/2023,0.0,0.0,0.0,0.0,0.0,0.0,0.0,0,0,0,0,unknown
471301,764226,10/01/2022,09/30/2023,0.0,0.0,0.0,0.0,0.0,0.0,0.0,0,0,0,0,unknown
421301,764303,10/01/2022,09/30/2023,0.0,0.0,0.0,0.0,0.0,0.0,0.0,0,0,0,0,unknown
490005,764311,10/01/2022,09/30/2023,0.0,0.0,0.0,0.0,0.0,0.0,0.0,0,0,0,0,unknown
521348,764368,10/01/2022,09/30/2023,0.0,0.0,0.0,0.0,0.0,0.0,0.0,0,0,0,0,unknown
013301,764370,10/01/2022,09/30/2023,0.0,0.0,0.0,0.0,0.0,0.0,0.0,0,0,0,0,unknown
110121,764381,10/01/2022,09/30/2023,0.0,0.0,0.0,0.0,0.0,0.0,0.0,0,0,0,0,unknown
490033,764452,10/01/2022,09/30/2023,0.0,0.0,0.0,0.0,0.0,0.0,0.0,0,0,0,0,unknown
673038,764477,10/01/2022,09/30/2023,0.0,0.0,0.0,0.0,0.0,0.0,0.0,0,0,0,0,unknown
110038,764499,10/01/2022,09/30/2023,0.0,0.0,0.0,0.0,0.0,0.0,0.0,0,0,0,0,unknown
201312,764521,10/01/2022,09/30/2023,0.0,0.0,0.0,0.0,0.0,0.0,0.0,0,0,0,0,unknown
421304,764546,10/01/2022,09/30/2023,0.0,0.0,0.0,0.0,0.0,0.0,0.0,0,0,0,0,unknown
014014,764570,10/01/2022,09/30/2023,0.0,0.0,0.0,0.0,0.0,0.0,0.0,0,0,0,0,unknown
110233,764591,10/01/2022,09/30/2023,0.0,0.0,0.0,0.0,0.0,0.0,0.0,0,0,0,0,unknown
200021,764599,10/01/2022,09/30/2023,0.0,0.0,0.0,0.0,0.0,0.0,0.0,0,0,0,0,unknown
220084,764600,10/01/2022,09/30/2023,0.0,0.0,0.0,0.0,0.0,0.0,0.0,0,0,0,0,unknown
250100,764610,10/01/2022,09/30/2023,0.0,0.0,0.0,0.0,0.0,0.0,0.0,0,0,0,0,unknown
301303,764624,10/01/2022,09/30/2023,0.0,0.0,0.0,0.0,0.0,0.0,0.0,0,0,0,0,unknown
340024,764634,10/01/2022,09/30/2023,0.0,0.0,0.0,0.0,0.0,0.0,0.0,0,0,0,0,unknown
340142,764637,10/01/2022,09/30/2023,0.0,0.0,0.0,0.0,0.0,0.0,0.0,0,0,0,0,unknown
461310,764663,10/01/2022,09/30/2023,0.0,0.0,0.0,0.0,0.0,0.0,0.0,0,0,0,0,unknown
491302,764672,10/01/2022,09/30/2023,0.0,0.0,0.0,0.0,0.0,0.0,0.0,0,0,0,0,unknown
491304,764673,10/01/2022,09/30/2023,0.0,0.0,0.0,0.0,0.0,0.0,0.0,0,0,0,0,unknown
070021,764694,10/01/2022,09/30/2023,0.0,0.0,0.0,0.0,0.0,0.0,0.0,0,0,0,0,unknown
140100,764703,10/01/2022,09/30/2023,0.0,0.0,0.0,0.0,0.0,0.0,0.0,0,0,0,0,unknown
201302,764718,10/01/2022,09/30/2023,0.0,0.0,0.0,0.0,0.0,0.0,0.0,0,0,0,0,unknown
220135,764721,10/01/2022,09/30/2023,0.0,0.0,0.0,0.0,0.0,0.0,0.0,0,0,0,0,unknown
250104,764727,10/01/2022,09/30/2023,0.0,0.0,0.0,0.0,0.0,0.0,0.0,0,0,0,0,unknown
251304,764729,10/01/2022,09/30/2023,0.0,0.0,0.0,0.0,0.0,0.0,0.0,0,0,0,0,unknown
301307,764743,10/01/2022,09/30/2023,0.0,0.0,0.0,0.0,0.0,0.0,0.0,0,0,0,0,unknown
301310,764744,10/01/2022,09/30/2023,0.0,0.0,0.0,0.0,0.0,0.0,0.0,0,0,0,0,unknown
470012,764770,10/01/2022,09/30/2023,0.0,0.0,0.0,0.0,0.0,0.0,0.0,0,0,0,0,unknown
521343,764776,10/01/2022,09/30/2023,0.0,0.0,0.0,0.0,0.0,0.0,0.0,0,0,0,0,unknown
040119,764784,10/01/2022,09/30/2023,0.0,0.0,0.0,0.0,0.0,0.0,0.0,0,0,0,0,unknown
110001,764800,10/01/2022,09/30/2023,0.0,0.0,0.0,0.0,0.0,0.0,0.0,0,0,0,0,unknown
110032,764805,10/01/2022,09/30/2023,0.0,0.0,0.0,0.0,0.0,0.0,0.0,0,0,0,0,unknown
110095,764809,10/01/2022,09/30/2023,0.0,0.0,0.0,0.0,0.0,0.0,0.0,0,0,0,0,unknown
110105,764810,10/01/2022,09/30/2023,0.0,0.0,0.0,0.0,0.0,0.0,0.0,0,0,0,0,unknown
110122,764811,10/01/2022,09/30/2023,0.0,0.0,0.0,0.0,0.0,0.0,0.0,0,0,0,0,unknown
141310,764812,10/01/2022,09/30/2023,0.0,0.0,0.0,0.0,0.0,0.0,0.0,0,0,0,0,unknown
190151,764820,10/01/2022,09/30/2023,0.0,0.0,0.0,0.0,0.0,0.0,0.0,0,0,0,0,unknown
191315,764821,10/01/2022,09/30/2023,0.0,0.0,0.0,0.0,0.0,0.0,0.0,0,0,0,0,unknown
201315,764823,10/01/2022,09/30/2023,0.0,0.0,0.0,0.0,0.0,0.0,0.0,0,0,0,0,unknown
251325,764830,10/01/2022,09/30/2023,0.0,0.0,0.0,0.0,0.0,0.0,0.0,0,0,0,0,unknown
331302,764847,10/01/2022,09/30/2023,0.0,0.0,0.0,0.0,0.0,0.0,0.0,0,0,0,0,unknown
371301,764851,10/01/2022,09/30/2023,0.0,0.0,0.0,0.0,0.0,0.0,0.0,0,0,0,0,unknown
450104,764862,10/01/2022,09/30/2023,0.0,0.0,0.0,0.0,0.0,0.0,0.0,0,0,0,0,unknown
450399,764865,10/01/2022,09/30/2023,0.0,0.0,0.0,0.0,0.0,0.0,0.0,0,0,0,0,unknown
450465,764866,10/01/2022,09/30/2023,0.0,0.0,0.0,0.0,0.0,0.0,0.0,0,0,0,0,unknown
521316,764876,01/01/2023,09/30/2023,0.0,0.0,0.0,0.0,0.0,0.0,0.0,0,0,0,0,unknown
010005,764878,10/01/2022,09/30/2023,0.0,0.0,0.0,0.0,0.0,0.0,0.0,0,0,0,0,unknown
010018,764882,10/01/2022,09/30/2023,0.0,0.0,0.0,0.0,0.0,0.0,0.0,0,0,0,0,unknown
010033,764885,10/01/2022,09/30/2023,0.0,0.0,0.0,0.0,0.0,0.0,0.0,0,0,0,0,unknown
010040,764886,10/01/2022,09/30/2023,0.0,0.0,0.0,0.0,0.0,0.0,0.0,0,0,0,0,unknown
010055,764888,10/01/2022,09/30/2023,0.0,0.0,0.0,0.0,0.0,0.0,0.0,0,0,0,0,unknown
010102,764897,10/01/2022,09/30/2023,0.0,0.0,0.0,0.0,0.0,0.0,0.0,0,0,0,0,unknown
010112,764898,10/01/2022,09/30/2023,0.0,0.0,0.0,0.0,0.0,0.0,0.0,0,0,0,0,unknown
050503,764901,10/01/2022,09/30/2023,0.0,0.0,0.0,0.0,0.0,0.0,0.0,0,0,0,0,unknown
074008,764909,10/01/2022,09/30/2023,0.0,0.0,0.0,0.0,0.0,0.0,0.0,0,0,0,0,unknown
100019,764911,10/01/2022,09/30/2023,0.0,0.0,0.0,0.0,0.0,0.0,0.0,0,0,0,0,unknown
100177,764913,10/01/2022,09/30/2023,0.0,0.0,0.0,0.0,0.0,0.0,0.0,0,0,0,0,unknown
103026,764915,10/01/2022,09/30/2023,0.0,0.0,0.0,0.0,0.0,0.0,0.0,0,0,0,0,unknown
250085,764954,10/01/2022,09/30/2023,0.0,0.0,0.0,0.0,0.0,0.0,0.0,0,0,0,0,unknown
251334,764959,10/01/2022,09/30/2023,0.0,0.0,0.0,0.0,0.0,0.0,0.0,0,0,0,0,unknown
301302,764965,10/01/2022,09/30/2023,0.0,0.0,0.0,0.0,0.0,0.0,0.0,0,0,0,0,unknown
440033,764989,10/01/2022,09/30/2023,0.0,0.0,0.0,0.0,0.0,0.0,0.0,0,0,0,0,unknown
440035,764990,10/01/2022,09/30/2023,0.0,0.0,0.0,0.0,0.0,0.0,0.0,0,0,0,0,unknown
440056,764992,10/01/2022,09/30/2023,0.0,0.0,0.0,0.0,0.0,0.0,0.0,0,0,0,0,unknown
440153,764998,10/01/2022,09/30/2023,0.0,0.0,0.0,0.0,0.0,0.0,0.0,0,0,0,0,unknown
441301,765000,10/01/2022,09/30/2023,0.0,0.0,0.0,0.0,0.0,0.0,0.0,0,0,0,0,unknown
441305,765001,10/01/2022,09/30/2023,0.0,0.0,0.0,0.0,0.0,0.0,0.0,0,0,0,0,unknown
480002,765014,10/01/2022,09/30/2023,0.0,0.0,0.0,0.0,0.0,0.0,0.0,0,0,0,0,unknown
010114,765015,10/01/2022,09/30/2023,0.0,0.0,0.0,0.0,0.0,0.0,0.0,0,0,0,0,unknown
011300,765018,10/01/2022,09/30/2023,0.0,0.0,0.0,0.0,0.0,0.0,0.0,0,0,0,0,unknown
011302,765019,10/01/2022,09/30/2023,0.0,0.0,0.0,0.0,0.0,0.0,0.0,0,0,0,0,unknown
100134,765049,10/01/2022,09/30/2023,0.0,0.0,0.0,0.0,0.0,0.0,0.0,0,0,0,0,unknown
100253,765057,10/01/2022,09/30/2023,0.0,0.0,0.0,0.0,0.0,0.0,0.0,0,0,0,0,unknown
100302,765060,10/01/2022,09/30/2023,0.0,0.0,0.0,0.0,0.0,0.0,0.0,0,0,0,0,unknown
100315,765061,10/01/2022,09/30/2023,0.0,0.0,0.0,0.0,0.0,0.0,0.0,0,0,0,0,unknown
100359,765062,10/01/2022,09/30/2023,0.0,0.0,0.0,0.0,0.0,0.0,0.0,0,0,0,0,unknown
110142,765069,10/01/2022,09/30/2023,0.0,0.0,0.0,0.0,0.0,0.0,0.0,0,0,0,0,unknown
110237,765072,10/01/2022,09/30/2023,0.0,0.0,0.0,0.0,0.0,0.0,0.0,0,0,0,0,unknown
111303,765075,10/01/2022,09/30/2023,0.0,0.0,0.0,0.0,0.0,0.0,0.0,0,0,0,0,unknown
111313,765076,10/01/2022,09/30/2023,0.0,0.0,0.0,0.0,0.0,0.0,0.0,0,0,0,0,unknown
111318,765077,10/01/2022,09/30/2023,0.0,0.0,0.0,0.0,0.0,0.0,0.0,0,0,0,0,unknown
141337,765083,10/01/2022,09/30/2023,0.0,0.0,0.0,0.0,0.0,0.0,0.0,0,0,0,0,unknown
180043,765092,10/01/2022,09/30/2023,0.0,0.0,0.0,0.0,0.0,0.0,0.0,0,0,0,0,unknown
250004,765102,10/01/2022,09/30/2023,0.0,0.0,0.0,0.0,0.0,0.0,0.0,0,0,0,0,unknown
250067,765104,10/01/2022,09/30/2023,0.0,0.0,0.0,0.0,0.0,0.0,0.0,0,0,0,0,unknown
300005,765111,10/01/2022,09/30/2023,0.0,0.0,0.0,0.0,0.0,0.0,0.0,0,0,0,0,unknown
300023,765112,10/01/2022,09/30/2023,0.0,0.0,0.0,0.0,0.0,0.0,0.0,0,0,0,0,unknown
320018,765117,10/01/2022,09/30/2023,0.0,0.0,0.0,0.0,0.0,0.0,0.0,0,0,0,0,unknown
341320,765120,10/01/2022,09/30/2023,0.0,0.0,0.0,0.0,0.0,0.0,0.0,0,0,0,0,unknown
370166,765123,10/01/2022,09/30/2023,0.0,0.0,0.0,0.0,0.0,0.0,0.0,0,0,0,0,unknown
450565,765142,10/01/2022,09/30/2023,0.0,0.0,0.0,0.0,0.0,0.0,0.0,0,0,0,0,unknown
450597,765144,10/01/2022,09/30/2023,0.0,0.0,0.0,0.0,0.0,0.0,0.0,0,0,0,0,unknown
470005,765155,10/01/2022,09/30/2023,0.0,0.0,0.0,0.0,0.0,0.0,0.0,0,0,0,0,unknown
050077,765163,10/01/2022,09/30/2023,0.0,0.0,0.0,0.0,0.0,0.0,0.0,0,0,0,0,unknown
070011,765166,10/01/2022,09/30/2023,0.0,0.0,0.0,0.0,0.0,0.0,0.0,0,0,0,0,unknown
140213,765176,10/01/2022,09/30/2023,0.0,0.0,0.0,0.0,0.0,0.0,0.0,0,0,0,0,unknown
141339,765177,10/01/2022,09/30/2023,0.0,0.0,0.0,0.0,0.0,0.0,0.0,0,0,0,0,unknown
180048,765181,10/01/2022,09/30/2023,0.0,0.0,0.0,0.0,0.0,0.0,0.0,0,0,0,0,unknown
181306,765182,10/01/2022,09/30/2023,0.0,0.0,0.0,0.0,0.0,0.0,0.0,0,0,0,0,unknown
200041,765187,10/01/2022,09/30/2023,0.0,0.0,0.0,0.0,0.0,0.0,0.0,0,0,0,0,unknown
220002,765190,10/01/2022,09/30/2023,0.0,0.0,0.0,0.0,0.0,0.0,0.0,0,0,0,0,unknown
220012,765191,10/01/2022,09/30/2023,0.0,0.0,0.0,0.0,0.0,0.0,0.0,0,0,0,0,unknown
220049,765194,10/01/2022,09/30/2023,0.0,0.0,0.0,0.0,0.0,0.0,0.0,0,0,0,0,unknown
220052,765195,10/01/2022,09/30/2023,0.0,0.0,0.0,0.0,0.0,0.0,0.0,0,0,0,0,unknown
220108,765196,10/01/2022,09/30/2023,0.0,0.0,0.0,0.0,0.0,0.0,0.0,0,0,0,0,unknown
220116,765197,10/01/2022,09/30/2023,0.0,0.0,0.0,0.0,0.0,0.0,0.0,0,0,0,0,unknown
220171,765199,10/01/2022,09/30/2023,0.0,0.0,0.0,0.0,0.0,0.0,0.0,0,0,0,0,unknown
221300,765200,10/01/2022,09/30/2023,0.0,0.0,0.0,0.0,0.0,0.0,0.0,0,0,0,0,unknown
221303,765201,10/01/2022,09/30/2023,0.0,0.0,0.0,0.0,0.0,0.0,0.0,0,0,0,0,unknown
300001,765217,10/01/2022,09/30/2023,0.0,0.0,0.0,0.0,0.0,0.0,0.0,0,0,0,0,unknown
301301,765219,10/01/2022,09/30/2023,0.0,0.0,0.0,0.0,0.0,0.0,0.0,0,0,0,0,unknown
330084,765231,10/01/2022,09/30/2023,0.0,0.0,0.0,0.0,0.0,0.0,0.0,0,0,0,0,unknown
330250,765242,10/01/2022,09/30/2023,0.0,0.0,0.0,0.0,0.0,0.0,0.0,0,0,0,0,unknown
360147,765245,10/01/2022,09/30/2023,0.0,0.0,0.0,0.0,0.0,0.0,0.0,0,0,0,0,unknown
361319,765246,10/01/2022,09/30/2023,0.0,0.0,0.0,0.0,0.0,0.0,0.0,0,0,0,0,unknown
410008,765266,10/01/2022,09/30/2023,0.0,0.0,0.0,0.0,0.0,0.0,0.0,0,0,0,0,unknown
521359,765283,10/01/2022,09/30/2023,0.0,0.0,0.0,0.0,0.0,0.0,0.0,0,0,0,0,unknown
050471,765301,10/01/2022,09/30/2023,0.0,0.0,0.0,0.0,0.0,0.0,0.0,0,0,0,0,unknown
051336,765308,10/01/2022,09/30/2023,0.0,0.0,0.0,0.0,0.0,0.0,0.0,0,0,0,0,unknown
070024,765319,10/01/2022,09/30/2023,0.0,0.0,0.0,0.0,0.0,0.0,0.0,0,0,0,0,unknown
100018,765321,10/01/2022,09/30/2023,0.0,0.0,0.0,0.0,0.0,0.0,0.0,0,0,0,0,unknown
140135,765325,10/01/2022,09/30/2023,0.0,0.0,0.0,0.0,0.0,0.0,0.0,0,0,0,0,unknown
140148,765326,10/01/2022,09/30/2023,0.0,0.0,0.0,0.0,0.0,0.0,0.0,0,0,0,0,unknown
141315,765327,10/01/2022,09/30/2023,0.0,0.0,0.0,0.0,0.0,0.0,0.0,0,0,0,0,unknown
200037,765343,10/01/2022,09/30/2023,0.0,0.0,0.0,0.0,0.0,0.0,0.0,0,0,0,0,unknown
200050,765344,10/01/2022,09/30/2023,0.0,0.0,0.0,0.0,0.0,0.0,0.0,0,0,0,0,unknown
200052,765345,10/01/2022,09/30/2023,0.0,0.0,0.0,0.0,0.0,0.0,0.0,0,0,0,0,unknown
201308,765346,10/01/2022,09/30/2023,0.0,0.0,0.0,0.0,0.0,0.0,0.0,0,0,0,0,unknown
220001,765348,10/01/2022,09/30/2023,0.0,0.0,0.0,0.0,0.0,0.0,0.0,0,0,0,0,unknown
220088,765350,10/01/2022,09/30/2023,0.0,0.0,0.0,0.0,0.0,0.0,0.0,0,0,0,0,unknown
250006,765356,10/01/2022,09/30/2023,0.0,0.0,0.0,0.0,0.0,0.0,0.0,0,0,0,0,unknown
250084,765359,10/01/2022,09/30/2023,0.0,0.0,0.0,0.0,0.0,0.0,0.0,0,0,0,0,unknown
251318,765361,10/01/2022,09/30/2023,0.0,0.0,0.0,0.0,0.0,0.0,0.0,0,0,0,0,unknown
341303,765382,10/01/2022,09/30/2023,0.0,0.0,0.0,0.0,0.0,0.0,0.0,0,0,0,0,unknown
341304,765383,10/01/2022,09/30/2023,0.0,0.0,0.0,0.0,0.0,0.0,0.0,0,0,0,0,unknown
341315,765384,10/01/2022,09/30/2023,0.0,0.0,0.0,0.0,0.0,0.0,0.0,0,0,0,0,unknown
341318,765385,10/01/2022,09/30/2023,0.0,0.0,0.0,0.0,0.0,0.0,0.0,0,0,0,0,unknown
341324,765386,10/01/2022,09/30/2023,0.0,0.0,0.0,0.0,0.0,0.0,0.0,0,0,0,0,unknown
420007,765400,10/01/2022,09/30/2023,0.0,0.0,0.0,0.0,0.0,0.0,0.0,0,0,0,0,unknown
420108,765406,10/01/2022,09/30/2023,0.0,0.0,0.0,0.0,0.0,0.0,0.0,0,0,0,0,unknown
422006,765409,10/01/2022,09/30/2023,0.0,0.0,0.0,0.0,0.0,0.0,0.0,0,0,0,0,unknown
493036,765442,10/01/2022,09/30/2023,0.0,0.0,0.0,0.0,0.0,0.0,0.0,0,0,0,0,unknown
511304,765447,10/01/2022,09/30/2023,0.0,0.0,0.0,0.0,0.0,0.0,0.0,0,0,0,0,unknown
511306,765448,10/01/2022,09/30/2023,0.0,0.0,0.0,0.0,0.0,0.0,0.0,0,0,0,0,unknown
520008,765450,10/01/2022,09/30/2023,0.0,0.0,0.0,0.0,0.0,0.0,0.0,0,0,0,0,unknown
520062,765451,10/01/2022,09/30/2023,0.0,0.0,0.0,0.0,0.0,0.0,0.0,0,0,0,0,unknown
520087,765452,01/01/2023,09/30/2023,0.0,0.0,0.0,0.0,0.0,0.0,0.0,0,0,0,0,unknown
520109,765457,10/01/2022,09/30/2023,0.0,0.0,0.0,0.0,0.0,0.0,0.0,0,0,0,0,unknown
010001,765460,10/01/2022,09/30/2023,0.0,0.0,0.0,0.0,0.0,0.0,0.0,0,0,0,0,unknown
010044,765462,10/01/2022,09/30/2023,0.0,0.0,0.0,0.0,0.0,0.0,0.0,0,0,0,0,unknown
070004,765475,10/01/2022,09/30/2023,0.0,0.0,0.0,0.0,0.0,0.0,0.0,0,0,0,0,unknown
070006,765476,10/01/2022,09/30/2023,0.0,0.0,0.0,0.0,0.0,0.0,0.0,0,0,0,0,unknown
070008,765477,10/01/2022,09/30/2023,0.0,0.0,0.0,0.0,0.0,0.0,0.0,0,0,0,0,unknown
070016,765478,10/01/2022,09/30/2023,0.0,0.0,0.0,0.0,0.0,0.0,0.0,0,0,0,0,unknown
070029,765480,10/01/2022,09/30/2023,0.0,0.0,0.0,0.0,0.0,0.0,0.0,0,0,0,0,unknown
070034,765481,10/01/2022,09/30/2023,0.0,0.0,0.0,0.0,0.0,0.0,0.0,0,0,0,0,unknown
090008,765483,10/01/2022,09/30/2023,0.0,0.0,0.0,0.0,0.0,0.0,0.0,0,0,0,0,unknown
100316,765492,10/01/2022,09/30/2023,0.0,0.0,0.0,0.0,0.0,0.0,0.0,0,0,0,0,unknown
141317,765499,10/01/2022,09/30/2023,0.0,0.0,0.0,0.0,0.0,0.0,0.0,0,0,0,0,unknown
200019,765510,10/01/2022,09/30/2023,0.0,0.0,0.0,0.0,0.0,0.0,0.0,0,0,0,0,unknown
220029,765514,10/01/2022,09/30/2023,0.0,0.0,0.0,0.0,0.0,0.0,0.0,0,0,0,0,unknown
220033,765515,10/01/2022,09/30/2023,0.0,0.0,0.0,0.0,0.0,0.0,0.0,0,0,0,0,unknown
220060,765516,10/01/2022,09/30/2023,0.0,0.0,0.0,0.0,0.0,0.0,0.0,0,0,0,0,unknown
220063,765517,10/01/2022,09/30/2023,0.0,0.0,0.0,0.0,0.0,0.0,0.0,0,0,0,0,unknown
220070,765518,10/01/2022,09/30/2023,0.0,0.0,0.0,0.0,0.0,0.0,0.0,0,0,0,0,unknown
220083,765520,10/01/2022,09/30/2023,0.0,0.0,0.0,0.0,0.0,0.0,0.0,0,0,0,0,unknown
241341,765526,10/01/2022,09/30/2023,0.0,0.0,0.0,0.0,0.0,0.0,0.0,0,0,0,0,unknown
241364,765527,10/01/2022,09/30/2023,0.0,0.0,0.0,0.0,0.0,0.0,0.0,0,0,0,0,unknown
340003,765550,10/01/2022,09/30/2023,0.0,0.0,0.0,0.0,0.0,0.0,0.0,0,0,0,0,unknown
340039,765552,10/01/2022,09/30/2023,0.0,0.0,0.0,0.0,0.0,0.0,0.0,0,0,0,0,unknown
420103,765609,10/01/2022,09/30/2023,0.0,0.0,0.0,0.0,0.0,0.0,0.0,0,0,0,0,unknown
450144,765620,10/01/2022,09/30/2023,0.0,0.0,0.0,0.0,0.0,0.0,0.0,0,0,0,0,unknown
471303,765648,10/01/2022,09/30/2023,0.0,0.0,0.0,0.0,0.0,0.0,0.0,0,0,0,0,unknown
510048,765649,10/01/2022,09/30/2023,0.0,0.0,0.0,0.0,0.0,0.0,0.0,0,0,0,0,unknown
050146,765665,10/01/2022,09/30/2023,0.0,0.0,0.0,0.0,0.0,0.0,0.0,0,0,0,0,unknown
050624,765667,10/01/2022,09/30/2023,0.0,0.0,0.0,0.0,0.0,0.0,0.0,0,0,0,0,unknown
070003,765673,10/01/2022,09/30/2023,0.0,0.0,0.0,0.0,0.0,0.0,0.0,0,0,0,0,unknown
190086,765705,10/01/2022,09/30/2023,0.0,0.0,0.0,0.0,0.0,0.0,0.0,0,0,0,0,unknown
200063,765707,10/01/2022,09/30/2023,0.0,0.0,0.0,0.0,0.0,0.0,0.0,0,0,0,0,unknown
220163,765713,10/01/2022,09/30/2023,0.0,0.0,0.0,0.0,0.0,0.0,0.0,0,0,0,0,unknown
240052,765722,10/01/2022,09/30/2023,0.0,0.0,0.0,0.0,0.0,0.0,0.0,0,0,0,0,unknown
471306,765852,10/01/2022,09/30/2023,0.0,0.0,0.0,0.0,0.0,0.0,0.0,0,0,0,0,unknown
521320,765855,10/01/2022,09/30/2023,0.0,0.0,0.0,0.0,0.0,0.0,0.0,0,0,0,0,unknown
521351,765857,10/01/2022,09/30/2023,0.0,0.0,0.0,0.0,0.0,0.0,0.0,0,0,0,0,unknown
031317,765862,10/01/2022,09/30/2023,0.0,0.0,0.0,0.0,0.0,0.0,0.0,0,0,0,0,unknown
053300,765866,10/01/2022,09/30/2023,0.0,0.0,0.0,0.0,0.0,0.0,0.0,0,0,0,0,unknown
201300,765905,10/01/2022,09/30/2023,0.0,0.0,0.0,0.0,0.0,0.0,0.0,0,0,0,0,unknown
201309,765906,10/01/2022,09/30/2023,0.0,0.0,0.0,0.0,0.0,0.0,0.0,0,0,0,0,unknown
201313,765907,10/01/2022,09/30/2023,0.0,0.0,0.0,0.0,0.0,0.0,0.0,0,0,0,0,unknown
014017,766028,10/01/2022,09/30/2023,0.0,0.0,0.0,0.0,0.0,0.0,0.0,0,0,0,0,unknown
050002,766030,10/01/2022,09/30/2023,0.0,0.0,0.0,0.0,0.0,0.0,0.0,0,0,0,0,unknown
174023,766062,01/01/2023,10/30/2023,0.0,0.0,0.0,0.0,0.0,0.0,0.0,0,0,0,0,unknown
180044,766065,10/01/2022,09/30/2023,0.0,0.0,0.0,0.0,0.0,0.0,0.0,0,0,0,0,unknown
200008,766072,10/01/2022,09/30/2023,0.0,0.0,0.0,0.0,0.0,0.0,0.0,0,0,0,0,unknown
200009,766073,10/01/2022,09/30/2023,0.0,0.0,0.0,0.0,0.0,0.0,0.0,0,0,0,0,unknown
220100,766078,10/01/2022,09/30/2023,0.0,0.0,0.0,0.0,0.0,0.0,0.0,0,0,0,0,unknown
250162,766092,10/01/2022,09/30/2023,0.0,0.0,0.0,0.0,0.0,0.0,0.0,0,0,0,0,unknown
370057,766126,10/01/2022,09/30/2023,0.0,0.0,0.0,0.0,0.0,0.0,0.0,0,0,0,0,unknown
470011,766149,10/01/2022,09/30/2023,0.0,0.0,0.0,0.0,0.0,0.0,0.0,0,0,0,0,unknown
470024,766150,10/01/2022,09/30/2023,0.0,0.0,0.0,0.0,0.0,0.0,0.0,0,0,0,0,unknown
673081,766157,04/25/2023,07/31/2023,0.0,0.0,0.0,0.0,0.0,0.0,0.0,0,0,0,0,unknown
040162,766165,04/10/2023,08/06/2023,0.0,0.0,0.0,0.0,0.0,0.0,0.0,0,0,0,0,unknown
070020,766172,10/01/2022,09/30/2023,0.0,0.0,0.0,0.0,0.0,0.0,0.0,0,0,0,0,unknown
070033,766174,10/01/2022,09/30/2023,0.0,0.0,0.0,0.0,0.0,0.0,0.0,0,0,0,0,unknown
170166,766188,01/01/2023,09/21/2023,0.0,0.0,0.0,0.0,0.0,0.0,0.0,0,0,0,0,unknown
190044,766195,10/01/2022,09/30/2023,0.0,0.0,0.0,0.0,0.0,0.0,0.0,0,0,0,0,unknown
193028,766196,10/01/2022,09/30/2023,0.0,0.0,0.0,0.0,0.0,0.0,0.0,0,0,0,0,unknown
240044,766208,10/01/2022,09/30/2023,0.0,0.0,0.0,0.0,0.0,0.0,0.0,0,0,0,0,unknown
414003,766242,10/01/2022,09/30/2023,0.0,0.0,0.0,0.0,0.0,0.0,0.0,0,0,0,0,unknown
040050,766270,10/01/2022,09/30/2023,0.0,0.0,0.0,0.0,0.0,0.0,0.0,0,0,0,0,unknown
040161,766271,10/01/2022,09/30/2023,0.0,0.0,0.0,0.0,0.0,0.0,0.0,0,0,0,0,unknown
041327,766274,10/01/2022,09/30/2023,0.0,0.0,0.0,0.0,0.0,0.0,0.0,0,0,0,0,unknown
070002,766277,10/01/2022,09/30/2023,0.0,0.0,0.0,0.0,0.0,0.0,0.0,0,0,0,0,unknown
100012,766278,10/01/2022,09/30/2023,0.0,0.0,0.0,0.0,0.0,0.0,0.0,0,0,0,0,unknown
101313,766282,10/01/2022,09/30/2023,0.0,0.0,0.0,0.0,0.0,0.0,0.0,0,0,0,0,unknown
103027,766283,10/01/2022,09/30/2023,0.0,0.0,0.0,0.0,0.0,0.0,0.0,0,0,0,0,unknown
140093,766286,10/01/2022,09/30/2023,0.0,0.0,0.0,0.0,0.0,0.0,0.0,0,0,0,0,unknown
191309,766296,10/01/2022,09/30/2023,0.0,0.0,0.0,0.0,0.0,0.0,0.0,0,0,0,0,unknown
220031,766300,10/01/2022,09/30/2023,0.0,0.0,0.0,0.0,0.0,0.0,0.0,0,0,0,0,unknown
301308,766317,10/01/2022,09/30/2023,0.0,0.0,0.0,0.0,0.0,0.0,0.0,0,0,0,0,unknown
301312,766318,10/01/2022,09/30/2023,0.0,0.0,0.0,0.0,0.0,0.0,0.0,0,0,0,0,unknown
371316,766324,10/01/2022,09/30/2023,0.0,0.0,0.0,0.0,0.0,0.0,0.0,0,0,0,0,unknown
371318,766325,10/01/2022,09/30/2023,0.0,0.0,0.0,0.0,0.0,0.0,0.0,0,0,0,0,unknown
444023,766342,01/01/2023,12/31/2023,0.0,0.0,0.0,0.0,0.0,0.0,0.0,0,0,0,0,unknown
450039,766344,10/01/2022,09/30/2023,0.0,0.0,0.0,0.0,0.0,0.0,0.0,0,0,0,0,unknown
040020,766367,10/01/2022,09/30/2023,0.0,0.0,0.0,0.0,0.0,0.0,0.0,0,0,0,0,unknown
100062,766413,10/01/2022,09/30/2023,0.0,0.0,0.0,0.0,0.0,0.0,0.0,0,0,0,0,unknown
100128,766415,10/01/2022,09/30/2023,0.0,0.0,0.0,0.0,0.0,0.0,0.0,0,0,0,0,unknown
174024,766450,01/01/2023,10/30/2023,0.0,0.0,0.0,0.0,0.0,0.0,0.0,0,0,0,0,unknown
250058,766462,10/01/2022,09/30/2023,0.0,0.0,0.0,0.0,0.0,0.0,0.0,0,0,0,0,unknown
250061,766463,10/01/2022,09/30/2023,0.0,0.0,0.0,0.0,0.0,0.0,0.0,0,0,0,0,unknown
340127,766494,10/01/2022,09/30/2023,0.0,0.0,0.0,0.0,0.0,0.0,0.0,0,0,0,0,unknown
371314,766507,10/01/2022,09/30/2023,0.0,0.0,0.0,0.0,0.0,0.0,0.0,0,0,0,0,unknown
400016,766512,10/01/2022,09/30/2023,0.0,0.0,0.0,0.0,0.0,0.0,0.0,0,0,0,0,unknown
450289,766534,10/01/2022,09/30/2023,0.0,0.0,0.0,0.0,0.0,0.0,0.0,0,0,0,0,unknown
453314,766547,10/01/2022,09/30/2023,0.0,0.0,0.0,0.0,0.0,0.0,0.0,0,0,0,0,unknown
060034,766618,10/01/2022,09/30/2023,0.0,0.0,0.0,0.0,0.0,0.0,0.0,0,0,0,0,unknown
100032,766627,10/01/2022,09/30/2023,0.0,0.0,0.0,0.0,0.0,0.0,0.0,0,0,0,0,unknown
100090,766631,10/01/2022,09/30/2023,0.0,0.0,0.0,0.0,0.0,0.0,0.0,0,0,0,0,unknown
100168,766632,10/01/2022,09/30/2023,0.0,0.0,0.0,0.0,0.0,0.0,0.0,0,0,0,0,unknown
190145,766664,10/01/2022,09/30/2023,0.0,0.0,0.0,0.0,0.0,0.0,0.0,0,0,0,0,unknown
200033,766668,10/01/2022,09/30/2023,0.0,0.0,0.0,0.0,0.0,0.0,0.0,0,0,0,0,unknown
450024,766768,10/01/2022,09/30/2023,0.0,0.0,0.0,0.0,0.0,0.0,0.0,0,0,0,0,unknown
450108,766774,10/01/2022,09/30/2023,0.0,0.0,0.0,0.0,0.0,0.0,0.0,0,0,0,0,unknown
450132,766775,10/01/2022,09/30/2023,0.0,0.0,0.0,0.0,0.0,0.0,0.0,0,0,0,0,unknown
450152,766777,10/01/2022,09/30/2023,0.0,0.0,0.0,0.0,0.0,0.0,0.0,0,0,0,0,unknown
450475,766783,10/01/2022,09/30/2023,0.0,0.0,0.0,0.0,0.0,0.0,0.0,0,0,0,0,unknown
450654,766785,10/01/2022,09/30/2023,0.0,0.0,0.0,0.0,0.0,0.0,0.0,0,0,0,0,unknown
471305,766808,10/01/2022,09/30/2023,0.0,0.0,0.0,0.0,0.0,0.0,0.0,0,0,0,0,unknown
480001,766809,10/01/2022,09/30/2023,0.0,0.0,0.0,0.0,0.0,0.0,0.0,0,0,0,0,unknown
670322,766840,06/08/2023,08/31/2023,0.0,0.0,0.0,0.0,0.0,0.0,0.0,0,0,0,0,unknown
100220,766864,10/01/2022,09/30/2023,0.0,0.0,0.0,0.0,0.0,0.0,0.0,0,0,0,0,unknown
190118,766889,10/01/2022,09/30/2023,0.0,0.0,0.0,0.0,0.0,0.0,0.0,0,0,0,0,unknown
220095,766894,10/01/2022,09/30/2023,0.0,0.0,0.0,0.0,0.0,0.0,0.0,0,0,0,0,unknown
220162,766895,10/01/2022,09/30/2023,0.0,0.0,0.0,0.0,0.0,0.0,0.0,0,0,0,0,unknown
230297,766905,10/01/2022,09/30/2023,0.0,0.0,0.0,0.0,0.0,0.0,0.0,0,0,0,0,unknown
250002,766910,10/01/2022,09/30/2023,0.0,0.0,0.0,0.0,0.0,0.0,0.0,0,0,0,0,unknown
450369,766971,10/01/2022,09/30/2023,0.0,0.0,0.0,0.0,0.0,0.0,0.0,0,0,0,0,unknown
490023,766981,11/01/2022,10/31/2023,0.0,0.0,0.0,0.0,0.0,0.0,0.0,0,0,0,0,unknown
490111,766987,11/01/2022,10/31/2023,0.0,0.0,0.0,0.0,0.0,0.0,0.0,0,0,0,0,unknown
660001,767001,10/01/2022,09/30/2023,0.0,0.0,0.0,0.0,0.0,0.0,0.0,0,0,0,0,unknown
190054,767050,10/01/2022,09/30/2023,0.0,0.0,0.0,0.0,0.0,0.0,0.0,0,0,0,0,unknown
190318,767054,10/01/2022,09/30/2023,0.0,0.0,0.0,0.0,0.0,0.0,0.0,0,0,0,0,unknown
220090,767056,10/01/2022,09/30/2023,0.0,0.0,0.0,0.0,0.0,0.0,0.0,0,0,0,0,unknown
250019,767063,10/01/2022,09/30/2023,0.0,0.0,0.0,0.0,0.0,0.0,0.0,0,0,0,0,unknown
250020,767064,10/01/2022,09/30/2023,0.0,0.0,0.0,0.0,0.0,0.0,0.0,0,0,0,0,unknown
250050,767065,10/01/2022,09/30/2023,0.0,0.0,0.0,0.0,0.0,0.0,0.0,0,0,0,0,unknown
250077,767068,10/01/2022,09/30/2023,0.0,0.0,0.0,0.0,0.0,0.0,0.0,0,0,0,0,unknown
340116,767084,10/01/2022,09/30/2023,0.0,0.0,0.0,0.0,0.0,0.0,0.0,0,0,0,0,unknown
400113,767101,10/01/2022,11/30/2022,0.0,0.0,0.0,0.0,0.0,0.0,0.0,0,0,0,0,unknown
400113,767102,12/01/2022,03/31/2023,0.0,0.0,0.0,0.0,0.0,0.0,0.0,0,0,0,0,unknown
450578,767119,10/01/2022,08/17/2023,0.0,0.0,0.0,0.0,0.0,0.0,0.0,0,0,0,0,unknown
450584,767120,10/01/2022,09/30/2023,0.0,0.0,0.0,0.0,0.0,0.0,0.0,0,0,0,0,unknown
450848,767126,10/01/2022,09/30/2023,0.0,0.0,0.0,0.0,0.0,0.0,0.0,0,0,0,0,unknown
453300,767130,10/01/2022,09/30/2023,0.0,0.0,0.0,0.0,0.0,0.0,0.0,0,0,0,0,unknown
524038,767139,10/01/2022,09/30/2023,0.0,0.0,0.0,0.0,0.0,0.0,0.0,0,0,0,0,unknown
040156,767147,10/01/2022,09/30/2023,0.0,0.0,0.0,0.0,0.0,0.0,0.0,0,0,0,0,unknown
100130,767159,10/01/2022,09/30/2023,0.0,0.0,0.0,0.0,0.0,0.0,0.0,0,0,0,0,unknown
190002,767173,10/01/2022,09/30/2023,0.0,0.0,0.0,0.0,0.0,0.0,0.0,0,0,0,0,unknown
130006,767279,10/01/2022,09/30/2023,0.0,0.0,0.0,0.0,0.0,0.0,0.0,0,0,0,0,unknown
170012,767293,10/01/2022,09/30/2023,0.0,0.0,0.0,0.0,0.0,0.0,0.0,0,0,0,0,unknown
261311,767475,04/01/2023,09/30/2023,0.0,0.0,0.0,0.0,0.0,0.0,0.0,0,0,0,0,unknown
341319,767503,11/01/2022,10/31/2023,0.0,0.0,0.0,0.0,0.0,0.0,0.0,0,0,0,0,unknown
341329,767504,11/01/2022,10/31/2023,0.0,0.0,0.0,0.0,0.0,0.0,0.0,0,0,0,0,unknown
014015,767588,01/01/2023,12/31/2023,0.0,0.0,0.0,0.0,0.0,0.0,0.0,0,0,0,0,unknown
150082,767663,10/01/2022,09/30/2023,0.0,0.0,0.0,0.0,0.0,0.0,0.0,0,0,0,0,unknown
220024,767680,10/01/2022,09/30/2023,0.0,0.0,0.0,0.0,0.0,0.0,0.0,0,0,0,0,unknown
220101,767682,10/01/2022,09/30/2023,0.0,0.0,0.0,0.0,0.0,0.0,0.0,0,0,0,0,unknown
260094,767701,10/01/2022,09/30/2023,0.0,0.0,0.0,0.0,0.0,0.0,0.0,0,0,0,0,unknown
341326,767743,11/01/2022,10/31/2023,0.0,0.0,0.0,0.0,0.0,0.0,0.0,0,0,0,0,unknown
040118,767872,10/01/2022,09/30/2023,0.0,0.0,0.0,0.0,0.0,0.0,0.0,0,0,0,0,unknown
101312,767917,10/01/2022,09/30/2023,0.0,0.0,0.0,0.0,0.0,0.0,0.0,0,0,0,0,unknown
140012,767931,01/01/2023,12/31/2023,0.0,0.0,0.0,0.0,0.0,0.0,0.0,0,0,0,0,unknown
140067,767932,10/01/2022,09/30/2023,0.0,0.0,0.0,0.0,0.0,0.0,0.0,0,0,0,0,unknown
170074,767960,01/01/2023,09/30/2023,0.0,0.0,0.0,0.0,0.0,0.0,0.0,0,0,0,0,unknown
170122,767962,10/01/2022,09/30/2023,0.0,0.0,0.0,0.0,0.0,0.0,0.0,0,0,0,0,unknown
220077,767986,10/01/2022,09/30/2023,0.0,0.0,0.0,0.0,0.0,0.0,0.0,0,0,0,0,unknown
220105,767987,10/01/2022,09/30/2023,0.0,0.0,0.0,0.0,0.0,0.0,0.0,0,0,0,0,unknown
260040,768008,10/01/2022,09/30/2023,0.0,0.0,0.0,0.0,0.0,0.0,0.0,0,0,0,0,unknown
370014,768030,10/01/2022,09/30/2023,0.0,0.0,0.0,0.0,0.0,0.0,0.0,0,0,0,0,unknown
170086,768106,10/01/2022,09/30/2023,0.0,0.0,0.0,0.0,0.0,0.0,0.0,0,0,0,0,unknown
170208,768108,10/01/2022,09/30/2023,0.0,0.0,0.0,0.0,0.0,0.0,0.0,0,0,0,0,unknown
261322,768117,10/01/2022,09/30/2023,0.0,0.0,0.0,0.0,0.0,0.0,0.0,0,0,0,0,unknown
330245,768128,01/01/2023,10/29/2023,0.0,0.0,0.0,0.0,0.0,0.0,0.0,0,0,0,0,unknown
429801,768148,10/01/2022,09/30/2023,0.0,0.0,0.0,0.0,0.0,0.0,0.0,0,0,0,0,unknown
050254,768178,11/01/2022,10/31/2023,0.0,0.0,0.0,0.0,0.0,0.0,0.0,0,0,0,0,unknown
050382,768179,01/01/2023,12/31/2023,0.0,0.0,0.0,0.0,0.0,0.0,0.0,0,0,0,0,unknown
140304,768191,01/01/2023,12/31/2023,0.0,0.0,0.0,0.0,0.0,0.0,0.0,0,0,0,0,unknown
171349,768199,10/01/2022,09/30/2023,0.0,0.0,0.0,0.0,0.0,0.0,0.0,0,0,0,0,unknown
191316,768206,11/01/2022,10/31/2023,0.0,0.0,0.0,0.0,0.0,0.0,0.0,0,0,0,0,unknown
204006,768208,10/01/2022,09/30/2023,0.0,0.0,0.0,0.0,0.0,0.0,0.0,0,0,0,0,unknown
031309,768252,10/01/2022,09/30/2023,0.0,0.0,0.0,0.0,0.0,0.0,0.0,0,0,0,0,unknown
100156,768261,11/01/2022,10/31/2023,0.0,0.0,0.0,0.0,0.0,0.0,0.0,0,0,0,0,unknown
140292,768267,01/01/2023,12/31/2023,0.0,0.0,0.0,0.0,0.0,0.0,0.0,0,0,0,0,unknown
340132,768285,11/01/2022,10/31/2023,0.0,0.0,0.0,0.0,0.0,0.0,0.0,0,0,0,0,unknown
340133,768286,05/01/2023,08/02/2023,0.0,0.0,0.0,0.0,0.0,0.0,0.0,0,0,0,0,unknown
010061,768306,11/01/2022,10/31/2023,0.0,0.0,0.0,0.0,0.0,0.0,0.0,0,0,0,0,unknown
040022,768315,11/01/2022,10/31/2023,0.0,0.0,0.0,0.0,0.0,0.0,0.0,0,0,0,0,unknown
062011,768328,10/01/2022,09/30/2023,0.0,0.0,0.0,0.0,0.0,0.0,0.0,0,0,0,0,unknown
171381,768391,10/01/2022,09/30/2023,0.0,0.0,0.0,0.0,0.0,0.0,0.0,0,0,0,0,unknown
450194,768452,11/01/2022,10/31/2023,0.0,0.0,0.0,0.0,0.0,0.0,0.0,0,0,0,0,unknown
673080,768463,05/25/2023,07/31/2023,0.0,0.0,0.0,0.0,0.0,0.0,0.0,0,0,0,0,unknown
060096,768490,11/01/2022,10/31/2023,0.0,0.0,0.0,0.0,0.0,0.0,0.0,0,0,0,0,unknown
220016,768560,10/01/2022,09/30/2023,0.0,0.0,0.0,0.0,0.0,0.0,0.0,0,0,0,0,unknown
453317,768727,02/28/2023,09/30/2023,0.0,0.0,0.0,0.0,0.0,0.0,0.0,0,0,0,0,unknown
100106,768764,06/01/2023,10/31/2023,0.0,0.0,0.0,0.0,0.0,0.0,0.0,0,0,0,0,unknown
140015,768779,10/01/2022,09/30/2023,0.0,0.0,0.0,0.0,0.0,0.0,0.0,0,0,0,0,unknown
503300,768812,10/01/2022,09/30/2023,0.0,0.0,0.0,0.0,0.0,0.0,0.0,0,0,0,0,unknown
450698,768924,10/01/2022,09/30/2023,0.0,0.0,0.0,0.0,0.0,0.0,0.0,0,0,0,0,unknown
490060,768928,12/01/2022,11/30/2023,0.0,0.0,0.0,0.0,0.0,0.0,0.0,0,0,0,0,unknown
043034,768948,11/01/2022,10/31/2023,0.0,0.0,0.0,0.0,0.0,0.0,0.0,0,0,0,0,unknown
510022,769111,01/01/2023,12/31/2023,0.0,0.0,0.0,0.0,0.0,0.0,0.0,0,0,0,0,unknown
074016,769258,07/10/2023,09/30/2023,0.0,0.0,0.0,0.0,0.0,0.0,0.0,0,0,0,0,unknown
250012,769285,01/01/2023,03/15/2023,0.0,0.0,0.0,0.0,0.0,0.0,0.0,0,0,0,0,unknown
372023,769346,10/01/2022,09/30/2023,0.0,0.0,0.0,0.0,0.0,0.0,0.0,0,0,0,0,unknown
070038,769399,10/01/2022,09/30/2023,0.0,0.0,0.0,0.0,0.0,0.0,0.0,0,0,0,0,unknown
150109,769409,01/01/2023,12/31/2023,0.0,0.0,0.0,0.0,0.0,0.0,0.0,0,0,0,0,unknown
150162,769411,01/01/2023,12/31/2023,0.0,0.0,0.0,0.0,0.0,0.0,0.0,0,0,0,0,unknown
362032,769454,10/01/2022,09/30/2023,0.0,0.0,0.0,0.0,0.0,0.0,0.0,0,0,0,0,unknown
370222,769458,01/01/2023,12/31/2023,0.0,0.0,0.0,0.0,0.0,0.0,0.0,0,0,0,0,unknown
041306,769474,01/01/2023,12/31/2023,0.0,0.0,0.0,0.0,0.0,0.0,0.0,0,0,0,0,unknown
230277,769491,11/01/2022,10/31/2023,0.0,0.0,0.0,0.0,0.0,0.0,0.0,0,0,0,0,unknown
294014,769496,01/01/2023,07/30/2023,0.0,0.0,0.0,0.0,0.0,0.0,0.0,0,0,0,0,unknown
233027,769591,11/01/2022,10/31/2023,0.0,0.0,0.0,0.0,0.0,0.0,0.0,0,0,0,0,unknown
400010,769621,10/01/2022,09/30/2023,0.0,0.0,0.0,0.0,0.0,0.0,0.0,0,0,0,0,unknown
194107,769741,10/01/2022,09/30/2023,0.0,0.0,0.0,0.0,0.0,0.0,0.0,0,0,0,0,unknown
250172,769752,05/01/2023,09/30/2023,0.0,0.0,0.0,0.0,0.0,0.0,0.0,0,0,0,0,unknown
252014,769961,10/01/2022,09/30/2023,0.0,0.0,0.0,0.0,0.0,0.0,0.0,0,0,0,0,unknown
104078,770019,11/01/2022,10/31/2023,0.0,0.0,0.0,0.0,0.0,0.0,0.0,0,0,0,0,unknown
440239,770067,06/27/2023,01/31/2024,0.0,0.0,0.0,0.0,0.0,0.0,0.0,0,0,0,0,unknown
501308,770258,01/01/2023,12/31/2023,0.0,0.0,0.0,0.0,0.0,0.0,0.0,0,0,0,0,unknown
140019,770293,07/01/2023,08/17/2023,0.0,0.0,0.0,0.0,0.0,0.0,0.0,0,0,0,0,unknown
521352,770319,10/01/2022,09/30/2023,0.0,0.0,0.0,0.0,0.0,0.0,0.0,0,0,0,0,unknown
050324,770338,10/01/2022,09/30/2023,0.0,0.0,0.0,0.0,0.0,0.0,0.0,0,0,0,0,unknown
060054,770348,01/01/2023,12/31/2023,0.0,0.0,0.0,0.0,0.0,0.0,0.0,0,0,0,0,unknown
144029,770366,01/01/2023,12/31/2023,0.0,0.0,0.0,0.0,0.0,0.0,0.0,0,0,0,0,unknown
370099,770434,12/01/2022,11/30/2023,0.0,0.0,0.0,0.0,0.0,0.0,0.0,0,0,0,0,unknown
430090,770445,01/01/2023,12/31/2023,0.0,0.0,0.0,0.0,0.0,0.0,0.0,0,0,0,0,unknown
450498,770460,10/01/2022,09/30/2023,0.0,0.0,0.0,0.0,0.0,0.0,0.0,0,0,0,0,unknown
111335,770510,12/01/2022,11/30/2023,0.0,0.0,0.0,0.0,0.0,0.0,0.0,0,0,0,0,unknown
343025,770580,12/01/2022,11/30/2023,0.0,0.0,0.0,0.0,0.0,0.0,0.0,0,0,0,0,unknown
370002,770582,06/01/2023,10/31/2023,0.0,0.0,0.0,0.0,0.0,0.0,0.0,0,0,0,0,unknown
370006,770583,06/01/2023,10/31/2023,0.0,0.0,0.0,0.0,0.0,0.0,0.0,0,0,0,0,unknown
420105,770589,10/01/2022,09/30/2023,0.0,0.0,0.0,0.0,0.0,0.0,0.0,0,0,0,0,unknown
440175,770594,12/01/2022,11/30/2023,0.0,0.0,0.0,0.0,0.0,0.0,0.0,0,0,0,0,unknown
370183,770674,12/01/2022,11/30/2023,0.0,0.0,0.0,0.0,0.0,0.0,0.0,0,0,0,0,unknown
450271,770691,01/01/2023,11/30/2023,0.0,0.0,0.0,0.0,0.0,0.0,0.0,0,0,0,0,unknown
190025,770750,01/01/2023,12/31/2023,0.0,0.0,0.0,0.0,0.0,0.0,0.0,0,0,0,0,unknown
234030,770893,01/01/2023,12/31/2023,0.0,0.0,0.0,0.0,0.0,0.0,0.0,0,0,0,0,unknown
450890,770935,01/01/2023,12/31/2023,0.0,0.0,0.0,0.0,0.0,0.0,0.0,0,0,0,0,unknown
260074,770991,11/01/2022,10/31/2023,0.0,0.0,0.0,0.0,0.0,0.0,0.0,0,0,0,0,unknown
301309,771024,10/01/2022,09/30/2023,0.0,0.0,0.0,0.0,0.0,0.0,0.0,0,0,0,0,unknown
370220,771032,01/01/2023,12/31/2023,0.0,0.0,0.0,0.0,0.0,0.0,0.0,0,0,0,0,unknown
450893,771044,01/01/2023,12/31/2023,0.0,0.0,0.0,0.0,0.0,0.0,0.0,0,0,0,0,unknown
170145,771313,01/01/2023,10/31/2023,0.0,0.0,0.0,0.0,0.0,0.0,0.0,0,0,0,0,unknown
150042,771506,01/01/2023,12/31/2023,0.0,0.0,0.0,0.0,0.0,0.0,0.0,0,0,0,0,unknown
110113,771657,01/01/2023,12/31/2023,0.0,0.0,0.0,0.0,0.0,0.0,0.0,0,0,0,0,unknown
232020,771702,10/01/2022,09/30/2023,0.0,0.0,0.0,0.0,0.0,0.0,0.0,0,0,0,0,unknown
374017,771739,01/01/2023,12/31/2023,0.0,0.0,0.0,0.0,0.0,0.0,0.0,0,0,0,0,unknown
450825,771761,01/01/2023,12/31/2023,0.0,0.0,0.0,0.0,0.0,0.0,0.0,0,0,0,0,unknown
040051,771788,04/01/2023,12/02/2023,0.0,0.0,0.0,0.0,0.0,0.0,0.0,0,0,0,0,unknown
330223,771863,01/01/2023,12/06/2023,0.0,0.0,0.0,0.0,0.0,0.0,0.0,0,0,0,0,unknown
430091,771878,01/01/2023,12/31/2023,0.0,0.0,0.0,0.0,0.0,0.0,0.0,0,0,0,0,unknown
370215,772088,01/01/2023,12/31/2023,0.0,0.0,0.0,0.0,0.0,0.0,0.0,0,0,0,0,unknown
370234,772089,01/01/2023,12/31/2023,0.0,0.0,0.0,0.0,0.0,0.0,0.0,0,0,0,0,unknown
053038,772251,01/01/2023,12/31/2023,0.0,0.0,0.0,0.0,0.0,0.0,0.0,0,0,0,0,unknown
250151,772282,01/01/2023,12/31/2023,0.0,0.0,0.0,0.0,0.0,0.0,0.0,0,0,0,0,unknown
360351,772303,01/01/2023,12/31/2023,0.0,0.0,0.0,0.0,0.0,0.0,0.0,0,0,0,0,unknown
150102,772361,01/01/2023,12/31/2023,0.0,0.0,0.0,0.0,0.0,0.0,0.0,0,0,0,0,unknown
400117,772392,01/01/2023,12/31/2023,0.0,0.0,0.0,0.0,0.0,0.0,0.0,0,0,0,0,unknown
400123,772393,01/01/2023,12/31/2023,0.0,0.0,0.0,0.0,0.0,0.0,0.0,0,0,0,0,unknown
464013,772402,01/01/2023,12/31/2023,0.0,0.0,0.0,0.0,0.0,0.0,0.0,0,0,0,0,unknown
010097,772412,01/01/2023,12/31/2023,0.0,0.0,0.0,0.0,0.0,0.0,0.0,0,0,0,0,unknown
193090,772573,01/01/2023,12/31/2023,0.0,0.0,0.0,0.0,0.0,0.0,0.0,0,0,0,0,unknown
271335,772577,01/01/2023,12/31/2023,0.0,0.0,0.0,0.0,0.0,0.0,0.0,0,0,0,0,unknown
351319,772585,01/01/2023,12/31/2023,0.0,0.0,0.0,0.0,0.0,0.0,0.0,0,0,0,0,unknown
070039,772629,10/01/2022,07/09/2023,0.0,0.0,0.0,0.0,0.0,0.0,0.0,0,0,0,0,unknown
241334,772660,01/01/2023,12/31/2023,0.0,0.0,0.0,0.0,0.0,0.0,0.0,0,0,0,0,unknown
310022,772668,01/01/2023,12/31/2023,0.0,0.0,0.0,0.0,0.0,0.0,0.0,0,0,0,0,unknown
380033,772693,07/01/2023,12/14/2023,0.0,0.0,0.0,0.0,0.0,0.0,0.0,0,0,0,0,unknown
460041,772715,05/01/2023,06/30/2023,0.0,0.0,0.0,0.0,0.0,0.0,0.0,0,0,0,0,unknown
521322,772727,01/01/2023,12/31/2023,0.0,0.0,0.0,0.0,0.0,0.0,0.0,0,0,0,0,unknown
110209,772761,01/01/2023,12/31/2023,0.0,0.0,0.0,0.0,0.0,0.0,0.0,0,0,0,0,unknown
171322,772776,01/01/2023,12/31/2023,0.0,0.0,0.0,0.0,0.0,0.0,0.0,0,0,0,0,unknown
431336,772846,01/01/2023,12/31/2023,0.0,0.0,0.0,0.0,0.0,0.0,0.0,0,0,0,0,unknown
461302,772854,01/01/2023,12/31/2023,0.0,0.0,0.0,0.0,0.0,0.0,0.0,0,0,0,0,unknown
050257,772868,01/01/2023,12/31/2023,0.0,0.0,0.0,0.0,0.0,0.0,0.0,0,0,0,0,unknown
061322,772880,01/01/2023,12/31/2023,0.0,0.0,0.0,0.0,0.0,0.0,0.0,0,0,0,0,unknown
100275,772885,01/01/2023,12/31/2023,0.0,0.0,0.0,0.0,0.0,0.0,0.0,0,0,0,0,unknown
131321,772893,01/01/2023,12/31/2023,0.0,0.0,0.0,0.0,0.0,0.0,0.0,0,0,0,0,unknown
310029,772907,01/01/2023,12/31/2023,0.0,0.0,0.0,0.0,0.0,0.0,0.0,0,0,0,0,unknown
310057,772908,01/01/2023,12/31/2023,0.0,0.0,0.0,0.0,0.0,0.0,0.0,0,0,0,0,unknown
310061,772909,01/01/2023,12/31/2023,0.0,0.0,0.0,0.0,0.0,0.0,0.0,0,0,0,0,unknown
431301,772943,01/01/2023,12/31/2023,0.0,0.0,0.0,0.0,0.0,0.0,0.0,0,0,0,0,unknown
453091,772964,01/01/2023,12/31/2023,0.0,0.0,0.0,0.0,0.0,0.0,0.0,0,0,0,0,unknown
521321,772987,01/01/2023,12/31/2023,0.0,0.0,0.0,0.0,0.0,0.0,0.0,0,0,0,0,unknown
521341,772988,01/01/2023,12/31/2023,0.0,0.0,0.0,0.0,0.0,0.0,0.0,0,0,0,0,unknown
131325,773010,01/01/2023,12/31/2023,0.0,0.0,0.0,0.0,0.0,0.0,0.0,0,0,0,0,unknown
370026,773083,01/01/2023,12/31/2023,0.0,0.0,0.0,0.0,0.0,0.0,0.0,0,0,0,0,unknown
370225,773085,01/01/2023,12/31/2023,0.0,0.0,0.0,0.0,0.0,0.0,0.0,0,0,0,0,unknown
400109,773088,01/01/2023,12/14/2023,0.0,0.0,0.0,0.0,0.0,0.0,0.0,0,0,0,0,unknown
520202,773091,01/01/2023,12/31/2023,0.0,0.0,0.0,0.0,0.0,0.0,0.0,0,0,0,0,unknown
520212,773092,01/01/2023,12/31/2023,0.0,0.0,0.0,0.0,0.0,0.0,0.0,0,0,0,0,unknown
521328,773093,01/01/2023,12/31/2023,0.0,0.0,0.0,0.0,0.0,0.0,0.0,0,0,0,0,unknown
521349,773094,01/01/2023,12/31/2023,0.0,0.0,0.0,0.0,0.0,0.0,0.0,0,0,0,0,unknown
043029,773103,01/01/2023,12/31/2023,0.0,0.0,0.0,0.0,0.0,0.0,0.0,0,0,0,0,unknown
060003,773113,01/01/2023,12/31/2023,0.0,0.0,0.0,0.0,0.0,0.0,0.0,0,0,0,0,unknown
061328,773116,01/01/2023,12/31/2023,0.0,0.0,0.0,0.0,0.0,0.0,0.0,0,0,0,0,unknown
063035,773117,01/01/2023,12/31/2023,0.0,0.0,0.0,0.0,0.0,0.0,0.0,0,0,0,0,unknown
100035,773122,01/01/2023,12/31/2023,0.0,0.0,0.0,0.0,0.0,0.0,0.0,0,0,0,0,unknown
103049,773128,01/01/2023,12/31/2023,0.0,0.0,0.0,0.0,0.0,0.0,0.0,0,0,0,0,unknown
141305,773149,01/01/2023,12/31/2023,0.0,0.0,0.0,0.0,0.0,0.0,0.0,0,0,0,0,unknown
290021,773201,01/01/2023,12/31/2023,0.0,0.0,0.0,0.0,0.0,0.0,0.0,0,0,0,0,unknown
290032,773202,01/01/2023,12/31/2023,0.0,0.0,0.0,0.0,0.0,0.0,0.0,0,0,0,0,unknown
290041,773203,01/01/2023,12/31/2023,0.0,0.0,0.0,0.0,0.0,0.0,0.0,0,0,0,0,unknown
290057,773206,01/01/2023,12/31/2023,0.0,0.0,0.0,0.0,0.0,0.0,0.0,0,0,0,0,unknown
290061,773207,01/01/2023,12/31/2023,0.0,0.0,0.0,0.0,0.0,0.0,0.0,0,0,0,0,unknown
310012,773208,01/01/2023,12/31/2023,0.0,0.0,0.0,0.0,0.0,0.0,0.0,0,0,0,0,unknown
310110,773209,01/01/2023,12/31/2023,0.0,0.0,0.0,0.0,0.0,0.0,0.0,0,0,0,0,unknown
351321,773229,01/01/2023,12/31/2023,0.0,0.0,0.0,0.0,0.0,0.0,0.0,0,0,0,0,unknown
420082,773281,01/01/2023,12/31/2023,0.0,0.0,0.0,0.0,0.0,0.0,0.0,0,0,0,0,unknown
423030,773282,01/01/2023,12/31/2023,0.0,0.0,0.0,0.0,0.0,0.0,0.0,0,0,0,0,unknown
453025,773298,01/01/2023,12/31/2023,0.0,0.0,0.0,0.0,0.0,0.0,0.0,0,0,0,0,unknown
673029,773319,01/01/2023,12/31/2023,0.0,0.0,0.0,0.0,0.0,0.0,0.0,0,0,0,0,unknown
673053,773321,01/01/2023,12/31/2023,0.0,0.0,0.0,0.0,0.0,0.0,0.0,0,0,0,0,unknown
043036,773329,03/01/2023,12/31/2023,0.0,0.0,0.0,0.0,0.0,0.0,0.0,0,0,0,0,unknown
054087,773345,01/01/2023,12/31/2023,0.0,0.0,0.0,0.0,0.0,0.0,0.0,0,0,0,0,unknown
271321,773430,01/01/2023,12/31/2023,0.0,0.0,0.0,0.0,0.0,0.0,0.0,0,0,0,0,unknown
373036,773458,01/01/2023,12/31/2023,0.0,0.0,0.0,0.0,0.0,0.0,0.0,0,0,0,0,unknown
461308,773480,01/01/2023,12/31/2023,0.0,0.0,0.0,0.0,0.0,0.0,0.0,0,0,0,0,unknown
500037,773483,01/01/2023,12/31/2023,0.0,0.0,0.0,0.0,0.0,0.0,0.0,0,0,0,0,unknown
520076,773489,01/01/2023,12/31/2023,0.0,0.0,0.0,0.0,0.0,0.0,0.0,0,0,0,0,unknown
521327,773491,01/01/2023,12/31/2023,0.0,0.0,0.0,0.0,0.0,0.0,0.0,0,0,0,0,unknown
673056,773496,01/01/2023,12/31/2023,0.0,0.0,0.0,0.0,0.0,0.0,0.0,0,0,0,0,unknown
103057,773534,06/20/2023,12/31/2023,0.0,0.0,0.0,0.0,0.0,0.0,0.0,0,0,0,0,unknown
141306,773548,01/01/2023,12/31/2023,0.0,0.0,0.0,0.0,0.0,0.0,0.0,0,0,0,0,unknown
194031,773571,01/01/2023,12/31/2023,0.0,0.0,0.0,0.0,0.0,0.0,0.0,0,0,0,0,unknown
290046,773588,01/01/2023,12/31/2023,0.0,0.0,0.0,0.0,0.0,0.0,0.0,0,0,0,0,unknown
310084,773589,01/01/2023,12/31/2023,0.0,0.0,0.0,0.0,0.0,0.0,0.0,0,0,0,0,unknown
313038,773592,01/01/2023,12/31/2023,0.0,0.0,0.0,0.0,0.0,0.0,0.0,0,0,0,0,unknown
360044,773600,01/01/2023,12/31/2023,0.0,0.0,0.0,0.0,0.0,0.0,0.0,0,0,0,0,unknown
360263,773606,01/01/2023,12/31/2023,0.0,0.0,0.0,0.0,0.0,0.0,0.0,0,0,0,0,unknown
370244,773613,01/12/2023,09/30/2023,0.0,0.0,0.0,0.0,0.0,0.0,0.0,0,0,0,0,unknown
520011,773654,01/01/2023,12/31/2023,0.0,0.0,0.0,0.0,0.0,0.0,0.0,0,0,0,0,unknown
670005,773660,01/01/2023,12/31/2023,0.0,0.0,0.0,0.0,0.0,0.0,0.0,0,0,0,0,unknown
670010,773661,01/01/2023,12/31/2023,0.0,0.0,0.0,0.0,0.0,0.0,0.0,0,0,0,0,unknown
673069,773664,01/01/2023,12/31/2023,0.0,0.0,0.0,0.0,0.0,0.0,0.0,0,0,0,0,unknown
673075,773665,01/01/2023,12/31/2023,0.0,0.0,0.0,0.0,0.0,0.0,0.0,0,0,0,0,unknown
033302,773680,01/01/2023,12/31/2023,0.0,0.0,0.0,0.0,0.0,0.0,0.0,0,0,0,0,unknown
050785,773690,01/01/2023,12/31/2023,0.0,0.0,0.0,0.0,0.0,0.0,0.0,0,0,0,0,unknown
054154,773692,01/01/2023,12/31/2023,0.0,0.0,0.0,0.0,0.0,0.0,0.0,0,0,0,0,unknown
103047,773694,01/01/2023,12/31/2023,0.0,0.0,0.0,0.0,0.0,0.0,0.0,0,0,0,0,unknown
191324,773707,01/01/2023,12/31/2023,0.0,0.0,0.0,0.0,0.0,0.0,0.0,0,0,0,0,unknown
271307,773719,01/01/2023,12/31/2023,0.0,0.0,0.0,0.0,0.0,0.0,0.0,0,0,0,0,unknown
331316,773724,01/01/2023,12/31/2023,0.0,0.0,0.0,0.0,0.0,0.0,0.0,0,0,0,0,unknown
410009,773746,10/01/2022,09/30/2023,0.0,0.0,0.0,0.0,0.0,0.0,0.0,0,0,0,0,unknown
423031,773747,01/01/2023,12/31/2023,0.0,0.0,0.0,0.0,0.0,0.0,0.0,0,0,0,0,unknown
423034,773748,01/01/2023,12/31/2023,0.0,0.0,0.0,0.0,0.0,0.0,0.0,0,0,0,0,unknown
453302,773757,01/01/2023,12/31/2023,0.0,0.0,0.0,0.0,0.0,0.0,0.0,0,0,0,0,unknown
490088,773762,01/01/2023,12/31/2023,0.0,0.0,0.0,0.0,0.0,0.0,0.0,0,0,0,0,unknown
490090,773763,01/01/2023,12/31/2023,0.0,0.0,0.0,0.0,0.0,0.0,0.0,0,0,0,0,unknown
520100,773765,01/01/2023,12/31/2023,0.0,0.0,0.0,0.0,0.0,0.0,0.0,0,0,0,0,unknown
521325,773767,01/01/2023,12/31/2023,0.0,0.0,0.0,0.0,0.0,0.0,0.0,0,0,0,0,unknown
030108,773776,01/01/2023,12/31/2023,0.0,0.0,0.0,0.0,0.0,0.0,0.0,0,0,0,0,unknown
031302,773779,01/01/2023,12/31/2023,0.0,0.0,0.0,0.0,0.0,0.0,0.0,0,0,0,0,unknown
034023,773781,10/01/2022,09/30/2023,0.0,0.0,0.0,0.0,0.0,0.0,0.0,0,0,0,0,unknown
040036,773783,01/01/2023,12/31/2023,0.0,0.0,0.0,0.0,0.0,0.0,0.0,0,0,0,0,unknown
043033,773787,01/01/2023,12/31/2023,0.0,0.0,0.0,0.0,0.0,0.0,0.0,0,0,0,0,unknown
050071,773790,01/01/2023,12/31/2023,0.0,0.0,0.0,0.0,0.0,0.0,0.0,0,0,0,0,unknown
050510,773795,01/01/2023,12/31/2023,0.0,0.0,0.0,0.0,0.0,0.0,0.0,0,0,0,0,unknown
050710,773799,01/01/2023,12/31/2023,0.0,0.0,0.0,0.0,0.0,0.0,0.0,0,0,0,0,unknown
063033,773802,01/01/2023,12/31/2023,0.0,0.0,0.0,0.0,0.0,0.0,0.0,0,0,0,0,unknown
103031,773805,01/01/2023,12/31/2023,0.0,0.0,0.0,0.0,0.0,0.0,0.0,0,0,0,0,unknown
103032,773806,01/01/2023,12/31/2023,0.0,0.0,0.0,0.0,0.0,0.0,0.0,0,0,0,0,unknown
103054,773814,01/01/2023,12/31/2023,0.0,0.0,0.0,0.0,0.0,0.0,0.0,0,0,0,0,unknown
153046,773819,01/01/2023,12/31/2023,0.0,0.0,0.0,0.0,0.0,0.0,0.0,0,0,0,0,unknown
190053,773832,12/01/2022,11/30/2023,0.0,0.0,0.0,0.0,0.0,0.0,0.0,0,0,0,0,unknown
190303,773834,01/01/2023,12/31/2023,0.0,0.0,0.0,0.0,0.0,0.0,0.0,0,0,0,0,unknown
241346,773844,01/01/2023,12/31/2023,0.0,0.0,0.0,0.0,0.0,0.0,0.0,0,0,0,0,unknown
260105,773849,01/01/2023,12/31/2023,0.0,0.0,0.0,0.0,0.0,0.0,0.0,0,0,0,0,unknown
310031,773853,01/01/2023,12/31/2023,0.0,0.0,0.0,0.0,0.0,0.0,0.0,0,0,0,0,unknown
310075,773856,01/01/2023,12/31/2023,0.0,0.0,0.0,0.0,0.0,0.0,0.0,0,0,0,0,unknown
310115,773858,01/01/2023,12/31/2023,0.0,0.0,0.0,0.0,0.0,0.0,0.0,0,0,0,0,unknown
320091,773860,01/01/2023,12/31/2023,0.0,0.0,0.0,0.0,0.0,0.0,0.0,0,0,0,0,unknown
393055,773876,01/01/2023,12/31/2023,0.0,0.0,0.0,0.0,0.0,0.0,0.0,0,0,0,0,unknown
394053,773877,01/01/2023,12/31/2023,0.0,0.0,0.0,0.0,0.0,0.0,0.0,0,0,0,0,unknown
431319,773883,01/01/2023,12/31/2023,0.0,0.0,0.0,0.0,0.0,0.0,0.0,0,0,0,0,unknown
501304,773907,01/01/2023,12/31/2023,0.0,0.0,0.0,0.0,0.0,0.0,0.0,0,0,0,0,unknown
501311,773908,01/01/2023,12/31/2023,0.0,0.0,0.0,0.0,0.0,0.0,0.0,0,0,0,0,unknown
520210,773911,01/01/2023,12/31/2023,0.0,0.0,0.0,0.0,0.0,0.0,0.0,0,0,0,0,unknown
670077,773913,01/01/2023,12/31/2023,0.0,0.0,0.0,0.0,0.0,0.0,0.0,0,0,0,0,unknown
673031,773914,01/01/2023,12/31/2023,0.0,0.0,0.0,0.0,0.0,0.0,0.0,0,0,0,0,unknown
673052,773915,01/01/2023,12/31/2023,0.0,0.0,0.0,0.0,0.0,0.0,0.0,0,0,0,0,unknown
673054,773916,01/01/2023,12/31/2023,0.0,0.0,0.0,0.0,0.0,0.0,0.0,0,0,0,0,unknown
673059,773917,01/01/2023,12/31/2023,0.0,0.0,0.0,0.0,0.0,0.0,0.0,0,0,0,0,unknown
030088,773921,01/01/2023,12/31/2023,0.0,0.0,0.0,0.0,0.0,0.0,0.0,0,0,0,0,unknown
050775,773928,01/01/2023,12/31/2023,0.0,0.0,0.0,0.0,0.0,0.0,0.0,0,0,0,0,unknown
051332,773929,01/01/2023,12/31/2023,0.0,0.0,0.0,0.0,0.0,0.0,0.0,0,0,0,0,unknown
090001,773940,01/01/2023,12/31/2023,0.0,0.0,0.0,0.0,0.0,0.0,0.0,0,0,0,0,unknown
110100,773948,01/01/2023,12/31/2023,0.0,0.0,0.0,0.0,0.0,0.0,0.0,0,0,0,0,unknown
111316,773950,01/01/2023,12/31/2023,0.0,0.0,0.0,0.0,0.0,0.0,0.0,0,0,0,0,unknown
111336,773952,01/01/2023,12/31/2023,0.0,0.0,0.0,0.0,0.0,0.0,0.0,0,0,0,0,unknown
121305,773953,01/01/2023,12/31/2023,0.0,0.0,0.0,0.0,0.0,0.0,0.0,0,0,0,0,unknown
121308,773954,01/01/2023,12/31/2023,0.0,0.0,0.0,0.0,0.0,0.0,0.0,0,0,0,0,unknown
131316,773955,01/01/2023,12/31/2023,0.0,0.0,0.0,0.0,0.0,0.0,0.0,0,0,0,0,unknown
150069,773974,01/01/2023,12/31/2023,0.0,0.0,0.0,0.0,0.0,0.0,0.0,0,0,0,0,unknown
150091,773975,01/01/2023,12/31/2023,0.0,0.0,0.0,0.0,0.0,0.0,0.0,0,0,0,0,unknown
150146,773976,01/01/2023,12/31/2023,0.0,0.0,0.0,0.0,0.0,0.0,0.0,0,0,0,0,unknown
241317,774010,01/01/2023,12/31/2023,0.0,0.0,0.0,0.0,0.0,0.0,0.0,0,0,0,0,unknown
241325,774012,01/01/2023,12/31/2023,0.0,0.0,0.0,0.0,0.0,0.0,0.0,0,0,0,0,unknown
241347,774014,01/01/2023,12/31/2023,0.0,0.0,0.0,0.0,0.0,0.0,0.0,0,0,0,0,unknown
241371,774015,01/01/2023,12/31/2023,0.0,0.0,0.0,0.0,0.0,0.0,0.0,0,0,0,0,unknown
241381,774016,01/01/2023,12/31/2023,0.0,0.0,0.0,0.0,0.0,0.0,0.0,0,0,0,0,unknown
263304,774025,01/01/2023,12/31/2023,0.0,0.0,0.0,0.0,0.0,0.0,0.0,0,0,0,0,unknown
300011,774029,01/01/2023,12/31/2023,0.0,0.0,0.0,0.0,0.0,0.0,0.0,0,0,0,0,unknown
310024,774031,01/01/2023,12/31/2023,0.0,0.0,0.0,0.0,0.0,0.0,0.0,0,0,0,0,unknown
310041,774033,01/01/2023,12/31/2023,0.0,0.0,0.0,0.0,0.0,0.0,0.0,0,0,0,0,unknown
331315,774040,01/01/2023,12/31/2023,0.0,0.0,0.0,0.0,0.0,0.0,0.0,0,0,0,0,unknown
423029,774054,01/01/2023,12/31/2023,0.0,0.0,0.0,0.0,0.0,0.0,0.0,0,0,0,0,unknown
500014,774075,01/01/2023,12/31/2023,0.0,0.0,0.0,0.0,0.0,0.0,0.0,0,0,0,0,unknown
520215,774078,01/01/2023,12/31/2023,0.0,0.0,0.0,0.0,0.0,0.0,0.0,0,0,0,0,unknown
521333,774080,01/01/2023,12/31/2023,0.0,0.0,0.0,0.0,0.0,0.0,0.0,0,0,0,0,unknown
673048,774082,01/01/2023,12/31/2023,0.0,0.0,0.0,0.0,0.0,0.0,0.0,0,0,0,0,unknown
673062,774083,01/01/2023,12/31/2023,0.0,0.0,0.0,0.0,0.0,0.0,0.0,0,0,0,0,unknown
030131,774089,01/01/2023,12/31/2023,0.0,0.0,0.0,0.0,0.0,0.0,0.0,0,0,0,0,unknown
051315,774097,01/01/2023,12/31/2023,0.0,0.0,0.0,0.0,0.0,0.0,0.0,0,0,0,0,unknown
103053,774108,01/01/2023,12/31/2023,0.0,0.0,0.0,0.0,0.0,0.0,0.0,0,0,0,0,unknown
111314,774111,01/01/2023,12/31/2023,0.0,0.0,0.0,0.0,0.0,0.0,0.0,0,0,0,0,unknown
141327,774117,01/01/2023,12/31/2023,0.0,0.0,0.0,0.0,0.0,0.0,0.0,0,0,0,0,unknown
143029,774118,01/01/2023,12/31/2023,0.0,0.0,0.0,0.0,0.0,0.0,0.0,0,0,0,0,unknown
150101,774120,01/01/2023,12/31/2023,0.0,0.0,0.0,0.0,0.0,0.0,0.0,0,0,0,0,unknown
150160,774121,01/01/2023,12/31/2023,0.0,0.0,0.0,0.0,0.0,0.0,0.0,0,0,0,0,unknown
271319,774149,11/01/2022,10/31/2023,0.0,0.0,0.0,0.0,0.0,0.0,0.0,0,0,0,0,unknown
280065,774152,01/01/2023,12/31/2023,0.0,0.0,0.0,0.0,0.0,0.0,0.0,0,0,0,0,unknown
314019,774161,01/01/2023,12/31/2023,0.0,0.0,0.0,0.0,0.0,0.0,0.0,0,0,0,0,unknown
360091,774171,01/01/2023,12/31/2023,0.0,0.0,0.0,0.0,0.0,0.0,0.0,0,0,0,0,unknown
380022,774183,01/01/2023,12/31/2023,0.0,0.0,0.0,0.0,0.0,0.0,0.0,0,0,0,0,unknown
381302,774184,01/01/2023,12/31/2023,0.0,0.0,0.0,0.0,0.0,0.0,0.0,0,0,0,0,unknown
381314,774185,01/01/2023,12/31/2023,0.0,0.0,0.0,0.0,0.0,0.0,0.0,0,0,0,0,unknown
381323,774186,01/01/2023,12/31/2023,0.0,0.0,0.0,0.0,0.0,0.0,0.0,0,0,0,0,unknown
463027,774199,01/01/2023,12/31/2023,0.0,0.0,0.0,0.0,0.0,0.0,0.0,0,0,0,0,unknown
501330,774208,01/01/2023,12/31/2023,0.0,0.0,0.0,0.0,0.0,0.0,0.0,0,0,0,0,unknown
670132,774215,10/01/2022,09/30/2023,0.0,0.0,0.0,0.0,0.0,0.0,0.0,0,0,0,0,unknown
043026,774227,01/01/2023,12/31/2023,0.0,0.0,0.0,0.0,0.0,0.0,0.0,0,0,0,0,unknown
050103,774231,01/01/2023,12/31/2023,0.0,0.0,0.0,0.0,0.0,0.0,0.0,0,0,0,0,unknown
050512,774236,01/01/2023,12/31/2023,0.0,0.0,0.0,0.0,0.0,0.0,0.0,0,0,0,0,unknown
060071,774242,01/01/2023,12/31/2023,0.0,0.0,0.0,0.0,0.0,0.0,0.0,0,0,0,0,unknown
103052,774253,01/01/2023,12/31/2023,0.0,0.0,0.0,0.0,0.0,0.0,0.0,0,0,0,0,unknown
113300,774257,01/01/2023,12/31/2023,0.0,0.0,0.0,0.0,0.0,0.0,0.0,0,0,0,0,unknown
114036,774258,01/01/2023,12/31/2023,0.0,0.0,0.0,0.0,0.0,0.0,0.0,0,0,0,0,unknown
141320,774262,01/01/2023,12/31/2023,0.0,0.0,0.0,0.0,0.0,0.0,0.0,0,0,0,0,unknown
154051,774264,01/01/2023,12/31/2023,0.0,0.0,0.0,0.0,0.0,0.0,0.0,0,0,0,0,unknown
230075,774278,01/01/2023,12/31/2023,0.0,0.0,0.0,0.0,0.0,0.0,0.0,0,0,0,0,unknown
240047,774279,01/01/2023,12/31/2023,0.0,0.0,0.0,0.0,0.0,0.0,0.0,0,0,0,0,unknown
241361,774281,01/01/2023,12/31/2023,0.0,0.0,0.0,0.0,0.0,0.0,0.0,0,0,0,0,unknown
294011,774295,01/01/2023,12/31/2023,0.0,0.0,0.0,0.0,0.0,0.0,0.0,0,0,0,0,unknown
310006,774298,01/01/2023,12/31/2023,0.0,0.0,0.0,0.0,0.0,0.0,0.0,0,0,0,0,unknown
330125,774306,01/01/2023,12/31/2023,0.0,0.0,0.0,0.0,0.0,0.0,0.0,0,0,0,0,unknown
330169,774308,01/01/2023,12/31/2023,0.0,0.0,0.0,0.0,0.0,0.0,0.0,0,0,0,0,unknown
353026,774313,01/01/2023,12/31/2023,0.0,0.0,0.0,0.0,0.0,0.0,0.0,0,0,0,0,unknown
370210,774314,01/01/2023,12/31/2023,0.0,0.0,0.0,0.0,0.0,0.0,0.0,0,0,0,0,unknown
374023,774316,01/01/2023,12/31/2023,0.0,0.0,0.0,0.0,0.0,0.0,0.0,0,0,0,0,unknown
400134,774317,01/01/2023,12/31/2023,0.0,0.0,0.0,0.0,0.0,0.0,0.0,0,0,0,0,unknown
431313,774319,01/01/2023,12/31/2023,0.0,0.0,0.0,0.0,0.0,0.0,0.0,0,0,0,0,unknown
440007,774322,01/01/2023,12/31/2023,0.0,0.0,0.0,0.0,0.0,0.0,0.0,0,0,0,0,unknown
450379,774330,01/01/2023,12/31/2023,0.0,0.0,0.0,0.0,0.0,0.0,0.0,0,0,0,0,unknown
451382,774333,01/01/2023,12/31/2023,0.0,0.0,0.0,0.0,0.0,0.0,0.0,0,0,0,0,unknown
464014,774338,01/01/2023,12/31/2023,0.0,0.0,0.0,0.0,0.0,0.0,0.0,0,0,0,0,unknown
490021,774339,01/01/2023,12/31/2023,0.0,0.0,0.0,0.0,0.0,0.0,0.0,0,0,0,0,unknown
490022,774340,01/01/2023,12/31/2023,0.0,0.0,0.0,0.0,0.0,0.0,0.0,0,0,0,0,unknown
490101,774343,01/01/2023,12/31/2023,0.0,0.0,0.0,0.0,0.0,0.0,0.0,0,0,0,0,unknown
490140,774345,01/01/2023,12/31/2023,0.0,0.0,0.0,0.0,0.0,0.0,0.0,0,0,0,0,unknown
523027,774349,01/01/2023,12/31/2023,0.0,0.0,0.0,0.0,0.0,0.0,0.0,0,0,0,0,unknown
670309,774351,01/01/2023,12/31/2023,0.0,0.0,0.0,0.0,0.0,0.0,0.0,0,0,0,0,unknown
673025,774352,01/01/2023,12/31/2023,0.0,0.0,0.0,0.0,0.0,0.0,0.0,0,0,0,0,unknown
010139,774354,01/01/2023,12/31/2023,0.0,0.0,0.0,0.0,0.0,0.0,0.0,0,0,0,0,unknown
030089,774356,01/01/2023,12/31/2023,0.0,0.0,0.0,0.0,0.0,0.0,0.0,0,0,0,0,unknown
030115,774357,01/01/2023,12/31/2023,0.0,0.0,0.0,0.0,0.0,0.0,0.0,0,0,0,0,unknown
031301,774359,01/01/2023,12/31/2023,0.0,0.0,0.0,0.0,0.0,0.0,0.0,0,0,0,0,unknown
040076,774361,01/01/2023,12/31/2023,0.0,0.0,0.0,0.0,0.0,0.0,0.0,0,0,0,0,unknown
041321,774362,01/01/2023,12/31/2023,0.0,0.0,0.0,0.0,0.0,0.0,0.0,0,0,0,0,unknown
050145,774364,01/01/2023,12/31/2023,0.0,0.0,0.0,0.0,0.0,0.0,0.0,0,0,0,0,unknown
050152,774365,01/01/2023,12/31/2023,0.0,0.0,0.0,0.0,0.0,0.0,0.0,0,0,0,0,unknown
050231,774366,01/01/2023,12/31/2023,0.0,0.0,0.0,0.0,0.0,0.0,0.0,0,0,0,0,unknown
050597,774370,01/01/2023,12/31/2023,0.0,0.0,0.0,0.0,0.0,0.0,0.0,0,0,0,0,unknown
053041,774372,01/01/2023,12/31/2023,0.0,0.0,0.0,0.0,0.0,0.0,0.0,0,0,0,0,unknown
060103,774374,01/01/2023,12/31/2023,0.0,0.0,0.0,0.0,0.0,0.0,0.0,0,0,0,0,unknown
100068,774379,01/01/2023,12/31/2023,0.0,0.0,0.0,0.0,0.0,0.0,0.0,0,0,0,0,unknown
100258,774384,01/01/2023,12/31/2023,0.0,0.0,0.0,0.0,0.0,0.0,0.0,0,0,0,0,unknown
190270,774398,01/01/2023,12/31/2023,0.0,0.0,0.0,0.0,0.0,0.0,0.0,0,0,0,0,unknown
230269,774401,01/01/2023,12/31/2023,0.0,0.0,0.0,0.0,0.0,0.0,0.0,0,0,0,0,unknown
251322,774409,01/01/2023,12/31/2023,0.0,0.0,0.0,0.0,0.0,0.0,0.0,0,0,0,0,unknown
330224,774423,01/01/2023,12/31/2023,0.0,0.0,0.0,0.0,0.0,0.0,0.0,0,0,0,0,unknown
332006,774426,01/01/2023,12/31/2023,0.0,0.0,0.0,0.0,0.0,0.0,0.0,0,0,0,0,unknown
390041,774433,01/01/2023,12/31/2023,0.0,0.0,0.0,0.0,0.0,0.0,0.0,0,0,0,0,unknown
440218,774442,01/01/2023,12/31/2023,0.0,0.0,0.0,0.0,0.0,0.0,0.0,0,0,0,0,unknown
443034,774446,01/01/2023,12/31/2023,0.0,0.0,0.0,0.0,0.0,0.0,0.0,0,0,0,0,unknown
450709,774450,01/01/2023,12/31/2023,0.0,0.0,0.0,0.0,0.0,0.0,0.0,0,0,0,0,unknown
450875,774451,01/01/2023,12/31/2023,0.0,0.0,0.0,0.0,0.0,0.0,0.0,0,0,0,0,unknown
451308,774453,01/01/2023,12/31/2023,0.0,0.0,0.0,0.0,0.0,0.0,0.0,0,0,0,0,unknown
454136,774458,01/01/2023,12/31/2023,0.0,0.0,0.0,0.0,0.0,0.0,0.0,0,0,0,0,unknown
491300,774460,01/01/2023,12/31/2023,0.0,0.0,0.0,0.0,0.0,0.0,0.0,0,0,0,0,unknown
491305,774461,01/01/2023,12/31/2023,0.0,0.0,0.0,0.0,0.0,0.0,0.0,0,0,0,0,unknown
491307,774462,01/01/2023,12/31/2023,0.0,0.0,0.0,0.0,0.0,0.0,0.0,0,0,0,0,unknown
493028,774463,01/01/2023,12/31/2023,0.0,0.0,0.0,0.0,0.0,0.0,0.0,0,0,0,0,unknown
513026,774466,01/01/2023,12/31/2023,0.0,0.0,0.0,0.0,0.0,0.0,0.0,0,0,0,0,unknown
513028,774467,01/01/2023,12/31/2023,0.0,0.0,0.0,0.0,0.0,0.0,0.0,0,0,0,0,unknown
670069,774473,01/01/2023,12/31/2023,0.0,0.0,0.0,0.0,0.0,0.0,0.0,0,0,0,0,unknown
030112,774482,01/01/2023,12/31/2023,0.0,0.0,0.0,0.0,0.0,0.0,0.0,0,0,0,0,unknown
050701,774489,01/01/2023,12/31/2023,0.0,0.0,0.0,0.0,0.0,0.0,0.0,0,0,0,0,unknown
054078,774494,01/01/2023,12/31/2023,0.0,0.0,0.0,0.0,0.0,0.0,0.0,0,0,0,0,unknown
063037,774497,01/01/2023,12/31/2023,0.0,0.0,0.0,0.0,0.0,0.0,0.0,0,0,0,0,unknown
100299,774509,01/01/2023,12/31/2023,0.0,0.0,0.0,0.0,0.0,0.0,0.0,0,0,0,0,unknown
131320,774512,01/01/2023,12/31/2023,0.0,0.0,0.0,0.0,0.0,0.0,0.0,0,0,0,0,unknown
160045,774524,01/01/2023,12/31/2023,0.0,0.0,0.0,0.0,0.0,0.0,0.0,0,0,0,0,unknown
170104,774527,01/01/2023,12/31/2023,0.0,0.0,0.0,0.0,0.0,0.0,0.0,0,0,0,0,unknown
180045,774528,01/01/2023,12/31/2023,0.0,0.0,0.0,0.0,0.0,0.0,0.0,0,0,0,0,unknown
181311,774531,01/01/2023,12/31/2023,0.0,0.0,0.0,0.0,0.0,0.0,0.0,0,0,0,0,unknown
183030,774535,01/01/2023,12/31/2023,0.0,0.0,0.0,0.0,0.0,0.0,0.0,0,0,0,0,unknown
194091,774541,01/01/2023,12/31/2023,0.0,0.0,0.0,0.0,0.0,0.0,0.0,0,0,0,0,unknown
200034,774543,01/01/2023,12/31/2023,0.0,0.0,0.0,0.0,0.0,0.0,0.0,0,0,0,0,unknown
230020,774544,01/01/2023,12/31/2023,0.0,0.0,0.0,0.0,0.0,0.0,0.0,0,0,0,0,unknown
230151,774546,01/01/2023,12/31/2023,0.0,0.0,0.0,0.0,0.0,0.0,0.0,0,0,0,0,unknown
240066,774555,01/01/2023,12/31/2023,0.0,0.0,0.0,0.0,0.0,0.0,0.0,0,0,0,0,unknown
240100,774557,01/01/2023,12/31/2023,0.0,0.0,0.0,0.0,0.0,0.0,0.0,0,0,0,0,unknown
241378,774558,01/01/2023,12/31/2023,0.0,0.0,0.0,0.0,0.0,0.0,0.0,0,0,0,0,unknown
250027,774559,01/01/2023,12/31/2023,0.0,0.0,0.0,0.0,0.0,0.0,0.0,0,0,0,0,unknown
251317,774561,01/01/2023,12/31/2023,0.0,0.0,0.0,0.0,0.0,0.0,0.0,0,0,0,0,unknown
310074,774569,01/01/2023,12/31/2023,0.0,0.0,0.0,0.0,0.0,0.0,0.0,0,0,0,0,unknown
330115,774573,01/01/2023,12/31/2023,0.0,0.0,0.0,0.0,0.0,0.0,0.0,0,0,0,0,unknown
331319,774575,01/01/2023,12/31/2023,0.0,0.0,0.0,0.0,0.0,0.0,0.0,0,0,0,0,unknown
341325,774577,01/01/2023,12/31/2023,0.0,0.0,0.0,0.0,0.0,0.0,0.0,0,0,0,0,unknown
360036,774580,01/01/2023,12/31/2023,0.0,0.0,0.0,0.0,0.0,0.0,0.0,0,0,0,0,unknown
360259,774588,01/01/2023,12/31/2023,0.0,0.0,0.0,0.0,0.0,0.0,0.0,0,0,0,0,unknown
360364,774589,01/01/2023,12/31/2023,0.0,0.0,0.0,0.0,0.0,0.0,0.0,0,0,0,0,unknown
361306,774590,01/01/2023,12/31/2023,0.0,0.0,0.0,0.0,0.0,0.0,0.0,0,0,0,0,unknown
361326,774592,01/01/2023,12/31/2023,0.0,0.0,0.0,0.0,0.0,0.0,0.0,0,0,0,0,unknown
361328,774593,01/01/2023,12/31/2023,0.0,0.0,0.0,0.0,0.0,0.0,0.0,0,0,0,0,unknown
363045,774594,03/01/2023,12/31/2023,0.0,0.0,0.0,0.0,0.0,0.0,0.0,0,0,0,0,unknown
413025,774602,01/01/2023,12/31/2023,0.0,0.0,0.0,0.0,0.0,0.0,0.0,0,0,0,0,unknown
423300,774603,01/01/2023,12/31/2023,0.0,0.0,0.0,0.0,0.0,0.0,0.0,0,0,0,0,unknown
443037,774610,01/01/2023,12/31/2023,0.0,0.0,0.0,0.0,0.0,0.0,0.0,0,0,0,0,unknown
443038,774611,01/01/2023,12/31/2023,0.0,0.0,0.0,0.0,0.0,0.0,0.0,0,0,0,0,unknown
450358,774618,01/01/2023,12/31/2023,0.0,0.0,0.0,0.0,0.0,0.0,0.0,0,0,0,0,unknown
450874,774621,01/01/2023,12/31/2023,0.0,0.0,0.0,0.0,0.0,0.0,0.0,0,0,0,0,unknown
451304,774622,01/01/2023,12/31/2023,0.0,0.0,0.0,0.0,0.0,0.0,0.0,0,0,0,0,unknown
474001,774627,01/01/2023,12/31/2023,0.0,0.0,0.0,0.0,0.0,0.0,0.0,0,0,0,0,unknown
510006,774628,01/01/2023,12/31/2023,0.0,0.0,0.0,0.0,0.0,0.0,0.0,0,0,0,0,unknown
510008,774629,01/01/2023,12/31/2023,0.0,0.0,0.0,0.0,0.0,0.0,0.0,0,0,0,0,unknown
510072,774631,01/01/2023,12/31/2023,0.0,0.0,0.0,0.0,0.0,0.0,0.0,0,0,0,0,unknown
511309,774633,01/01/2023,12/31/2023,0.0,0.0,0.0,0.0,0.0,0.0,0.0,0,0,0,0,unknown
511311,774634,01/01/2023,12/31/2023,0.0,0.0,0.0,0.0,0.0,0.0,0.0,0,0,0,0,unknown
520095,774642,01/01/2023,12/31/2023,0.0,0.0,0.0,0.0,0.0,0.0,0.0,0,0,0,0,unknown
521323,774644,01/01/2023,12/31/2023,0.0,0.0,0.0,0.0,0.0,0.0,0.0,0,0,0,0,unknown
523028,774646,01/01/2023,12/31/2023,0.0,0.0,0.0,0.0,0.0,0.0,0.0,0,0,0,0,unknown
670067,774647,01/01/2023,12/31/2023,0.0,0.0,0.0,0.0,0.0,0.0,0.0,0,0,0,0,unknown
670122,774648,01/01/2023,12/31/2023,0.0,0.0,0.0,0.0,0.0,0.0,0.0,0,0,0,0,unknown
030002,774650,01/01/2023,12/31/2023,0.0,0.0,0.0,0.0,0.0,0.0,0.0,0,0,0,0,unknown
043037,774652,01/01/2023,12/31/2023,0.0,0.0,0.0,0.0,0.0,0.0,0.0,0,0,0,0,unknown
061323,774667,01/01/2023,12/31/2023,0.0,0.0,0.0,0.0,0.0,0.0,0.0,0,0,0,0,unknown
100118,774672,01/01/2023,12/31/2023,0.0,0.0,0.0,0.0,0.0,0.0,0.0,0,0,0,0,unknown
103304,774674,01/01/2023,12/31/2023,0.0,0.0,0.0,0.0,0.0,0.0,0.0,0,0,0,0,unknown
104073,774675,11/01/2022,10/31/2023,0.0,0.0,0.0,0.0,0.0,0.0,0.0,0,0,0,0,unknown
150005,774694,01/01/2023,12/31/2023,0.0,0.0,0.0,0.0,0.0,0.0,0.0,0,0,0,0,unknown
150056,774698,01/01/2023,12/31/2023,0.0,0.0,0.0,0.0,0.0,0.0,0.0,0,0,0,0,unknown
153043,774706,01/01/2023,12/31/2023,0.0,0.0,0.0,0.0,0.0,0.0,0.0,0,0,0,0,unknown
153044,774707,01/01/2023,12/31/2023,0.0,0.0,0.0,0.0,0.0,0.0,0.0,0,0,0,0,unknown
160001,774708,01/01/2023,12/31/2023,0.0,0.0,0.0,0.0,0.0,0.0,0.0,0,0,0,0,unknown
190081,774714,01/01/2023,12/28/2023,0.0,0.0,0.0,0.0,0.0,0.0,0.0,0,0,0,0,unknown
190266,774715,01/01/2023,12/31/2023,0.0,0.0,0.0,0.0,0.0,0.0,0.0,0,0,0,0,unknown
200001,774719,01/01/2023,12/31/2023,0.0,0.0,0.0,0.0,0.0,0.0,0.0,0,0,0,0,unknown
240030,774727,01/01/2023,12/31/2023,0.0,0.0,0.0,0.0,0.0,0.0,0.0,0,0,0,0,unknown
240053,774728,01/01/2023,12/31/2023,0.0,0.0,0.0,0.0,0.0,0.0,0.0,0,0,0,0,unknown
240056,774729,01/01/2023,12/31/2023,0.0,0.0,0.0,0.0,0.0,0.0,0.0,0,0,0,0,unknown
241328,774731,01/01/2023,12/31/2023,0.0,0.0,0.0,0.0,0.0,0.0,0.0,0,0,0,0,unknown
241367,774733,01/01/2023,12/31/2023,0.0,0.0,0.0,0.0,0.0,0.0,0.0,0,0,0,0,unknown
263301,774740,01/01/2023,12/31/2023,0.0,0.0,0.0,0.0,0.0,0.0,0.0,0,0,0,0,unknown
310002,774747,01/01/2023,12/31/2023,0.0,0.0,0.0,0.0,0.0,0.0,0.0,0,0,0,0,unknown
330014,774756,01/01/2023,12/31/2023,0.0,0.0,0.0,0.0,0.0,0.0,0.0,0,0,0,0,unknown
330024,774757,01/01/2023,12/31/2023,0.0,0.0,0.0,0.0,0.0,0.0,0.0,0,0,0,0,unknown
330030,774758,01/01/2023,12/31/2023,0.0,0.0,0.0,0.0,0.0,0.0,0.0,0,0,0,0,unknown
330044,774759,01/01/2023,12/31/2023,0.0,0.0,0.0,0.0,0.0,0.0,0.0,0,0,0,0,unknown
330265,774761,01/01/2023,12/31/2023,0.0,0.0,0.0,0.0,0.0,0.0,0.0,0,0,0,0,unknown
330399,774762,01/01/2023,12/31/2023,0.0,0.0,0.0,0.0,0.0,0.0,0.0,0,0,0,0,unknown
450820,774794,01/01/2023,12/31/2023,0.0,0.0,0.0,0.0,0.0,0.0,0.0,0,0,0,0,unknown
521308,774800,01/01/2023,12/31/2023,0.0,0.0,0.0,0.0,0.0,0.0,0.0,0,0,0,0,unknown
524017,774802,01/01/2023,12/31/2023,0.0,0.0,0.0,0.0,0.0,0.0,0.0,0,0,0,0,unknown
673035,774804,01/01/2023,12/31/2023,0.0,0.0,0.0,0.0,0.0,0.0,0.0,0,0,0,0,unknown
673068,774805,01/01/2023,12/31/2023,0.0,0.0,0.0,0.0,0.0,0.0,0.0,0,0,0,0,unknown
013300,774807,01/01/2023,12/31/2023,0.0,0.0,0.0,0.0,0.0,0.0,0.0,0,0,0,0,unknown
030006,774808,01/01/2023,12/31/2023,0.0,0.0,0.0,0.0,0.0,0.0,0.0,0,0,0,0,unknown
040002,774811,01/01/2023,12/31/2023,0.0,0.0,0.0,0.0,0.0,0.0,0.0,0,0,0,0,unknown
040029,774814,01/01/2023,12/31/2023,0.0,0.0,0.0,0.0,0.0,0.0,0.0,0,0,0,0,unknown
050278,774819,01/01/2023,12/31/2023,0.0,0.0,0.0,0.0,0.0,0.0,0.0,0,0,0,0,unknown
050329,774821,01/01/2023,12/31/2023,0.0,0.0,0.0,0.0,0.0,0.0,0.0,0,0,0,0,unknown
050353,774822,01/01/2023,12/31/2023,0.0,0.0,0.0,0.0,0.0,0.0,0.0,0,0,0,0,unknown
050496,774825,01/01/2023,12/31/2023,0.0,0.0,0.0,0.0,0.0,0.0,0.0,0,0,0,0,unknown
052047,774827,01/01/2023,12/31/2023,0.0,0.0,0.0,0.0,0.0,0.0,0.0,0,0,0,0,unknown
060001,774828,01/01/2023,12/31/2023,0.0,0.0,0.0,0.0,0.0,0.0,0.0,0,0,0,0,unknown
061312,774832,01/01/2023,12/31/2023,0.0,0.0,0.0,0.0,0.0,0.0,0.0,0,0,0,0,unknown
101300,774837,01/01/2023,12/31/2023,0.0,0.0,0.0,0.0,0.0,0.0,0.0,0,0,0,0,unknown
111310,774839,01/01/2023,12/31/2023,0.0,0.0,0.0,0.0,0.0,0.0,0.0,0,0,0,0,unknown
131317,774843,01/01/2023,12/31/2023,0.0,0.0,0.0,0.0,0.0,0.0,0.0,0,0,0,0,unknown
131328,774844,01/01/2023,12/31/2023,0.0,0.0,0.0,0.0,0.0,0.0,0.0,0,0,0,0,unknown
140181,774862,01/01/2023,12/31/2023,0.0,0.0,0.0,0.0,0.0,0.0,0.0,0,0,0,0,unknown
150167,774876,01/01/2023,12/31/2023,0.0,0.0,0.0,0.0,0.0,0.0,0.0,0,0,0,0,unknown
161381,774879,01/01/2023,12/31/2023,0.0,0.0,0.0,0.0,0.0,0.0,0.0,0,0,0,0,unknown
170190,774882,01/01/2023,12/31/2023,0.0,0.0,0.0,0.0,0.0,0.0,0.0,0,0,0,0,unknown
210017,774894,01/01/2023,12/31/2023,0.0,0.0,0.0,0.0,0.0,0.0,0.0,0,0,0,0,unknown
240014,774903,01/01/2023,12/31/2023,0.0,0.0,0.0,0.0,0.0,0.0,0.0,0,0,0,0,unknown
263029,774914,01/01/2023,12/31/2023,0.0,0.0,0.0,0.0,0.0,0.0,0.0,0,0,0,0,unknown
263032,774915,01/01/2023,12/31/2023,0.0,0.0,0.0,0.0,0.0,0.0,0.0,0,0,0,0,unknown
264033,774917,01/01/2023,12/31/2023,0.0,0.0,0.0,0.0,0.0,0.0,0.0,0,0,0,0,unknown
280040,774918,01/01/2023,12/31/2023,0.0,0.0,0.0,0.0,0.0,0.0,0.0,0,0,0,0,unknown
290019,774923,01/01/2023,12/31/2023,0.0,0.0,0.0,0.0,0.0,0.0,0.0,0,0,0,0,unknown
310011,774924,01/01/2023,12/31/2023,0.0,0.0,0.0,0.0,0.0,0.0,0.0,0,0,0,0,unknown
310048,774926,01/01/2023,12/31/2023,0.0,0.0,0.0,0.0,0.0,0.0,0.0,0,0,0,0,unknown
310058,774927,01/01/2023,12/31/2023,0.0,0.0,0.0,0.0,0.0,0.0,0.0,0,0,0,0,unknown
314012,774929,01/01/2023,12/31/2023,0.0,0.0,0.0,0.0,0.0,0.0,0.0,0,0,0,0,unknown
323032,774932,01/01/2023,12/31/2023,0.0,0.0,0.0,0.0,0.0,0.0,0.0,0,0,0,0,unknown
330119,774935,01/01/2023,12/31/2023,0.0,0.0,0.0,0.0,0.0,0.0,0.0,0,0,0,0,unknown
330184,774936,01/01/2023,12/31/2023,0.0,0.0,0.0,0.0,0.0,0.0,0.0,0,0,0,0,unknown
330185,774937,01/01/2023,12/31/2023,0.0,0.0,0.0,0.0,0.0,0.0,0.0,0,0,0,0,unknown
330191,774938,01/01/2023,12/31/2023,0.0,0.0,0.0,0.0,0.0,0.0,0.0,0,0,0,0,unknown
330197,774939,01/01/2023,12/31/2023,0.0,0.0,0.0,0.0,0.0,0.0,0.0,0,0,0,0,unknown
330276,774941,01/01/2023,12/31/2023,0.0,0.0,0.0,0.0,0.0,0.0,0.0,0,0,0,0,unknown
330386,774942,01/01/2023,12/31/2023,0.0,0.0,0.0,0.0,0.0,0.0,0.0,0,0,0,0,unknown
330395,774944,01/01/2023,12/31/2023,0.0,0.0,0.0,0.0,0.0,0.0,0.0,0,0,0,0,unknown
331303,774948,01/01/2023,12/31/2023,0.0,0.0,0.0,0.0,0.0,0.0,0.0,0,0,0,0,unknown
331317,774950,01/01/2023,12/31/2023,0.0,0.0,0.0,0.0,0.0,0.0,0.0,0,0,0,0,unknown
394050,774963,01/01/2023,12/31/2023,0.0,0.0,0.0,0.0,0.0,0.0,0.0,0,0,0,0,unknown
451352,774977,01/01/2023,12/31/2023,0.0,0.0,0.0,0.0,0.0,0.0,0.0,0,0,0,0,unknown
454135,774978,01/01/2023,12/31/2023,0.0,0.0,0.0,0.0,0.0,0.0,0.0,0,0,0,0,unknown
500139,774989,01/01/2023,12/31/2023,0.0,0.0,0.0,0.0,0.0,0.0,0.0,0,0,0,0,unknown
500154,774990,01/01/2023,12/31/2023,0.0,0.0,0.0,0.0,0.0,0.0,0.0,0,0,0,0,unknown
501313,774991,01/01/2023,12/31/2023,0.0,0.0,0.0,0.0,0.0,0.0,0.0,0,0,0,0,unknown
501315,774992,01/01/2023,12/31/2023,0.0,0.0,0.0,0.0,0.0,0.0,0.0,0,0,0,0,unknown
501320,774993,01/01/2023,12/31/2023,0.0,0.0,0.0,0.0,0.0,0.0,0.0,0,0,0,0,unknown
501338,774995,01/01/2023,12/31/2023,0.0,0.0,0.0,0.0,0.0,0.0,0.0,0,0,0,0,unknown
503026,774997,01/01/2023,12/31/2023,0.0,0.0,0.0,0.0,0.0,0.0,0.0,0,0,0,0,unknown
521345,775004,01/01/2023,12/31/2023,0.0,0.0,0.0,0.0,0.0,0.0,0.0,0,0,0,0,unknown
521346,775005,01/01/2023,12/31/2023,0.0,0.0,0.0,0.0,0.0,0.0,0.0,0,0,0,0,unknown
521355,775006,01/01/2023,12/31/2023,0.0,0.0,0.0,0.0,0.0,0.0,0.0,0,0,0,0,unknown
673045,775010,01/01/2023,12/31/2023,0.0,0.0,0.0,0.0,0.0,0.0,0.0,0,0,0,0,unknown
673049,775011,01/01/2023,12/31/2023,0.0,0.0,0.0,0.0,0.0,0.0,0.0,0,0,0,0,unknown
033039,775015,01/01/2023,12/31/2023,0.0,0.0,0.0,0.0,0.0,0.0,0.0,0,0,0,0,unknown
033040,775016,01/01/2023,12/31/2023,0.0,0.0,0.0,0.0,0.0,0.0,0.0,0,0,0,0,unknown
040055,775017,01/01/2023,12/31/2023,0.0,0.0,0.0,0.0,0.0,0.0,0.0,0,0,0,0,unknown
040164,775019,06/09/2023,09/30/2023,0.0,0.0,0.0,0.0,0.0,0.0,0.0,0,0,0,0,unknown
103050,775040,01/01/2023,12/31/2023,0.0,0.0,0.0,0.0,0.0,0.0,0.0,0,0,0,0,unknown
190308,775060,01/01/2023,12/31/2023,0.0,0.0,0.0,0.0,0.0,0.0,0.0,0,0,0,0,unknown
193080,775064,01/01/2023,12/31/2023,0.0,0.0,0.0,0.0,0.0,0.0,0.0,0,0,0,0,unknown
221990,775068,01/01/2023,12/31/2023,0.0,0.0,0.0,0.0,0.0,0.0,0.0,0,0,0,0,unknown
230275,775071,01/01/2023,12/31/2023,0.0,0.0,0.0,0.0,0.0,0.0,0.0,0,0,0,0,unknown
240106,775076,01/01/2023,12/31/2023,0.0,0.0,0.0,0.0,0.0,0.0,0.0,0,0,0,0,unknown
293034,775084,01/01/2023,12/31/2023,0.0,0.0,0.0,0.0,0.0,0.0,0.0,0,0,0,0,unknown
310017,775085,01/01/2023,12/31/2023,0.0,0.0,0.0,0.0,0.0,0.0,0.0,0,0,0,0,unknown
310019,775086,01/01/2023,12/31/2023,0.0,0.0,0.0,0.0,0.0,0.0,0.0,0,0,0,0,unknown
310038,775088,01/01/2023,12/31/2023,0.0,0.0,0.0,0.0,0.0,0.0,0.0,0,0,0,0,unknown
330045,775090,01/01/2023,12/31/2023,0.0,0.0,0.0,0.0,0.0,0.0,0.0,0,0,0,0,unknown
330046,775091,01/01/2023,12/31/2023,0.0,0.0,0.0,0.0,0.0,0.0,0.0,0,0,0,0,unknown
330058,775092,01/01/2023,12/31/2023,0.0,0.0,0.0,0.0,0.0,0.0,0.0,0,0,0,0,unknown
330059,775093,01/01/2023,12/31/2023,0.0,0.0,0.0,0.0,0.0,0.0,0.0,0,0,0,0,unknown
330065,775094,01/01/2023,12/31/2023,0.0,0.0,0.0,0.0,0.0,0.0,0.0,0,0,0,0,unknown
331990,775096,01/01/2023,12/31/2023,0.0,0.0,0.0,0.0,0.0,0.0,0.0,0,0,0,0,unknown
360066,775101,01/01/2023,12/31/2023,0.0,0.0,0.0,0.0,0.0,0.0,0.0,0,0,0,0,unknown
360084,775103,01/01/2023,12/31/2023,0.0,0.0,0.0,0.0,0.0,0.0,0.0,0,0,0,0,unknown
360161,775105,01/01/2023,12/31/2023,0.0,0.0,0.0,0.0,0.0,0.0,0.0,0,0,0,0,unknown
360203,775109,01/01/2023,12/31/2023,0.0,0.0,0.0,0.0,0.0,0.0,0.0,0,0,0,0,unknown
363039,775116,01/01/2023,12/31/2023,0.0,0.0,0.0,0.0,0.0,0.0,0.0,0,0,0,0,unknown
364056,775117,01/01/2023,12/31/2023,0.0,0.0,0.0,0.0,0.0,0.0,0.0,0,0,0,0,unknown
372012,775121,01/01/2023,12/31/2023,0.0,0.0,0.0,0.0,0.0,0.0,0.0,0,0,0,0,unknown
380082,775123,01/01/2023,12/31/2023,0.0,0.0,0.0,0.0,0.0,0.0,0.0,0,0,0,0,unknown
400137,775128,02/13/2023,09/30/2023,0.0,0.0,0.0,0.0,0.0,0.0,0.0,0,0,0,0,unknown
410011,775129,01/01/2023,12/31/2023,0.0,0.0,0.0,0.0,0.0,0.0,0.0,0,0,0,0,unknown
451990,775133,01/01/2023,12/31/2023,0.0,0.0,0.0,0.0,0.0,0.0,0.0,0,0,0,0,unknown
453092,775134,01/01/2023,12/31/2023,0.0,0.0,0.0,0.0,0.0,0.0,0.0,0,0,0,0,unknown
454132,775135,01/01/2023,12/31/2023,0.0,0.0,0.0,0.0,0.0,0.0,0.0,0,0,0,0,unknown
490092,775140,01/01/2023,12/31/2023,0.0,0.0,0.0,0.0,0.0,0.0,0.0,0,0,0,0,unknown
500044,775146,01/01/2023,12/31/2023,0.0,0.0,0.0,0.0,0.0,0.0,0.0,0,0,0,0,unknown
500119,775147,01/01/2023,12/31/2023,0.0,0.0,0.0,0.0,0.0,0.0,0.0,0,0,0,0,unknown
501326,775148,01/01/2023,12/31/2023,0.0,0.0,0.0,0.0,0.0,0.0,0.0,0,0,0,0,unknown
521307,775149,01/01/2023,12/31/2023,0.0,0.0,0.0,0.0,0.0,0.0,0.0,0,0,0,0,unknown
524042,775150,01/01/2023,12/31/2023,0.0,0.0,0.0,0.0,0.0,0.0,0.0,0,0,0,0,unknown
673032,775152,01/01/2023,12/31/2023,0.0,0.0,0.0,0.0,0.0,0.0,0.0,0,0,0,0,unknown
673055,775153,01/01/2023,12/31/2023,0.0,0.0,0.0,0.0,0.0,0.0,0.0,0,0,0,0,unknown
033038,775162,01/01/2023,12/31/2023,0.0,0.0,0.0,0.0,0.0,0.0,0.0,0,0,0,0,unknown
041312,775164,01/01/2023,12/31/2023,0.0,0.0,0.0,0.0,0.0,0.0,0.0,0,0,0,0,unknown
042012,775165,01/01/2023,12/31/2023,0.0,0.0,0.0,0.0,0.0,0.0,0.0,0,0,0,0,unknown
050091,775166,01/01/2023,12/31/2023,0.0,0.0,0.0,0.0,0.0,0.0,0.0,0,0,0,0,unknown
050180,775169,01/01/2023,12/31/2023,0.0,0.0,0.0,0.0,0.0,0.0,0.0,0,0,0,0,unknown
050290,775171,01/01/2023,12/31/2023,0.0,0.0,0.0,0.0,0.0,0.0,0.0,0,0,0,0,unknown
050641,775175,01/01/2023,12/31/2023,0.0,0.0,0.0,0.0,0.0,0.0,0.0,0,0,0,0,unknown
050708,775176,01/01/2023,12/31/2023,0.0,0.0,0.0,0.0,0.0,0.0,0.0,0,0,0,0,unknown
050771,775177,01/01/2023,12/31/2023,0.0,0.0,0.0,0.0,0.0,0.0,0.0,0,0,0,0,unknown
052055,775179,01/01/2023,12/31/2023,0.0,0.0,0.0,0.0,0.0,0.0,0.0,0,0,0,0,unknown
054069,775180,01/01/2023,12/31/2023,0.0,0.0,0.0,0.0,0.0,0.0,0.0,0,0,0,0,unknown
054155,775183,01/01/2023,12/31/2023,0.0,0.0,0.0,0.0,0.0,0.0,0.0,0,0,0,0,unknown
061302,775187,01/01/2023,12/31/2023,0.0,0.0,0.0,0.0,0.0,0.0,0.0,0,0,0,0,unknown
100109,775190,01/01/2023,12/31/2023,0.0,0.0,0.0,0.0,0.0,0.0,0.0,0,0,0,0,unknown
100319,775191,01/01/2023,12/31/2023,0.0,0.0,0.0,0.0,0.0,0.0,0.0,0,0,0,0,unknown
102026,775192,01/01/2023,12/31/2023,0.0,0.0,0.0,0.0,0.0,0.0,0.0,0,0,0,0,unknown
150158,775202,01/01/2023,12/31/2023,0.0,0.0,0.0,0.0,0.0,0.0,0.0,0,0,0,0,unknown
150161,775203,01/01/2023,12/31/2023,0.0,0.0,0.0,0.0,0.0,0.0,0.0,0,0,0,0,unknown
151324,775208,01/01/2023,12/31/2023,0.0,0.0,0.0,0.0,0.0,0.0,0.0,0,0,0,0,unknown
151329,775209,01/01/2023,12/31/2023,0.0,0.0,0.0,0.0,0.0,0.0,0.0,0,0,0,0,unknown
153042,775210,01/01/2023,12/31/2023,0.0,0.0,0.0,0.0,0.0,0.0,0.0,0,0,0,0,unknown
153049,775211,01/01/2023,12/31/2023,0.0,0.0,0.0,0.0,0.0,0.0,0.0,0,0,0,0,unknown
191313,775217,01/01/2023,12/31/2023,0.0,0.0,0.0,0.0,0.0,0.0,0.0,0,0,0,0,unknown
192057,775218,01/01/2023,12/31/2023,0.0,0.0,0.0,0.0,0.0,0.0,0.0,0,0,0,0,unknown
231304,775227,01/01/2023,12/31/2023,0.0,0.0,0.0,0.0,0.0,0.0,0.0,0,0,0,0,unknown
260214,775234,01/01/2023,12/31/2023,0.0,0.0,0.0,0.0,0.0,0.0,0.0,0,0,0,0,unknown
294013,775236,01/01/2023,12/31/2023,0.0,0.0,0.0,0.0,0.0,0.0,0.0,0,0,0,0,unknown
310032,775238,01/01/2023,12/31/2023,0.0,0.0,0.0,0.0,0.0,0.0,0.0,0,0,0,0,unknown
330073,775240,01/01/2023,12/31/2023,0.0,0.0,0.0,0.0,0.0,0.0,0.0,0,0,0,0,unknown
330074,775241,01/01/2023,12/31/2023,0.0,0.0,0.0,0.0,0.0,0.0,0.0,0,0,0,0,unknown
330135,775242,01/01/2023,12/31/2023,0.0,0.0,0.0,0.0,0.0,0.0,0.0,0,0,0,0,unknown
330153,775243,01/01/2023,12/31/2023,0.0,0.0,0.0,0.0,0.0,0.0,0.0,0,0,0,0,unknown
370203,775252,01/01/2023,12/31/2023,0.0,0.0,0.0,0.0,0.0,0.0,0.0,0,0,0,0,unknown
370216,775253,01/01/2023,12/31/2023,0.0,0.0,0.0,0.0,0.0,0.0,0.0,0,0,0,0,unknown
370228,775254,01/01/2023,12/31/2023,0.0,0.0,0.0,0.0,0.0,0.0,0.0,0,0,0,0,unknown
380014,775255,01/01/2023,12/31/2023,0.0,0.0,0.0,0.0,0.0,0.0,0.0,0,0,0,0,unknown
393054,775257,01/01/2023,12/31/2023,0.0,0.0,0.0,0.0,0.0,0.0,0.0,0,0,0,0,unknown
450231,775267,01/01/2023,12/31/2023,0.0,0.0,0.0,0.0,0.0,0.0,0.0,0,0,0,0,unknown
503025,775284,01/01/2023,12/31/2023,0.0,0.0,0.0,0.0,0.0,0.0,0.0,0,0,0,0,unknown
511303,775285,01/01/2023,12/31/2023,0.0,0.0,0.0,0.0,0.0,0.0,0.0,0,0,0,0,unknown
673073,775288,03/01/2023,12/31/2023,0.0,0.0,0.0,0.0,0.0,0.0,0.0,0,0,0,0,unknown
010016,775289,01/01/2023,12/31/2023,0.0,0.0,0.0,0.0,0.0,0.0,0.0,0,0,0,0,unknown
010089,775294,01/01/2023,12/31/2023,0.0,0.0,0.0,0.0,0.0,0.0,0.0,0,0,0,0,unknown
010138,775300,01/01/2023,12/31/2023,0.0,0.0,0.0,0.0,0.0,0.0,0.0,0,0,0,0,unknown
010158,775302,01/01/2023,12/31/2023,0.0,0.0,0.0,0.0,0.0,0.0,0.0,0,0,0,0,unknown
010168,775303,01/01/2023,12/31/2023,0.0,0.0,0.0,0.0,0.0,0.0,0.0,0,0,0,0,unknown
011304,775305,01/01/2023,12/31/2023,0.0,0.0,0.0,0.0,0.0,0.0,0.0,0,0,0,0,unknown
030146,775309,01/01/2023,12/31/2023,0.0,0.0,0.0,0.0,0.0,0.0,0.0,0,0,0,0,unknown
030154,775311,01/19/2023,12/31/2023,0.0,0.0,0.0,0.0,0.0,0.0,0.0,0,0,0,0,unknown
050204,775316,01/01/2023,12/31/2023,0.0,0.0,0.0,0.0,0.0,0.0,0.0,0,0,0,0,unknown
060100,775320,01/01/2023,12/31/2023,0.0,0.0,0.0,0.0,0.0,0.0,0.0,0,0,0,0,unknown
061321,775321,01/01/2023,12/31/2023,0.0,0.0,0.0,0.0,0.0,0.0,0.0,0,0,0,0,unknown
110002,775331,01/01/2023,12/31/2023,0.0,0.0,0.0,0.0,0.0,0.0,0.0,0,0,0,0,unknown
110050,775337,01/01/2023,12/31/2023,0.0,0.0,0.0,0.0,0.0,0.0,0.0,0,0,0,0,unknown
111312,775349,01/01/2023,12/31/2023,0.0,0.0,0.0,0.0,0.0,0.0,0.0,0,0,0,0,unknown
113029,775352,01/01/2023,12/31/2023,0.0,0.0,0.0,0.0,0.0,0.0,0.0,0,0,0,0,unknown
172007,775367,01/01/2023,12/31/2023,0.0,0.0,0.0,0.0,0.0,0.0,0.0,0,0,0,0,unknown
180095,775371,01/01/2023,12/31/2023,0.0,0.0,0.0,0.0,0.0,0.0,0.0,0,0,0,0,unknown
181319,775373,01/01/2023,12/31/2023,0.0,0.0,0.0,0.0,0.0,0.0,0.0,0,0,0,0,unknown
181327,775374,01/01/2023,12/31/2023,0.0,0.0,0.0,0.0,0.0,0.0,0.0,0,0,0,0,unknown
220126,775386,01/01/2023,12/31/2023,0.0,0.0,0.0,0.0,0.0,0.0,0.0,0,0,0,0,unknown
241366,775401,01/01/2023,12/31/2023,0.0,0.0,0.0,0.0,0.0,0.0,0.0,0,0,0,0,unknown
251335,775404,01/01/2023,12/31/2023,0.0,0.0,0.0,0.0,0.0,0.0,0.0,0,0,0,0,unknown
271336,775416,04/01/2023,12/31/2023,0.0,0.0,0.0,0.0,0.0,0.0,0.0,0,0,0,0,unknown
271337,775417,04/01/2023,12/31/2023,0.0,0.0,0.0,0.0,0.0,0.0,0.0,0,0,0,0,unknown
310009,775420,01/01/2023,12/31/2023,0.0,0.0,0.0,0.0,0.0,0.0,0.0,0,0,0,0,unknown
310069,775421,01/01/2023,12/31/2023,0.0,0.0,0.0,0.0,0.0,0.0,0.0,0,0,0,0,unknown
310076,775423,01/01/2023,12/31/2023,0.0,0.0,0.0,0.0,0.0,0.0,0.0,0,0,0,0,unknown
313025,775424,01/01/2023,12/31/2023,0.0,0.0,0.0,0.0,0.0,0.0,0.0,0,0,0,0,unknown
321306,775427,01/01/2023,12/31/2023,0.0,0.0,0.0,0.0,0.0,0.0,0.0,0,0,0,0,unknown
330027,775428,01/01/2023,12/31/2023,0.0,0.0,0.0,0.0,0.0,0.0,0.0,0,0,0,0,unknown
330094,775431,01/01/2023,12/31/2023,0.0,0.0,0.0,0.0,0.0,0.0,0.0,0,0,0,0,unknown
330104,775434,01/01/2023,12/31/2023,0.0,0.0,0.0,0.0,0.0,0.0,0.0,0,0,0,0,unknown
330158,775435,01/01/2023,12/31/2023,0.0,0.0,0.0,0.0,0.0,0.0,0.0,0,0,0,0,unknown
330198,775436,01/01/2023,12/31/2023,0.0,0.0,0.0,0.0,0.0,0.0,0.0,0,0,0,0,unknown
330264,775437,01/01/2023,12/31/2023,0.0,0.0,0.0,0.0,0.0,0.0,0.0,0,0,0,0,unknown
330331,775438,01/01/2023,12/31/2023,0.0,0.0,0.0,0.0,0.0,0.0,0.0,0,0,0,0,unknown
330410,775439,01/01/2023,12/31/2023,0.0,0.0,0.0,0.0,0.0,0.0,0.0,0,0,0,0,unknown
350011,775442,01/01/2023,12/31/2023,0.0,0.0,0.0,0.0,0.0,0.0,0.0,0,0,0,0,unknown
351312,775443,01/01/2023,12/31/2023,0.0,0.0,0.0,0.0,0.0,0.0,0.0,0,0,0,0,unknown
360013,775445,01/01/2023,12/31/2023,0.0,0.0,0.0,0.0,0.0,0.0,0.0,0,0,0,0,unknown
360041,775450,01/01/2023,12/31/2023,0.0,0.0,0.0,0.0,0.0,0.0,0.0,0,0,0,0,unknown
360055,775451,01/01/2023,12/31/2023,0.0,0.0,0.0,0.0,0.0,0.0,0.0,0,0,0,0,unknown
360072,775455,01/01/2023,12/31/2023,0.0,0.0,0.0,0.0,0.0,0.0,0.0,0,0,0,0,unknown
360132,775465,01/01/2023,12/31/2023,0.0,0.0,0.0,0.0,0.0,0.0,0.0,0,0,0,0,unknown
360352,775466,01/01/2023,12/31/2023,0.0,0.0,0.0,0.0,0.0,0.0,0.0,0,0,0,0,unknown
360360,775467,01/01/2023,12/31/2023,0.0,0.0,0.0,0.0,0.0,0.0,0.0,0,0,0,0,unknown
360367,775468,01/01/2023,12/31/2023,0.0,0.0,0.0,0.0,0.0,0.0,0.0,0,0,0,0,unknown
360368,775469,01/01/2023,12/31/2023,0.0,0.0,0.0,0.0,0.0,0.0,0.0,0,0,0,0,unknown
361330,775471,01/01/2023,12/31/2023,0.0,0.0,0.0,0.0,0.0,0.0,0.0,0,0,0,0,unknown
361331,775472,01/01/2023,12/31/2023,0.0,0.0,0.0,0.0,0.0,0.0,0.0,0,0,0,0,unknown
362024,775473,01/01/2023,12/31/2023,0.0,0.0,0.0,0.0,0.0,0.0,0.0,0,0,0,0,unknown
363026,775474,01/01/2023,12/31/2023,0.0,0.0,0.0,0.0,0.0,0.0,0.0,0,0,0,0,unknown
363305,775478,01/01/2023,12/31/2023,0.0,0.0,0.0,0.0,0.0,0.0,0.0,0,0,0,0,unknown
363309,775479,01/01/2023,12/31/2023,0.0,0.0,0.0,0.0,0.0,0.0,0.0,0,0,0,0,unknown
404007,775486,01/01/2023,12/31/2023,0.0,0.0,0.0,0.0,0.0,0.0,0.0,0,0,0,0,unknown
430097,775488,01/01/2023,12/31/2023,0.0,0.0,0.0,0.0,0.0,0.0,0.0,0,0,0,0,unknown
450010,775492,01/01/2023,12/31/2023,0.0,0.0,0.0,0.0,0.0,0.0,0.0,0,0,0,0,unknown
450424,775494,01/01/2023,12/31/2023,0.0,0.0,0.0,0.0,0.0,0.0,0.0,0,0,0,0,unknown
450889,775497,01/01/2023,12/31/2023,0.0,0.0,0.0,0.0,0.0,0.0,0.0,0,0,0,0,unknown
520037,775516,01/01/2023,12/31/2023,0.0,0.0,0.0,0.0,0.0,0.0,0.0,0,0,0,0,unknown
021301,775525,01/01/2023,12/31/2023,0.0,0.0,0.0,0.0,0.0,0.0,0.0,0,0,0,0,unknown
021302,775526,01/01/2023,12/31/2023,0.0,0.0,0.0,0.0,0.0,0.0,0.0,0,0,0,0,unknown
022001,775527,01/01/2023,12/31/2023,0.0,0.0,0.0,0.0,0.0,0.0,0.0,0,0,0,0,unknown
042011,775530,10/01/2022,09/30/2023,0.0,0.0,0.0,0.0,0.0,0.0,0.0,0,0,0,0,unknown
053043,775532,01/01/2023,12/31/2023,0.0,0.0,0.0,0.0,0.0,0.0,0.0,0,0,0,0,unknown
053046,775533,04/24/2023,12/31/2023,0.0,0.0,0.0,0.0,0.0,0.0,0.0,0,0,0,0,unknown
061327,775539,01/01/2023,12/31/2023,0.0,0.0,0.0,0.0,0.0,0.0,0.0,0,0,0,0,unknown
254007,775567,01/01/2023,12/31/2023,0.0,0.0,0.0,0.0,0.0,0.0,0.0,0,0,0,0,unknown
271323,775573,01/01/2023,12/31/2023,0.0,0.0,0.0,0.0,0.0,0.0,0.0,0,0,0,0,unknown
330028,775578,01/01/2023,12/31/2023,0.0,0.0,0.0,0.0,0.0,0.0,0.0,0,0,0,0,unknown
330126,775579,01/01/2023,12/31/2023,0.0,0.0,0.0,0.0,0.0,0.0,0.0,0,0,0,0,unknown
330144,775580,01/01/2023,12/31/2023,0.0,0.0,0.0,0.0,0.0,0.0,0.0,0,0,0,0,unknown
330157,775581,01/01/2023,12/31/2023,0.0,0.0,0.0,0.0,0.0,0.0,0.0,0,0,0,0,unknown
330162,775582,01/01/2023,12/31/2023,0.0,0.0,0.0,0.0,0.0,0.0,0.0,0,0,0,0,unknown
330193,775583,01/01/2023,12/31/2023,0.0,0.0,0.0,0.0,0.0,0.0,0.0,0,0,0,0,unknown
330203,775584,01/01/2023,12/31/2023,0.0,0.0,0.0,0.0,0.0,0.0,0.0,0,0,0,0,unknown
330205,775585,01/01/2023,12/31/2023,0.0,0.0,0.0,0.0,0.0,0.0,0.0,0,0,0,0,unknown
330208,775586,01/01/2023,12/31/2023,0.0,0.0,0.0,0.0,0.0,0.0,0.0,0,0,0,0,unknown
374012,775594,01/01/2023,12/31/2023,0.0,0.0,0.0,0.0,0.0,0.0,0.0,0,0,0,0,unknown
420011,775597,01/01/2023,12/31/2023,0.0,0.0,0.0,0.0,0.0,0.0,0.0,0,0,0,0,unknown
431307,775600,01/01/2023,12/31/2023,0.0,0.0,0.0,0.0,0.0,0.0,0.0,0,0,0,0,unknown
441322,775614,01/01/2023,12/31/2023,0.0,0.0,0.0,0.0,0.0,0.0,0.0,0,0,0,0,unknown
444031,775619,01/01/2023,12/31/2023,0.0,0.0,0.0,0.0,0.0,0.0,0.0,0,0,0,0,unknown
450694,775622,01/01/2023,12/31/2023,0.0,0.0,0.0,0.0,0.0,0.0,0.0,0,0,0,0,unknown
450864,775623,01/01/2023,12/31/2023,0.0,0.0,0.0,0.0,0.0,0.0,0.0,0,0,0,0,unknown
490004,775627,01/01/2023,12/31/2023,0.0,0.0,0.0,0.0,0.0,0.0,0.0,0,0,0,0,unknown
490007,775628,01/01/2023,12/31/2023,0.0,0.0,0.0,0.0,0.0,0.0,0.0,0,0,0,0,unknown
490013,775629,01/01/2023,12/31/2023,0.0,0.0,0.0,0.0,0.0,0.0,0.0,0,0,0,0,unknown
490018,775630,01/01/2023,12/31/2023,0.0,0.0,0.0,0.0,0.0,0.0,0.0,0,0,0,0,unknown
490044,775634,01/01/2023,12/31/2023,0.0,0.0,0.0,0.0,0.0,0.0,0.0,0,0,0,0,unknown
490046,775635,01/01/2023,12/31/2023,0.0,0.0,0.0,0.0,0.0,0.0,0.0,0,0,0,0,unknown
490050,775637,01/01/2023,12/31/2023,0.0,0.0,0.0,0.0,0.0,0.0,0.0,0,0,0,0,unknown
490057,775640,01/01/2023,12/31/2023,0.0,0.0,0.0,0.0,0.0,0.0,0.0,0,0,0,0,unknown
490066,775643,01/01/2023,12/31/2023,0.0,0.0,0.0,0.0,0.0,0.0,0.0,0,0,0,0,unknown
490075,775645,01/01/2023,12/31/2023,0.0,0.0,0.0,0.0,0.0,0.0,0.0,0,0,0,0,unknown
490077,775647,01/01/2023,12/31/2023,0.0,0.0,0.0,0.0,0.0,0.0,0.0,0,0,0,0,unknown
490093,775648,01/01/2023,12/31/2023,0.0,0.0,0.0,0.0,0.0,0.0,0.0,0,0,0,0,unknown
670076,775654,01/01/2023,12/31/2023,0.0,0.0,0.0,0.0,0.0,0.0,0.0,0,0,0,0,unknown
673076,775655,01/01/2023,12/31/2023,0.0,0.0,0.0,0.0,0.0,0.0,0.0,0,0,0,0,unknown
050078,775656,01/01/2023,12/31/2023,0.0,0.0,0.0,0.0,0.0,0.0,0.0,0,0,0,0,unknown
050224,775657,01/01/2023,12/31/2023,0.0,0.0,0.0,0.0,0.0,0.0,0.0,0,0,0,0,unknown
050235,775660,01/01/2023,12/31/2023,0.0,0.0,0.0,0.0,0.0,0.0,0.0,0,0,0,0,unknown
050236,775661,01/01/2023,12/31/2023,0.0,0.0,0.0,0.0,0.0,0.0,0.0,0,0,0,0,unknown
050239,775662,01/01/2023,12/31/2023,0.0,0.0,0.0,0.0,0.0,0.0,0.0,0,0,0,0,unknown
050357,775665,01/01/2023,12/31/2023,0.0,0.0,0.0,0.0,0.0,0.0,0.0,0,0,0,0,unknown
050407,775667,01/01/2023,12/31/2023,0.0,0.0,0.0,0.0,0.0,0.0,0.0,0,0,0,0,unknown
050570,775672,01/01/2023,12/31/2023,0.0,0.0,0.0,0.0,0.0,0.0,0.0,0,0,0,0,unknown
050761,775673,01/01/2023,12/31/2023,0.0,0.0,0.0,0.0,0.0,0.0,0.0,0,0,0,0,unknown
070005,775678,01/01/2023,12/31/2023,0.0,0.0,0.0,0.0,0.0,0.0,0.0,0,0,0,0,unknown
070012,775679,01/01/2023,12/31/2023,0.0,0.0,0.0,0.0,0.0,0.0,0.0,0,0,0,0,unknown
070027,775682,01/01/2023,12/31/2023,0.0,0.0,0.0,0.0,0.0,0.0,0.0,0,0,0,0,unknown
100151,775683,01/01/2023,12/31/2023,0.0,0.0,0.0,0.0,0.0,0.0,0.0,0,0,0,0,unknown
103046,775685,01/01/2023,12/31/2023,0.0,0.0,0.0,0.0,0.0,0.0,0.0,0,0,0,0,unknown
130065,775689,01/01/2023,12/31/2023,0.0,0.0,0.0,0.0,0.0,0.0,0.0,0,0,0,0,unknown
190251,775706,01/01/2023,12/31/2023,0.0,0.0,0.0,0.0,0.0,0.0,0.0,0,0,0,0,unknown
194096,775709,01/01/2023,12/31/2023,0.0,0.0,0.0,0.0,0.0,0.0,0.0,0,0,0,0,unknown
273025,775718,01/01/2023,12/31/2023,0.0,0.0,0.0,0.0,0.0,0.0,0.0,0,0,0,0,unknown
291306,775719,01/01/2023,12/31/2023,0.0,0.0,0.0,0.0,0.0,0.0,0.0,0,0,0,0,unknown
291311,775720,01/01/2023,12/31/2023,0.0,0.0,0.0,0.0,0.0,0.0,0.0,0,0,0,0,unknown
310050,775721,01/01/2023,12/31/2023,0.0,0.0,0.0,0.0,0.0,0.0,0.0,0,0,0,0,unknown
310070,775722,01/01/2023,12/31/2023,0.0,0.0,0.0,0.0,0.0,0.0,0.0,0,0,0,0,unknown
330006,775723,01/01/2023,12/31/2023,0.0,0.0,0.0,0.0,0.0,0.0,0.0,0,0,0,0,unknown
330056,775724,01/01/2023,12/31/2023,0.0,0.0,0.0,0.0,0.0,0.0,0.0,0,0,0,0,unknown
330086,775725,01/01/2023,12/31/2023,0.0,0.0,0.0,0.0,0.0,0.0,0.0,0,0,0,0,unknown
330393,775728,01/01/2023,12/31/2023,0.0,0.0,0.0,0.0,0.0,0.0,0.0,0,0,0,0,unknown
351329,775733,01/01/2023,12/31/2023,0.0,0.0,0.0,0.0,0.0,0.0,0.0,0,0,0,0,unknown
360098,775735,01/01/2023,12/31/2023,0.0,0.0,0.0,0.0,0.0,0.0,0.0,0,0,0,0,unknown
360133,775736,01/01/2023,12/31/2023,0.0,0.0,0.0,0.0,0.0,0.0,0.0,0,0,0,0,unknown
360148,775737,01/01/2023,12/31/2023,0.0,0.0,0.0,0.0,0.0,0.0,0.0,0,0,0,0,unknown
360159,775740,01/01/2023,12/31/2023,0.0,0.0,0.0,0.0,0.0,0.0,0.0,0,0,0,0,unknown
361301,775742,01/01/2023,12/31/2023,0.0,0.0,0.0,0.0,0.0,0.0,0.0,0,0,0,0,unknown
361314,775744,01/01/2023,12/31/2023,0.0,0.0,0.0,0.0,0.0,0.0,0.0,0,0,0,0,unknown
361322,775746,01/01/2023,12/31/2023,0.0,0.0,0.0,0.0,0.0,0.0,0.0,0,0,0,0,unknown
431333,775749,01/01/2023,12/31/2023,0.0,0.0,0.0,0.0,0.0,0.0,0.0,0,0,0,0,unknown
454154,775756,01/01/2023,12/31/2023,0.0,0.0,0.0,0.0,0.0,0.0,0.0,0,0,0,0,unknown
490113,775764,01/01/2023,12/31/2023,0.0,0.0,0.0,0.0,0.0,0.0,0.0,0,0,0,0,unknown
490119,775765,01/01/2023,12/31/2023,0.0,0.0,0.0,0.0,0.0,0.0,0.0,0,0,0,0,unknown
490147,775768,08/08/2023,03/31/2024,0.0,0.0,0.0,0.0,0.0,0.0,0.0,0,0,0,0,unknown
493027,775769,01/01/2023,12/31/2023,0.0,0.0,0.0,0.0,0.0,0.0,0.0,0,0,0,0,unknown
510001,775772,01/01/2023,12/31/2023,0.0,0.0,0.0,0.0,0.0,0.0,0.0,0,0,0,0,unknown
510030,775773,01/01/2023,12/31/2023,0.0,0.0,0.0,0.0,0.0,0.0,0.0,0,0,0,0,unknown
510038,775774,01/01/2023,12/31/2023,0.0,0.0,0.0,0.0,0.0,0.0,0.0,0,0,0,0,unknown
511312,775777,01/01/2023,12/31/2023,0.0,0.0,0.0,0.0,0.0,0.0,0.0,0,0,0,0,unknown
511319,775779,01/01/2023,12/31/2023,0.0,0.0,0.0,0.0,0.0,0.0,0.0,0,0,0,0,unknown
673074,775788,03/01/2023,12/31/2023,0.0,0.0,0.0,0.0,0.0,0.0,0.0,0,0,0,0,unknown
021306,775789,01/01/2023,12/31/2023,0.0,0.0,0.0,0.0,0.0,0.0,0.0,0,0,0,0,unknown
030065,775790,01/01/2023,12/31/2023,0.0,0.0,0.0,0.0,0.0,0.0,0.0,0,0,0,0,unknown
044019,775792,01/01/2023,12/31/2023,0.0,0.0,0.0,0.0,0.0,0.0,0.0,0,0,0,0,unknown
050726,775799,01/01/2023,12/31/2023,0.0,0.0,0.0,0.0,0.0,0.0,0.0,0,0,0,0,unknown
050767,775806,01/01/2023,12/31/2023,0.0,0.0,0.0,0.0,0.0,0.0,0.0,0,0,0,0,unknown
100014,775815,01/01/2023,12/31/2023,0.0,0.0,0.0,0.0,0.0,0.0,0.0,0,0,0,0,unknown
100072,775818,01/01/2023,12/31/2023,0.0,0.0,0.0,0.0,0.0,0.0,0.0,0,0,0,0,unknown
103039,775822,01/01/2023,12/31/2023,0.0,0.0,0.0,0.0,0.0,0.0,0.0,0,0,0,0,unknown
140101,775846,01/01/2023,12/31/2023,0.0,0.0,0.0,0.0,0.0,0.0,0.0,0,0,0,0,unknown
140147,775847,01/01/2023,12/31/2023,0.0,0.0,0.0,0.0,0.0,0.0,0.0,0,0,0,0,unknown
140289,775848,01/01/2023,12/31/2023,0.0,0.0,0.0,0.0,0.0,0.0,0.0,0,0,0,0,unknown
150022,775850,01/01/2023,12/31/2023,0.0,0.0,0.0,0.0,0.0,0.0,0.0,0,0,0,0,unknown
150045,775851,01/01/2023,12/31/2023,0.0,0.0,0.0,0.0,0.0,0.0,0.0,0,0,0,0,unknown
150086,775854,01/01/2023,12/31/2023,0.0,0.0,0.0,0.0,0.0,0.0,0.0,0,0,0,0,unknown
151332,775858,01/01/2023,12/31/2023,0.0,0.0,0.0,0.0,0.0,0.0,0.0,0,0,0,0,unknown
190060,775871,01/01/2023,12/31/2023,0.0,0.0,0.0,0.0,0.0,0.0,0.0,0,0,0,0,unknown
193078,775873,01/01/2023,12/31/2023,0.0,0.0,0.0,0.0,0.0,0.0,0.0,0,0,0,0,unknown
200020,775874,01/01/2023,12/31/2023,0.0,0.0,0.0,0.0,0.0,0.0,0.0,0,0,0,0,unknown
200031,775875,01/01/2023,12/31/2023,0.0,0.0,0.0,0.0,0.0,0.0,0.0,0,0,0,0,unknown
201311,775876,01/01/2023,12/31/2023,0.0,0.0,0.0,0.0,0.0,0.0,0.0,0,0,0,0,unknown
220017,775877,01/01/2023,12/31/2023,0.0,0.0,0.0,0.0,0.0,0.0,0.0,0,0,0,0,unknown
241306,775888,01/01/2023,12/31/2023,0.0,0.0,0.0,0.0,0.0,0.0,0.0,0,0,0,0,unknown
241311,775890,01/01/2023,12/31/2023,0.0,0.0,0.0,0.0,0.0,0.0,0.0,0,0,0,0,unknown
241316,775891,01/01/2023,12/31/2023,0.0,0.0,0.0,0.0,0.0,0.0,0.0,0,0,0,0,unknown
241329,775892,01/01/2023,12/31/2023,0.0,0.0,0.0,0.0,0.0,0.0,0.0,0,0,0,0,unknown
251300,775893,01/01/2023,12/31/2023,0.0,0.0,0.0,0.0,0.0,0.0,0.0,0,0,0,0,unknown
271343,775894,01/01/2023,12/31/2023,0.0,0.0,0.0,0.0,0.0,0.0,0.0,0,0,0,0,unknown
280125,775895,01/01/2023,12/31/2023,0.0,0.0,0.0,0.0,0.0,0.0,0.0,0,0,0,0,unknown
310118,775896,01/01/2023,12/31/2023,0.0,0.0,0.0,0.0,0.0,0.0,0.0,0,0,0,0,unknown
313027,775897,02/01/2023,12/31/2023,0.0,0.0,0.0,0.0,0.0,0.0,0.0,0,0,0,0,unknown
320011,775899,01/01/2023,12/31/2023,0.0,0.0,0.0,0.0,0.0,0.0,0.0,0,0,0,0,unknown
320090,775901,01/01/2023,12/31/2023,0.0,0.0,0.0,0.0,0.0,0.0,0.0,0,0,0,0,unknown
330019,775902,01/01/2023,12/31/2023,0.0,0.0,0.0,0.0,0.0,0.0,0.0,0,0,0,0,unknown
330043,775903,01/01/2023,12/31/2023,0.0,0.0,0.0,0.0,0.0,0.0,0.0,0,0,0,0,unknown
330079,775904,01/01/2023,12/31/2023,0.0,0.0,0.0,0.0,0.0,0.0,0.0,0,0,0,0,unknown
330090,775905,01/01/2023,12/31/2023,0.0,0.0,0.0,0.0,0.0,0.0,0.0,0,0,0,0,unknown
330107,775906,01/01/2023,12/31/2023,0.0,0.0,0.0,0.0,0.0,0.0,0.0,0,0,0,0,unknown
330154,775907,01/01/2023,12/31/2023,0.0,0.0,0.0,0.0,0.0,0.0,0.0,0,0,0,0,unknown
330222,775908,01/01/2023,12/31/2023,0.0,0.0,0.0,0.0,0.0,0.0,0.0,0,0,0,0,unknown
330304,775909,01/01/2023,12/31/2023,0.0,0.0,0.0,0.0,0.0,0.0,0.0,0,0,0,0,unknown
331318,775911,01/01/2023,12/31/2023,0.0,0.0,0.0,0.0,0.0,0.0,0.0,0,0,0,0,unknown
360239,775934,01/01/2023,12/31/2023,0.0,0.0,0.0,0.0,0.0,0.0,0.0,0,0,0,0,unknown
360270,775936,01/01/2023,12/31/2023,0.0,0.0,0.0,0.0,0.0,0.0,0.0,0,0,0,0,unknown
361304,775937,01/01/2023,12/31/2023,0.0,0.0,0.0,0.0,0.0,0.0,0.0,0,0,0,0,unknown
370212,775939,01/01/2023,12/31/2023,0.0,0.0,0.0,0.0,0.0,0.0,0.0,0,0,0,0,unknown
390116,775941,01/01/2023,12/31/2023,0.0,0.0,0.0,0.0,0.0,0.0,0.0,0,0,0,0,unknown
390322,775942,01/01/2023,12/31/2023,0.0,0.0,0.0,0.0,0.0,0.0,0.0,0,0,0,0,unknown
410004,775943,01/01/2023,12/31/2023,0.0,0.0,0.0,0.0,0.0,0.0,0.0,0,0,0,0,unknown
410005,775944,01/01/2023,12/31/2023,0.0,0.0,0.0,0.0,0.0,0.0,0.0,0,0,0,0,unknown
440020,775946,01/01/2023,12/31/2023,0.0,0.0,0.0,0.0,0.0,0.0,0.0,0,0,0,0,unknown
450855,775952,01/01/2023,12/31/2023,0.0,0.0,0.0,0.0,0.0,0.0,0.0,0,0,0,0,unknown
452091,775953,01/01/2023,12/31/2023,0.0,0.0,0.0,0.0,0.0,0.0,0.0,0,0,0,0,unknown
460049,775961,01/01/2023,12/31/2023,0.0,0.0,0.0,0.0,0.0,0.0,0.0,0,0,0,0,unknown
670285,775973,01/01/2023,12/31/2023,0.0,0.0,0.0,0.0,0.0,0.0,0.0,0,0,0,0,unknown
041330,775984,01/01/2023,12/31/2023,0.0,0.0,0.0,0.0,0.0,0.0,0.0,0,0,0,0,unknown
050746,775988,01/01/2023,12/31/2023,0.0,0.0,0.0,0.0,0.0,0.0,0.0,0,0,0,0,unknown
060114,775990,01/01/2023,12/31/2023,0.0,0.0,0.0,0.0,0.0,0.0,0.0,0,0,0,0,unknown
100176,775997,01/01/2023,12/31/2023,0.0,0.0,0.0,0.0,0.0,0.0,0.0,0,0,0,0,unknown
102021,775999,01/01/2023,12/31/2023,0.0,0.0,0.0,0.0,0.0,0.0,0.0,0,0,0,0,unknown
130063,776003,01/01/2023,12/31/2023,0.0,0.0,0.0,0.0,0.0,0.0,0.0,0,0,0,0,unknown
150061,776006,01/01/2023,12/31/2023,0.0,0.0,0.0,0.0,0.0,0.0,0.0,0,0,0,0,unknown
190050,776015,11/01/2022,10/31/2023,0.0,0.0,0.0,0.0,0.0,0.0,0.0,0,0,0,0,unknown
190245,776017,01/01/2023,12/31/2023,0.0,0.0,0.0,0.0,0.0,0.0,0.0,0,0,0,0,unknown
190259,776018,01/01/2023,12/31/2023,0.0,0.0,0.0,0.0,0.0,0.0,0.0,0,0,0,0,unknown
194080,776020,01/01/2023,12/31/2023,0.0,0.0,0.0,0.0,0.0,0.0,0.0,0,0,0,0,unknown
210060,776021,01/01/2023,12/31/2023,0.0,0.0,0.0,0.0,0.0,0.0,0.0,0,0,0,0,unknown
241369,776023,01/01/2023,12/31/2023,0.0,0.0,0.0,0.0,0.0,0.0,0.0,0,0,0,0,unknown
251323,776026,01/01/2023,12/31/2023,0.0,0.0,0.0,0.0,0.0,0.0,0.0,0,0,0,0,unknown
310003,776031,01/01/2023,12/31/2023,0.0,0.0,0.0,0.0,0.0,0.0,0.0,0,0,0,0,unknown
310028,776032,01/01/2023,12/31/2023,0.0,0.0,0.0,0.0,0.0,0.0,0.0,0,0,0,0,unknown
310051,776033,01/01/2023,12/31/2023,0.0,0.0,0.0,0.0,0.0,0.0,0.0,0,0,0,0,unknown
310054,776034,01/01/2023,12/31/2023,0.0,0.0,0.0,0.0,0.0,0.0,0.0,0,0,0,0,unknown
321301,776036,01/01/2023,12/31/2023,0.0,0.0,0.0,0.0,0.0,0.0,0.0,0,0,0,0,unknown
330100,776038,01/01/2023,12/31/2023,0.0,0.0,0.0,0.0,0.0,0.0,0.0,0,0,0,0,unknown
330160,776040,01/01/2023,12/31/2023,0.0,0.0,0.0,0.0,0.0,0.0,0.0,0,0,0,0,unknown
330181,776041,01/01/2023,12/31/2023,0.0,0.0,0.0,0.0,0.0,0.0,0.0,0,0,0,0,unknown
330218,776043,01/01/2023,12/31/2023,0.0,0.0,0.0,0.0,0.0,0.0,0.0,0,0,0,0,unknown
330307,776045,01/01/2023,12/31/2023,0.0,0.0,0.0,0.0,0.0,0.0,0.0,0,0,0,0,unknown
330411,776047,01/01/2023,12/31/2023,0.0,0.0,0.0,0.0,0.0,0.0,0.0,0,0,0,0,unknown
331313,776048,01/01/2023,12/31/2023,0.0,0.0,0.0,0.0,0.0,0.0,0.0,0,0,0,0,unknown
340049,776054,01/01/2023,12/31/2023,0.0,0.0,0.0,0.0,0.0,0.0,0.0,0,0,0,0,unknown
340109,776064,01/01/2023,12/31/2023,0.0,0.0,0.0,0.0,0.0,0.0,0.0,0,0,0,0,unknown
341307,776078,01/01/2023,12/31/2023,0.0,0.0,0.0,0.0,0.0,0.0,0.0,0,0,0,0,unknown
343026,776079,01/01/2023,12/31/2023,0.0,0.0,0.0,0.0,0.0,0.0,0.0,0,0,0,0,unknown
351326,776081,01/01/2023,12/31/2023,0.0,0.0,0.0,0.0,0.0,0.0,0.0,0,0,0,0,unknown
370206,776082,01/01/2023,12/31/2023,0.0,0.0,0.0,0.0,0.0,0.0,0.0,0,0,0,0,unknown
380061,776088,01/01/2023,12/31/2023,0.0,0.0,0.0,0.0,0.0,0.0,0.0,0,0,0,0,unknown
430008,776094,01/01/2023,12/31/2023,0.0,0.0,0.0,0.0,0.0,0.0,0.0,0,0,0,0,unknown
450090,776097,01/01/2023,12/31/2023,0.0,0.0,0.0,0.0,0.0,0.0,0.0,0,0,0,0,unknown
450834,776100,01/01/2023,12/31/2023,0.0,0.0,0.0,0.0,0.0,0.0,0.0,0,0,0,0,unknown
450876,776103,01/01/2023,12/31/2023,0.0,0.0,0.0,0.0,0.0,0.0,0.0,0,0,0,0,unknown
451328,776105,01/01/2023,12/31/2023,0.0,0.0,0.0,0.0,0.0,0.0,0.0,0,0,0,0,unknown
451349,776106,01/01/2023,12/31/2023,0.0,0.0,0.0,0.0,0.0,0.0,0.0,0,0,0,0,unknown
451370,776108,01/01/2023,12/31/2023,0.0,0.0,0.0,0.0,0.0,0.0,0.0,0,0,0,0,unknown
451376,776110,01/01/2023,12/31/2023,0.0,0.0,0.0,0.0,0.0,0.0,0.0,0,0,0,0,unknown
454134,776113,01/01/2023,12/31/2023,0.0,0.0,0.0,0.0,0.0,0.0,0.0,0,0,0,0,unknown
500024,776118,01/01/2023,12/31/2023,0.0,0.0,0.0,0.0,0.0,0.0,0.0,0,0,0,0,unknown
670008,776123,01/01/2023,12/31/2023,0.0,0.0,0.0,0.0,0.0,0.0,0.0,0,0,0,0,unknown
670120,776124,01/01/2023,12/31/2023,0.0,0.0,0.0,0.0,0.0,0.0,0.0,0,0,0,0,unknown
673027,776125,01/01/2023,12/31/2023,0.0,0.0,0.0,0.0,0.0,0.0,0.0,0,0,0,0,unknown
673077,776126,01/01/2023,12/31/2023,0.0,0.0,0.0,0.0,0.0,0.0,0.0,0,0,0,0,unknown
010065,776131,01/01/2023,12/31/2023,0.0,0.0,0.0,0.0,0.0,0.0,0.0,0,0,0,0,unknown
031314,776136,01/01/2023,12/31/2023,0.0,0.0,0.0,0.0,0.0,0.0,0.0,0,0,0,0,unknown
044021,776139,01/01/2023,12/31/2023,0.0,0.0,0.0,0.0,0.0,0.0,0.0,0,0,0,0,unknown
050099,776149,01/01/2023,12/31/2023,0.0,0.0,0.0,0.0,0.0,0.0,0.0,0,0,0,0,unknown
050135,776154,01/01/2023,12/31/2023,0.0,0.0,0.0,0.0,0.0,0.0,0.0,0,0,0,0,unknown
050854,776180,02/03/2023,12/31/2023,0.0,0.0,0.0,0.0,0.0,0.0,0.0,0,0,0,0,unknown
061301,776186,01/01/2023,12/31/2023,0.0,0.0,0.0,0.0,0.0,0.0,0.0,0,0,0,0,unknown
061320,776188,01/01/2023,12/31/2023,0.0,0.0,0.0,0.0,0.0,0.0,0.0,0,0,0,0,unknown
063301,776189,01/01/2023,12/31/2023,0.0,0.0,0.0,0.0,0.0,0.0,0.0,0,0,0,0,unknown
100055,776194,01/01/2023,12/31/2023,0.0,0.0,0.0,0.0,0.0,0.0,0.0,0,0,0,0,unknown
104070,776202,01/01/2023,12/31/2023,0.0,0.0,0.0,0.0,0.0,0.0,0.0,0,0,0,0,unknown
140030,776210,01/01/2023,12/31/2023,0.0,0.0,0.0,0.0,0.0,0.0,0.0,0,0,0,0,unknown
151313,776224,01/01/2023,12/31/2023,0.0,0.0,0.0,0.0,0.0,0.0,0.0,0,0,0,0,unknown
190255,776234,01/01/2023,12/31/2023,0.0,0.0,0.0,0.0,0.0,0.0,0.0,0,0,0,0,unknown
191307,776237,01/01/2023,12/31/2023,0.0,0.0,0.0,0.0,0.0,0.0,0.0,0,0,0,0,unknown
193069,776238,01/01/2023,12/31/2023,0.0,0.0,0.0,0.0,0.0,0.0,0.0,0,0,0,0,unknown
210057,776242,01/01/2023,12/31/2023,0.0,0.0,0.0,0.0,0.0,0.0,0.0,0,0,0,0,unknown
213029,776243,01/01/2023,12/31/2023,0.0,0.0,0.0,0.0,0.0,0.0,0.0,0,0,0,0,unknown
251316,776250,01/01/2023,12/31/2023,0.0,0.0,0.0,0.0,0.0,0.0,0.0,0,0,0,0,unknown
271325,776252,01/01/2023,12/31/2023,0.0,0.0,0.0,0.0,0.0,0.0,0.0,0,0,0,0,unknown
271334,776254,04/01/2023,12/31/2023,0.0,0.0,0.0,0.0,0.0,0.0,0.0,0,0,0,0,unknown
271389,776255,01/01/2023,12/31/2023,0.0,0.0,0.0,0.0,0.0,0.0,0.0,0,0,0,0,unknown
310015,776259,01/01/2023,12/31/2023,0.0,0.0,0.0,0.0,0.0,0.0,0.0,0,0,0,0,unknown
310044,776260,01/01/2023,12/31/2023,0.0,0.0,0.0,0.0,0.0,0.0,0.0,0,0,0,0,unknown
312018,776262,01/01/2023,12/31/2023,0.0,0.0,0.0,0.0,0.0,0.0,0.0,0,0,0,0,unknown
314023,776263,01/01/2023,12/31/2023,0.0,0.0,0.0,0.0,0.0,0.0,0.0,0,0,0,0,unknown
330195,776265,01/01/2023,12/31/2023,0.0,0.0,0.0,0.0,0.0,0.0,0.0,0,0,0,0,unknown
330215,776267,01/01/2023,12/31/2023,0.0,0.0,0.0,0.0,0.0,0.0,0.0,0,0,0,0,unknown
330221,776268,01/01/2023,12/31/2023,0.0,0.0,0.0,0.0,0.0,0.0,0.0,0,0,0,0,unknown
330226,776269,01/01/2023,12/31/2023,0.0,0.0,0.0,0.0,0.0,0.0,0.0,0,0,0,0,unknown
330239,776272,01/01/2023,12/31/2023,0.0,0.0,0.0,0.0,0.0,0.0,0.0,0,0,0,0,unknown
330241,776273,01/01/2023,12/31/2023,0.0,0.0,0.0,0.0,0.0,0.0,0.0,0,0,0,0,unknown
330261,776275,01/01/2023,12/31/2023,0.0,0.0,0.0,0.0,0.0,0.0,0.0,0,0,0,0,unknown
330270,776276,01/01/2023,12/31/2023,0.0,0.0,0.0,0.0,0.0,0.0,0.0,0,0,0,0,unknown
340141,776282,01/01/2023,12/31/2023,0.0,0.0,0.0,0.0,0.0,0.0,0.0,0,0,0,0,unknown
370054,776299,01/01/2023,12/31/2023,0.0,0.0,0.0,0.0,0.0,0.0,0.0,0,0,0,0,unknown
370172,776300,10/01/2022,09/30/2023,0.0,0.0,0.0,0.0,0.0,0.0,0.0,0,0,0,0,unknown
370192,776301,01/01/2023,12/31/2023,0.0,0.0,0.0,0.0,0.0,0.0,0.0,0,0,0,0,unknown
371328,776302,01/01/2023,12/31/2023,0.0,0.0,0.0,0.0,0.0,0.0,0.0,0,0,0,0,unknown
373025,776303,01/01/2023,12/31/2023,0.0,0.0,0.0,0.0,0.0,0.0,0.0,0,0,0,0,unknown
380037,776305,01/01/2023,12/31/2023,0.0,0.0,0.0,0.0,0.0,0.0,0.0,0,0,0,0,unknown
381303,776308,01/01/2023,12/31/2023,0.0,0.0,0.0,0.0,0.0,0.0,0.0,0,0,0,0,unknown
381317,776310,01/01/2023,12/31/2023,0.0,0.0,0.0,0.0,0.0,0.0,0.0,0,0,0,0,unknown
381318,776311,01/01/2023,12/31/2023,0.0,0.0,0.0,0.0,0.0,0.0,0.0,0,0,0,0,unknown
381324,776312,01/01/2023,12/31/2023,0.0,0.0,0.0,0.0,0.0,0.0,0.0,0,0,0,0,unknown
450162,776323,01/01/2023,12/31/2023,0.0,0.0,0.0,0.0,0.0,0.0,0.0,0,0,0,0,unknown
450677,776326,01/01/2023,12/31/2023,0.0,0.0,0.0,0.0,0.0,0.0,0.0,0,0,0,0,unknown
450804,776327,01/01/2023,12/31/2023,0.0,0.0,0.0,0.0,0.0,0.0,0.0,0,0,0,0,unknown
451307,776328,01/01/2023,12/31/2023,0.0,0.0,0.0,0.0,0.0,0.0,0.0,0,0,0,0,unknown
454127,776329,01/01/2023,12/31/2023,0.0,0.0,0.0,0.0,0.0,0.0,0.0,0,0,0,0,unknown
454131,776332,01/01/2023,12/31/2023,0.0,0.0,0.0,0.0,0.0,0.0,0.0,0,0,0,0,unknown
500019,776337,01/01/2023,12/31/2023,0.0,0.0,0.0,0.0,0.0,0.0,0.0,0,0,0,0,unknown
501303,776341,01/01/2023,12/31/2023,0.0,0.0,0.0,0.0,0.0,0.0,0.0,0,0,0,0,unknown
501316,776342,01/01/2023,12/31/2023,0.0,0.0,0.0,0.0,0.0,0.0,0.0,0,0,0,0,unknown
521334,776345,01/01/2023,12/31/2023,0.0,0.0,0.0,0.0,0.0,0.0,0.0,0,0,0,0,unknown
670006,776350,01/01/2023,12/31/2023,0.0,0.0,0.0,0.0,0.0,0.0,0.0,0,0,0,0,unknown
670047,776351,01/01/2023,12/31/2023,0.0,0.0,0.0,0.0,0.0,0.0,0.0,0,0,0,0,unknown
670054,776352,01/01/2023,12/31/2023,0.0,0.0,0.0,0.0,0.0,0.0,0.0,0,0,0,0,unknown
030062,776358,01/01/2023,12/31/2023,0.0,0.0,0.0,0.0,0.0,0.0,0.0,0,0,0,0,unknown
040132,776362,01/01/2023,12/31/2023,0.0,0.0,0.0,0.0,0.0,0.0,0.0,0,0,0,0,unknown
051301,776378,01/01/2023,12/31/2023,0.0,0.0,0.0,0.0,0.0,0.0,0.0,0,0,0,0,unknown
051306,776379,01/01/2023,12/31/2023,0.0,0.0,0.0,0.0,0.0,0.0,0.0,0,0,0,0,unknown
051310,776380,01/01/2023,12/31/2023,0.0,0.0,0.0,0.0,0.0,0.0,0.0,0,0,0,0,unknown
051317,776381,01/01/2023,12/31/2023,0.0,0.0,0.0,0.0,0.0,0.0,0.0,0,0,0,0,unknown
051325,776382,01/01/2023,12/31/2023,0.0,0.0,0.0,0.0,0.0,0.0,0.0,0,0,0,0,unknown
051329,776383,01/01/2023,12/31/2023,0.0,0.0,0.0,0.0,0.0,0.0,0.0,0,0,0,0,unknown
051331,776384,01/01/2023,12/31/2023,0.0,0.0,0.0,0.0,0.0,0.0,0.0,0,0,0,0,unknown
051338,776386,01/01/2023,12/31/2023,0.0,0.0,0.0,0.0,0.0,0.0,0.0,0,0,0,0,unknown
061311,776387,01/01/2023,12/31/2023,0.0,0.0,0.0,0.0,0.0,0.0,0.0,0,0,0,0,unknown
100046,776392,01/01/2023,12/31/2023,0.0,0.0,0.0,0.0,0.0,0.0,0.0,0,0,0,0,unknown
100173,776398,01/01/2023,12/31/2023,0.0,0.0,0.0,0.0,0.0,0.0,0.0,0,0,0,0,unknown
100289,776400,01/01/2023,12/31/2023,0.0,0.0,0.0,0.0,0.0,0.0,0.0,0,0,0,0,unknown
101308,776401,01/01/2023,12/31/2023,0.0,0.0,0.0,0.0,0.0,0.0,0.0,0,0,0,0,unknown
103051,776402,01/01/2023,12/31/2023,0.0,0.0,0.0,0.0,0.0,0.0,0.0,0,0,0,0,unknown
140077,776413,01/01/2023,12/31/2023,0.0,0.0,0.0,0.0,0.0,0.0,0.0,0,0,0,0,unknown
150051,776417,01/01/2023,12/31/2023,0.0,0.0,0.0,0.0,0.0,0.0,0.0,0,0,0,0,unknown
150072,776419,01/01/2023,12/31/2023,0.0,0.0,0.0,0.0,0.0,0.0,0.0,0,0,0,0,unknown
150165,776421,01/01/2023,12/31/2023,0.0,0.0,0.0,0.0,0.0,0.0,0.0,0,0,0,0,unknown
151306,776423,01/01/2023,12/31/2023,0.0,0.0,0.0,0.0,0.0,0.0,0.0,0,0,0,0,unknown
151328,776426,01/01/2023,12/31/2023,0.0,0.0,0.0,0.0,0.0,0.0,0.0,0,0,0,0,unknown
154041,776428,01/01/2023,12/31/2023,0.0,0.0,0.0,0.0,0.0,0.0,0.0,0,0,0,0,unknown
161366,776436,01/01/2023,12/31/2023,0.0,0.0,0.0,0.0,0.0,0.0,0.0,0,0,0,0,unknown
171362,776445,01/01/2023,12/31/2023,0.0,0.0,0.0,0.0,0.0,0.0,0.0,0,0,0,0,unknown
171365,776446,01/01/2023,12/31/2023,0.0,0.0,0.0,0.0,0.0,0.0,0.0,0,0,0,0,unknown
171371,776447,01/01/2023,12/31/2023,0.0,0.0,0.0,0.0,0.0,0.0,0.0,0,0,0,0,unknown
194109,776458,01/01/2023,12/31/2023,0.0,0.0,0.0,0.0,0.0,0.0,0.0,0,0,0,0,unknown
210016,776459,01/01/2023,12/31/2023,0.0,0.0,0.0,0.0,0.0,0.0,0.0,0,0,0,0,unknown
230047,776466,01/01/2023,12/31/2023,0.0,0.0,0.0,0.0,0.0,0.0,0.0,0,0,0,0,unknown
231303,776468,01/01/2023,12/31/2023,0.0,0.0,0.0,0.0,0.0,0.0,0.0,0,0,0,0,unknown
310005,776485,01/01/2023,12/31/2023,0.0,0.0,0.0,0.0,0.0,0.0,0.0,0,0,0,0,unknown
310131,776488,11/22/2022,12/31/2023,0.0,0.0,0.0,0.0,0.0,0.0,0.0,0,0,0,0,unknown
320022,776489,01/01/2023,12/31/2023,0.0,0.0,0.0,0.0,0.0,0.0,0.0,0,0,0,0,unknown
330009,776491,01/01/2023,12/31/2023,0.0,0.0,0.0,0.0,0.0,0.0,0.0,0,0,0,0,unknown
330350,776494,01/01/2023,12/31/2023,0.0,0.0,0.0,0.0,0.0,0.0,0.0,0,0,0,0,unknown
374025,776508,01/01/2023,12/31/2023,0.0,0.0,0.0,0.0,0.0,0.0,0.0,0,0,0,0,unknown
390070,776510,01/01/2023,12/31/2023,0.0,0.0,0.0,0.0,0.0,0.0,0.0,0,0,0,0,unknown
394052,776512,01/01/2023,12/31/2023,0.0,0.0,0.0,0.0,0.0,0.0,0.0,0,0,0,0,unknown
400006,776514,01/01/2023,12/31/2023,0.0,0.0,0.0,0.0,0.0,0.0,0.0,0,0,0,0,unknown
431334,776520,01/01/2023,12/31/2023,0.0,0.0,0.0,0.0,0.0,0.0,0.0,0,0,0,0,unknown
450656,776524,01/01/2023,12/31/2023,0.0,0.0,0.0,0.0,0.0,0.0,0.0,0,0,0,0,unknown
461305,776532,01/01/2023,12/31/2023,0.0,0.0,0.0,0.0,0.0,0.0,0.0,0,0,0,0,unknown
500027,776544,01/01/2023,12/31/2023,0.0,0.0,0.0,0.0,0.0,0.0,0.0,0,0,0,0,unknown
501309,776547,01/01/2023,12/31/2023,0.0,0.0,0.0,0.0,0.0,0.0,0.0,0,0,0,0,unknown
501312,776548,01/01/2023,12/31/2023,0.0,0.0,0.0,0.0,0.0,0.0,0.0,0,0,0,0,unknown
501317,776549,01/01/2023,12/31/2023,0.0,0.0,0.0,0.0,0.0,0.0,0.0,0,0,0,0,unknown
501318,776550,01/01/2023,12/31/2023,0.0,0.0,0.0,0.0,0.0,0.0,0.0,0,0,0,0,unknown
501319,776551,01/01/2023,12/31/2023,0.0,0.0,0.0,0.0,0.0,0.0,0.0,0,0,0,0,unknown
510024,776552,01/01/2023,12/31/2023,0.0,0.0,0.0,0.0,0.0,0.0,0.0,0,0,0,0,unknown
650003,776555,01/01/2023,12/31/2023,0.0,0.0,0.0,0.0,0.0,0.0,0.0,0,0,0,0,unknown
030107,776559,01/01/2023,12/31/2023,0.0,0.0,0.0,0.0,0.0,0.0,0.0,0,0,0,0,unknown
050783,776574,01/01/2023,12/31/2023,0.0,0.0,0.0,0.0,0.0,0.0,0.0,0,0,0,0,unknown
051320,776575,01/01/2023,12/31/2023,0.0,0.0,0.0,0.0,0.0,0.0,0.0,0,0,0,0,unknown
054055,776576,01/01/2023,12/31/2023,0.0,0.0,0.0,0.0,0.0,0.0,0.0,0,0,0,0,unknown
054096,776578,01/01/2023,12/31/2023,0.0,0.0,0.0,0.0,0.0,0.0,0.0,0,0,0,0,unknown
054157,776579,01/01/2023,12/31/2023,0.0,0.0,0.0,0.0,0.0,0.0,0.0,0,0,0,0,unknown
063036,776581,01/01/2023,12/31/2023,0.0,0.0,0.0,0.0,0.0,0.0,0.0,0,0,0,0,unknown
100050,776583,01/01/2023,12/31/2023,0.0,0.0,0.0,0.0,0.0,0.0,0.0,0,0,0,0,unknown
103036,776589,01/01/2023,12/31/2023,0.0,0.0,0.0,0.0,0.0,0.0,0.0,0,0,0,0,unknown
120002,776593,01/01/2023,12/31/2023,0.0,0.0,0.0,0.0,0.0,0.0,0.0,0,0,0,0,unknown
140049,776595,05/01/2023,12/31/2023,0.0,0.0,0.0,0.0,0.0,0.0,0.0,0,0,0,0,unknown
170109,776602,01/01/2023,12/31/2023,0.0,0.0,0.0,0.0,0.0,0.0,0.0,0,0,0,0,unknown
184017,776605,01/01/2023,12/31/2023,0.0,0.0,0.0,0.0,0.0,0.0,0.0,0,0,0,0,unknown
194087,776607,01/01/2023,12/31/2023,0.0,0.0,0.0,0.0,0.0,0.0,0.0,0,0,0,0,unknown
270012,776611,01/01/2023,12/31/2023,0.0,0.0,0.0,0.0,0.0,0.0,0.0,0,0,0,0,unknown
270057,776612,01/01/2023,12/31/2023,0.0,0.0,0.0,0.0,0.0,0.0,0.0,0,0,0,0,unknown
310047,776617,01/01/2023,12/31/2023,0.0,0.0,0.0,0.0,0.0,0.0,0.0,0,0,0,0,unknown
310096,776619,01/01/2023,12/31/2023,0.0,0.0,0.0,0.0,0.0,0.0,0.0,0,0,0,0,unknown
320089,776620,07/01/2023,12/31/2023,0.0,0.0,0.0,0.0,0.0,0.0,0.0,0,0,0,0,unknown
363308,776628,01/01/2023,12/31/2023,0.0,0.0,0.0,0.0,0.0,0.0,0.0,0,0,0,0,unknown
450128,776640,01/01/2023,12/31/2023,0.0,0.0,0.0,0.0,0.0,0.0,0.0,0,0,0,0,unknown
450422,776641,01/01/2023,12/31/2023,0.0,0.0,0.0,0.0,0.0,0.0,0.0,0,0,0,0,unknown
450856,776643,01/01/2023,12/31/2023,0.0,0.0,0.0,0.0,0.0,0.0,0.0,0,0,0,0,unknown
454101,776646,01/01/2023,12/31/2023,0.0,0.0,0.0,0.0,0.0,0.0,0.0,0,0,0,0,unknown
500016,776651,01/01/2023,12/31/2023,0.0,0.0,0.0,0.0,0.0,0.0,0.0,0,0,0,0,unknown
501322,776652,01/01/2023,12/31/2023,0.0,0.0,0.0,0.0,0.0,0.0,0.0,0,0,0,0,unknown
501324,776653,01/01/2023,12/31/2023,0.0,0.0,0.0,0.0,0.0,0.0,0.0,0,0,0,0,unknown
501327,776654,01/01/2023,12/31/2023,0.0,0.0,0.0,0.0,0.0,0.0,0.0,0,0,0,0,unknown
501331,776655,01/01/2023,12/31/2023,0.0,0.0,0.0,0.0,0.0,0.0,0.0,0,0,0,0,unknown
501336,776656,01/01/2023,12/31/2023,0.0,0.0,0.0,0.0,0.0,0.0,0.0,0,0,0,0,unknown
520196,776657,01/01/2023,12/31/2023,0.0,0.0,0.0,0.0,0.0,0.0,0.0,0,0,0,0,unknown
521318,776658,01/01/2023,12/31/2023,0.0,0.0,0.0,0.0,0.0,0.0,0.0,0,0,0,0,unknown
524041,776659,01/01/2023,12/31/2023,0.0,0.0,0.0,0.0,0.0,0.0,0.0,0,0,0,0,unknown
670060,776661,01/01/2023,12/31/2023,0.0,0.0,0.0,0.0,0.0,0.0,0.0,0,0,0,0,unknown
010046,776665,01/01/2023,12/31/2023,0.0,0.0,0.0,0.0,0.0,0.0,0.0,0,0,0,0,unknown
030061,776671,01/01/2023,12/31/2023,0.0,0.0,0.0,0.0,0.0,0.0,0.0,0,0,0,0,unknown
040072,776676,01/01/2023,12/31/2023,0.0,0.0,0.0,0.0,0.0,0.0,0.0,0,0,0,0,unknown
050608,776689,01/01/2023,12/31/2023,0.0,0.0,0.0,0.0,0.0,0.0,0.0,0,0,0,0,unknown
050684,776690,01/01/2023,12/31/2023,0.0,0.0,0.0,0.0,0.0,0.0,0.0,0,0,0,0,unknown
061325,776694,01/01/2023,12/31/2023,0.0,0.0,0.0,0.0,0.0,0.0,0.0,0,0,0,0,unknown
100291,776702,01/01/2023,12/31/2023,0.0,0.0,0.0,0.0,0.0,0.0,0.0,0,0,0,0,unknown
111330,776704,01/01/2023,12/31/2023,0.0,0.0,0.0,0.0,0.0,0.0,0.0,0,0,0,0,unknown
130074,776706,01/01/2023,12/31/2023,0.0,0.0,0.0,0.0,0.0,0.0,0.0,0,0,0,0,unknown
140065,776708,01/01/2023,12/31/2023,0.0,0.0,0.0,0.0,0.0,0.0,0.0,0,0,0,0,unknown
140122,776709,01/01/2023,12/31/2023,0.0,0.0,0.0,0.0,0.0,0.0,0.0,0,0,0,0,unknown
150035,776716,01/01/2023,12/31/2023,0.0,0.0,0.0,0.0,0.0,0.0,0.0,0,0,0,0,unknown
150057,776718,01/01/2023,12/31/2023,0.0,0.0,0.0,0.0,0.0,0.0,0.0,0,0,0,0,unknown
150168,776722,01/01/2023,12/31/2023,0.0,0.0,0.0,0.0,0.0,0.0,0.0,0,0,0,0,unknown
150183,776723,01/01/2023,12/31/2023,0.0,0.0,0.0,0.0,0.0,0.0,0.0,0,0,0,0,unknown
150193,776724,01/01/2023,12/31/2023,0.0,0.0,0.0,0.0,0.0,0.0,0.0,0,0,0,0,unknown
151331,776725,01/01/2023,12/31/2023,0.0,0.0,0.0,0.0,0.0,0.0,0.0,0,0,0,0,unknown
184009,776734,01/01/2023,12/31/2023,0.0,0.0,0.0,0.0,0.0,0.0,0.0,0,0,0,0,unknown
190267,776735,01/01/2023,12/31/2023,0.0,0.0,0.0,0.0,0.0,0.0,0.0,0,0,0,0,unknown
193079,776736,01/01/2023,12/31/2023,0.0,0.0,0.0,0.0,0.0,0.0,0.0,0,0,0,0,unknown
193300,776737,01/01/2023,12/31/2023,0.0,0.0,0.0,0.0,0.0,0.0,0.0,0,0,0,0,unknown
230130,776744,01/01/2023,12/31/2023,0.0,0.0,0.0,0.0,0.0,0.0,0.0,0,0,0,0,unknown
250779,776748,03/16/2023,12/31/2023,0.0,0.0,0.0,0.0,0.0,0.0,0.0,0,0,0,0,unknown
290001,776754,01/01/2023,12/31/2023,0.0,0.0,0.0,0.0,0.0,0.0,0.0,0,0,0,0,unknown
291309,776757,01/01/2023,12/31/2023,0.0,0.0,0.0,0.0,0.0,0.0,0.0,0,0,0,0,unknown
310025,776758,01/01/2023,12/31/2023,0.0,0.0,0.0,0.0,0.0,0.0,0.0,0,0,0,0,unknown
310064,776759,01/01/2023,12/31/2023,0.0,0.0,0.0,0.0,0.0,0.0,0.0,0,0,0,0,unknown
320021,776760,01/01/2023,12/31/2023,0.0,0.0,0.0,0.0,0.0,0.0,0.0,0,0,0,0,unknown
320033,776761,01/01/2023,12/31/2023,0.0,0.0,0.0,0.0,0.0,0.0,0.0,0,0,0,0,unknown
321309,776762,01/01/2023,12/31/2023,0.0,0.0,0.0,0.0,0.0,0.0,0.0,0,0,0,0,unknown
323033,776763,01/01/2023,12/31/2023,0.0,0.0,0.0,0.0,0.0,0.0,0.0,0,0,0,0,unknown
360026,776769,01/01/2023,12/31/2023,0.0,0.0,0.0,0.0,0.0,0.0,0.0,0,0,0,0,unknown
360032,776770,01/01/2023,12/31/2023,0.0,0.0,0.0,0.0,0.0,0.0,0.0,0,0,0,0,unknown
360095,776774,01/01/2023,12/31/2023,0.0,0.0,0.0,0.0,0.0,0.0,0.0,0,0,0,0,unknown
361307,776778,01/01/2023,12/31/2023,0.0,0.0,0.0,0.0,0.0,0.0,0.0,0,0,0,0,unknown
361308,776779,01/01/2023,12/31/2023,0.0,0.0,0.0,0.0,0.0,0.0,0.0,0,0,0,0,unknown
361332,776781,01/01/2023,12/31/2023,0.0,0.0,0.0,0.0,0.0,0.0,0.0,0,0,0,0,unknown
361334,776783,01/01/2023,12/31/2023,0.0,0.0,0.0,0.0,0.0,0.0,0.0,0,0,0,0,unknown
363036,776785,01/01/2023,12/31/2023,0.0,0.0,0.0,0.0,0.0,0.0,0.0,0,0,0,0,unknown
364048,776788,01/01/2023,12/31/2023,0.0,0.0,0.0,0.0,0.0,0.0,0.0,0,0,0,0,unknown
364051,776790,01/01/2023,12/31/2023,0.0,0.0,0.0,0.0,0.0,0.0,0.0,0,0,0,0,unknown
364053,776791,01/01/2023,12/31/2023,0.0,0.0,0.0,0.0,0.0,0.0,0.0,0,0,0,0,unknown
390180,776794,01/01/2023,12/31/2023,0.0,0.0,0.0,0.0,0.0,0.0,0.0,0,0,0,0,unknown
390304,776795,01/01/2023,12/31/2023,0.0,0.0,0.0,0.0,0.0,0.0,0.0,0,0,0,0,unknown
394058,776796,12/09/2022,12/31/2023,0.0,0.0,0.0,0.0,0.0,0.0,0.0,0,0,0,0,unknown
450774,776813,01/01/2023,12/31/2023,0.0,0.0,0.0,0.0,0.0,0.0,0.0,0,0,0,0,unknown
450808,776814,01/01/2023,12/31/2023,0.0,0.0,0.0,0.0,0.0,0.0,0.0,0,0,0,0,unknown
450822,776815,01/01/2023,12/31/2023,0.0,0.0,0.0,0.0,0.0,0.0,0.0,0,0,0,0,unknown
450860,776816,01/01/2023,12/31/2023,0.0,0.0,0.0,0.0,0.0,0.0,0.0,0,0,0,0,unknown
450869,776817,01/01/2023,12/31/2023,0.0,0.0,0.0,0.0,0.0,0.0,0.0,0,0,0,0,unknown
451396,776820,01/01/2023,12/31/2023,0.0,0.0,0.0,0.0,0.0,0.0,0.0,0,0,0,0,unknown
460011,776822,01/01/2023,12/31/2023,0.0,0.0,0.0,0.0,0.0,0.0,0.0,0,0,0,0,unknown
500025,776824,01/01/2023,12/31/2023,0.0,0.0,0.0,0.0,0.0,0.0,0.0,0,0,0,0,unknown
510091,776826,01/01/2023,12/31/2023,0.0,0.0,0.0,0.0,0.0,0.0,0.0,0,0,0,0,unknown
511300,776827,01/01/2023,12/31/2023,0.0,0.0,0.0,0.0,0.0,0.0,0.0,0,0,0,0,unknown
511301,776828,01/01/2023,12/31/2023,0.0,0.0,0.0,0.0,0.0,0.0,0.0,0,0,0,0,unknown
670044,776833,01/01/2023,12/31/2023,0.0,0.0,0.0,0.0,0.0,0.0,0.0,0,0,0,0,unknown
670071,776835,01/01/2023,12/31/2023,0.0,0.0,0.0,0.0,0.0,0.0,0.0,0,0,0,0,unknown
670078,776836,01/01/2023,12/31/2023,0.0,0.0,0.0,0.0,0.0,0.0,0.0,0,0,0,0,unknown
670260,776837,01/01/2023,12/31/2023,0.0,0.0,0.0,0.0,0.0,0.0,0.0,0,0,0,0,unknown
020001,776854,01/01/2023,12/31/2023,0.0,0.0,0.0,0.0,0.0,0.0,0.0,0,0,0,0,unknown
060011,776866,01/01/2023,12/31/2023,0.0,0.0,0.0,0.0,0.0,0.0,0.0,0,0,0,0,unknown
060118,776867,07/01/2023,01/11/2024,0.0,0.0,0.0,0.0,0.0,0.0,0.0,0,0,0,0,unknown
061315,776868,01/01/2023,12/31/2023,0.0,0.0,0.0,0.0,0.0,0.0,0.0,0,0,0,0,unknown
061319,776869,01/01/2023,12/31/2023,0.0,0.0,0.0,0.0,0.0,0.0,0.0,0,0,0,0,unknown
120006,776875,01/01/2023,12/31/2023,0.0,0.0,0.0,0.0,0.0,0.0,0.0,0,0,0,0,unknown
140158,776880,01/01/2023,12/31/2023,0.0,0.0,0.0,0.0,0.0,0.0,0.0,0,0,0,0,unknown
150026,776884,01/01/2023,12/31/2023,0.0,0.0,0.0,0.0,0.0,0.0,0.0,0,0,0,0,unknown
153028,776889,01/01/2023,12/31/2023,0.0,0.0,0.0,0.0,0.0,0.0,0.0,0,0,0,0,unknown
153048,776890,01/01/2023,12/31/2023,0.0,0.0,0.0,0.0,0.0,0.0,0.0,0,0,0,0,unknown
192028,776905,01/01/2023,12/31/2023,0.0,0.0,0.0,0.0,0.0,0.0,0.0,0,0,0,0,unknown
193094,776906,01/01/2023,12/31/2023,0.0,0.0,0.0,0.0,0.0,0.0,0.0,0,0,0,0,unknown
220010,776916,10/01/2022,09/30/2023,0.0,0.0,0.0,0.0,0.0,0.0,0.0,0,0,0,0,unknown
230024,776927,01/01/2023,12/31/2023,0.0,0.0,0.0,0.0,0.0,0.0,0.0,0,0,0,0,unknown
230085,776928,01/01/2023,12/31/2023,0.0,0.0,0.0,0.0,0.0,0.0,0.0,0,0,0,0,unknown
230146,776929,01/01/2023,12/31/2023,0.0,0.0,0.0,0.0,0.0,0.0,0.0,0,0,0,0,unknown
230264,776930,01/01/2023,12/31/2023,0.0,0.0,0.0,0.0,0.0,0.0,0.0,0,0,0,0,unknown
230273,776931,01/01/2023,12/31/2023,0.0,0.0,0.0,0.0,0.0,0.0,0.0,0,0,0,0,unknown
250127,776934,10/01/2022,09/30/2023,0.0,0.0,0.0,0.0,0.0,0.0,0.0,0,0,0,0,unknown
260047,776941,07/01/2023,12/31/2023,0.0,0.0,0.0,0.0,0.0,0.0,0.0,0,0,0,0,unknown
260070,776944,01/01/2023,12/31/2023,0.0,0.0,0.0,0.0,0.0,0.0,0.0,0,0,0,0,unknown
260085,776945,01/01/2023,12/31/2023,0.0,0.0,0.0,0.0,0.0,0.0,0.0,0,0,0,0,unknown
271304,776949,07/01/2023,12/31/2023,0.0,0.0,0.0,0.0,0.0,0.0,0.0,0,0,0,0,unknown
271324,776950,04/01/2023,12/31/2023,0.0,0.0,0.0,0.0,0.0,0.0,0.0,0,0,0,0,unknown
310008,776955,01/01/2023,12/31/2023,0.0,0.0,0.0,0.0,0.0,0.0,0.0,0,0,0,0,unknown
310016,776956,01/01/2023,12/31/2023,0.0,0.0,0.0,0.0,0.0,0.0,0.0,0,0,0,0,unknown
310040,776957,01/01/2023,12/31/2023,0.0,0.0,0.0,0.0,0.0,0.0,0.0,0,0,0,0,unknown
320062,776959,10/01/2022,09/30/2023,0.0,0.0,0.0,0.0,0.0,0.0,0.0,0,0,0,0,unknown
340156,776965,10/01/2022,09/30/2023,0.0,0.0,0.0,0.0,0.0,0.0,0.0,0,0,0,0,unknown
350015,776966,01/01/2023,12/31/2023,0.0,0.0,0.0,0.0,0.0,0.0,0.0,0,0,0,0,unknown
370173,776968,10/01/2022,09/30/2023,0.0,0.0,0.0,0.0,0.0,0.0,0.0,0,0,0,0,unknown
370201,776969,01/01/2023,12/31/2023,0.0,0.0,0.0,0.0,0.0,0.0,0.0,0,0,0,0,unknown
370780,776971,07/01/2023,12/31/2023,0.0,0.0,0.0,0.0,0.0,0.0,0.0,0,0,0,0,unknown
390323,776976,01/01/2023,12/31/2023,0.0,0.0,0.0,0.0,0.0,0.0,0.0,0,0,0,0,unknown
430098,776980,10/01/2022,09/30/2023,0.0,0.0,0.0,0.0,0.0,0.0,0.0,0,0,0,0,unknown
450827,776991,01/01/2023,12/31/2023,0.0,0.0,0.0,0.0,0.0,0.0,0.0,0,0,0,0,unknown
450872,776992,01/01/2023,12/31/2023,0.0,0.0,0.0,0.0,0.0,0.0,0.0,0,0,0,0,unknown
451332,776994,01/01/2023,12/31/2023,0.0,0.0,0.0,0.0,0.0,0.0,0.0,0,0,0,0,unknown
451339,776995,01/01/2023,12/31/2023,0.0,0.0,0.0,0.0,0.0,0.0,0.0,0,0,0,0,unknown
451398,776998,01/01/2023,12/31/2023,0.0,0.0,0.0,0.0,0.0,0.0,0.0,0,0,0,0,unknown
453309,776999,01/01/2023,12/31/2023,0.0,0.0,0.0,0.0,0.0,0.0,0.0,0,0,0,0,unknown
461309,777000,01/01/2023,12/31/2023,0.0,0.0,0.0,0.0,0.0,0.0,0.0,0,0,0,0,unknown
501305,777009,01/01/2023,12/31/2023,0.0,0.0,0.0,0.0,0.0,0.0,0.0,0,0,0,0,unknown
501310,777010,01/01/2023,12/31/2023,0.0,0.0,0.0,0.0,0.0,0.0,0.0,0,0,0,0,unknown
501314,777011,01/01/2023,12/31/2023,0.0,0.0,0.0,0.0,0.0,0.0,0.0,0,0,0,0,unknown
501323,777013,01/01/2023,12/31/2023,0.0,0.0,0.0,0.0,0.0,0.0,0.0,0,0,0,0,unknown
501328,777014,01/01/2023,12/31/2023,0.0,0.0,0.0,0.0,0.0,0.0,0.0,0,0,0,0,unknown
501334,777015,01/01/2023,12/31/2023,0.0,0.0,0.0,0.0,0.0,0.0,0.0,0,0,0,0,unknown
513025,777017,01/01/2023,12/31/2023,0.0,0.0,0.0,0.0,0.0,0.0,0.0,0,0,0,0,unknown
670068,777023,01/01/2023,12/31/2023,0.0,0.0,0.0,0.0,0.0,0.0,0.0,0,0,0,0,unknown
673060,777025,01/01/2023,12/31/2023,0.0,0.0,0.0,0.0,0.0,0.0,0.0,0,0,0,0,unknown
713026,777026,01/01/2023,12/31/2023,0.0,0.0,0.0,0.0,0.0,0.0,0.0,0,0,0,0,unknown
031300,777027,01/01/2023,12/31/2023,0.0,0.0,0.0,0.0,0.0,0.0,0.0,0,0,0,0,unknown
050378,777030,01/01/2023,12/31/2023,0.0,0.0,0.0,0.0,0.0,0.0,0.0,0,0,0,0,unknown
061304,777038,01/01/2023,12/31/2023,0.0,0.0,0.0,0.0,0.0,0.0,0.0,0,0,0,0,unknown
140103,777055,01/01/2023,12/31/2023,0.0,0.0,0.0,0.0,0.0,0.0,0.0,0,0,0,0,unknown
141309,777058,01/01/2023,12/31/2023,0.0,0.0,0.0,0.0,0.0,0.0,0.0,0,0,0,0,unknown
141316,777059,01/01/2023,12/31/2023,0.0,0.0,0.0,0.0,0.0,0.0,0.0,0,0,0,0,unknown
150172,777062,01/01/2023,12/31/2023,0.0,0.0,0.0,0.0,0.0,0.0,0.0,0,0,0,0,unknown
150177,777063,01/01/2023,12/31/2023,0.0,0.0,0.0,0.0,0.0,0.0,0.0,0,0,0,0,unknown
161306,777065,01/01/2023,12/31/2023,0.0,0.0,0.0,0.0,0.0,0.0,0.0,0,0,0,0,unknown
170188,777069,01/01/2023,12/31/2023,0.0,0.0,0.0,0.0,0.0,0.0,0.0,0,0,0,0,unknown
171311,777073,01/01/2023,12/31/2023,0.0,0.0,0.0,0.0,0.0,0.0,0.0,0,0,0,0,unknown
171321,777074,01/01/2023,12/31/2023,0.0,0.0,0.0,0.0,0.0,0.0,0.0,0,0,0,0,unknown
171323,777075,01/01/2023,12/31/2023,0.0,0.0,0.0,0.0,0.0,0.0,0.0,0,0,0,0,unknown
171383,777076,01/01/2023,12/31/2023,0.0,0.0,0.0,0.0,0.0,0.0,0.0,0,0,0,0,unknown
191326,777081,01/01/2023,12/31/2023,0.0,0.0,0.0,0.0,0.0,0.0,0.0,0,0,0,0,unknown
230031,777089,01/01/2023,12/31/2023,0.0,0.0,0.0,0.0,0.0,0.0,0.0,0,0,0,0,unknown
230104,777090,01/01/2023,12/31/2023,0.0,0.0,0.0,0.0,0.0,0.0,0.0,0,0,0,0,unknown
230121,777091,01/01/2023,12/31/2023,0.0,0.0,0.0,0.0,0.0,0.0,0.0,0,0,0,0,unknown
230244,777093,01/01/2023,12/31/2023,0.0,0.0,0.0,0.0,0.0,0.0,0.0,0,0,0,0,unknown
233300,777095,01/01/2023,12/31/2023,0.0,0.0,0.0,0.0,0.0,0.0,0.0,0,0,0,0,unknown
251339,777103,01/01/2023,12/31/2023,0.0,0.0,0.0,0.0,0.0,0.0,0.0,0,0,0,0,unknown
270014,777106,01/01/2023,12/31/2023,0.0,0.0,0.0,0.0,0.0,0.0,0.0,0,0,0,0,unknown
270086,777107,01/01/2023,12/31/2023,0.0,0.0,0.0,0.0,0.0,0.0,0.0,0,0,0,0,unknown
271333,777109,07/01/2023,12/31/2023,0.0,0.0,0.0,0.0,0.0,0.0,0.0,0,0,0,0,unknown
281345,777113,01/01/2023,12/31/2023,0.0,0.0,0.0,0.0,0.0,0.0,0.0,0,0,0,0,unknown
310092,777114,01/01/2023,12/31/2023,0.0,0.0,0.0,0.0,0.0,0.0,0.0,0,0,0,0,unknown
330234,777115,01/01/2023,12/31/2023,0.0,0.0,0.0,0.0,0.0,0.0,0.0,0,0,0,0,unknown
372009,777121,02/01/2023,01/31/2024,0.0,0.0,0.0,0.0,0.0,0.0,0.0,0,0,0,0,unknown
380047,777122,01/01/2023,12/31/2023,0.0,0.0,0.0,0.0,0.0,0.0,0.0,0,0,0,0,unknown
381313,777123,01/01/2023,12/31/2023,0.0,0.0,0.0,0.0,0.0,0.0,0.0,0,0,0,0,unknown
431322,777130,01/01/2023,12/31/2023,0.0,0.0,0.0,0.0,0.0,0.0,0.0,0,0,0,0,unknown
450688,777134,01/01/2023,12/31/2023,0.0,0.0,0.0,0.0,0.0,0.0,0.0,0,0,0,0,unknown
454148,777142,01/01/2023,12/31/2023,0.0,0.0,0.0,0.0,0.0,0.0,0.0,0,0,0,0,unknown
454155,777143,01/01/2023,12/31/2023,0.0,0.0,0.0,0.0,0.0,0.0,0.0,0,0,0,0,unknown
500054,777146,01/01/2023,12/31/2023,0.0,0.0,0.0,0.0,0.0,0.0,0.0,0,0,0,0,unknown
500058,777147,01/01/2023,12/31/2023,0.0,0.0,0.0,0.0,0.0,0.0,0.0,0,0,0,0,unknown
501339,777151,01/01/2023,12/31/2023,0.0,0.0,0.0,0.0,0.0,0.0,0.0,0,0,0,0,unknown
520194,777154,01/01/2023,12/31/2023,0.0,0.0,0.0,0.0,0.0,0.0,0.0,0,0,0,0,unknown
673083,777157,06/23/2023,12/31/2023,0.0,0.0,0.0,0.0,0.0,0.0,0.0,0,0,0,0,unknown
030071,777162,10/01/2022,09/30/2023,0.0,0.0,0.0,0.0,0.0,0.0,0.0,0,0,0,0,unknown
050394,777168,01/01/2023,12/31/2023,0.0,0.0,0.0,0.0,0.0,0.0,0.0,0,0,0,0,unknown
131327,777185,01/01/2023,12/31/2023,0.0,0.0,0.0,0.0,0.0,0.0,0.0,0,0,0,0,unknown
140082,777189,06/01/2023,12/31/2023,0.0,0.0,0.0,0.0,0.0,0.0,0.0,0,0,0,0,unknown
140252,777194,01/01/2023,12/31/2023,0.0,0.0,0.0,0.0,0.0,0.0,0.0,0,0,0,0,unknown
170146,777200,01/01/2023,12/31/2023,0.0,0.0,0.0,0.0,0.0,0.0,0.0,0,0,0,0,unknown
171342,777203,01/01/2023,12/31/2023,0.0,0.0,0.0,0.0,0.0,0.0,0.0,0,0,0,0,unknown
191320,777206,01/01/2023,12/31/2023,0.0,0.0,0.0,0.0,0.0,0.0,0.0,0,0,0,0,unknown
250136,777221,01/01/2023,12/31/2023,0.0,0.0,0.0,0.0,0.0,0.0,0.0,0,0,0,0,unknown
260017,777223,01/01/2023,12/31/2023,0.0,0.0,0.0,0.0,0.0,0.0,0.0,0,0,0,0,unknown
260068,777227,01/01/2023,12/31/2023,0.0,0.0,0.0,0.0,0.0,0.0,0.0,0,0,0,0,unknown
260097,777229,01/01/2023,12/31/2023,0.0,0.0,0.0,0.0,0.0,0.0,0.0,0,0,0,0,unknown
260193,777235,01/01/2023,12/31/2023,0.0,0.0,0.0,0.0,0.0,0.0,0.0,0,0,0,0,unknown
271330,777239,07/01/2023,12/31/2023,0.0,0.0,0.0,0.0,0.0,0.0,0.0,0,0,0,0,unknown
330233,777244,01/01/2023,12/31/2023,0.0,0.0,0.0,0.0,0.0,0.0,0.0,0,0,0,0,unknown
360020,777258,01/01/2023,12/31/2023,0.0,0.0,0.0,0.0,0.0,0.0,0.0,0,0,0,0,unknown
361313,777261,01/01/2023,12/31/2023,0.0,0.0,0.0,0.0,0.0,0.0,0.0,0,0,0,0,unknown
363035,777263,02/01/2023,01/31/2024,0.0,0.0,0.0,0.0,0.0,0.0,0.0,0,0,0,0,unknown
440058,777268,01/01/2023,12/31/2023,0.0,0.0,0.0,0.0,0.0,0.0,0.0,0,0,0,0,unknown
451395,777280,01/01/2023,12/31/2023,0.0,0.0,0.0,0.0,0.0,0.0,0.0,0,0,0,0,unknown
460052,777284,01/01/2023,12/31/2023,0.0,0.0,0.0,0.0,0.0,0.0,0.0,0,0,0,0,unknown
490097,777286,01/01/2023,12/31/2023,0.0,0.0,0.0,0.0,0.0,0.0,0.0,0,0,0,0,unknown
500084,777287,01/01/2023,12/31/2023,0.0,0.0,0.0,0.0,0.0,0.0,0.0,0,0,0,0,unknown
501325,777288,01/01/2023,12/31/2023,0.0,0.0,0.0,0.0,0.0,0.0,0.0,0,0,0,0,unknown
151300,777315,01/01/2023,12/31/2023,0.0,0.0,0.0,0.0,0.0,0.0,0.0,0,0,0,0,unknown
161362,777317,01/01/2023,12/31/2023,0.0,0.0,0.0,0.0,0.0,0.0,0.0,0,0,0,0,unknown
171368,777324,01/01/2023,12/31/2023,0.0,0.0,0.0,0.0,0.0,0.0,0.0,0,0,0,0,unknown
171369,777325,01/01/2023,12/31/2023,0.0,0.0,0.0,0.0,0.0,0.0,0.0,0,0,0,0,unknown
230092,777332,01/01/2023,12/31/2023,0.0,0.0,0.0,0.0,0.0,0.0,0.0,0,0,0,0,unknown
230144,777333,01/01/2023,12/31/2023,0.0,0.0,0.0,0.0,0.0,0.0,0.0,0,0,0,0,unknown
230301,777336,01/01/2023,12/31/2023,0.0,0.0,0.0,0.0,0.0,0.0,0.0,0,0,0,0,unknown
261315,777348,01/01/2023,12/31/2023,0.0,0.0,0.0,0.0,0.0,0.0,0.0,0,0,0,0,unknown
280032,777352,01/01/2023,12/31/2023,0.0,0.0,0.0,0.0,0.0,0.0,0.0,0,0,0,0,unknown
281310,777355,01/01/2023,12/31/2023,0.0,0.0,0.0,0.0,0.0,0.0,0.0,0,0,0,0,unknown
290049,777357,01/01/2023,12/31/2023,0.0,0.0,0.0,0.0,0.0,0.0,0.0,0,0,0,0,unknown
294010,777358,01/01/2023,12/31/2023,0.0,0.0,0.0,0.0,0.0,0.0,0.0,0,0,0,0,unknown
370041,777365,01/01/2023,09/07/2023,0.0,0.0,0.0,0.0,0.0,0.0,0.0,0,0,0,0,unknown
381320,777370,01/01/2023,12/31/2023,0.0,0.0,0.0,0.0,0.0,0.0,0.0,0,0,0,0,unknown
320060,777413,10/01/2022,09/30/2023,0.0,0.0,0.0,0.0,0.0,0.0,0.0,0,0,0,0,unknown
370171,777414,10/01/2022,09/30/2023,0.0,0.0,0.0,0.0,0.0,0.0,0.0,0,0,0,0,unknown
430084,777418,10/01/2022,09/30/2023,0.0,0.0,0.0,0.0,0.0,0.0,0.0,0,0,0,0,unknown
054032,777434,02/01/2023,01/31/2024,0.0,0.0,0.0,0.0,0.0,0.0,0.0,0,0,0,0,unknown
054104,777435,02/01/2023,01/31/2024,0.0,0.0,0.0,0.0,0.0,0.0,0.0,0,0,0,0,unknown
150090,777450,01/01/2023,12/31/2023,0.0,0.0,0.0,0.0,0.0,0.0,0.0,0,0,0,0,unknown
230302,777458,01/01/2023,12/31/2023,0.0,0.0,0.0,0.0,0.0,0.0,0.0,0,0,0,0,unknown
500031,777474,01/01/2023,12/31/2023,0.0,0.0,0.0,0.0,0.0,0.0,0.0,0,0,0,0,unknown
501332,777475,01/01/2023,12/31/2023,0.0,0.0,0.0,0.0,0.0,0.0,0.0,0,0,0,0,unknown
030153,777485,02/01/2023,01/31/2024,0.0,0.0,0.0,0.0,0.0,0.0,0.0,0,0,0,0,unknown
044020,777489,01/01/2023,12/31/2023,0.0,0.0,0.0,0.0,0.0,0.0,0.0,0,0,0,0,unknown
120004,777505,07/01/2023,04/01/2024,0.0,0.0,0.0,0.0,0.0,0.0,0.0,0,0,0,0,unknown
153050,777516,06/09/2023,12/31/2023,0.0,0.0,0.0,0.0,0.0,0.0,0.0,0,0,0,0,unknown
190045,777524,01/01/2023,12/31/2023,0.0,0.0,0.0,0.0,0.0,0.0,0.0,0,0,0,0,unknown
190088,777526,01/01/2023,12/31/2023,0.0,0.0,0.0,0.0,0.0,0.0,0.0,0,0,0,0,unknown
190278,777529,01/01/2023,12/31/2023,0.0,0.0,0.0,0.0,0.0,0.0,0.0,0,0,0,0,unknown
220098,777537,01/01/2023,12/31/2023,0.0,0.0,0.0,0.0,0.0,0.0,0.0,0,0,0,0,unknown
230013,777539,01/01/2023,12/31/2023,0.0,0.0,0.0,0.0,0.0,0.0,0.0,0,0,0,0,unknown
230096,777540,10/01/2022,07/05/2023,0.0,0.0,0.0,0.0,0.0,0.0,0.0,0,0,0,0,unknown
270004,777548,07/01/2023,12/31/2023,0.0,0.0,0.0,0.0,0.0,0.0,0.0,0,0,0,0,unknown
410010,777564,10/01/2022,09/30/2023,0.0,0.0,0.0,0.0,0.0,0.0,0.0,0,0,0,0,unknown
452096,777577,02/01/2023,01/31/2024,0.0,0.0,0.0,0.0,0.0,0.0,0.0,0,0,0,0,unknown
024001,777596,01/01/2023,12/31/2023,0.0,0.0,0.0,0.0,0.0,0.0,0.0,0,0,0,0,unknown
030078,777597,10/01/2022,09/30/2023,0.0,0.0,0.0,0.0,0.0,0.0,0.0,0,0,0,0,unknown
051316,777608,01/01/2023,12/31/2023,0.0,0.0,0.0,0.0,0.0,0.0,0.0,0,0,0,0,unknown
061305,777609,01/01/2023,12/31/2023,0.0,0.0,0.0,0.0,0.0,0.0,0.0,0,0,0,0,unknown
290003,777660,02/01/2023,01/31/2024,0.0,0.0,0.0,0.0,0.0,0.0,0.0,0,0,0,0,unknown
310111,777661,01/01/2023,12/31/2023,0.0,0.0,0.0,0.0,0.0,0.0,0.0,0,0,0,0,unknown
330182,777662,01/01/2023,12/31/2023,0.0,0.0,0.0,0.0,0.0,0.0,0.0,0,0,0,0,unknown
330194,777663,01/01/2023,12/31/2023,0.0,0.0,0.0,0.0,0.0,0.0,0.0,0,0,0,0,unknown
440008,777675,01/01/2023,12/31/2023,0.0,0.0,0.0,0.0,0.0,0.0,0.0,0,0,0,0,unknown
014006,777696,01/01/2023,12/31/2023,0.0,0.0,0.0,0.0,0.0,0.0,0.0,0,0,0,0,unknown
030084,777698,10/01/2022,09/30/2023,0.0,0.0,0.0,0.0,0.0,0.0,0.0,0,0,0,0,unknown
051990,777705,01/01/2023,12/31/2023,0.0,0.0,0.0,0.0,0.0,0.0,0.0,0,0,0,0,unknown
111334,777722,01/01/2023,12/31/2023,0.0,0.0,0.0,0.0,0.0,0.0,0.0,0,0,0,0,unknown
270074,777750,10/01/2022,09/30/2023,0.0,0.0,0.0,0.0,0.0,0.0,0.0,0,0,0,0,unknown
344036,777760,05/05/2023,09/30/2023,0.0,0.0,0.0,0.0,0.0,0.0,0.0,0,0,0,0,unknown
350063,777761,10/01/2022,09/30/2023,0.0,0.0,0.0,0.0,0.0,0.0,0.0,0,0,0,0,unknown
363304,777764,01/01/2023,12/31/2023,0.0,0.0,0.0,0.0,0.0,0.0,0.0,0,0,0,0,unknown
370170,777765,10/01/2022,09/30/2023,0.0,0.0,0.0,0.0,0.0,0.0,0.0,0,0,0,0,unknown
452121,777780,02/01/2023,01/31/2024,0.0,0.0,0.0,0.0,0.0,0.0,0.0,0,0,0,0,unknown
514008,777791,01/01/2023,12/31/2023,0.0,0.0,0.0,0.0,0.0,0.0,0.0,0,0,0,0,unknown
670106,777800,02/01/2023,01/31/2024,0.0,0.0,0.0,0.0,0.0,0.0,0.0,0,0,0,0,unknown
030036,777806,01/01/2023,12/31/2023,0.0,0.0,0.0,0.0,0.0,0.0,0.0,0,0,0,0,unknown
030073,777807,10/01/2022,09/30/2023,0.0,0.0,0.0,0.0,0.0,0.0,0.0,0,0,0,0,unknown
320061,777862,10/01/2022,09/30/2023,0.0,0.0,0.0,0.0,0.0,0.0,0.0,0,0,0,0,unknown
330332,777864,01/01/2023,12/31/2023,0.0,0.0,0.0,0.0,0.0,0.0,0.0,0,0,0,0,unknown
342018,777869,02/01/2023,01/31/2024,0.0,0.0,0.0,0.0,0.0,0.0,0.0,0,0,0,0,unknown
392039,777897,02/01/2023,01/31/2024,0.0,0.0,0.0,0.0,0.0,0.0,0.0,0,0,0,0,unknown
450209,777906,01/01/2023,12/31/2023,0.0,0.0,0.0,0.0,0.0,0.0,0.0,0,0,0,0,unknown
450352,777908,10/01/2022,09/30/2023,0.0,0.0,0.0,0.0,0.0,0.0,0.0,0,0,0,0,unknown
450643,777909,01/01/2023,12/31/2023,0.0,0.0,0.0,0.0,0.0,0.0,0.0,0,0,0,0,unknown
670103,777921,02/01/2023,01/31/2024,0.0,0.0,0.0,0.0,0.0,0.0,0.0,0,0,0,0,unknown
194044,777956,01/01/2023,12/31/2023,0.0,0.0,0.0,0.0,0.0,0.0,0.0,0,0,0,0,unknown
393309,777979,01/01/2023,12/31/2023,0.0,0.0,0.0,0.0,0.0,0.0,0.0,0,0,0,0,unknown
441323,777999,01/01/2023,12/31/2023,0.0,0.0,0.0,0.0,0.0,0.0,0.0,0,0,0,0,unknown
453311,778005,01/01/2023,12/31/2023,0.0,0.0,0.0,0.0,0.0,0.0,0.0,0,0,0,0,unknown
454153,778007,01/01/2023,12/31/2023,0.0,0.0,0.0,0.0,0.0,0.0,0.0,0,0,0,0,unknown
510050,778017,10/01/2022,09/30/2023,0.0,0.0,0.0,0.0,0.0,0.0,0.0,0,0,0,0,unknown
220175,778067,02/01/2023,01/31/2024,0.0,0.0,0.0,0.0,0.0,0.0,0.0,0,0,0,0,unknown
220176,778068,02/01/2023,01/31/2024,0.0,0.0,0.0,0.0,0.0,0.0,0.0,0,0,0,0,unknown
261323,778079,02/01/2023,01/31/2024,0.0,0.0,0.0,0.0,0.0,0.0,0.0,0,0,0,0,unknown
330246,778083,01/01/2023,12/31/2023,0.0,0.0,0.0,0.0,0.0,0.0,0.0,0,0,0,0,unknown
330259,778084,01/01/2023,12/31/2023,0.0,0.0,0.0,0.0,0.0,0.0,0.0,0,0,0,0,unknown
330286,778085,01/01/2023,12/31/2023,0.0,0.0,0.0,0.0,0.0,0.0,0.0,0,0,0,0,unknown
441324,778103,06/09/2023,03/08/2024,0.0,0.0,0.0,0.0,0.0,0.0,0.0,0,0,0,0,unknown
451393,778110,01/01/2023,12/31/2023,0.0,0.0,0.0,0.0,0.0,0.0,0.0,0,0,0,0,unknown
100048,778153,10/01/2022,09/30/2023,0.0,0.0,0.0,0.0,0.0,0.0,0.0,0,0,0,0,unknown
100093,778154,10/01/2022,09/30/2023,0.0,0.0,0.0,0.0,0.0,0.0,0.0,0,0,0,0,unknown
100266,778156,10/01/2022,09/30/2023,0.0,0.0,0.0,0.0,0.0,0.0,0.0,0,0,0,0,unknown
144043,778163,01/01/2023,12/31/2023,0.0,0.0,0.0,0.0,0.0,0.0,0.0,0,0,0,0,unknown
171300,778169,01/01/2023,12/31/2023,0.0,0.0,0.0,0.0,0.0,0.0,0.0,0,0,0,0,unknown
184007,778171,01/01/2023,12/31/2023,0.0,0.0,0.0,0.0,0.0,0.0,0.0,0,0,0,0,unknown
320059,778186,10/01/2022,09/30/2023,0.0,0.0,0.0,0.0,0.0,0.0,0.0,0,0,0,0,unknown
340023,778189,01/01/2023,12/31/2023,0.0,0.0,0.0,0.0,0.0,0.0,0.0,0,0,0,0,unknown
364054,778193,01/01/2023,12/31/2023,0.0,0.0,0.0,0.0,0.0,0.0,0.0,0,0,0,0,unknown
450213,778208,01/01/2023,12/31/2023,0.0,0.0,0.0,0.0,0.0,0.0,0.0,0,0,0,0,unknown
054111,778236,02/01/2023,01/31/2024,0.0,0.0,0.0,0.0,0.0,0.0,0.0,0,0,0,0,unknown
110023,778244,01/01/2023,12/31/2023,0.0,0.0,0.0,0.0,0.0,0.0,0.0,0,0,0,0,unknown
194119,778269,12/20/2022,12/31/2023,0.0,0.0,0.0,0.0,0.0,0.0,0.0,0,0,0,0,unknown
210006,778270,07/01/2023,02/06/2024,0.0,0.0,0.0,0.0,0.0,0.0,0.0,0,0,0,0,unknown
370180,778315,10/01/2022,09/30/2023,0.0,0.0,0.0,0.0,0.0,0.0,0.0,0,0,0,0,unknown
400044,778317,01/01/2023,12/31/2023,0.0,0.0,0.0,0.0,0.0,0.0,0.0,0,0,0,0,unknown
670073,778337,01/01/2023,12/31/2023,0.0,0.0,0.0,0.0,0.0,0.0,0.0,0,0,0,0,unknown
014016,778338,03/24/2023,12/31/2023,0.0,0.0,0.0,0.0,0.0,0.0,0.0,0,0,0,0,unknown
331314,778386,01/01/2023,12/31/2023,0.0,0.0,0.0,0.0,0.0,0.0,0.0,0,0,0,0,unknown
333301,778387,01/01/2023,12/31/2023,0.0,0.0,0.0,0.0,0.0,0.0,0.0,0,0,0,0,unknown
360079,778390,01/01/2023,12/31/2023,0.0,0.0,0.0,0.0,0.0,0.0,0.0,0,0,0,0,unknown
360123,778392,01/01/2023,12/31/2023,0.0,0.0,0.0,0.0,0.0,0.0,0.0,0,0,0,0,unknown
524019,778421,01/01/2023,12/31/2023,0.0,0.0,0.0,0.0,0.0,0.0,0.0,0,0,0,0,unknown
450092,778486,01/01/2023,12/31/2023,0.0,0.0,0.0,0.0,0.0,0.0,0.0,0,0,0,0,unknown
450119,778487,01/01/2023,12/31/2023,0.0,0.0,0.0,0.0,0.0,0.0,0.0,0,0,0,0,unknown
184008,778527,01/01/2023,12/31/2023,0.0,0.0,0.0,0.0,0.0,0.0,0.0,0,0,0,0,unknown
184014,778528,01/01/2023,12/31/2023,0.0,0.0,0.0,0.0,0.0,0.0,0.0,0,0,0,0,unknown
054130,778604,01/01/2023,12/31/2023,0.0,0.0,0.0,0.0,0.0,0.0,0.0,0,0,0,0,unknown
064024,778605,01/01/2023,12/31/2023,0.0,0.0,0.0,0.0,0.0,0.0,0.0,0,0,0,0,unknown
250123,778641,10/01/2022,09/30/2023,0.0,0.0,0.0,0.0,0.0,0.0,0.0,0,0,0,0,unknown
341317,778652,01/01/2023,12/31/2023,0.0,0.0,0.0,0.0,0.0,0.0,0.0,0,0,0,0,unknown
440120,778665,10/01/2022,09/30/2023,0.0,0.0,0.0,0.0,0.0,0.0,0.0,0,0,0,0,unknown
510007,778675,10/01/2022,09/30/2023,0.0,0.0,0.0,0.0,0.0,0.0,0.0,0,0,0,0,unknown
050336,778685,01/01/2023,12/31/2023,0.0,0.0,0.0,0.0,0.0,0.0,0.0,0,0,0,0,unknown
171360,778703,04/01/2023,03/31/2024,0.0,0.0,0.0,0.0,0.0,0.0,0.0,0,0,0,0,unknown
281324,778721,05/01/2023,04/30/2024,0.0,0.0,0.0,0.0,0.0,0.0,0.0,0,0,0,0,unknown
361991,778730,01/01/2023,12/31/2023,0.0,0.0,0.0,0.0,0.0,0.0,0.0,0,0,0,0,unknown
394057,778733,01/01/2023,12/31/2023,0.0,0.0,0.0,0.0,0.0,0.0,0.0,0,0,0,0,unknown
523030,778760,07/01/2023,02/24/2024,0.0,0.0,0.0,0.0,0.0,0.0,0.0,0,0,0,0,unknown
100286,778782,10/01/2022,09/30/2023,0.0,0.0,0.0,0.0,0.0,0.0,0.0,0,0,0,0,unknown
104074,778787,01/01/2023,12/31/2023,0.0,0.0,0.0,0.0,0.0,0.0,0.0,0,0,0,0,unknown
303027,778824,01/01/2023,12/31/2023,0.0,0.0,0.0,0.0,0.0,0.0,0.0,0,0,0,0,unknown
451354,778879,03/01/2023,02/29/2024,0.0,0.0,0.0,0.0,0.0,0.0,0.0,0,0,0,0,unknown
670115,778893,01/01/2023,12/31/2023,0.0,0.0,0.0,0.0,0.0,0.0,0.0,0,0,0,0,unknown
460051,778956,05/01/2023,06/30/2023,0.0,0.0,0.0,0.0,0.0,0.0,0.0,0,0,0,0,unknown
240206,779013,10/01/2022,09/30/2023,0.0,0.0,0.0,0.0,0.0,0.0,0.0,0,0,0,0,unknown
250780,779015,06/01/2023,09/30/2023,0.0,0.0,0.0,0.0,0.0,0.0,0.0,0,0,0,0,unknown
314001,779018,03/01/2023,02/29/2024,0.0,0.0,0.0,0.0,0.0,0.0,0.0,0,0,0,0,unknown
050122,779053,01/01/2023,12/31/2023,0.0,0.0,0.0,0.0,0.0,0.0,0.0,0,0,0,0,unknown
330111,779085,01/01/2023,12/31/2023,0.0,0.0,0.0,0.0,0.0,0.0,0.0,0,0,0,0,unknown
252007,779163,03/01/2023,02/29/2024,0.0,0.0,0.0,0.0,0.0,0.0,0.0,0,0,0,0,unknown
322004,779165,03/01/2023,02/29/2024,0.0,0.0,0.0,0.0,0.0,0.0,0.0,0,0,0,0,unknown
331311,779170,01/01/2023,12/31/2023,0.0,0.0,0.0,0.0,0.0,0.0,0.0,0,0,0,0,unknown
362016,779197,03/01/2023,02/29/2024,0.0,0.0,0.0,0.0,0.0,0.0,0.0,0,0,0,0,unknown
044006,779249,01/01/2023,12/31/2023,0.0,0.0,0.0,0.0,0.0,0.0,0.0,0,0,0,0,unknown
364041,779288,01/01/2023,12/31/2023,0.0,0.0,0.0,0.0,0.0,0.0,0.0,0,0,0,0,unknown
420104,779296,01/01/2023,12/31/2023,0.0,0.0,0.0,0.0,0.0,0.0,0.0,0,0,0,0,unknown
420110,779297,01/01/2023,12/31/2023,0.0,0.0,0.0,0.0,0.0,0.0,0.0,0,0,0,0,unknown
424015,779298,05/31/2023,12/31/2023,0.0,0.0,0.0,0.0,0.0,0.0,0.0,0,0,0,0,unknown
670321,779315,07/18/2023,12/31/2023,0.0,0.0,0.0,0.0,0.0,0.0,0.0,0,0,0,0,unknown
062017,779326,03/01/2023,02/29/2024,0.0,0.0,0.0,0.0,0.0,0.0,0.0,0,0,0,0,unknown
083028,779327,05/01/2023,04/30/2024,0.0,0.0,0.0,0.0,0.0,0.0,0.0,0,0,0,0,unknown
102020,779329,03/01/2023,02/29/2024,0.0,0.0,0.0,0.0,0.0,0.0,0.0,0,0,0,0,unknown
154005,779342,01/01/2023,12/31/2023,0.0,0.0,0.0,0.0,0.0,0.0,0.0,0,0,0,0,unknown
344029,779370,01/01/2023,12/31/2023,0.0,0.0,0.0,0.0,0.0,0.0,0.0,0,0,0,0,unknown
400138,779373,03/10/2023,12/31/2023,0.0,0.0,0.0,0.0,0.0,0.0,0.0,0,0,0,0,unknown
432002,779379,03/01/2023,02/29/2024,0.0,0.0,0.0,0.0,0.0,0.0,0.0,0,0,0,0,unknown
050367,779434,01/01/2023,12/31/2023,0.0,0.0,0.0,0.0,0.0,0.0,0.0,0,0,0,0,unknown
160110,779450,01/01/2023,12/31/2023,0.0,0.0,0.0,0.0,0.0,0.0,0.0,0,0,0,0,unknown
254012,779459,01/01/2023,12/31/2023,0.0,0.0,0.0,0.0,0.0,0.0,0.0,0,0,0,0,unknown
340126,779475,03/01/2023,02/29/2024,0.0,0.0,0.0,0.0,0.0,0.0,0.0,0,0,0,0,unknown
510013,779501,01/01/2023,12/31/2023,0.0,0.0,0.0,0.0,0.0,0.0,0.0,0,0,0,0,unknown
670107,779505,01/01/2023,12/31/2023,0.0,0.0,0.0,0.0,0.0,0.0,0.0,0,0,0,0,unknown
244018,779544,01/01/2023,12/31/2023,0.0,0.0,0.0,0.0,0.0,0.0,0.0,0,0,0,0,unknown
324010,779553,01/01/2023,12/31/2023,0.0,0.0,0.0,0.0,0.0,0.0,0.0,0,0,0,0,unknown
330166,779554,01/01/2023,12/31/2023,0.0,0.0,0.0,0.0,0.0,0.0,0.0,0,0,0,0,unknown
330235,779555,01/01/2023,12/31/2023,0.0,0.0,0.0,0.0,0.0,0.0,0.0,0,0,0,0,unknown
334022,779557,01/01/2023,12/31/2023,0.0,0.0,0.0,0.0,0.0,0.0,0.0,0,0,0,0,unknown
364059,779561,01/01/2023,12/31/2023,0.0,0.0,0.0,0.0,0.0,0.0,0.0,0,0,0,0,unknown
454149,779581,01/01/2023,12/31/2023,0.0,0.0,0.0,0.0,0.0,0.0,0.0,0,0,0,0,unknown
670134,779593,01/01/2023,12/31/2023,0.0,0.0,0.0,0.0,0.0,0.0,0.0,0,0,0,0,unknown
192034,779623,09/01/2023,12/29/2023,0.0,0.0,0.0,0.0,0.0,0.0,0.0,0,0,0,0,unknown
194112,779625,01/01/2023,12/31/2023,0.0,0.0,0.0,0.0,0.0,0.0,0.0,0,0,0,0,unknown
194118,779626,01/01/2023,12/31/2023,0.0,0.0,0.0,0.0,0.0,0.0,0.0,0,0,0,0,unknown
290042,779640,01/01/2023,12/31/2023,0.0,0.0,0.0,0.0,0.0,0.0,0.0,0,0,0,0,unknown
370243,779646,01/01/2023,12/31/2023,0.0,0.0,0.0,0.0,0.0,0.0,0.0,0,0,0,0,unknown
454124,779670,01/01/2023,12/31/2023,0.0,0.0,0.0,0.0,0.0,0.0,0.0,0,0,0,0,unknown
670102,779678,01/01/2023,12/31/2023,0.0,0.0,0.0,0.0,0.0,0.0,0.0,0,0,0,0,unknown
064009,779685,01/01/2023,12/31/2023,0.0,0.0,0.0,0.0,0.0,0.0,0.0,0,0,0,0,unknown
154060,779696,01/01/2023,12/31/2023,0.0,0.0,0.0,0.0,0.0,0.0,0.0,0,0,0,0,unknown
154070,779697,04/03/2023,12/31/2023,0.0,0.0,0.0,0.0,0.0,0.0,0.0,0,0,0,0,unknown
182006,779708,03/01/2023,02/29/2024,0.0,0.0,0.0,0.0,0.0,0.0,0.0,0,0,0,0,unknown
194069,779712,01/01/2023,12/31/2023,0.0,0.0,0.0,0.0,0.0,0.0,0.0,0,0,0,0,unknown
420087,779729,01/01/2023,12/31/2023,0.0,0.0,0.0,0.0,0.0,0.0,0.0,0,0,0,0,unknown
450674,779737,03/01/2023,02/29/2024,0.0,0.0,0.0,0.0,0.0,0.0,0.0,0,0,0,0,unknown
112000,779789,01/01/2023,12/31/2023,0.0,0.0,0.0,0.0,0.0,0.0,0.0,0,0,0,0,unknown
330085,779805,01/01/2023,12/31/2023,0.0,0.0,0.0,0.0,0.0,0.0,0.0,0,0,0,0,unknown
054156,779858,01/01/2023,12/31/2023,0.0,0.0,0.0,0.0,0.0,0.0,0.0,0,0,0,0,unknown
520214,779917,01/01/2023,12/31/2023,0.0,0.0,0.0,0.0,0.0,0.0,0.0,0,0,0,0,unknown
524025,779918,01/01/2023,12/31/2023,0.0,0.0,0.0,0.0,0.0,0.0,0.0,0,0,0,0,unknown
220046,779946,10/01/2022,09/30/2023,0.0,0.0,0.0,0.0,0.0,0.0,0.0,0,0,0,0,unknown
524014,779985,01/01/2023,12/31/2023,0.0,0.0,0.0,0.0,0.0,0.0,0.0,0,0,0,0,unknown
524026,779986,01/01/2023,12/31/2023,0.0,0.0,0.0,0.0,0.0,0.0,0.0,0,0,0,0,unknown
141351,780005,03/01/2023,02/29/2024,0.0,0.0,0.0,0.0,0.0,0.0,0.0,0,0,0,0,unknown
143302,780006,01/01/2023,12/31/2023,0.0,0.0,0.0,0.0,0.0,0.0,0.0,0,0,0,0,unknown
190302,780024,01/01/2023,12/31/2023,0.0,0.0,0.0,0.0,0.0,0.0,0.0,0,0,0,0,unknown
231316,780027,01/01/2023,12/31/2023,0.0,0.0,0.0,0.0,0.0,0.0,0.0,0,0,0,0,unknown
330136,780048,01/01/2023,12/31/2023,0.0,0.0,0.0,0.0,0.0,0.0,0.0,0,0,0,0,unknown
670093,780100,01/01/2023,12/31/2023,0.0,0.0,0.0,0.0,0.0,0.0,0.0,0,0,0,0,unknown
034022,780106,01/01/2023,12/31/2023,0.0,0.0,0.0,0.0,0.0,0.0,0.0,0,0,0,0,unknown
040069,780107,01/01/2023,12/31/2023,0.0,0.0,0.0,0.0,0.0,0.0,0.0,0,0,0,0,unknown
140251,780127,01/01/2023,12/31/2023,0.0,0.0,0.0,0.0,0.0,0.0,0.0,0,0,0,0,unknown
141333,780128,03/01/2023,02/29/2024,0.0,0.0,0.0,0.0,0.0,0.0,0.0,0,0,0,0,unknown
181308,780159,03/01/2023,02/29/2024,0.0,0.0,0.0,0.0,0.0,0.0,0.0,0,0,0,0,unknown
194083,780163,01/01/2023,12/31/2023,0.0,0.0,0.0,0.0,0.0,0.0,0.0,0,0,0,0,unknown
281340,780175,03/01/2023,02/29/2024,0.0,0.0,0.0,0.0,0.0,0.0,0.0,0,0,0,0,unknown
331305,780182,01/01/2023,12/31/2023,0.0,0.0,0.0,0.0,0.0,0.0,0.0,0,0,0,0,unknown
331320,780183,01/01/2023,12/31/2023,0.0,0.0,0.0,0.0,0.0,0.0,0.0,0,0,0,0,unknown
360009,780191,01/01/2023,12/31/2023,0.0,0.0,0.0,0.0,0.0,0.0,0.0,0,0,0,0,unknown
400125,780245,01/01/2023,10/19/2023,0.0,0.0,0.0,0.0,0.0,0.0,0.0,0,0,0,0,unknown
454146,780259,01/01/2023,12/31/2023,0.0,0.0,0.0,0.0,0.0,0.0,0.0,0,0,0,0,unknown
320009,780322,03/01/2023,02/29/2024,0.0,0.0,0.0,0.0,0.0,0.0,0.0,0,0,0,0,unknown
111325,780407,05/01/2023,04/30/2024,0.0,0.0,0.0,0.0,0.0,0.0,0.0,0,0,0,0,unknown
112012,780408,01/01/2023,12/31/2023,0.0,0.0,0.0,0.0,0.0,0.0,0.0,0,0,0,0,unknown
150133,780412,03/01/2023,02/29/2024,0.0,0.0,0.0,0.0,0.0,0.0,0.0,0,0,0,0,unknown
223304,780430,01/01/2023,12/31/2023,0.0,0.0,0.0,0.0,0.0,0.0,0.0,0,0,0,0,unknown
344035,780444,12/28/2022,12/31/2023,0.0,0.0,0.0,0.0,0.0,0.0,0.0,0,0,0,0,unknown
424007,780470,01/01/2023,12/31/2023,0.0,0.0,0.0,0.0,0.0,0.0,0.0,0,0,0,0,unknown
444019,780476,01/01/2023,12/31/2023,0.0,0.0,0.0,0.0,0.0,0.0,0.0,0,0,0,0,unknown
444021,780477,01/01/2023,12/31/2023,0.0,0.0,0.0,0.0,0.0,0.0,0.0,0,0,0,0,unknown
444024,780478,01/01/2023,12/31/2023,0.0,0.0,0.0,0.0,0.0,0.0,0.0,0,0,0,0,unknown
510093,780488,01/01/2023,12/31/2023,0.0,0.0,0.0,0.0,0.0,0.0,0.0,0,0,0,0,unknown
514001,780489,01/01/2023,12/31/2023,0.0,0.0,0.0,0.0,0.0,0.0,0.0,0,0,0,0,unknown
034029,780500,01/01/2023,12/31/2023,0.0,0.0,0.0,0.0,0.0,0.0,0.0,0,0,0,0,unknown
171329,780546,01/01/2023,12/31/2023,0.0,0.0,0.0,0.0,0.0,0.0,0.0,0,0,0,0,unknown
362025,780584,01/01/2023,12/31/2023,0.0,0.0,0.0,0.0,0.0,0.0,0.0,0,0,0,0,unknown
364050,780585,01/01/2023,12/31/2023,0.0,0.0,0.0,0.0,0.0,0.0,0.0,0,0,0,0,unknown
520049,780614,10/01/2022,09/30/2023,0.0,0.0,0.0,0.0,0.0,0.0,0.0,0,0,0,0,unknown
010110,780620,01/01/2023,12/31/2023,0.0,0.0,0.0,0.0,0.0,0.0,0.0,0,0,0,0,unknown
194117,780657,01/01/2023,12/31/2023,0.0,0.0,0.0,0.0,0.0,0.0,0.0,0,0,0,0,unknown
241305,780669,10/01/2022,09/30/2023,0.0,0.0,0.0,0.0,0.0,0.0,0.0,0,0,0,0,unknown
494023,780719,02/01/2023,01/31/2024,0.0,0.0,0.0,0.0,0.0,0.0,0.0,0,0,0,0,unknown
501333,780722,01/01/2023,12/31/2023,0.0,0.0,0.0,0.0,0.0,0.0,0.0,0,0,0,0,unknown
180105,780851,03/01/2023,02/29/2024,0.0,0.0,0.0,0.0,0.0,0.0,0.0,0,0,0,0,unknown
362038,780964,03/01/2023,02/29/2024,0.0,0.0,0.0,0.0,0.0,0.0,0.0,0,0,0,0,unknown
464015,781038,01/01/2023,12/31/2023,0.0,0.0,0.0,0.0,0.0,0.0,0.0,0,0,0,0,unknown
670310,781161,02/01/2023,02/01/2024,0.0,0.0,0.0,0.0,0.0,0.0,0.0,0,0,0,0,unknown
034004,781167,01/01/2023,12/31/2023,0.0,0.0,0.0,0.0,0.0,0.0,0.0,0,0,0,0,unknown
110779,781183,02/01/2023,11/30/2023,0.0,0.0,0.0,0.0,0.0,0.0,0.0,0,0,0,0,unknown
241320,781201,10/01/2022,09/30/2023,0.0,0.0,0.0,0.0,0.0,0.0,0.0,0,0,0,0,unknown
440238,781233,01/10/2023,12/31/2023,0.0,0.0,0.0,0.0,0.0,0.0,0.0,0,0,0,0,unknown
444007,781234,03/01/2023,02/29/2024,0.0,0.0,0.0,0.0,0.0,0.0,0.0,0,0,0,0,unknown
521336,781260,04/01/2023,03/31/2024,0.0,0.0,0.0,0.0,0.0,0.0,0.0,0,0,0,0,unknown
670267,781263,01/01/2023,12/31/2023,0.0,0.0,0.0,0.0,0.0,0.0,0.0,0,0,0,0,unknown
190300,781298,01/01/2023,12/31/2023,0.0,0.0,0.0,0.0,0.0,0.0,0.0,0,0,0,0,unknown
220008,781299,10/01/2022,09/30/2023,0.0,0.0,0.0,0.0,0.0,0.0,0.0,0,0,0,0,unknown
224038,781301,01/01/2023,12/31/2023,0.0,0.0,0.0,0.0,0.0,0.0,0.0,0,0,0,0,unknown
450253,781380,07/01/2023,12/31/2023,0.0,0.0,0.0,0.0,0.0,0.0,0.0,0,0,0,0,unknown
454128,781386,01/01/2023,12/31/2023,0.0,0.0,0.0,0.0,0.0,0.0,0.0,0,0,0,0,unknown
034035,781406,01/01/2023,12/31/2023,0.0,0.0,0.0,0.0,0.0,0.0,0.0,0,0,0,0,unknown
500052,781540,01/01/2023,12/31/2023,0.0,0.0,0.0,0.0,0.0,0.0,0.0,0,0,0,0,unknown
520017,781546,07/01/2023,03/21/2024,0.0,0.0,0.0,0.0,0.0,0.0,0.0,0,0,0,0,unknown
524044,781551,03/02/2023,12/31/2023,0.0,0.0,0.0,0.0,0.0,0.0,0.0,0,0,0,0,unknown
140125,781598,03/01/2023,12/31/2023,0.0,0.0,0.0,0.0,0.0,0.0,0.0,0,0,0,0,unknown
294016,781615,01/01/2023,12/31/2023,0.0,0.0,0.0,0.0,0.0,0.0,0.0,0,0,0,0,unknown
440176,781661,04/01/2023,03/31/2024,0.0,0.0,0.0,0.0,0.0,0.0,0.0,0,0,0,0,unknown
440184,781662,04/01/2023,03/31/2024,0.0,0.0,0.0,0.0,0.0,0.0,0.0,0,0,0,0,unknown
154057,781715,01/01/2023,12/31/2023,0.0,0.0,0.0,0.0,0.0,0.0,0.0,0,0,0,0,unknown
180155,781717,03/16/2023,09/14/2023,0.0,0.0,0.0,0.0,0.0,0.0,0.0,0,0,0,0,unknown
324012,781728,01/01/2023,12/31/2023,0.0,0.0,0.0,0.0,0.0,0.0,0.0,0,0,0,0,unknown
670320,781775,06/02/2023,07/26/2023,0.0,0.0,0.0,0.0,0.0,0.0,0.0,0,0,0,0,unknown
400013,781824,04/01/2023,03/31/2024,0.0,0.0,0.0,0.0,0.0,0.0,0.0,0,0,0,0,unknown
450885,781838,04/01/2023,03/31/2024,0.0,0.0,0.0,0.0,0.0,0.0,0.0,0,0,0,0,unknown
452018,781840,04/01/2023,03/31/2024,0.0,0.0,0.0,0.0,0.0,0.0,0.0,0,0,0,0,unknown
064007,781863,01/01/2023,12/31/2023,0.0,0.0,0.0,0.0,0.0,0.0,0.0,0,0,0,0,unknown
191305,781882,04/01/2023,03/31/2024,0.0,0.0,0.0,0.0,0.0,0.0,0.0,0,0,0,0,unknown
370083,781947,04/01/2023,03/31/2024,0.0,0.0,0.0,0.0,0.0,0.0,0.0,0,0,0,0,unknown
420089,781983,01/01/2023,01/31/2024,0.0,0.0,0.0,0.0,0.0,0.0,0.0,0,0,0,0,unknown
420117,781991,02/06/2023,06/30/2023,0.0,0.0,0.0,0.0,0.0,0.0,0.0,0,0,0,0,unknown
451377,782022,01/01/2023,12/31/2023,0.0,0.0,0.0,0.0,0.0,0.0,0.0,0,0,0,0,unknown
670062,782094,01/01/2023,12/31/2023,0.0,0.0,0.0,0.0,0.0,0.0,0.0,0,0,0,0,unknown
670124,782095,01/01/2023,12/31/2023,0.0,0.0,0.0,0.0,0.0,0.0,0.0,0,0,0,0,unknown
051993,782111,04/01/2023,03/31/2024,0.0,0.0,0.0,0.0,0.0,0.0,0.0,0,0,0,0,unknown
053311,782112,01/01/2023,12/31/2023,0.0,0.0,0.0,0.0,0.0,0.0,0.0,0,0,0,0,unknown
064026,782114,01/01/2023,12/31/2023,0.0,0.0,0.0,0.0,0.0,0.0,0.0,0,0,0,0,unknown
110132,782128,04/01/2023,03/31/2024,0.0,0.0,0.0,0.0,0.0,0.0,0.0,0,0,0,0,unknown
110135,782129,04/01/2023,03/31/2024,0.0,0.0,0.0,0.0,0.0,0.0,0.0,0,0,0,0,unknown
111302,782133,04/01/2023,03/31/2024,0.0,0.0,0.0,0.0,0.0,0.0,0.0,0,0,0,0,unknown
123301,782134,01/01/2023,12/31/2023,0.0,0.0,0.0,0.0,0.0,0.0,0.0,0,0,0,0,unknown
141328,782139,04/01/2023,03/31/2024,0.0,0.0,0.0,0.0,0.0,0.0,0.0,0,0,0,0,unknown
192023,782151,09/01/2023,01/30/2024,0.0,0.0,0.0,0.0,0.0,0.0,0.0,0,0,0,0,unknown
194090,782152,01/01/2023,12/31/2023,0.0,0.0,0.0,0.0,0.0,0.0,0.0,0,0,0,0,unknown
224046,782156,01/01/2023,12/31/2023,0.0,0.0,0.0,0.0,0.0,0.0,0.0,0,0,0,0,unknown
341322,782200,10/01/2022,09/30/2023,0.0,0.0,0.0,0.0,0.0,0.0,0.0,0,0,0,0,unknown
362031,782201,04/01/2023,03/31/2024,0.0,0.0,0.0,0.0,0.0,0.0,0.0,0,0,0,0,unknown
454126,782238,01/01/2023,12/31/2023,0.0,0.0,0.0,0.0,0.0,0.0,0.0,0,0,0,0,unknown
030093,782272,01/01/2023,12/31/2023,0.0,0.0,0.0,0.0,0.0,0.0,0.0,0,0,0,0,unknown
061336,782285,04/01/2023,03/31/2024,0.0,0.0,0.0,0.0,0.0,0.0,0.0,0,0,0,0,unknown
063038,782286,04/01/2023,03/31/2024,0.0,0.0,0.0,0.0,0.0,0.0,0.0,0,0,0,0,unknown
102031,782293,04/01/2023,03/31/2024,0.0,0.0,0.0,0.0,0.0,0.0,0.0,0,0,0,0,unknown
181310,782306,01/01/2023,12/31/2023,0.0,0.0,0.0,0.0,0.0,0.0,0.0,0,0,0,0,unknown
193050,782311,04/01/2023,03/31/2024,0.0,0.0,0.0,0.0,0.0,0.0,0.0,0,0,0,0,unknown
373035,782357,05/01/2023,04/30/2024,0.0,0.0,0.0,0.0,0.0,0.0,0.0,0,0,0,0,unknown
450489,782387,04/01/2023,03/31/2024,0.0,0.0,0.0,0.0,0.0,0.0,0.0,0,0,0,0,unknown
673088,782403,07/26/2023,03/31/2024,0.0,0.0,0.0,0.0,0.0,0.0,0.0,0,0,0,0,unknown
050424,782420,10/01/2022,09/30/2023,0.0,0.0,0.0,0.0,0.0,0.0,0.0,0,0,0,0,unknown
052057,782424,04/01/2023,03/31/2024,0.0,0.0,0.0,0.0,0.0,0.0,0.0,0,0,0,0,unknown
250094,782443,04/01/2023,03/31/2024,0.0,0.0,0.0,0.0,0.0,0.0,0.0,0,0,0,0,unknown
281347,782447,07/01/2023,06/30/2024,0.0,0.0,0.0,0.0,0.0,0.0,0.0,0,0,0,0,unknown
293035,782448,04/01/2023,03/31/2024,0.0,0.0,0.0,0.0,0.0,0.0,0.0,0,0,0,0,unknown
334049,782454,01/01/2023,12/31/2023,0.0,0.0,0.0,0.0,0.0,0.0,0.0,0,0,0,0,unknown
400011,782463,04/01/2023,03/31/2024,0.0,0.0,0.0,0.0,0.0,0.0,0.0,0,0,0,0,unknown
400048,782464,04/01/2023,03/31/2024,0.0,0.0,0.0,0.0,0.0,0.0,0.0,0,0,0,0,unknown
450604,782480,04/01/2023,03/31/2024,0.0,0.0,0.0,0.0,0.0,0.0,0.0,0,0,0,0,unknown
451338,782486,04/01/2023,03/31/2024,0.0,0.0,0.0,0.0,0.0,0.0,0.0,0,0,0,0,unknown
451340,782487,04/01/2023,03/31/2024,0.0,0.0,0.0,0.0,0.0,0.0,0.0,0,0,0,0,unknown
500026,782496,01/01/2023,12/31/2023,0.0,0.0,0.0,0.0,0.0,0.0,0.0,0,0,0,0,unknown
670781,782498,03/27/2023,03/31/2024,0.0,0.0,0.0,0.0,0.0,0.0,0.0,0,0,0,0,unknown
110780,782530,07/01/2023,12/31/2023,0.0,0.0,0.0,0.0,0.0,0.0,0.0,0,0,0,0,unknown
112013,782531,04/01/2023,03/31/2024,0.0,0.0,0.0,0.0,0.0,0.0,0.0,0,0,0,0,unknown
150191,782540,01/01/2023,12/31/2023,0.0,0.0,0.0,0.0,0.0,0.0,0.0,0,0,0,0,unknown
351332,782619,04/01/2023,03/31/2024,0.0,0.0,0.0,0.0,0.0,0.0,0.0,0,0,0,0,unknown
371326,782627,04/01/2023,03/31/2024,0.0,0.0,0.0,0.0,0.0,0.0,0.0,0,0,0,0,unknown
383300,782629,01/01/2023,12/31/2023,0.0,0.0,0.0,0.0,0.0,0.0,0.0,0,0,0,0,unknown
451348,782681,04/01/2023,03/31/2024,0.0,0.0,0.0,0.0,0.0,0.0,0.0,0,0,0,0,unknown
524018,782686,08/01/2023,12/31/2023,0.0,0.0,0.0,0.0,0.0,0.0,0.0,0,0,0,0,unknown
673095,782691,09/24/2023,12/31/2023,0.0,0.0,0.0,0.0,0.0,0.0,0.0,0,0,0,0,unknown
713029,782692,04/01/2023,03/31/2024,0.0,0.0,0.0,0.0,0.0,0.0,0.0,0,0,0,0,unknown
010100,782694,04/01/2023,03/31/2024,0.0,0.0,0.0,0.0,0.0,0.0,0.0,0,0,0,0,unknown
010113,782695,04/01/2023,03/31/2024,0.0,0.0,0.0,0.0,0.0,0.0,0.0,0,0,0,0,unknown
034024,782701,01/01/2023,12/31/2023,0.0,0.0,0.0,0.0,0.0,0.0,0.0,0,0,0,0,unknown
034028,782702,01/01/2023,12/31/2023,0.0,0.0,0.0,0.0,0.0,0.0,0.0,0,0,0,0,unknown
140011,782737,04/01/2023,03/31/2024,0.0,0.0,0.0,0.0,0.0,0.0,0.0,0,0,0,0,unknown
140164,782741,04/01/2023,03/31/2024,0.0,0.0,0.0,0.0,0.0,0.0,0.0,0,0,0,0,unknown
141352,782745,10/01/2022,09/30/2023,0.0,0.0,0.0,0.0,0.0,0.0,0.0,0,0,0,0,unknown
452122,782877,01/01/2023,12/31/2023,0.0,0.0,0.0,0.0,0.0,0.0,0.0,0,0,0,0,unknown
503301,782888,01/01/2023,12/31/2023,0.0,0.0,0.0,0.0,0.0,0.0,0.0,0,0,0,0,unknown
503302,782889,01/01/2023,12/31/2023,0.0,0.0,0.0,0.0,0.0,0.0,0.0,0,0,0,0,unknown
504009,782890,01/01/2023,12/31/2023,0.0,0.0,0.0,0.0,0.0,0.0,0.0,0,0,0,0,unknown
523029,782895,04/01/2023,03/31/2024,0.0,0.0,0.0,0.0,0.0,0.0,0.0,0,0,0,0,unknown
523032,782896,09/28/2023,03/31/2024,0.0,0.0,0.0,0.0,0.0,0.0,0.0,0,0,0,0,unknown
141303,782920,05/01/2023,04/30/2024,0.0,0.0,0.0,0.0,0.0,0.0,0.0,0,0,0,0,unknown
171367,782928,01/01/2023,12/31/2023,0.0,0.0,0.0,0.0,0.0,0.0,0.0,0,0,0,0,unknown
334002,783004,01/01/2023,12/31/2023,0.0,0.0,0.0,0.0,0.0,0.0,0.0,0,0,0,0,unknown
054150,783072,01/01/2023,12/31/2023,0.0,0.0,0.0,0.0,0.0,0.0,0.0,0,0,0,0,unknown
110069,783100,01/01/2023,12/31/2023,0.0,0.0,0.0,0.0,0.0,0.0,0.0,0,0,0,0,unknown
141343,783102,05/01/2023,04/30/2024,0.0,0.0,0.0,0.0,0.0,0.0,0.0,0,0,0,0,unknown
182008,783113,04/01/2023,03/31/2024,0.0,0.0,0.0,0.0,0.0,0.0,0.0,0,0,0,0,unknown
230055,783116,01/01/2023,12/31/2023,0.0,0.0,0.0,0.0,0.0,0.0,0.0,0,0,0,0,unknown
030152,783186,01/01/2023,12/31/2023,0.0,0.0,0.0,0.0,0.0,0.0,0.0,0,0,0,0,unknown
031318,783187,01/01/2023,12/31/2023,0.0,0.0,0.0,0.0,0.0,0.0,0.0,0,0,0,0,unknown
033043,783188,04/01/2023,03/31/2024,0.0,0.0,0.0,0.0,0.0,0.0,0.0,0,0,0,0,unknown
064028,783212,01/01/2023,12/31/2023,0.0,0.0,0.0,0.0,0.0,0.0,0.0,0,0,0,0,unknown
083027,783214,05/01/2023,04/30/2024,0.0,0.0,0.0,0.0,0.0,0.0,0.0,0,0,0,0,unknown
100244,783215,10/01/2022,09/30/2023,0.0,0.0,0.0,0.0,0.0,0.0,0.0,0,0,0,0,unknown
291313,783241,01/01/2023,12/31/2023,0.0,0.0,0.0,0.0,0.0,0.0,0.0,0,0,0,0,unknown
380025,783261,04/01/2023,03/31/2024,0.0,0.0,0.0,0.0,0.0,0.0,0.0,0,0,0,0,unknown
380029,783262,04/01/2023,03/31/2024,0.0,0.0,0.0,0.0,0.0,0.0,0.0,0,0,0,0,unknown
380089,783263,04/01/2023,03/31/2024,0.0,0.0,0.0,0.0,0.0,0.0,0.0,0,0,0,0,unknown
392036,783268,04/01/2023,03/31/2024,0.0,0.0,0.0,0.0,0.0,0.0,0.0,0,0,0,0,unknown
061317,783333,01/01/2023,12/31/2023,0.0,0.0,0.0,0.0,0.0,0.0,0.0,0,0,0,0,unknown
241322,783363,01/01/2023,12/31/2023,0.0,0.0,0.0,0.0,0.0,0.0,0.0,0,0,0,0,unknown
160005,783578,07/01/2023,03/17/2024,0.0,0.0,0.0,0.0,0.0,0.0,0.0,0,0,0,0,unknown
281315,783614,05/01/2023,04/30/2024,0.0,0.0,0.0,0.0,0.0,0.0,0.0,0,0,0,0,unknown
324013,783629,01/01/2023,12/31/2023,0.0,0.0,0.0,0.0,0.0,0.0,0.0,0,0,0,0,unknown
330401,783662,01/01/2023,12/31/2023,0.0,0.0,0.0,0.0,0.0,0.0,0.0,0,0,0,0,unknown
370240,783685,01/01/2023,12/31/2023,0.0,0.0,0.0,0.0,0.0,0.0,0.0,0,0,0,0,unknown
380007,783686,04/01/2023,03/31/2024,0.0,0.0,0.0,0.0,0.0,0.0,0.0,0,0,0,0,unknown
380017,783687,04/01/2023,03/31/2024,0.0,0.0,0.0,0.0,0.0,0.0,0.0,0,0,0,0,unknown
454157,783754,04/07/2023,12/31/2023,0.0,0.0,0.0,0.0,0.0,0.0,0.0,0,0,0,0,unknown
182005,783818,02/01/2023,01/31/2024,0.0,0.0,0.0,0.0,0.0,0.0,0.0,0,0,0,0,unknown
053044,783985,05/01/2023,04/30/2024,0.0,0.0,0.0,0.0,0.0,0.0,0.0,0,0,0,0,unknown
053045,783986,05/01/2023,04/30/2024,0.0,0.0,0.0,0.0,0.0,0.0,0.0,0,0,0,0,unknown
141323,784051,04/01/2023,03/31/2024,0.0,0.0,0.0,0.0,0.0,0.0,0.0,0,0,0,0,unknown
181318,784065,04/01/2023,03/31/2024,0.0,0.0,0.0,0.0,0.0,0.0,0.0,0,0,0,0,unknown
181333,784066,09/08/2023,03/31/2024,0.0,0.0,0.0,0.0,0.0,0.0,0.0,0,0,0,0,unknown
271320,784085,04/01/2023,03/31/2024,0.0,0.0,0.0,0.0,0.0,0.0,0.0,0,0,0,0,unknown
280132,784087,04/01/2023,03/31/2024,0.0,0.0,0.0,0.0,0.0,0.0,0.0,0,0,0,0,unknown
363041,784117,04/01/2023,03/31/2024,0.0,0.0,0.0,0.0,0.0,0.0,0.0,0,0,0,0,unknown
363046,784118,06/15/2023,04/30/2024,0.0,0.0,0.0,0.0,0.0,0.0,0.0,0,0,0,0,unknown
364057,784119,04/01/2023,03/31/2024,0.0,0.0,0.0,0.0,0.0,0.0,0.0,0,0,0,0,unknown
454129,784198,01/01/2023,12/31/2023,0.0,0.0,0.0,0.0,0.0,0.0,0.0,0,0,0,0,unknown
454151,784199,01/01/2023,12/31/2023,0.0,0.0,0.0,0.0,0.0,0.0,0.0,0,0,0,0,unknown
154054,784240,01/01/2023,12/31/2023,0.0,0.0,0.0,0.0,0.0,0.0,0.0,0,0,0,0,unknown
154055,784241,01/01/2023,12/31/2023,0.0,0.0,0.0,0.0,0.0,0.0,0.0,0,0,0,0,unknown
154067,784242,01/01/2023,12/31/2023,0.0,0.0,0.0,0.0,0.0,0.0,0.0,0,0,0,0,unknown
190241,784251,01/01/2023,12/31/2023,0.0,0.0,0.0,0.0,0.0,0.0,0.0,0,0,0,0,unknown
264024,784260,01/01/2023,12/31/2023,0.0,0.0,0.0,0.0,0.0,0.0,0.0,0,0,0,0,unknown
340168,784307,01/01/2023,12/31/2023,0.0,0.0,0.0,0.0,0.0,0.0,0.0,0,0,0,0,unknown
464012,784387,01/01/2023,12/31/2023,0.0,0.0,0.0,0.0,0.0,0.0,0.0,0,0,0,0,unknown
670135,784400,01/01/2023,12/31/2023,0.0,0.0,0.0,0.0,0.0,0.0,0.0,0,0,0,0,unknown
104079,784437,01/01/2023,12/31/2023,0.0,0.0,0.0,0.0,0.0,0.0,0.0,0,0,0,0,unknown
141312,784446,05/01/2023,04/30/2024,0.0,0.0,0.0,0.0,0.0,0.0,0.0,0,0,0,0,unknown
170199,784448,01/01/2023,12/31/2023,0.0,0.0,0.0,0.0,0.0,0.0,0.0,0,0,0,0,unknown
171354,784449,04/01/2023,03/31/2024,0.0,0.0,0.0,0.0,0.0,0.0,0.0,0,0,0,0,unknown
254013,784458,04/14/2023,12/31/2023,0.0,0.0,0.0,0.0,0.0,0.0,0.0,0,0,0,0,unknown
291314,784463,04/01/2023,03/31/2024,0.0,0.0,0.0,0.0,0.0,0.0,0.0,0,0,0,0,unknown
351330,784497,04/01/2023,03/31/2024,0.0,0.0,0.0,0.0,0.0,0.0,0.0,0,0,0,0,unknown
454144,784570,01/01/2023,12/31/2023,0.0,0.0,0.0,0.0,0.0,0.0,0.0,0,0,0,0,unknown
670319,784585,01/01/2023,01/31/2024,0.0,0.0,0.0,0.0,0.0,0.0,0.0,0,0,0,0,unknown
124001,784631,01/01/2023,12/31/2023,0.0,0.0,0.0,0.0,0.0,0.0,0.0,0,0,0,0,unknown
154059,784636,01/01/2023,12/31/2023,0.0,0.0,0.0,0.0,0.0,0.0,0.0,0,0,0,0,unknown
170194,784641,01/01/2023,12/31/2023,0.0,0.0,0.0,0.0,0.0,0.0,0.0,0,0,0,0,unknown
171319,784643,04/01/2023,03/31/2024,0.0,0.0,0.0,0.0,0.0,0.0,0.0,0,0,0,0,unknown
171353,784644,04/01/2023,03/31/2024,0.0,0.0,0.0,0.0,0.0,0.0,0.0,0,0,0,0,unknown
171375,784648,04/01/2023,03/31/2024,0.0,0.0,0.0,0.0,0.0,0.0,0.0,0,0,0,0,unknown
230217,784658,04/01/2023,03/31/2024,0.0,0.0,0.0,0.0,0.0,0.0,0.0,0,0,0,0,unknown
231306,784660,04/01/2023,03/31/2024,0.0,0.0,0.0,0.0,0.0,0.0,0.0,0,0,0,0,unknown
231308,784661,04/01/2023,03/31/2024,0.0,0.0,0.0,0.0,0.0,0.0,0.0,0,0,0,0,unknown
231316,784662,10/01/2022,12/31/2022,0.0,0.0,0.0,0.0,0.0,0.0,0.0,0,0,0,0,unknown
233026,784665,04/01/2023,03/31/2024,0.0,0.0,0.0,0.0,0.0,0.0,0.0,0,0,0,0,unknown
261312,784668,04/01/2023,03/31/2024,0.0,0.0,0.0,0.0,0.0,0.0,0.0,0,0,0,0,unknown
261331,784670,04/01/2023,03/31/2024,0.0,0.0,0.0,0.0,0.0,0.0,0.0,0,0,0,0,unknown
264031,784671,01/01/2023,12/31/2023,0.0,0.0,0.0,0.0,0.0,0.0,0.0,0,0,0,0,unknown
281318,784674,07/01/2023,06/30/2024,0.0,0.0,0.0,0.0,0.0,0.0,0.0,0,0,0,0,unknown
281344,784675,04/01/2023,03/31/2024,0.0,0.0,0.0,0.0,0.0,0.0,0.0,0,0,0,0,unknown
330405,784700,04/01/2023,03/31/2024,0.0,0.0,0.0,0.0,0.0,0.0,0.0,0,0,0,0,unknown
450400,784796,04/01/2023,03/31/2024,0.0,0.0,0.0,0.0,0.0,0.0,0.0,0,0,0,0,unknown
034034,784816,01/01/2023,12/31/2023,0.0,0.0,0.0,0.0,0.0,0.0,0.0,0,0,0,0,unknown
141308,784837,05/01/2023,04/30/2024,0.0,0.0,0.0,0.0,0.0,0.0,0.0,0,0,0,0,unknown
181314,784839,04/01/2023,03/31/2024,0.0,0.0,0.0,0.0,0.0,0.0,0.0,0,0,0,0,unknown
360058,784873,04/01/2023,03/31/2024,0.0,0.0,0.0,0.0,0.0,0.0,0.0,0,0,0,0,unknown
360247,784876,01/01/2023,12/31/2023,0.0,0.0,0.0,0.0,0.0,0.0,0.0,0,0,0,0,unknown
364061,784881,04/01/2023,03/31/2024,0.0,0.0,0.0,0.0,0.0,0.0,0.0,0,0,0,0,unknown
370779,784887,04/01/2023,12/31/2023,0.0,0.0,0.0,0.0,0.0,0.0,0.0,0,0,0,0,unknown
670109,784951,01/01/2023,12/31/2023,0.0,0.0,0.0,0.0,0.0,0.0,0.0,0,0,0,0,unknown
050697,784967,01/01/2023,12/31/2023,0.0,0.0,0.0,0.0,0.0,0.0,0.0,0,0,0,0,unknown
334064,785017,04/01/2023,03/31/2024,0.0,0.0,0.0,0.0,0.0,0.0,0.0,0,0,0,0,unknown
334065,785018,04/01/2023,03/31/2024,0.0,0.0,0.0,0.0,0.0,0.0,0.0,0,0,0,0,unknown
381321,785032,05/01/2023,04/30/2024,0.0,0.0,0.0,0.0,0.0,0.0,0.0,0,0,0,0,unknown
041328,785070,04/01/2023,03/31/2024,0.0,0.0,0.0,0.0,0.0,0.0,0.0,0,0,0,0,unknown
140210,785102,04/01/2023,03/31/2024,0.0,0.0,0.0,0.0,0.0,0.0,0.0,0,0,0,0,unknown
150150,785104,04/01/2023,03/31/2024,0.0,0.0,0.0,0.0,0.0,0.0,0.0,0,0,0,0,unknown
250093,785117,04/01/2023,03/31/2024,0.0,0.0,0.0,0.0,0.0,0.0,0.0,0,0,0,0,unknown
312024,785130,04/01/2023,03/31/2024,0.0,0.0,0.0,0.0,0.0,0.0,0.0,0,0,0,0,unknown
504014,785181,04/01/2023,03/31/2024,0.0,0.0,0.0,0.0,0.0,0.0,0.0,0,0,0,0,unknown
670266,785189,01/01/2023,12/31/2023,0.0,0.0,0.0,0.0,0.0,0.0,0.0,0,0,0,0,unknown
670314,785190,01/01/2023,12/31/2023,0.0,0.0,0.0,0.0,0.0,0.0,0.0,0,0,0,0,unknown
673089,785191,09/07/2023,03/31/2024,0.0,0.0,0.0,0.0,0.0,0.0,0.0,0,0,0,0,unknown
033032,785196,06/01/2023,05/31/2024,0.0,0.0,0.0,0.0,0.0,0.0,0.0,0,0,0,0,unknown
050360,785207,01/01/2023,12/31/2023,0.0,0.0,0.0,0.0,0.0,0.0,0.0,0,0,0,0,unknown
130073,785218,01/01/2023,12/31/2023,0.0,0.0,0.0,0.0,0.0,0.0,0.0,0,0,0,0,unknown
141307,785221,05/01/2023,04/30/2024,0.0,0.0,0.0,0.0,0.0,0.0,0.0,0,0,0,0,unknown
170006,785225,04/01/2023,03/31/2024,0.0,0.0,0.0,0.0,0.0,0.0,0.0,0,0,0,0,unknown
170779,785227,08/26/2023,12/31/2023,0.0,0.0,0.0,0.0,0.0,0.0,0.0,0,0,0,0,unknown
231312,785236,04/01/2023,03/31/2024,0.0,0.0,0.0,0.0,0.0,0.0,0.0,0,0,0,0,unknown
264035,785240,01/20/2023,12/31/2023,0.0,0.0,0.0,0.0,0.0,0.0,0.0,0,0,0,0,unknown
342020,785255,05/01/2023,04/30/2024,0.0,0.0,0.0,0.0,0.0,0.0,0.0,0,0,0,0,unknown
370015,785261,04/01/2023,03/31/2024,0.0,0.0,0.0,0.0,0.0,0.0,0.0,0,0,0,0,unknown
442011,785275,05/01/2023,04/30/2024,0.0,0.0,0.0,0.0,0.0,0.0,0.0,0,0,0,0,unknown
443030,785278,06/01/2023,05/31/2024,0.0,0.0,0.0,0.0,0.0,0.0,0.0,0,0,0,0,unknown
493034,785292,06/01/2023,05/31/2024,0.0,0.0,0.0,0.0,0.0,0.0,0.0,0,0,0,0,unknown
524043,785296,05/01/2023,04/30/2024,0.0,0.0,0.0,0.0,0.0,0.0,0.0,0,0,0,0,unknown
673058,785298,05/01/2023,04/30/2024,0.0,0.0,0.0,0.0,0.0,0.0,0.0,0,0,0,0,unknown
110025,785313,05/01/2023,04/30/2024,0.0,0.0,0.0,0.0,0.0,0.0,0.0,0,0,0,0,unknown
110146,785318,05/01/2023,04/30/2024,0.0,0.0,0.0,0.0,0.0,0.0,0.0,0,0,0,0,unknown
111324,785320,05/01/2023,04/30/2024,0.0,0.0,0.0,0.0,0.0,0.0,0.0,0,0,0,0,unknown
112011,785321,05/01/2023,04/30/2024,0.0,0.0,0.0,0.0,0.0,0.0,0.0,0,0,0,0,unknown
194056,785337,05/01/2023,04/30/2024,0.0,0.0,0.0,0.0,0.0,0.0,0.0,0,0,0,0,unknown
014000,785404,07/01/2023,06/30/2024,0.0,0.0,0.0,0.0,0.0,0.0,0.0,0,0,0,0,unknown
014013,785405,07/01/2023,06/30/2024,0.0,0.0,0.0,0.0,0.0,0.0,0.0,0,0,0,0,unknown
051334,785412,01/01/2023,12/31/2023,0.0,0.0,0.0,0.0,0.0,0.0,0.0,0,0,0,0,unknown
110051,785428,05/01/2023,04/30/2024,0.0,0.0,0.0,0.0,0.0,0.0,0.0,0,0,0,0,unknown
194007,785441,01/01/2023,12/31/2023,0.0,0.0,0.0,0.0,0.0,0.0,0.0,0,0,0,0,unknown
201304,785443,05/01/2023,04/30/2024,0.0,0.0,0.0,0.0,0.0,0.0,0.0,0,0,0,0,unknown
254011,785456,04/01/2023,03/31/2024,0.0,0.0,0.0,0.0,0.0,0.0,0.0,0,0,0,0,unknown
271312,785459,05/01/2023,04/30/2024,0.0,0.0,0.0,0.0,0.0,0.0,0.0,0,0,0,0,unknown
330354,785463,04/01/2023,03/31/2024,0.0,0.0,0.0,0.0,0.0,0.0,0.0,0,0,0,0,unknown
334066,785464,04/01/2023,03/31/2024,0.0,0.0,0.0,0.0,0.0,0.0,0.0,0,0,0,0,unknown
334067,785465,04/01/2023,03/31/2024,0.0,0.0,0.0,0.0,0.0,0.0,0.0,0,0,0,0,unknown
450370,785489,05/01/2023,04/30/2024,0.0,0.0,0.0,0.0,0.0,0.0,0.0,0,0,0,0,unknown
450844,785492,01/01/2023,12/31/2023,0.0,0.0,0.0,0.0,0.0,0.0,0.0,0,0,0,0,unknown
080006,785522,07/01/2023,06/30/2024,0.0,0.0,0.0,0.0,0.0,0.0,0.0,0,0,0,0,unknown
183029,785542,01/01/2023,12/31/2023,0.0,0.0,0.0,0.0,0.0,0.0,0.0,0,0,0,0,unknown
184012,785544,05/01/2023,04/30/2024,0.0,0.0,0.0,0.0,0.0,0.0,0.0,0,0,0,0,unknown
222007,785551,10/01/2022,09/30/2023,0.0,0.0,0.0,0.0,0.0,0.0,0.0,0,0,0,0,unknown
230038,785552,01/01/2023,12/31/2023,0.0,0.0,0.0,0.0,0.0,0.0,0.0,0,0,0,0,unknown
232024,785554,05/01/2023,04/30/2024,0.0,0.0,0.0,0.0,0.0,0.0,0.0,0,0,0,0,unknown
232031,785555,05/01/2023,04/30/2024,0.0,0.0,0.0,0.0,0.0,0.0,0.0,0,0,0,0,unknown
371334,785569,05/01/2023,04/30/2024,0.0,0.0,0.0,0.0,0.0,0.0,0.0,0,0,0,0,unknown
392031,785576,05/01/2023,04/30/2024,0.0,0.0,0.0,0.0,0.0,0.0,0.0,0,0,0,0,unknown
440003,785579,05/01/2023,04/30/2024,0.0,0.0,0.0,0.0,0.0,0.0,0.0,0,0,0,0,unknown
451333,785590,05/01/2023,04/30/2024,0.0,0.0,0.0,0.0,0.0,0.0,0.0,0,0,0,0,unknown
040004,785601,01/01/2023,12/31/2023,0.0,0.0,0.0,0.0,0.0,0.0,0.0,0,0,0,0,unknown
104081,785621,04/01/2023,03/31/2024,0.0,0.0,0.0,0.0,0.0,0.0,0.0,0,0,0,0,unknown
510031,785660,10/01/2022,09/30/2023,0.0,0.0,0.0,0.0,0.0,0.0,0.0,0,0,0,0,unknown
053047,785672,07/14/2023,04/30/2024,0.0,0.0,0.0,0.0,0.0,0.0,0.0,0,0,0,0,unknown
102024,785681,04/01/2023,03/31/2024,0.0,0.0,0.0,0.0,0.0,0.0,0.0,0,0,0,0,unknown
222000,785696,10/01/2022,09/30/2023,0.0,0.0,0.0,0.0,0.0,0.0,0.0,0,0,0,0,unknown
390326,785733,07/01/2023,06/30/2024,0.0,0.0,0.0,0.0,0.0,0.0,0.0,0,0,0,0,unknown
450775,785743,10/01/2022,09/30/2023,0.0,0.0,0.0,0.0,0.0,0.0,0.0,0,0,0,0,unknown
320057,785800,10/01/2022,09/30/2023,0.0,0.0,0.0,0.0,0.0,0.0,0.0,0,0,0,0,unknown
340032,785803,07/01/2023,06/30/2024,0.0,0.0,0.0,0.0,0.0,0.0,0.0,0,0,0,0,unknown
052054,785842,05/01/2023,04/30/2024,0.0,0.0,0.0,0.0,0.0,0.0,0.0,0,0,0,0,unknown
360112,785884,01/01/2023,12/31/2023,0.0,0.0,0.0,0.0,0.0,0.0,0.0,0,0,0,0,unknown
363044,785888,01/01/2023,03/27/2023,0.0,0.0,0.0,0.0,0.0,0.0,0.0,0,0,0,0,unknown
050057,785915,07/01/2023,06/30/2024,0.0,0.0,0.0,0.0,0.0,0.0,0.0,0,0,0,0,unknown
104084,785942,02/01/2023,01/31/2024,0.0,0.0,0.0,0.0,0.0,0.0,0.0,0,0,0,0,unknown
170183,785952,07/01/2023,06/30/2024,0.0,0.0,0.0,0.0,0.0,0.0,0.0,0,0,0,0,unknown
281327,785967,05/01/2023,04/30/2024,0.0,0.0,0.0,0.0,0.0,0.0,0.0,0,0,0,0,unknown
394038,785993,07/01/2023,06/30/2024,0.0,0.0,0.0,0.0,0.0,0.0,0.0,0,0,0,0,unknown
260138,786036,01/01/2023,12/31/2023,0.0,0.0,0.0,0.0,0.0,0.0,0.0,0,0,0,0,unknown
190140,786078,05/01/2023,04/30/2024,0.0,0.0,0.0,0.0,0.0,0.0,0.0,0,0,0,0,unknown
244016,786081,01/01/2023,12/31/2023,0.0,0.0,0.0,0.0,0.0,0.0,0.0,0,0,0,0,unknown
104085,786128,04/07/2023,12/31/2023,0.0,0.0,0.0,0.0,0.0,0.0,0.0,0,0,0,0,unknown
271308,786149,05/01/2023,04/30/2024,0.0,0.0,0.0,0.0,0.0,0.0,0.0,0,0,0,0,unknown
251330,786271,05/01/2023,04/30/2024,0.0,0.0,0.0,0.0,0.0,0.0,0.0,0,0,0,0,unknown
440029,786301,07/01/2023,06/30/2024,0.0,0.0,0.0,0.0,0.0,0.0,0.0,0,0,0,0,unknown
104017,786323,07/01/2023,06/30/2024,0.0,0.0,0.0,0.0,0.0,0.0,0.0,0,0,0,0,unknown
231309,786341,07/01/2023,04/19/2024,0.0,0.0,0.0,0.0,0.0,0.0,0.0,0,0,0,0,unknown
260186,786343,05/01/2023,04/30/2024,0.0,0.0,0.0,0.0,0.0,0.0,0.0,0,0,0,0,unknown
280111,786344,05/01/2023,04/30/2024,0.0,0.0,0.0,0.0,0.0,0.0,0.0,0,0,0,0,unknown
450743,786379,05/01/2023,04/30/2024,0.0,0.0,0.0,0.0,0.0,0.0,0.0,0,0,0,0,unknown
104049,786396,01/01/2023,12/31/2023,0.0,0.0,0.0,0.0,0.0,0.0,0.0,0,0,0,0,unknown
190274,786409,05/01/2023,04/30/2024,0.0,0.0,0.0,0.0,0.0,0.0,0.0,0,0,0,0,unknown
050782,786465,04/01/2023,03/31/2024,0.0,0.0,0.0,0.0,0.0,0.0,0.0,0,0,0,0,unknown
230036,786484,07/01/2023,06/30/2024,0.0,0.0,0.0,0.0,0.0,0.0,0.0,0,0,0,0,unknown
260142,786490,05/01/2023,04/30/2024,0.0,0.0,0.0,0.0,0.0,0.0,0.0,0,0,0,0,unknown
261330,786491,05/01/2023,04/30/2024,0.0,0.0,0.0,0.0,0.0,0.0,0.0,0,0,0,0,unknown
320017,786495,05/01/2023,04/30/2024,0.0,0.0,0.0,0.0,0.0,0.0,0.0,0,0,0,0,unknown
451356,786507,01/01/2023,12/31/2023,0.0,0.0,0.0,0.0,0.0,0.0,0.0,0,0,0,0,unknown
452051,786509,05/01/2023,04/26/2024,0.0,0.0,0.0,0.0,0.0,0.0,0.0,0,0,0,0,unknown
500150,786513,04/01/2023,03/31/2024,0.0,0.0,0.0,0.0,0.0,0.0,0.0,0,0,0,0,unknown
182009,786543,04/01/2023,03/31/2024,0.0,0.0,0.0,0.0,0.0,0.0,0.0,0,0,0,0,unknown
241372,786547,10/01/2022,09/30/2023,0.0,0.0,0.0,0.0,0.0,0.0,0.0,0,0,0,0,unknown
390201,786666,07/01/2023,06/30/2024,0.0,0.0,0.0,0.0,0.0,0.0,0.0,0,0,0,0,unknown
393027,786675,07/01/2023,06/30/2024,0.0,0.0,0.0,0.0,0.0,0.0,0.0,0,0,0,0,unknown
393040,786679,07/01/2023,06/30/2024,0.0,0.0,0.0,0.0,0.0,0.0,0.0,0,0,0,0,unknown
393045,786680,07/01/2023,06/30/2024,0.0,0.0,0.0,0.0,0.0,0.0,0.0,0,0,0,0,unknown
393046,786681,07/01/2023,06/30/2024,0.0,0.0,0.0,0.0,0.0,0.0,0.0,0,0,0,0,unknown
450155,786691,10/01/2022,09/30/2023,0.0,0.0,0.0,0.0,0.0,0.0,0.0,0,0,0,0,unknown
390113,786762,07/01/2023,06/30/2024,0.0,0.0,0.0,0.0,0.0,0.0,0.0,0,0,0,0,unknown
074014,786856,01/01/2023,12/31/2023,0.0,0.0,0.0,0.0,0.0,0.0,0.0,0,0,0,0,unknown
161305,786865,07/01/2023,06/30/2024,0.0,0.0,0.0,0.0,0.0,0.0,0.0,0,0,0,0,unknown
100281,786936,05/01/2023,04/30/2024,0.0,0.0,0.0,0.0,0.0,0.0,0.0,0,0,0,0,unknown
164007,786958,04/01/2023,03/31/2024,0.0,0.0,0.0,0.0,0.0,0.0,0.0,0,0,0,0,unknown
190128,786974,10/01/2022,09/30/2023,0.0,0.0,0.0,0.0,0.0,0.0,0.0,0,0,0,0,unknown
271309,786986,07/01/2023,06/30/2024,0.0,0.0,0.0,0.0,0.0,0.0,0.0,0,0,0,0,unknown
280059,786987,04/06/2023,09/30/2023,0.0,0.0,0.0,0.0,0.0,0.0,0.0,0,0,0,0,unknown
281305,786988,07/01/2023,06/30/2024,0.0,0.0,0.0,0.0,0.0,0.0,0.0,0,0,0,0,unknown
281308,786989,07/01/2023,06/30/2024,0.0,0.0,0.0,0.0,0.0,0.0,0.0,0,0,0,0,unknown
303026,786991,06/01/2023,05/31/2024,0.0,0.0,0.0,0.0,0.0,0.0,0.0,0,0,0,0,unknown
394049,787027,03/01/2023,02/29/2024,0.0,0.0,0.0,0.0,0.0,0.0,0.0,0,0,0,0,unknown
492007,787056,06/01/2023,05/31/2024,0.0,0.0,0.0,0.0,0.0,0.0,0.0,0,0,0,0,unknown
142010,787094,06/01/2023,05/31/2024,0.0,0.0,0.0,0.0,0.0,0.0,0.0,0,0,0,0,unknown
144040,787095,01/01/2023,12/31/2023,0.0,0.0,0.0,0.0,0.0,0.0,0.0,0,0,0,0,unknown
364038,787228,05/01/2023,04/30/2024,0.0,0.0,0.0,0.0,0.0,0.0,0.0,0,0,0,0,unknown
464007,787271,07/01/2023,06/30/2024,0.0,0.0,0.0,0.0,0.0,0.0,0.0,0,0,0,0,unknown
493300,787278,06/01/2023,05/31/2024,0.0,0.0,0.0,0.0,0.0,0.0,0.0,0,0,0,0,unknown
500088,787280,07/01/2023,06/30/2024,0.0,0.0,0.0,0.0,0.0,0.0,0.0,0,0,0,0,unknown
521335,787285,01/01/2023,12/31/2023,0.0,0.0,0.0,0.0,0.0,0.0,0.0,0,0,0,0,unknown
673061,787290,06/01/2023,05/31/2024,0.0,0.0,0.0,0.0,0.0,0.0,0.0,0,0,0,0,unknown
673067,787291,06/01/2023,05/31/2024,0.0,0.0,0.0,0.0,0.0,0.0,0.0,0,0,0,0,unknown
044013,787308,06/01/2023,05/31/2024,0.0,0.0,0.0,0.0,0.0,0.0,0.0,0,0,0,0,unknown
453035,787378,06/01/2023,05/31/2024,0.0,0.0,0.0,0.0,0.0,0.0,0.0,0,0,0,0,unknown
051303,787422,07/01/2023,06/30/2024,0.0,0.0,0.0,0.0,0.0,0.0,0.0,0,0,0,0,unknown
100285,787427,05/01/2023,04/30/2024,0.0,0.0,0.0,0.0,0.0,0.0,0.0,0,0,0,0,unknown
170137,787434,01/01/2023,12/31/2023,0.0,0.0,0.0,0.0,0.0,0.0,0.0,0,0,0,0,unknown
232035,787439,06/01/2023,05/31/2024,0.0,0.0,0.0,0.0,0.0,0.0,0.0,0,0,0,0,unknown
403025,787477,06/01/2023,05/31/2024,0.0,0.0,0.0,0.0,0.0,0.0,0.0,0,0,0,0,unknown
403026,787478,06/01/2023,05/31/2024,0.0,0.0,0.0,0.0,0.0,0.0,0.0,0,0,0,0,unknown
440228,787482,06/01/2023,05/31/2024,0.0,0.0,0.0,0.0,0.0,0.0,0.0,0,0,0,0,unknown
450002,787484,06/01/2023,05/31/2024,0.0,0.0,0.0,0.0,0.0,0.0,0.0,0,0,0,0,unknown
451334,787491,06/01/2023,05/31/2024,0.0,0.0,0.0,0.0,0.0,0.0,0.0,0,0,0,0,unknown
452100,787492,06/01/2023,05/31/2024,0.0,0.0,0.0,0.0,0.0,0.0,0.0,0,0,0,0,unknown
522008,787499,06/01/2023,05/31/2024,0.0,0.0,0.0,0.0,0.0,0.0,0.0,0,0,0,0,unknown
673036,787503,06/01/2023,05/31/2024,0.0,0.0,0.0,0.0,0.0,0.0,0.0,0,0,0,0,unknown
100054,787511,06/01/2023,05/31/2024,0.0,0.0,0.0,0.0,0.0,0.0,0.0,0,0,0,0,unknown
101304,787535,01/01/2023,12/31/2023,0.0,0.0,0.0,0.0,0.0,0.0,0.0,0,0,0,0,unknown
104080,787536,06/01/2023,05/31/2024,0.0,0.0,0.0,0.0,0.0,0.0,0.0,0,0,0,0,unknown
111305,787543,07/01/2023,06/30/2024,0.0,0.0,0.0,0.0,0.0,0.0,0.0,0,0,0,0,unknown
141319,787547,06/01/2023,05/31/2024,0.0,0.0,0.0,0.0,0.0,0.0,0.0,0,0,0,0,unknown
141345,787548,04/01/2023,03/31/2024,0.0,0.0,0.0,0.0,0.0,0.0,0.0,0,0,0,0,unknown
182003,787573,06/01/2023,05/31/2024,0.0,0.0,0.0,0.0,0.0,0.0,0.0,0,0,0,0,unknown
230021,787587,01/01/2023,06/30/2023,0.0,0.0,0.0,0.0,0.0,0.0,0.0,0,0,0,0,unknown
321310,787617,06/01/2023,05/31/2024,0.0,0.0,0.0,0.0,0.0,0.0,0.0,0,0,0,0,unknown
340013,787618,06/01/2023,05/31/2024,0.0,0.0,0.0,0.0,0.0,0.0,0.0,0,0,0,0,unknown
372005,787640,06/01/2023,05/31/2024,0.0,0.0,0.0,0.0,0.0,0.0,0.0,0,0,0,0,unknown
390133,787641,07/01/2023,06/30/2024,0.0,0.0,0.0,0.0,0.0,0.0,0.0,0,0,0,0,unknown
442017,787650,07/01/2023,06/30/2024,0.0,0.0,0.0,0.0,0.0,0.0,0.0,0,0,0,0,unknown
450241,787657,06/01/2023,05/31/2024,0.0,0.0,0.0,0.0,0.0,0.0,0.0,0,0,0,0,unknown
453096,787667,08/01/2023,10/31/2023,0.0,0.0,0.0,0.0,0.0,0.0,0.0,0,0,0,0,unknown
510070,787679,06/01/2023,05/31/2024,0.0,0.0,0.0,0.0,0.0,0.0,0.0,0,0,0,0,unknown
670098,787680,06/01/2023,05/31/2024,0.0,0.0,0.0,0.0,0.0,0.0,0.0,0,0,0,0,unknown
033041,787686,06/01/2023,05/31/2024,0.0,0.0,0.0,0.0,0.0,0.0,0.0,0,0,0,0,unknown
050689,787692,06/01/2023,05/31/2024,0.0,0.0,0.0,0.0,0.0,0.0,0.0,0,0,0,0,unknown
050724,787693,01/01/2023,11/26/2023,0.0,0.0,0.0,0.0,0.0,0.0,0.0,0,0,0,0,unknown
063027,787695,06/01/2023,05/31/2024,0.0,0.0,0.0,0.0,0.0,0.0,0.0,0,0,0,0,unknown
100287,787703,06/01/2023,05/31/2024,0.0,0.0,0.0,0.0,0.0,0.0,0.0,0,0,0,0,unknown
133027,787707,06/01/2023,05/31/2024,0.0,0.0,0.0,0.0,0.0,0.0,0.0,0,0,0,0,unknown
271344,787731,07/01/2023,06/30/2024,0.0,0.0,0.0,0.0,0.0,0.0,0.0,0,0,0,0,unknown
292003,787735,06/01/2023,05/31/2024,0.0,0.0,0.0,0.0,0.0,0.0,0.0,0,0,0,0,unknown
393053,787763,06/01/2023,05/31/2024,0.0,0.0,0.0,0.0,0.0,0.0,0.0,0,0,0,0,unknown
431305,787768,06/01/2023,05/31/2024,0.0,0.0,0.0,0.0,0.0,0.0,0.0,0,0,0,0,unknown
450324,787772,01/01/2023,12/31/2023,0.0,0.0,0.0,0.0,0.0,0.0,0.0,0,0,0,0,unknown
450668,787775,06/01/2023,05/31/2024,0.0,0.0,0.0,0.0,0.0,0.0,0.0,0,0,0,0,unknown
670034,787794,06/01/2023,05/31/2024,0.0,0.0,0.0,0.0,0.0,0.0,0.0,0,0,0,0,unknown
033036,787797,06/01/2023,05/31/2024,0.0,0.0,0.0,0.0,0.0,0.0,0.0,0,0,0,0,unknown
050506,787808,06/01/2023,05/31/2024,0.0,0.0,0.0,0.0,0.0,0.0,0.0,0,0,0,0,unknown
050534,787809,06/01/2023,05/31/2024,0.0,0.0,0.0,0.0,0.0,0.0,0.0,0,0,0,0,unknown
100230,787822,05/01/2023,04/30/2024,0.0,0.0,0.0,0.0,0.0,0.0,0.0,0,0,0,0,unknown
130018,787829,10/01/2022,09/30/2023,0.0,0.0,0.0,0.0,0.0,0.0,0.0,0,0,0,0,unknown
191301,787849,07/01/2023,06/30/2024,0.0,0.0,0.0,0.0,0.0,0.0,0.0,0,0,0,0,unknown
224041,787852,01/01/2023,12/31/2023,0.0,0.0,0.0,0.0,0.0,0.0,0.0,0,0,0,0,unknown
260020,787863,07/01/2023,06/30/2024,0.0,0.0,0.0,0.0,0.0,0.0,0.0,0,0,0,0,unknown
530011,787921,07/01/2023,06/30/2024,0.0,0.0,0.0,0.0,0.0,0.0,0.0,0,0,0,0,unknown
533027,787922,06/01/2023,05/31/2024,0.0,0.0,0.0,0.0,0.0,0.0,0.0,0,0,0,0,unknown
050118,787946,06/01/2023,05/31/2024,0.0,0.0,0.0,0.0,0.0,0.0,0.0,0,0,0,0,unknown
102027,787953,09/01/2023,08/31/2024,0.0,0.0,0.0,0.0,0.0,0.0,0.0,0,0,0,0,unknown
161303,787978,07/01/2023,06/30/2024,0.0,0.0,0.0,0.0,0.0,0.0,0.0,0,0,0,0,unknown
180038,787982,06/01/2023,05/31/2024,0.0,0.0,0.0,0.0,0.0,0.0,0.0,0,0,0,0,unknown
180070,787985,06/01/2023,05/31/2024,0.0,0.0,0.0,0.0,0.0,0.0,0.0,0,0,0,0,unknown
190004,787988,10/01/2022,09/30/2023,0.0,0.0,0.0,0.0,0.0,0.0,0.0,0,0,0,0,unknown
192031,787992,09/01/2023,08/31/2024,0.0,0.0,0.0,0.0,0.0,0.0,0.0,0,0,0,0,unknown
234023,787995,07/01/2023,06/30/2024,0.0,0.0,0.0,0.0,0.0,0.0,0.0,0,0,0,0,unknown
322003,788011,06/01/2023,05/31/2024,0.0,0.0,0.0,0.0,0.0,0.0,0.0,0,0,0,0,unknown
363040,788025,06/01/2023,05/31/2024,0.0,0.0,0.0,0.0,0.0,0.0,0.0,0,0,0,0,unknown
370211,788028,07/01/2023,06/30/2024,0.0,0.0,0.0,0.0,0.0,0.0,0.0,0,0,0,0,unknown
371321,788029,07/01/2023,06/30/2024,0.0,0.0,0.0,0.0,0.0,0.0,0.0,0,0,0,0,unknown
371333,788030,10/01/2022,09/30/2023,0.0,0.0,0.0,0.0,0.0,0.0,0.0,0,0,0,0,unknown
420002,788041,06/01/2023,05/31/2024,0.0,0.0,0.0,0.0,0.0,0.0,0.0,0,0,0,0,unknown
440183,788063,06/01/2023,05/31/2024,0.0,0.0,0.0,0.0,0.0,0.0,0.0,0,0,0,0,unknown
042010,788118,09/01/2023,08/31/2024,0.0,0.0,0.0,0.0,0.0,0.0,0.0,0,0,0,0,unknown
050589,788119,06/01/2023,03/26/2024,0.0,0.0,0.0,0.0,0.0,0.0,0.0,0,0,0,0,unknown
161379,788153,07/01/2023,06/30/2024,0.0,0.0,0.0,0.0,0.0,0.0,0.0,0,0,0,0,unknown
190116,788157,06/01/2023,05/31/2024,0.0,0.0,0.0,0.0,0.0,0.0,0.0,0,0,0,0,unknown
250117,788172,10/01/2022,09/30/2023,0.0,0.0,0.0,0.0,0.0,0.0,0.0,0,0,0,0,unknown
260113,788175,10/01/2022,09/30/2023,0.0,0.0,0.0,0.0,0.0,0.0,0.0,0,0,0,0,unknown
260195,788177,06/01/2023,05/31/2024,0.0,0.0,0.0,0.0,0.0,0.0,0.0,0,0,0,0,unknown
430005,788213,06/01/2023,05/31/2024,0.0,0.0,0.0,0.0,0.0,0.0,0.0,0,0,0,0,unknown
452095,788268,09/01/2023,08/31/2024,0.0,0.0,0.0,0.0,0.0,0.0,0.0,0,0,0,0,unknown
050551,788303,06/01/2023,03/26/2024,0.0,0.0,0.0,0.0,0.0,0.0,0.0,0,0,0,0,unknown
100079,788310,06/01/2023,05/31/2024,0.0,0.0,0.0,0.0,0.0,0.0,0.0,0,0,0,0,unknown
100288,788312,06/01/2023,05/31/2024,0.0,0.0,0.0,0.0,0.0,0.0,0.0,0,0,0,0,unknown
144039,788341,07/01/2023,06/30/2024,0.0,0.0,0.0,0.0,0.0,0.0,0.0,0,0,0,0,unknown
192013,788355,09/01/2023,08/31/2024,0.0,0.0,0.0,0.0,0.0,0.0,0.0,0,0,0,0,unknown
371341,788416,07/01/2023,06/30/2024,0.0,0.0,0.0,0.0,0.0,0.0,0.0,0,0,0,0,unknown
451389,788454,01/01/2023,06/30/2023,0.0,0.0,0.0,0.0,0.0,0.0,0.0,0,0,0,0,unknown
452107,788456,09/01/2023,08/31/2024,0.0,0.0,0.0,0.0,0.0,0.0,0.0,0,0,0,0,unknown
520063,788474,07/01/2023,06/30/2024,0.0,0.0,0.0,0.0,0.0,0.0,0.0,0,0,0,0,unknown
520107,788475,07/01/2023,06/30/2024,0.0,0.0,0.0,0.0,0.0,0.0,0.0,0,0,0,0,unknown
520177,788477,07/01/2023,06/30/2024,0.0,0.0,0.0,0.0,0.0,0.0,0.0,0,0,0,0,unknown
520213,788478,07/01/2023,06/30/2024,0.0,0.0,0.0,0.0,0.0,0.0,0.0,0,0,0,0,unknown
052045,788497,09/01/2023,08/31/2024,0.0,0.0,0.0,0.0,0.0,0.0,0.0,0,0,0,0,unknown
281338,788560,07/01/2023,06/30/2024,0.0,0.0,0.0,0.0,0.0,0.0,0.0,0,0,0,0,unknown
351335,788577,07/01/2023,06/30/2024,0.0,0.0,0.0,0.0,0.0,0.0,0.0,0,0,0,0,unknown
452111,788654,12/01/2022,11/30/2023,0.0,0.0,0.0,0.0,0.0,0.0,0.0,0,0,0,0,unknown
520103,788664,07/01/2023,06/30/2024,0.0,0.0,0.0,0.0,0.0,0.0,0.0,0,0,0,0,unknown
052037,788698,09/01/2023,08/31/2024,0.0,0.0,0.0,0.0,0.0,0.0,0.0,0,0,0,0,unknown
052038,788699,09/01/2023,08/31/2024,0.0,0.0,0.0,0.0,0.0,0.0,0.0,0,0,0,0,unknown
052050,788700,09/01/2023,08/31/2024,0.0,0.0,0.0,0.0,0.0,0.0,0.0,0,0,0,0,unknown
271305,788776,07/01/2023,06/30/2024,0.0,0.0,0.0,0.0,0.0,0.0,0.0,0,0,0,0,unknown
370113,788798,07/01/2023,06/30/2024,0.0,0.0,0.0,0.0,0.0,0.0,0.0,0,0,0,0,unknown
381306,788811,07/01/2023,06/30/2024,0.0,0.0,0.0,0.0,0.0,0.0,0.0,0,0,0,0,unknown
052049,789054,09/01/2023,08/31/2024,0.0,0.0,0.0,0.0,0.0,0.0,0.0,0,0,0,0,unknown
142009,789274,09/01/2023,08/31/2024,0.0,0.0,0.0,0.0,0.0,0.0,0.0,0,0,0,0,unknown
192006,789469,09/01/2023,08/31/2024,0.0,0.0,0.0,0.0,0.0,0.0,0.0,0,0,0,0,unknown
334027,789738,01/01/2023,12/31/2023,0.0,0.0,0.0,0.0,0.0,0.0,0.0,0,0,0,0,unknown
394055,789812,07/01/2023,06/30/2024,0.0,0.0,0.0,0.0,0.0,0.0,0.0,0,0,0,0,unknown
442007,789853,09/01/2023,08/31/2024,0.0,0.0,0.0,0.0,0.0,0.0,0.0,0,0,0,0,unknown
490110,789940,10/01/2022,09/30/2023,0.0,0.0,0.0,0.0,0.0,0.0,0.0,0,0,0,0,unknown
670108,790046,06/01/2023,05/31/2024,0.0,0.0,0.0,0.0,0.0,0.0,0.0,0,0,0,0,unknown
104016,790223,07/01/2023,06/30/2024,0.0,0.0,0.0,0.0,0.0,0.0,0.0,0,0,0,0,unknown
141321,790237,07/01/2023,06/30/2024,0.0,0.0,0.0,0.0,0.0,0.0,0.0,0,0,0,0,unknown
373300,790473,07/01/2023,06/30/2024,0.0,0.0,0.0,0.0,0.0,0.0,0.0,0,0,0,0,unknown
381311,790482,07/01/2023,06/30/2024,0.0,0.0,0.0,0.0,0.0,0.0,0.0,0,0,0,0,unknown
450196,790528,07/01/2023,06/30/2024,0.0,0.0,0.0,0.0,0.0,0.0,0.0,0,0,0,0,unknown
462005,790539,07/01/2023,06/30/2024,0.0,0.0,0.0,0.0,0.0,0.0,0.0,0,0,0,0,unknown
031312,790570,07/01/2023,06/30/2024,0.0,0.0,0.0,0.0,0.0,0.0,0.0,0,0,0,0,unknown
052035,790591,09/01/2023,08/31/2024,0.0,0.0,0.0,0.0,0.0,0.0,0.0,0,0,0,0,unknown
052039,790592,09/01/2023,08/31/2024,0.0,0.0,0.0,0.0,0.0,0.0,0.0,0,0,0,0,unknown
351322,790666,07/01/2023,06/30/2024,0.0,0.0,0.0,0.0,0.0,0.0,0.0,0,0,0,0,unknown
450015,790682,10/01/2022,09/30/2023,0.0,0.0,0.0,0.0,0.0,0.0,0.0,0,0,0,0,unknown
032004,790713,09/01/2023,08/31/2024,0.0,0.0,0.0,0.0,0.0,0.0,0.0,0,0,0,0,unknown
062009,790721,09/01/2023,08/31/2024,0.0,0.0,0.0,0.0,0.0,0.0,0.0,0,0,0,0,unknown
161330,790742,07/01/2023,06/30/2024,0.0,0.0,0.0,0.0,0.0,0.0,0.0,0,0,0,0,unknown
271342,790771,07/01/2023,06/30/2024,0.0,0.0,0.0,0.0,0.0,0.0,0.0,0,0,0,0,unknown
281343,790772,07/01/2023,06/30/2024,0.0,0.0,0.0,0.0,0.0,0.0,0.0,0,0,0,0,unknown
282000,790773,07/01/2023,06/30/2024,0.0,0.0,0.0,0.0,0.0,0.0,0.0,0,0,0,0,unknown
342012,790785,09/01/2023,08/31/2024,0.0,0.0,0.0,0.0,0.0,0.0,0.0,0,0,0,0,unknown
431300,790801,07/01/2023,06/30/2024,0.0,0.0,0.0,0.0,0.0,0.0,0.0,0,0,0,0,unknown
440231,790804,07/01/2023,06/30/2024,0.0,0.0,0.0,0.0,0.0,0.0,0.0,0,0,0,0,unknown
451373,790811,01/01/2023,12/31/2023,0.0,0.0,0.0,0.0,0.0,0.0,0.0,0,0,0,0,unknown
521329,790816,07/01/2023,06/30/2024,0.0,0.0,0.0,0.0,0.0,0.0,0.0,0,0,0,0,unknown
041308,790817,07/01/2023,06/30/2024,0.0,0.0,0.0,0.0,0.0,0.0,0.0,0,0,0,0,unknown
210044,790838,07/01/2023,06/30/2024,0.0,0.0,0.0,0.0,0.0,0.0,0.0,0,0,0,0,unknown
241343,790844,07/01/2023,06/30/2024,0.0,0.0,0.0,0.0,0.0,0.0,0.0,0,0,0,0,unknown
241360,790845,07/01/2023,06/30/2024,0.0,0.0,0.0,0.0,0.0,0.0,0.0,0,0,0,0,unknown
241374,790846,07/01/2023,06/30/2024,0.0,0.0,0.0,0.0,0.0,0.0,0.0,0,0,0,0,unknown
250128,790847,01/01/2023,10/31/2023,0.0,0.0,0.0,0.0,0.0,0.0,0.0,0,0,0,0,unknown
351310,790853,07/01/2023,06/30/2024,0.0,0.0,0.0,0.0,0.0,0.0,0.0,0,0,0,0,unknown
370100,790855,07/01/2023,06/30/2024,0.0,0.0,0.0,0.0,0.0,0.0,0.0,0,0,0,0,unknown
371332,790857,07/01/2023,06/30/2024,0.0,0.0,0.0,0.0,0.0,0.0,0.0,0,0,0,0,unknown
431317,790862,07/01/2023,06/30/2024,0.0,0.0,0.0,0.0,0.0,0.0,0.0,0,0,0,0,unknown
440132,790866,07/01/2023,06/30/2024,0.0,0.0,0.0,0.0,0.0,0.0,0.0,0,0,0,0,unknown
441313,790869,07/01/2023,06/30/2024,0.0,0.0,0.0,0.0,0.0,0.0,0.0,0,0,0,0,unknown
181317,790925,07/01/2023,06/30/2024,0.0,0.0,0.0,0.0,0.0,0.0,0.0,0,0,0,0,unknown
230779,790933,07/06/2023,09/30/2023,0.0,0.0,0.0,0.0,0.0,0.0,0.0,0,0,0,0,unknown
241348,790934,07/01/2023,06/30/2024,0.0,0.0,0.0,0.0,0.0,0.0,0.0,0,0,0,0,unknown
241359,790935,07/01/2023,06/30/2024,0.0,0.0,0.0,0.0,0.0,0.0,0.0,0,0,0,0,unknown
361321,790948,01/01/2023,12/31/2023,0.0,0.0,0.0,0.0,0.0,0.0,0.0,0,0,0,0,unknown
364015,790953,07/01/2023,06/30/2024,0.0,0.0,0.0,0.0,0.0,0.0,0.0,0,0,0,0,unknown
364031,790954,07/01/2023,06/30/2024,0.0,0.0,0.0,0.0,0.0,0.0,0.0,0,0,0,0,unknown
371329,790957,07/01/2023,06/30/2024,0.0,0.0,0.0,0.0,0.0,0.0,0.0,0,0,0,0,unknown
420053,790967,07/01/2023,06/30/2024,0.0,0.0,0.0,0.0,0.0,0.0,0.0,0,0,0,0,unknown
450678,790974,06/01/2023,05/31/2024,0.0,0.0,0.0,0.0,0.0,0.0,0.0,0,0,0,0,unknown
670259,790983,10/01/2022,09/30/2023,0.0,0.0,0.0,0.0,0.0,0.0,0.0,0,0,0,0,unknown
141326,791004,07/01/2023,06/30/2024,0.0,0.0,0.0,0.0,0.0,0.0,0.0,0,0,0,0,unknown
210022,791013,07/01/2023,06/30/2024,0.0,0.0,0.0,0.0,0.0,0.0,0.0,0,0,0,0,unknown
241309,791015,07/01/2023,06/30/2024,0.0,0.0,0.0,0.0,0.0,0.0,0.0,0,0,0,0,unknown
241326,791016,07/01/2023,06/30/2024,0.0,0.0,0.0,0.0,0.0,0.0,0.0,0,0,0,0,unknown
241330,791017,07/01/2023,06/30/2024,0.0,0.0,0.0,0.0,0.0,0.0,0.0,0,0,0,0,unknown
241349,791019,07/01/2023,06/30/2024,0.0,0.0,0.0,0.0,0.0,0.0,0.0,0,0,0,0,unknown
241351,791020,07/01/2023,06/30/2024,0.0,0.0,0.0,0.0,0.0,0.0,0.0,0,0,0,0,unknown
241368,791021,07/01/2023,06/30/2024,0.0,0.0,0.0,0.0,0.0,0.0,0.0,0,0,0,0,unknown
370153,791031,07/01/2023,06/30/2024,0.0,0.0,0.0,0.0,0.0,0.0,0.0,0,0,0,0,unknown
454156,791048,07/01/2023,06/30/2024,0.0,0.0,0.0,0.0,0.0,0.0,0.0,0,0,0,0,unknown
673030,791053,07/01/2023,06/30/2024,0.0,0.0,0.0,0.0,0.0,0.0,0.0,0,0,0,0,unknown
034039,791062,04/01/2023,03/31/2024,0.0,0.0,0.0,0.0,0.0,0.0,0.0,0,0,0,0,unknown
041309,791064,07/01/2023,06/30/2024,0.0,0.0,0.0,0.0,0.0,0.0,0.0,0,0,0,0,unknown
054122,791071,07/01/2023,06/30/2024,0.0,0.0,0.0,0.0,0.0,0.0,0.0,0,0,0,0,unknown
093025,791074,07/01/2023,06/30/2024,0.0,0.0,0.0,0.0,0.0,0.0,0.0,0,0,0,0,unknown
111306,791080,07/01/2023,06/30/2024,0.0,0.0,0.0,0.0,0.0,0.0,0.0,0,0,0,0,unknown
143028,791086,08/01/2023,07/31/2024,0.0,0.0,0.0,0.0,0.0,0.0,0.0,0,0,0,0,unknown
190208,791116,06/01/2023,05/31/2024,0.0,0.0,0.0,0.0,0.0,0.0,0.0,0,0,0,0,unknown
254008,791135,07/01/2023,06/30/2024,0.0,0.0,0.0,0.0,0.0,0.0,0.0,0,0,0,0,unknown
271310,791145,07/01/2023,06/30/2024,0.0,0.0,0.0,0.0,0.0,0.0,0.0,0,0,0,0,unknown
271314,791146,07/01/2023,06/30/2024,0.0,0.0,0.0,0.0,0.0,0.0,0.0,0,0,0,0,unknown
271331,791147,07/01/2023,06/30/2024,0.0,0.0,0.0,0.0,0.0,0.0,0.0,0,0,0,0,unknown
283025,791150,07/01/2023,06/30/2024,0.0,0.0,0.0,0.0,0.0,0.0,0.0,0,0,0,0,unknown
321300,791154,07/01/2023,06/30/2024,0.0,0.0,0.0,0.0,0.0,0.0,0.0,0,0,0,0,unknown
440039,791168,07/01/2023,06/30/2024,0.0,0.0,0.0,0.0,0.0,0.0,0.0,0,0,0,0,unknown
440102,791169,07/01/2023,06/30/2024,0.0,0.0,0.0,0.0,0.0,0.0,0.0,0,0,0,0,unknown
461304,791188,07/01/2023,06/30/2024,0.0,0.0,0.0,0.0,0.0,0.0,0.0,0,0,0,0,unknown
053302,791217,07/01/2023,06/30/2024,0.0,0.0,0.0,0.0,0.0,0.0,0.0,0,0,0,0,unknown
072003,791236,10/01/2022,09/30/2023,0.0,0.0,0.0,0.0,0.0,0.0,0.0,0,0,0,0,unknown
090005,791237,07/01/2023,06/30/2024,0.0,0.0,0.0,0.0,0.0,0.0,0.0,0,0,0,0,unknown
110018,791240,07/01/2023,06/30/2024,0.0,0.0,0.0,0.0,0.0,0.0,0.0,0,0,0,0,unknown
110083,791243,07/01/2023,06/30/2024,0.0,0.0,0.0,0.0,0.0,0.0,0.0,0,0,0,0,unknown
110111,791244,07/01/2023,06/30/2024,0.0,0.0,0.0,0.0,0.0,0.0,0.0,0,0,0,0,unknown
141349,791254,07/01/2023,06/30/2024,0.0,0.0,0.0,0.0,0.0,0.0,0.0,0,0,0,0,unknown
212002,791270,07/01/2023,06/30/2024,0.0,0.0,0.0,0.0,0.0,0.0,0.0,0,0,0,0,unknown
212003,791271,07/01/2023,06/30/2024,0.0,0.0,0.0,0.0,0.0,0.0,0.0,0,0,0,0,unknown
213300,791272,07/01/2023,06/30/2024,0.0,0.0,0.0,0.0,0.0,0.0,0.0,0,0,0,0,unknown
214018,791273,07/01/2023,06/30/2024,0.0,0.0,0.0,0.0,0.0,0.0,0.0,0,0,0,0,unknown
271302,791315,07/01/2023,06/30/2024,0.0,0.0,0.0,0.0,0.0,0.0,0.0,0,0,0,0,unknown
271322,791316,07/01/2023,06/30/2024,0.0,0.0,0.0,0.0,0.0,0.0,0.0,0,0,0,0,unknown
314005,791331,07/01/2023,06/30/2024,0.0,0.0,0.0,0.0,0.0,0.0,0.0,0,0,0,0,unknown
314016,791332,07/01/2023,06/30/2024,0.0,0.0,0.0,0.0,0.0,0.0,0.0,0,0,0,0,unknown
344026,791416,07/01/2023,06/30/2024,0.0,0.0,0.0,0.0,0.0,0.0,0.0,0,0,0,0,unknown
370008,791418,07/01/2023,06/30/2024,0.0,0.0,0.0,0.0,0.0,0.0,0.0,0,0,0,0,unknown
370028,791421,07/01/2023,06/30/2024,0.0,0.0,0.0,0.0,0.0,0.0,0.0,0,0,0,0,unknown
371338,791424,07/01/2023,06/30/2024,0.0,0.0,0.0,0.0,0.0,0.0,0.0,0,0,0,0,unknown
374000,791425,07/01/2023,06/30/2024,0.0,0.0,0.0,0.0,0.0,0.0,0.0,0,0,0,0,unknown
390013,791426,07/01/2023,06/30/2024,0.0,0.0,0.0,0.0,0.0,0.0,0.0,0,0,0,0,unknown
390096,791428,07/01/2023,06/30/2024,0.0,0.0,0.0,0.0,0.0,0.0,0.0,0,0,0,0,unknown
431327,791438,07/01/2023,06/30/2024,0.0,0.0,0.0,0.0,0.0,0.0,0.0,0,0,0,0,unknown
450007,791441,07/01/2023,06/30/2024,0.0,0.0,0.0,0.0,0.0,0.0,0.0,0,0,0,0,unknown
450079,791444,07/01/2023,06/30/2024,0.0,0.0,0.0,0.0,0.0,0.0,0.0,0,0,0,0,unknown
450563,791449,07/01/2023,06/30/2024,0.0,0.0,0.0,0.0,0.0,0.0,0.0,0,0,0,0,unknown
490038,791455,07/01/2023,06/30/2024,0.0,0.0,0.0,0.0,0.0,0.0,0.0,0,0,0,0,unknown
490114,791456,07/01/2023,06/30/2024,0.0,0.0,0.0,0.0,0.0,0.0,0.0,0,0,0,0,unknown
490127,791457,07/01/2023,06/30/2024,0.0,0.0,0.0,0.0,0.0,0.0,0.0,0,0,0,0,unknown
491309,791458,07/01/2023,06/30/2024,0.0,0.0,0.0,0.0,0.0,0.0,0.0,0,0,0,0,unknown
493301,791459,07/01/2023,06/30/2024,0.0,0.0,0.0,0.0,0.0,0.0,0.0,0,0,0,0,unknown
530014,791460,07/01/2023,06/30/2024,0.0,0.0,0.0,0.0,0.0,0.0,0.0,0,0,0,0,unknown
152020,791472,07/01/2023,06/30/2024,0.0,0.0,0.0,0.0,0.0,0.0,0.0,0,0,0,0,unknown
161343,791476,07/01/2023,06/30/2024,0.0,0.0,0.0,0.0,0.0,0.0,0.0,0,0,0,0,unknown
171318,791481,07/01/2023,06/30/2024,0.0,0.0,0.0,0.0,0.0,0.0,0.0,0,0,0,0,unknown
261336,791487,07/01/2023,06/30/2024,0.0,0.0,0.0,0.0,0.0,0.0,0.0,0,0,0,0,unknown
281326,791489,07/01/2023,06/30/2024,0.0,0.0,0.0,0.0,0.0,0.0,0.0,0,0,0,0,unknown
284009,791490,07/01/2023,06/30/2024,0.0,0.0,0.0,0.0,0.0,0.0,0.0,0,0,0,0,unknown
370078,791514,07/01/2023,06/30/2024,0.0,0.0,0.0,0.0,0.0,0.0,0.0,0,0,0,0,unknown
390004,791516,07/01/2023,06/30/2024,0.0,0.0,0.0,0.0,0.0,0.0,0.0,0,0,0,0,unknown
390256,791519,07/01/2023,06/30/2024,0.0,0.0,0.0,0.0,0.0,0.0,0.0,0,0,0,0,unknown
450851,791531,07/01/2023,06/30/2024,0.0,0.0,0.0,0.0,0.0,0.0,0.0,0,0,0,0,unknown
370237,791580,07/01/2023,06/30/2024,0.0,0.0,0.0,0.0,0.0,0.0,0.0,0,0,0,0,unknown
390117,791581,07/01/2023,06/30/2024,0.0,0.0,0.0,0.0,0.0,0.0,0.0,0,0,0,0,unknown
390160,791582,07/01/2023,06/30/2024,0.0,0.0,0.0,0.0,0.0,0.0,0.0,0,0,0,0,unknown
390266,791583,07/01/2023,06/30/2024,0.0,0.0,0.0,0.0,0.0,0.0,0.0,0,0,0,0,unknown
392050,791584,07/01/2023,06/30/2024,0.0,0.0,0.0,0.0,0.0,0.0,0.0,0,0,0,0,unknown
431302,791587,07/01/2023,06/30/2024,0.0,0.0,0.0,0.0,0.0,0.0,0.0,0,0,0,0,unknown
670059,791606,07/01/2023,06/30/2024,0.0,0.0,0.0,0.0,0.0,0.0,0.0,0,0,0,0,unknown
010023,791607,07/01/2023,06/30/2024,0.0,0.0,0.0,0.0,0.0,0.0,0.0,0,0,0,0,unknown
010108,791610,07/01/2023,06/30/2024,0.0,0.0,0.0,0.0,0.0,0.0,0.0,0,0,0,0,unknown
010149,791612,07/01/2023,06/30/2024,0.0,0.0,0.0,0.0,0.0,0.0,0.0,0,0,0,0,unknown
034020,791616,07/01/2023,06/30/2024,0.0,0.0,0.0,0.0,0.0,0.0,0.0,0,0,0,0,unknown
042013,791617,07/01/2023,06/30/2024,0.0,0.0,0.0,0.0,0.0,0.0,0.0,0,0,0,0,unknown
050124,791624,07/01/2023,06/30/2024,0.0,0.0,0.0,0.0,0.0,0.0,0.0,0,0,0,0,unknown
050320,791632,07/01/2023,06/30/2024,0.0,0.0,0.0,0.0,0.0,0.0,0.0,0,0,0,0,unknown
050327,791633,07/01/2023,06/30/2024,0.0,0.0,0.0,0.0,0.0,0.0,0.0,0,0,0,0,unknown
050573,791636,07/01/2023,06/30/2024,0.0,0.0,0.0,0.0,0.0,0.0,0.0,0,0,0,0,unknown
051300,791640,07/01/2023,06/30/2024,0.0,0.0,0.0,0.0,0.0,0.0,0.0,0,0,0,0,unknown
060010,791641,07/01/2023,06/30/2024,0.0,0.0,0.0,0.0,0.0,0.0,0.0,0,0,0,0,unknown
060020,791642,07/01/2023,06/30/2024,0.0,0.0,0.0,0.0,0.0,0.0,0.0,0,0,0,0,unknown
060024,791643,07/01/2023,06/30/2024,0.0,0.0,0.0,0.0,0.0,0.0,0.0,0,0,0,0,unknown
110034,791666,07/01/2023,06/30/2024,0.0,0.0,0.0,0.0,0.0,0.0,0.0,0,0,0,0,unknown
110042,791668,07/01/2023,06/30/2024,0.0,0.0,0.0,0.0,0.0,0.0,0.0,0,0,0,0,unknown
110043,791669,07/01/2023,06/30/2024,0.0,0.0,0.0,0.0,0.0,0.0,0.0,0,0,0,0,unknown
110091,791671,07/01/2023,06/30/2024,0.0,0.0,0.0,0.0,0.0,0.0,0.0,0,0,0,0,unknown
110184,791674,07/01/2023,06/30/2024,0.0,0.0,0.0,0.0,0.0,0.0,0.0,0,0,0,0,unknown
110225,791676,07/01/2023,06/30/2024,0.0,0.0,0.0,0.0,0.0,0.0,0.0,0,0,0,0,unknown
110236,791677,07/01/2023,06/30/2024,0.0,0.0,0.0,0.0,0.0,0.0,0.0,0,0,0,0,unknown
134010,791680,07/01/2023,06/30/2024,0.0,0.0,0.0,0.0,0.0,0.0,0.0,0,0,0,0,unknown
141338,791684,07/01/2023,06/30/2024,0.0,0.0,0.0,0.0,0.0,0.0,0.0,0,0,0,0,unknown
143301,791686,07/01/2023,06/30/2024,0.0,0.0,0.0,0.0,0.0,0.0,0.0,0,0,0,0,unknown
190779,791704,08/03/2023,06/30/2024,0.0,0.0,0.0,0.0,0.0,0.0,0.0,0,0,0,0,unknown
210004,791712,07/01/2023,06/30/2024,0.0,0.0,0.0,0.0,0.0,0.0,0.0,0,0,0,0,unknown
241362,791720,07/01/2023,06/30/2024,0.0,0.0,0.0,0.0,0.0,0.0,0.0,0,0,0,0,unknown
241365,791721,07/01/2023,06/30/2024,0.0,0.0,0.0,0.0,0.0,0.0,0.0,0,0,0,0,unknown
264020,791728,07/01/2023,06/30/2024,0.0,0.0,0.0,0.0,0.0,0.0,0.0,0,0,0,0,unknown
281307,791730,07/01/2023,06/30/2024,0.0,0.0,0.0,0.0,0.0,0.0,0.0,0,0,0,0,unknown
282003,791731,07/01/2023,06/30/2024,0.0,0.0,0.0,0.0,0.0,0.0,0.0,0,0,0,0,unknown
291302,791732,07/01/2023,06/30/2024,0.0,0.0,0.0,0.0,0.0,0.0,0.0,0,0,0,0,unknown
351314,791740,07/01/2023,06/30/2024,0.0,0.0,0.0,0.0,0.0,0.0,0.0,0,0,0,0,unknown
371319,791750,07/01/2023,06/30/2024,0.0,0.0,0.0,0.0,0.0,0.0,0.0,0,0,0,0,unknown
371327,791751,07/01/2023,06/30/2024,0.0,0.0,0.0,0.0,0.0,0.0,0.0,0,0,0,0,unknown
371340,791752,07/01/2023,06/30/2024,0.0,0.0,0.0,0.0,0.0,0.0,0.0,0,0,0,0,unknown
390032,791756,07/01/2023,06/30/2024,0.0,0.0,0.0,0.0,0.0,0.0,0.0,0,0,0,0,unknown
390138,791761,07/01/2023,06/30/2024,0.0,0.0,0.0,0.0,0.0,0.0,0.0,0,0,0,0,unknown
390145,791762,07/01/2023,06/30/2024,0.0,0.0,0.0,0.0,0.0,0.0,0.0,0,0,0,0,unknown
390335,791763,07/01/2023,06/30/2024,0.0,0.0,0.0,0.0,0.0,0.0,0.0,0,0,0,0,unknown
390337,791764,07/01/2023,06/30/2024,0.0,0.0,0.0,0.0,0.0,0.0,0.0,0,0,0,0,unknown
393035,791765,07/01/2023,06/30/2024,0.0,0.0,0.0,0.0,0.0,0.0,0.0,0,0,0,0,unknown
394023,791766,07/01/2023,06/30/2024,0.0,0.0,0.0,0.0,0.0,0.0,0.0,0,0,0,0,unknown
431320,791771,07/01/2023,06/30/2024,0.0,0.0,0.0,0.0,0.0,0.0,0.0,0,0,0,0,unknown
450539,791775,07/01/2023,06/30/2024,0.0,0.0,0.0,0.0,0.0,0.0,0.0,0,0,0,0,unknown
450641,791776,07/01/2023,06/30/2024,0.0,0.0,0.0,0.0,0.0,0.0,0.0,0,0,0,0,unknown
451322,791779,07/01/2023,06/30/2024,0.0,0.0,0.0,0.0,0.0,0.0,0.0,0,0,0,0,unknown
521310,791800,07/01/2023,06/30/2024,0.0,0.0,0.0,0.0,0.0,0.0,0.0,0,0,0,0,unknown
530034,791801,07/01/2023,06/30/2024,0.0,0.0,0.0,0.0,0.0,0.0,0.0,0,0,0,0,unknown
531315,791802,07/01/2023,06/30/2024,0.0,0.0,0.0,0.0,0.0,0.0,0.0,0,0,0,0,unknown
670082,791803,07/01/2023,06/30/2024,0.0,0.0,0.0,0.0,0.0,0.0,0.0,0,0,0,0,unknown
010039,791804,07/01/2023,06/30/2024,0.0,0.0,0.0,0.0,0.0,0.0,0.0,0,0,0,0,unknown
021304,791806,07/01/2023,06/30/2024,0.0,0.0,0.0,0.0,0.0,0.0,0.0,0,0,0,0,unknown
050778,791833,07/01/2023,06/30/2024,0.0,0.0,0.0,0.0,0.0,0.0,0.0,0,0,0,0,unknown
051308,791835,07/01/2023,06/30/2024,0.0,0.0,0.0,0.0,0.0,0.0,0.0,0,0,0,0,unknown
051309,791836,07/01/2023,06/30/2024,0.0,0.0,0.0,0.0,0.0,0.0,0.0,0,0,0,0,unknown
051312,791837,07/01/2023,06/30/2024,0.0,0.0,0.0,0.0,0.0,0.0,0.0,0,0,0,0,unknown
051326,791838,07/01/2023,06/30/2024,0.0,0.0,0.0,0.0,0.0,0.0,0.0,0,0,0,0,unknown
051330,791839,07/01/2023,06/30/2024,0.0,0.0,0.0,0.0,0.0,0.0,0.0,0,0,0,0,unknown
051335,791840,07/01/2023,06/30/2024,0.0,0.0,0.0,0.0,0.0,0.0,0.0,0,0,0,0,unknown
054089,791841,07/01/2023,06/30/2024,0.0,0.0,0.0,0.0,0.0,0.0,0.0,0,0,0,0,unknown
061344,791844,07/01/2023,06/30/2024,0.0,0.0,0.0,0.0,0.0,0.0,0.0,0,0,0,0,unknown
110011,791855,07/01/2023,06/30/2024,0.0,0.0,0.0,0.0,0.0,0.0,0.0,0,0,0,0,unknown
110101,791857,07/01/2023,06/30/2024,0.0,0.0,0.0,0.0,0.0,0.0,0.0,0,0,0,0,unknown
110104,791858,07/01/2023,06/30/2024,0.0,0.0,0.0,0.0,0.0,0.0,0.0,0,0,0,0,unknown
110109,791859,07/01/2023,06/30/2024,0.0,0.0,0.0,0.0,0.0,0.0,0.0,0,0,0,0,unknown
110194,791861,07/01/2023,06/30/2024,0.0,0.0,0.0,0.0,0.0,0.0,0.0,0,0,0,0,unknown
111304,791862,07/01/2023,06/30/2024,0.0,0.0,0.0,0.0,0.0,0.0,0.0,0,0,0,0,unknown
111320,791863,07/01/2023,06/30/2024,0.0,0.0,0.0,0.0,0.0,0.0,0.0,0,0,0,0,unknown
111327,791864,07/01/2023,06/30/2024,0.0,0.0,0.0,0.0,0.0,0.0,0.0,0,0,0,0,unknown
111337,791865,07/01/2023,06/30/2024,0.0,0.0,0.0,0.0,0.0,0.0,0.0,0,0,0,0,unknown
112007,791866,07/01/2023,06/30/2024,0.0,0.0,0.0,0.0,0.0,0.0,0.0,0,0,0,0,unknown
113028,791867,07/01/2023,06/30/2024,0.0,0.0,0.0,0.0,0.0,0.0,0.0,0,0,0,0,unknown
121302,791870,07/01/2023,06/30/2024,0.0,0.0,0.0,0.0,0.0,0.0,0.0,0,0,0,0,unknown
121304,791871,07/01/2023,06/30/2024,0.0,0.0,0.0,0.0,0.0,0.0,0.0,0,0,0,0,unknown
141301,791876,07/01/2023,06/30/2024,0.0,0.0,0.0,0.0,0.0,0.0,0.0,0,0,0,0,unknown
141332,791877,07/01/2023,06/30/2024,0.0,0.0,0.0,0.0,0.0,0.0,0.0,0,0,0,0,unknown
161333,791882,07/01/2023,06/30/2024,0.0,0.0,0.0,0.0,0.0,0.0,0.0,0,0,0,0,unknown
161336,791883,07/01/2023,06/30/2024,0.0,0.0,0.0,0.0,0.0,0.0,0.0,0,0,0,0,unknown
161351,791884,07/01/2023,06/30/2024,0.0,0.0,0.0,0.0,0.0,0.0,0.0,0,0,0,0,unknown
170110,791885,07/01/2023,06/24/2024,0.0,0.0,0.0,0.0,0.0,0.0,0.0,0,0,0,0,unknown
171315,791887,07/01/2023,06/30/2024,0.0,0.0,0.0,0.0,0.0,0.0,0.0,0,0,0,0,unknown
210061,791891,07/01/2023,06/30/2024,0.0,0.0,0.0,0.0,0.0,0.0,0.0,0,0,0,0,unknown
261301,791905,06/01/2023,05/31/2024,0.0,0.0,0.0,0.0,0.0,0.0,0.0,0,0,0,0,unknown
271341,791907,07/01/2023,06/30/2024,0.0,0.0,0.0,0.0,0.0,0.0,0.0,0,0,0,0,unknown
321311,791910,07/01/2023,06/30/2024,0.0,0.0,0.0,0.0,0.0,0.0,0.0,0,0,0,0,unknown
354003,791912,07/01/2023,06/30/2024,0.0,0.0,0.0,0.0,0.0,0.0,0.0,0,0,0,0,unknown
390006,791919,07/01/2023,06/30/2024,0.0,0.0,0.0,0.0,0.0,0.0,0.0,0,0,0,0,unknown
390066,791920,07/01/2023,06/30/2024,0.0,0.0,0.0,0.0,0.0,0.0,0.0,0,0,0,0,unknown
392033,791924,07/01/2023,06/30/2024,0.0,0.0,0.0,0.0,0.0,0.0,0.0,0,0,0,0,unknown
393303,791925,07/01/2023,06/30/2024,0.0,0.0,0.0,0.0,0.0,0.0,0.0,0,0,0,0,unknown
431306,791928,07/01/2023,06/30/2024,0.0,0.0,0.0,0.0,0.0,0.0,0.0,0,0,0,0,unknown
431312,791930,07/01/2023,06/30/2024,0.0,0.0,0.0,0.0,0.0,0.0,0.0,0,0,0,0,unknown
431321,791931,07/01/2023,06/30/2024,0.0,0.0,0.0,0.0,0.0,0.0,0.0,0,0,0,0,unknown
431323,791932,07/01/2023,06/30/2024,0.0,0.0,0.0,0.0,0.0,0.0,0.0,0,0,0,0,unknown
431330,791933,07/01/2023,06/30/2024,0.0,0.0,0.0,0.0,0.0,0.0,0.0,0,0,0,0,unknown
440059,791941,07/01/2023,06/30/2024,0.0,0.0,0.0,0.0,0.0,0.0,0.0,0,0,0,0,unknown
441304,791946,07/01/2023,06/30/2024,0.0,0.0,0.0,0.0,0.0,0.0,0.0,0,0,0,0,unknown
441306,791947,07/01/2023,06/30/2024,0.0,0.0,0.0,0.0,0.0,0.0,0.0,0,0,0,0,unknown
441316,791949,07/01/2023,06/30/2024,0.0,0.0,0.0,0.0,0.0,0.0,0.0,0,0,0,0,unknown
441320,791950,07/01/2023,06/30/2024,0.0,0.0,0.0,0.0,0.0,0.0,0.0,0,0,0,0,unknown
450082,791952,07/01/2023,06/30/2024,0.0,0.0,0.0,0.0,0.0,0.0,0.0,0,0,0,0,unknown
450184,791954,07/01/2023,06/30/2024,0.0,0.0,0.0,0.0,0.0,0.0,0.0,0,0,0,0,unknown
531303,791962,07/01/2023,06/30/2024,0.0,0.0,0.0,0.0,0.0,0.0,0.0,0,0,0,0,unknown
531308,791963,07/01/2023,06/30/2024,0.0,0.0,0.0,0.0,0.0,0.0,0.0,0,0,0,0,unknown
531310,791964,07/01/2023,06/30/2024,0.0,0.0,0.0,0.0,0.0,0.0,0.0,0,0,0,0,unknown
010035,791970,07/01/2023,06/30/2024,0.0,0.0,0.0,0.0,0.0,0.0,0.0,0,0,0,0,unknown
010104,791972,07/01/2023,06/30/2024,0.0,0.0,0.0,0.0,0.0,0.0,0.0,0,0,0,0,unknown
010131,791976,07/01/2023,06/30/2024,0.0,0.0,0.0,0.0,0.0,0.0,0.0,0,0,0,0,unknown
040039,791982,07/01/2023,06/30/2024,0.0,0.0,0.0,0.0,0.0,0.0,0.0,0,0,0,0,unknown
041320,791985,07/01/2023,06/30/2024,0.0,0.0,0.0,0.0,0.0,0.0,0.0,0,0,0,0,unknown
050174,791989,07/01/2023,06/30/2024,0.0,0.0,0.0,0.0,0.0,0.0,0.0,0,0,0,0,unknown
050334,791997,07/01/2023,06/30/2024,0.0,0.0,0.0,0.0,0.0,0.0,0.0,0,0,0,0,unknown
060124,792003,07/01/2023,06/30/2024,0.0,0.0,0.0,0.0,0.0,0.0,0.0,0,0,0,0,unknown
060131,792004,07/01/2023,06/30/2024,0.0,0.0,0.0,0.0,0.0,0.0,0.0,0,0,0,0,unknown
061326,792006,07/01/2023,06/30/2024,0.0,0.0,0.0,0.0,0.0,0.0,0.0,0,0,0,0,unknown
102028,792009,07/01/2023,06/30/2024,0.0,0.0,0.0,0.0,0.0,0.0,0.0,0,0,0,0,unknown
104040,792010,07/01/2023,06/30/2024,0.0,0.0,0.0,0.0,0.0,0.0,0.0,0,0,0,0,unknown
104067,792011,07/01/2023,06/30/2024,0.0,0.0,0.0,0.0,0.0,0.0,0.0,0,0,0,0,unknown
104071,792012,07/01/2023,06/30/2024,0.0,0.0,0.0,0.0,0.0,0.0,0.0,0,0,0,0,unknown
141329,792021,07/01/2023,06/30/2024,0.0,0.0,0.0,0.0,0.0,0.0,0.0,0,0,0,0,unknown
161346,792029,07/01/2023,06/30/2024,0.0,0.0,0.0,0.0,0.0,0.0,0.0,0,0,0,0,unknown
171348,792034,07/01/2023,06/30/2024,0.0,0.0,0.0,0.0,0.0,0.0,0.0,0,0,0,0,unknown
190007,792042,07/01/2023,06/30/2024,0.0,0.0,0.0,0.0,0.0,0.0,0.0,0,0,0,0,unknown
190017,792044,07/01/2023,06/30/2024,0.0,0.0,0.0,0.0,0.0,0.0,0.0,0,0,0,0,unknown
190019,792045,07/01/2023,06/30/2024,0.0,0.0,0.0,0.0,0.0,0.0,0.0,0,0,0,0,unknown
193044,792050,07/01/2023,06/30/2024,0.0,0.0,0.0,0.0,0.0,0.0,0.0,0,0,0,0,unknown
201306,792051,07/01/2023,06/30/2024,0.0,0.0,0.0,0.0,0.0,0.0,0.0,0,0,0,0,unknown
201310,792052,07/01/2023,06/30/2024,0.0,0.0,0.0,0.0,0.0,0.0,0.0,0,0,0,0,unknown
210005,792053,07/01/2023,06/30/2024,0.0,0.0,0.0,0.0,0.0,0.0,0.0,0,0,0,0,unknown
210065,792054,07/01/2023,06/30/2024,0.0,0.0,0.0,0.0,0.0,0.0,0.0,0,0,0,0,unknown
224031,792058,07/01/2023,06/30/2024,0.0,0.0,0.0,0.0,0.0,0.0,0.0,0,0,0,0,unknown
271300,792082,07/01/2023,06/30/2024,0.0,0.0,0.0,0.0,0.0,0.0,0.0,0,0,0,0,unknown
271311,792083,07/01/2023,06/30/2024,0.0,0.0,0.0,0.0,0.0,0.0,0.0,0,0,0,0,unknown
271316,792084,07/01/2023,06/30/2024,0.0,0.0,0.0,0.0,0.0,0.0,0.0,0,0,0,0,unknown
282001,792087,07/01/2023,06/30/2024,0.0,0.0,0.0,0.0,0.0,0.0,0.0,0,0,0,0,unknown
290007,792090,07/01/2023,06/30/2024,0.0,0.0,0.0,0.0,0.0,0.0,0.0,0,0,0,0,unknown
291300,792092,07/01/2023,06/30/2024,0.0,0.0,0.0,0.0,0.0,0.0,0.0,0,0,0,0,unknown
291308,792093,07/01/2023,06/30/2024,0.0,0.0,0.0,0.0,0.0,0.0,0.0,0,0,0,0,unknown
291312,792094,07/01/2023,06/30/2024,0.0,0.0,0.0,0.0,0.0,0.0,0.0,0,0,0,0,unknown
314013,792097,07/01/2023,06/30/2024,0.0,0.0,0.0,0.0,0.0,0.0,0.0,0,0,0,0,unknown
320005,792098,07/01/2023,06/30/2024,0.0,0.0,0.0,0.0,0.0,0.0,0.0,0,0,0,0,unknown
320030,792099,07/01/2023,06/30/2024,0.0,0.0,0.0,0.0,0.0,0.0,0.0,0,0,0,0,unknown
321305,792100,07/01/2023,06/30/2024,0.0,0.0,0.0,0.0,0.0,0.0,0.0,0,0,0,0,unknown
321308,792101,07/01/2023,06/30/2024,0.0,0.0,0.0,0.0,0.0,0.0,0.0,0,0,0,0,unknown
351302,792105,07/01/2023,06/30/2024,0.0,0.0,0.0,0.0,0.0,0.0,0.0,0,0,0,0,unknown
370025,792110,07/01/2023,06/30/2024,0.0,0.0,0.0,0.0,0.0,0.0,0.0,0,0,0,0,unknown
371325,792119,07/01/2023,06/30/2024,0.0,0.0,0.0,0.0,0.0,0.0,0.0,0,0,0,0,unknown
371342,792120,07/01/2023,06/30/2024,0.0,0.0,0.0,0.0,0.0,0.0,0.0,0,0,0,0,unknown
390016,792121,07/01/2023,06/30/2024,0.0,0.0,0.0,0.0,0.0,0.0,0.0,0,0,0,0,unknown
390050,792123,07/01/2023,06/30/2024,0.0,0.0,0.0,0.0,0.0,0.0,0.0,0,0,0,0,unknown
390104,792125,07/01/2023,06/30/2024,0.0,0.0,0.0,0.0,0.0,0.0,0.0,0,0,0,0,unknown
390146,792127,07/01/2023,06/30/2024,0.0,0.0,0.0,0.0,0.0,0.0,0.0,0,0,0,0,unknown
390147,792128,07/01/2023,06/30/2024,0.0,0.0,0.0,0.0,0.0,0.0,0.0,0,0,0,0,unknown
390325,792132,07/01/2023,06/30/2024,0.0,0.0,0.0,0.0,0.0,0.0,0.0,0,0,0,0,unknown
391300,792134,07/01/2023,06/30/2024,0.0,0.0,0.0,0.0,0.0,0.0,0.0,0,0,0,0,unknown
391301,792135,07/01/2023,06/30/2024,0.0,0.0,0.0,0.0,0.0,0.0,0.0,0,0,0,0,unknown
391303,792136,07/01/2023,06/30/2024,0.0,0.0,0.0,0.0,0.0,0.0,0.0,0,0,0,0,unknown
391307,792137,07/01/2023,06/30/2024,0.0,0.0,0.0,0.0,0.0,0.0,0.0,0,0,0,0,unknown
391312,792138,07/01/2023,06/30/2024,0.0,0.0,0.0,0.0,0.0,0.0,0.0,0,0,0,0,unknown
391313,792139,07/01/2023,06/30/2024,0.0,0.0,0.0,0.0,0.0,0.0,0.0,0,0,0,0,unknown
391314,792140,07/01/2023,06/30/2024,0.0,0.0,0.0,0.0,0.0,0.0,0.0,0,0,0,0,unknown
392044,792141,07/01/2023,06/30/2024,0.0,0.0,0.0,0.0,0.0,0.0,0.0,0,0,0,0,unknown
431315,792156,07/01/2023,06/30/2024,0.0,0.0,0.0,0.0,0.0,0.0,0.0,0,0,0,0,unknown
431324,792157,07/01/2023,06/30/2024,0.0,0.0,0.0,0.0,0.0,0.0,0.0,0,0,0,0,unknown
431326,792158,07/01/2023,06/30/2024,0.0,0.0,0.0,0.0,0.0,0.0,0.0,0,0,0,0,unknown
431331,792159,07/01/2023,06/30/2024,0.0,0.0,0.0,0.0,0.0,0.0,0.0,0,0,0,0,unknown
431332,792160,07/01/2023,06/30/2024,0.0,0.0,0.0,0.0,0.0,0.0,0.0,0,0,0,0,unknown
431337,792161,07/01/2023,06/30/2024,0.0,0.0,0.0,0.0,0.0,0.0,0.0,0,0,0,0,unknown
431338,792162,07/01/2023,06/30/2024,0.0,0.0,0.0,0.0,0.0,0.0,0.0,0,0,0,0,unknown
440050,792164,07/01/2023,06/30/2024,0.0,0.0,0.0,0.0,0.0,0.0,0.0,0,0,0,0,unknown
443025,792170,07/01/2023,06/30/2024,0.0,0.0,0.0,0.0,0.0,0.0,0.0,0,0,0,0,unknown
443302,792171,07/01/2023,06/30/2024,0.0,0.0,0.0,0.0,0.0,0.0,0.0,0,0,0,0,unknown
450040,792176,07/01/2023,06/30/2024,0.0,0.0,0.0,0.0,0.0,0.0,0.0,0,0,0,0,unknown
450272,792177,07/01/2023,06/30/2024,0.0,0.0,0.0,0.0,0.0,0.0,0.0,0,0,0,0,unknown
451316,792184,07/01/2023,06/30/2024,0.0,0.0,0.0,0.0,0.0,0.0,0.0,0,0,0,0,unknown
451319,792185,07/01/2023,06/30/2024,0.0,0.0,0.0,0.0,0.0,0.0,0.0,0,0,0,0,unknown
451386,792186,07/01/2023,06/30/2024,0.0,0.0,0.0,0.0,0.0,0.0,0.0,0,0,0,0,unknown
451399,792188,04/06/2023,06/30/2024,0.0,0.0,0.0,0.0,0.0,0.0,0.0,0,0,0,0,unknown
490009,792193,07/01/2023,06/30/2024,0.0,0.0,0.0,0.0,0.0,0.0,0.0,0,0,0,0,unknown
490053,792197,07/01/2023,06/30/2024,0.0,0.0,0.0,0.0,0.0,0.0,0.0,0,0,0,0,unknown
490084,792198,07/01/2023,06/30/2024,0.0,0.0,0.0,0.0,0.0,0.0,0.0,0,0,0,0,unknown
490120,792200,07/01/2023,06/30/2024,0.0,0.0,0.0,0.0,0.0,0.0,0.0,0,0,0,0,unknown
510023,792206,07/01/2023,06/30/2024,0.0,0.0,0.0,0.0,0.0,0.0,0.0,0,0,0,0,unknown
510086,792208,07/01/2023,06/30/2024,0.0,0.0,0.0,0.0,0.0,0.0,0.0,0,0,0,0,unknown
511314,792209,07/01/2023,06/30/2024,0.0,0.0,0.0,0.0,0.0,0.0,0.0,0,0,0,0,unknown
520021,792210,07/01/2023,06/30/2024,0.0,0.0,0.0,0.0,0.0,0.0,0.0,0,0,0,0,unknown
531311,792211,07/01/2023,06/30/2024,0.0,0.0,0.0,0.0,0.0,0.0,0.0,0,0,0,0,unknown
531312,792212,07/01/2023,06/30/2024,0.0,0.0,0.0,0.0,0.0,0.0,0.0,0,0,0,0,unknown
531314,792213,07/01/2023,06/30/2024,0.0,0.0,0.0,0.0,0.0,0.0,0.0,0,0,0,0,unknown
670031,792214,07/01/2023,06/30/2024,0.0,0.0,0.0,0.0,0.0,0.0,0.0,0,0,0,0,unknown
670783,792215,06/20/2023,06/30/2024,0.0,0.0,0.0,0.0,0.0,0.0,0.0,0,0,0,0,unknown
041324,792224,07/01/2023,06/30/2024,0.0,0.0,0.0,0.0,0.0,0.0,0.0,0,0,0,0,unknown
050009,792225,07/01/2023,06/30/2024,0.0,0.0,0.0,0.0,0.0,0.0,0.0,0,0,0,0,unknown
050069,792227,07/01/2023,06/30/2024,0.0,0.0,0.0,0.0,0.0,0.0,0.0,0,0,0,0,unknown
050128,792230,07/01/2023,06/30/2024,0.0,0.0,0.0,0.0,0.0,0.0,0.0,0,0,0,0,unknown
050136,792231,07/01/2023,06/30/2024,0.0,0.0,0.0,0.0,0.0,0.0,0.0,0,0,0,0,unknown
054124,792240,07/01/2023,06/30/2024,0.0,0.0,0.0,0.0,0.0,0.0,0.0,0,0,0,0,unknown
111308,792254,07/01/2023,06/30/2024,0.0,0.0,0.0,0.0,0.0,0.0,0.0,0,0,0,0,unknown
111329,792255,07/01/2023,06/30/2024,0.0,0.0,0.0,0.0,0.0,0.0,0.0,0,0,0,0,unknown
140089,792269,07/01/2023,06/30/2024,0.0,0.0,0.0,0.0,0.0,0.0,0.0,0,0,0,0,unknown
140228,792292,07/01/2023,06/30/2024,0.0,0.0,0.0,0.0,0.0,0.0,0.0,0,0,0,0,unknown
141350,792297,07/01/2023,06/30/2024,0.0,0.0,0.0,0.0,0.0,0.0,0.0,0,0,0,0,unknown
141354,792298,08/18/2023,06/30/2024,0.0,0.0,0.0,0.0,0.0,0.0,0.0,0,0,0,0,unknown
153037,792300,07/01/2023,06/30/2024,0.0,0.0,0.0,0.0,0.0,0.0,0.0,0,0,0,0,unknown
160079,792301,07/01/2023,06/30/2024,0.0,0.0,0.0,0.0,0.0,0.0,0.0,0,0,0,0,unknown
160112,792302,07/01/2023,06/30/2024,0.0,0.0,0.0,0.0,0.0,0.0,0.0,0,0,0,0,unknown
160124,792303,07/01/2023,06/30/2024,0.0,0.0,0.0,0.0,0.0,0.0,0.0,0,0,0,0,unknown
161301,792304,07/01/2023,06/30/2024,0.0,0.0,0.0,0.0,0.0,0.0,0.0,0,0,0,0,unknown
161302,792305,07/01/2023,06/30/2024,0.0,0.0,0.0,0.0,0.0,0.0,0.0,0,0,0,0,unknown
161318,792306,07/01/2023,06/30/2024,0.0,0.0,0.0,0.0,0.0,0.0,0.0,0,0,0,0,unknown
161321,792307,07/01/2023,06/30/2024,0.0,0.0,0.0,0.0,0.0,0.0,0.0,0,0,0,0,unknown
161328,792308,07/01/2023,06/30/2024,0.0,0.0,0.0,0.0,0.0,0.0,0.0,0,0,0,0,unknown
161347,792309,07/01/2023,06/30/2024,0.0,0.0,0.0,0.0,0.0,0.0,0.0,0,0,0,0,unknown
161349,792310,07/01/2023,06/30/2024,0.0,0.0,0.0,0.0,0.0,0.0,0.0,0,0,0,0,unknown
161363,792311,07/01/2023,06/30/2024,0.0,0.0,0.0,0.0,0.0,0.0,0.0,0,0,0,0,unknown
161368,792312,07/01/2023,06/30/2024,0.0,0.0,0.0,0.0,0.0,0.0,0.0,0,0,0,0,unknown
161374,792314,07/01/2023,06/30/2024,0.0,0.0,0.0,0.0,0.0,0.0,0.0,0,0,0,0,unknown
161375,792315,07/01/2023,06/30/2024,0.0,0.0,0.0,0.0,0.0,0.0,0.0,0,0,0,0,unknown
170105,792318,07/01/2023,06/30/2024,0.0,0.0,0.0,0.0,0.0,0.0,0.0,0,0,0,0,unknown
171307,792320,07/01/2023,06/30/2024,0.0,0.0,0.0,0.0,0.0,0.0,0.0,0,0,0,0,unknown
174006,792321,07/01/2023,06/30/2024,0.0,0.0,0.0,0.0,0.0,0.0,0.0,0,0,0,0,unknown
180002,792322,07/01/2023,06/30/2024,0.0,0.0,0.0,0.0,0.0,0.0,0.0,0,0,0,0,unknown
180005,792323,07/01/2023,06/30/2024,0.0,0.0,0.0,0.0,0.0,0.0,0.0,0,0,0,0,unknown
180020,792325,07/01/2023,06/30/2024,0.0,0.0,0.0,0.0,0.0,0.0,0.0,0,0,0,0,unknown
180029,792326,07/01/2023,06/30/2024,0.0,0.0,0.0,0.0,0.0,0.0,0.0,0,0,0,0,unknown
180067,792328,07/01/2023,06/30/2024,0.0,0.0,0.0,0.0,0.0,0.0,0.0,0,0,0,0,unknown
180069,792329,07/01/2023,06/30/2024,0.0,0.0,0.0,0.0,0.0,0.0,0.0,0,0,0,0,unknown
180149,792331,10/01/2022,09/30/2023,0.0,0.0,0.0,0.0,0.0,0.0,0.0,0,0,0,0,unknown
181307,792332,07/01/2023,06/30/2024,0.0,0.0,0.0,0.0,0.0,0.0,0.0,0,0,0,0,unknown
181316,792333,07/01/2023,06/30/2024,0.0,0.0,0.0,0.0,0.0,0.0,0.0,0,0,0,0,unknown
181322,792334,07/01/2023,06/30/2024,0.0,0.0,0.0,0.0,0.0,0.0,0.0,0,0,0,0,unknown
181328,792335,07/01/2023,06/30/2024,0.0,0.0,0.0,0.0,0.0,0.0,0.0,0,0,0,0,unknown
181331,792336,07/01/2023,06/30/2024,0.0,0.0,0.0,0.0,0.0,0.0,0.0,0,0,0,0,unknown
184004,792338,07/01/2023,06/30/2024,0.0,0.0,0.0,0.0,0.0,0.0,0.0,0,0,0,0,unknown
184015,792339,07/01/2023,06/30/2024,0.0,0.0,0.0,0.0,0.0,0.0,0.0,0,0,0,0,unknown
191304,792342,07/01/2023,06/30/2024,0.0,0.0,0.0,0.0,0.0,0.0,0.0,0,0,0,0,unknown
210009,792343,07/01/2023,06/30/2024,0.0,0.0,0.0,0.0,0.0,0.0,0.0,0,0,0,0,unknown
210029,792344,07/01/2023,06/30/2024,0.0,0.0,0.0,0.0,0.0,0.0,0.0,0,0,0,0,unknown
210049,792345,07/01/2023,06/30/2024,0.0,0.0,0.0,0.0,0.0,0.0,0.0,0,0,0,0,unknown
231311,792355,07/01/2023,06/30/2024,0.0,0.0,0.0,0.0,0.0,0.0,0.0,0,0,0,0,unknown
231330,792356,07/01/2023,06/30/2024,0.0,0.0,0.0,0.0,0.0,0.0,0.0,0,0,0,0,unknown
260096,792372,07/01/2023,06/30/2024,0.0,0.0,0.0,0.0,0.0,0.0,0.0,0,0,0,0,unknown
261328,792374,07/01/2023,06/30/2024,0.0,0.0,0.0,0.0,0.0,0.0,0.0,0,0,0,0,unknown
262019,792375,07/01/2023,06/30/2024,0.0,0.0,0.0,0.0,0.0,0.0,0.0,0,0,0,0,unknown
271317,792377,07/01/2023,06/30/2024,0.0,0.0,0.0,0.0,0.0,0.0,0.0,0,0,0,0,unknown
271346,792378,07/01/2023,06/30/2024,0.0,0.0,0.0,0.0,0.0,0.0,0.0,0,0,0,0,unknown
281304,792379,07/01/2023,06/30/2024,0.0,0.0,0.0,0.0,0.0,0.0,0.0,0,0,0,0,unknown
281325,792380,07/01/2023,06/30/2024,0.0,0.0,0.0,0.0,0.0,0.0,0.0,0,0,0,0,unknown
281358,792381,07/01/2023,06/30/2024,0.0,0.0,0.0,0.0,0.0,0.0,0.0,0,0,0,0,unknown
290012,792383,07/01/2023,06/30/2024,0.0,0.0,0.0,0.0,0.0,0.0,0.0,0,0,0,0,unknown
291304,792386,07/01/2023,06/30/2024,0.0,0.0,0.0,0.0,0.0,0.0,0.0,0,0,0,0,unknown
330164,792389,07/01/2023,06/30/2024,0.0,0.0,0.0,0.0,0.0,0.0,0.0,0,0,0,0,unknown
341328,792391,07/01/2023,06/30/2024,0.0,0.0,0.0,0.0,0.0,0.0,0.0,0,0,0,0,unknown
360008,792394,07/01/2023,06/30/2024,0.0,0.0,0.0,0.0,0.0,0.0,0.0,0,0,0,0,unknown
360012,792396,07/01/2023,06/30/2024,0.0,0.0,0.0,0.0,0.0,0.0,0.0,0,0,0,0,unknown
360035,792400,07/01/2023,06/30/2024,0.0,0.0,0.0,0.0,0.0,0.0,0.0,0,0,0,0,unknown
360054,792401,07/01/2023,06/30/2024,0.0,0.0,0.0,0.0,0.0,0.0,0.0,0,0,0,0,unknown
360085,792403,07/01/2023,06/30/2024,0.0,0.0,0.0,0.0,0.0,0.0,0.0,0,0,0,0,unknown
360118,792404,07/01/2023,06/30/2024,0.0,0.0,0.0,0.0,0.0,0.0,0.0,0,0,0,0,unknown
360163,792405,07/01/2023,06/30/2024,0.0,0.0,0.0,0.0,0.0,0.0,0.0,0,0,0,0,unknown
360170,792406,07/01/2023,06/30/2024,0.0,0.0,0.0,0.0,0.0,0.0,0.0,0,0,0,0,unknown
360185,792408,07/01/2023,06/30/2024,0.0,0.0,0.0,0.0,0.0,0.0,0.0,0,0,0,0,unknown
360210,792410,07/01/2023,06/30/2024,0.0,0.0,0.0,0.0,0.0,0.0,0.0,0,0,0,0,unknown
360242,792411,07/01/2023,06/30/2024,0.0,0.0,0.0,0.0,0.0,0.0,0.0,0,0,0,0,unknown
360266,792412,07/01/2023,06/30/2024,0.0,0.0,0.0,0.0,0.0,0.0,0.0,0,0,0,0,unknown
360358,792414,07/01/2023,06/30/2024,0.0,0.0,0.0,0.0,0.0,0.0,0.0,0,0,0,0,unknown
361320,792417,07/01/2023,06/30/2024,0.0,0.0,0.0,0.0,0.0,0.0,0.0,0,0,0,0,unknown
361324,792418,07/01/2023,06/30/2024,0.0,0.0,0.0,0.0,0.0,0.0,0.0,0,0,0,0,unknown
362015,792419,07/01/2023,06/30/2024,0.0,0.0,0.0,0.0,0.0,0.0,0.0,0,0,0,0,unknown
362037,792420,07/01/2023,06/30/2024,0.0,0.0,0.0,0.0,0.0,0.0,0.0,0,0,0,0,unknown
363037,792421,07/01/2023,06/30/2024,0.0,0.0,0.0,0.0,0.0,0.0,0.0,0,0,0,0,unknown
364044,792423,07/01/2023,06/30/2024,0.0,0.0,0.0,0.0,0.0,0.0,0.0,0,0,0,0,unknown
370091,792429,07/01/2023,06/30/2024,0.0,0.0,0.0,0.0,0.0,0.0,0.0,0,0,0,0,unknown
390101,792440,07/01/2023,06/30/2024,0.0,0.0,0.0,0.0,0.0,0.0,0.0,0,0,0,0,unknown
390102,792441,07/01/2023,06/30/2024,0.0,0.0,0.0,0.0,0.0,0.0,0.0,0,0,0,0,unknown
390107,792442,07/01/2023,06/30/2024,0.0,0.0,0.0,0.0,0.0,0.0,0.0,0,0,0,0,unknown
390179,792446,07/01/2023,06/30/2024,0.0,0.0,0.0,0.0,0.0,0.0,0.0,0,0,0,0,unknown
390233,792448,07/01/2023,06/30/2024,0.0,0.0,0.0,0.0,0.0,0.0,0.0,0,0,0,0,unknown
424013,792454,07/01/2023,06/30/2024,0.0,0.0,0.0,0.0,0.0,0.0,0.0,0,0,0,0,unknown
430014,792455,07/01/2023,06/30/2024,0.0,0.0,0.0,0.0,0.0,0.0,0.0,0,0,0,0,unknown
430015,792456,07/01/2023,06/30/2024,0.0,0.0,0.0,0.0,0.0,0.0,0.0,0,0,0,0,unknown
430095,792458,07/01/2023,06/30/2024,0.0,0.0,0.0,0.0,0.0,0.0,0.0,0,0,0,0,unknown
431308,792459,07/01/2023,06/30/2024,0.0,0.0,0.0,0.0,0.0,0.0,0.0,0,0,0,0,unknown
431340,792460,07/01/2023,06/30/2024,0.0,0.0,0.0,0.0,0.0,0.0,0.0,0,0,0,0,unknown
434003,792461,07/01/2023,06/30/2024,0.0,0.0,0.0,0.0,0.0,0.0,0.0,0,0,0,0,unknown
444032,792469,07/01/2023,06/30/2024,0.0,0.0,0.0,0.0,0.0,0.0,0.0,0,0,0,0,unknown
450072,792471,07/01/2023,06/30/2024,0.0,0.0,0.0,0.0,0.0,0.0,0.0,0,0,0,0,unknown
451364,792481,07/01/2023,06/30/2024,0.0,0.0,0.0,0.0,0.0,0.0,0.0,0,0,0,0,unknown
492001,792485,07/01/2023,06/30/2024,0.0,0.0,0.0,0.0,0.0,0.0,0.0,0,0,0,0,unknown
494010,792486,07/01/2023,06/30/2024,0.0,0.0,0.0,0.0,0.0,0.0,0.0,0,0,0,0,unknown
494029,792488,07/01/2023,06/30/2024,0.0,0.0,0.0,0.0,0.0,0.0,0.0,0,0,0,0,unknown
511310,792491,07/01/2023,06/30/2024,0.0,0.0,0.0,0.0,0.0,0.0,0.0,0,0,0,0,unknown
511313,792492,07/01/2023,06/30/2024,0.0,0.0,0.0,0.0,0.0,0.0,0.0,0,0,0,0,unknown
043301,792520,07/01/2023,06/30/2024,0.0,0.0,0.0,0.0,0.0,0.0,0.0,0,0,0,0,unknown
050159,792527,07/01/2023,06/30/2024,0.0,0.0,0.0,0.0,0.0,0.0,0.0,0,0,0,0,unknown
050168,792528,07/01/2023,06/30/2024,0.0,0.0,0.0,0.0,0.0,0.0,0.0,0,0,0,0,unknown
050276,792532,07/01/2023,06/30/2024,0.0,0.0,0.0,0.0,0.0,0.0,0.0,0,0,0,0,unknown
050308,792535,07/01/2023,06/30/2024,0.0,0.0,0.0,0.0,0.0,0.0,0.0,0,0,0,0,unknown
051328,792546,07/01/2023,06/30/2024,0.0,0.0,0.0,0.0,0.0,0.0,0.0,0,0,0,0,unknown
054125,792548,07/01/2023,06/30/2024,0.0,0.0,0.0,0.0,0.0,0.0,0.0,0,0,0,0,unknown
060130,792550,07/01/2023,06/30/2024,0.0,0.0,0.0,0.0,0.0,0.0,0.0,0,0,0,0,unknown
104069,792556,07/01/2023,06/30/2024,0.0,0.0,0.0,0.0,0.0,0.0,0.0,0,0,0,0,unknown
110030,792559,07/01/2023,06/30/2024,0.0,0.0,0.0,0.0,0.0,0.0,0.0,0,0,0,0,unknown
110164,792566,07/01/2023,06/30/2024,0.0,0.0,0.0,0.0,0.0,0.0,0.0,0,0,0,0,unknown
110192,792568,07/01/2023,06/30/2024,0.0,0.0,0.0,0.0,0.0,0.0,0.0,0,0,0,0,unknown
123300,792573,07/01/2023,06/30/2024,0.0,0.0,0.0,0.0,0.0,0.0,0.0,0,0,0,0,unknown
131303,792574,07/01/2023,06/30/2024,0.0,0.0,0.0,0.0,0.0,0.0,0.0,0,0,0,0,unknown
140083,792585,07/01/2023,06/30/2024,0.0,0.0,0.0,0.0,0.0,0.0,0.0,0,0,0,0,unknown
140275,792616,07/01/2023,06/30/2024,0.0,0.0,0.0,0.0,0.0,0.0,0.0,0,0,0,0,unknown
141331,792619,07/01/2023,06/30/2024,0.0,0.0,0.0,0.0,0.0,0.0,0.0,0,0,0,0,unknown
141346,792621,07/01/2023,06/30/2024,0.0,0.0,0.0,0.0,0.0,0.0,0.0,0,0,0,0,unknown
150125,792625,07/01/2023,06/30/2024,0.0,0.0,0.0,0.0,0.0,0.0,0.0,0,0,0,0,unknown
150126,792626,01/01/2023,12/31/2023,0.0,0.0,0.0,0.0,0.0,0.0,0.0,0,0,0,0,unknown
153045,792627,07/01/2023,06/30/2024,0.0,0.0,0.0,0.0,0.0,0.0,0.0,0,0,0,0,unknown
160064,792631,07/01/2023,06/30/2024,0.0,0.0,0.0,0.0,0.0,0.0,0.0,0,0,0,0,unknown
160069,792632,07/01/2023,06/30/2024,0.0,0.0,0.0,0.0,0.0,0.0,0.0,0,0,0,0,unknown
160080,792633,07/01/2023,06/30/2024,0.0,0.0,0.0,0.0,0.0,0.0,0.0,0,0,0,0,unknown
160153,792634,07/01/2023,06/30/2024,0.0,0.0,0.0,0.0,0.0,0.0,0.0,0,0,0,0,unknown
161307,792635,07/01/2023,06/30/2024,0.0,0.0,0.0,0.0,0.0,0.0,0.0,0,0,0,0,unknown
161308,792636,07/01/2023,06/30/2024,0.0,0.0,0.0,0.0,0.0,0.0,0.0,0,0,0,0,unknown
161313,792637,07/01/2023,06/30/2024,0.0,0.0,0.0,0.0,0.0,0.0,0.0,0,0,0,0,unknown
161323,792638,07/01/2023,06/30/2024,0.0,0.0,0.0,0.0,0.0,0.0,0.0,0,0,0,0,unknown
161325,792639,07/01/2023,06/30/2024,0.0,0.0,0.0,0.0,0.0,0.0,0.0,0,0,0,0,unknown
161331,792640,07/01/2023,06/30/2024,0.0,0.0,0.0,0.0,0.0,0.0,0.0,0,0,0,0,unknown
161335,792641,07/01/2023,06/30/2024,0.0,0.0,0.0,0.0,0.0,0.0,0.0,0,0,0,0,unknown
161345,792642,07/01/2023,06/30/2024,0.0,0.0,0.0,0.0,0.0,0.0,0.0,0,0,0,0,unknown
161369,792643,07/01/2023,06/30/2024,0.0,0.0,0.0,0.0,0.0,0.0,0.0,0,0,0,0,unknown
174022,792647,07/01/2023,06/30/2024,0.0,0.0,0.0,0.0,0.0,0.0,0.0,0,0,0,0,unknown
192043,792650,07/01/2023,06/30/2024,0.0,0.0,0.0,0.0,0.0,0.0,0.0,0,0,0,0,unknown
193074,792651,07/01/2023,06/30/2024,0.0,0.0,0.0,0.0,0.0,0.0,0.0,0,0,0,0,unknown
210018,792653,07/01/2023,06/30/2024,0.0,0.0,0.0,0.0,0.0,0.0,0.0,0,0,0,0,unknown
210035,792654,07/01/2023,06/30/2024,0.0,0.0,0.0,0.0,0.0,0.0,0.0,0,0,0,0,unknown
210037,792655,07/01/2023,06/30/2024,0.0,0.0,0.0,0.0,0.0,0.0,0.0,0,0,0,0,unknown
230078,792659,07/01/2023,06/30/2024,0.0,0.0,0.0,0.0,0.0,0.0,0.0,0,0,0,0,unknown
230095,792660,07/01/2023,06/30/2024,0.0,0.0,0.0,0.0,0.0,0.0,0.0,0,0,0,0,unknown
230097,792661,07/01/2023,06/30/2024,0.0,0.0,0.0,0.0,0.0,0.0,0.0,0,0,0,0,unknown
230133,792663,07/01/2023,06/30/2024,0.0,0.0,0.0,0.0,0.0,0.0,0.0,0,0,0,0,unknown
230142,792664,07/01/2023,06/30/2024,0.0,0.0,0.0,0.0,0.0,0.0,0.0,0,0,0,0,unknown
230176,792665,07/01/2023,06/30/2024,0.0,0.0,0.0,0.0,0.0,0.0,0.0,0,0,0,0,unknown
230239,792666,07/01/2023,06/30/2024,0.0,0.0,0.0,0.0,0.0,0.0,0.0,0,0,0,0,unknown
230270,792667,07/01/2023,06/30/2024,0.0,0.0,0.0,0.0,0.0,0.0,0.0,0,0,0,0,unknown
231301,792668,07/01/2023,06/30/2024,0.0,0.0,0.0,0.0,0.0,0.0,0.0,0,0,0,0,unknown
231322,792669,07/01/2023,06/30/2024,0.0,0.0,0.0,0.0,0.0,0.0,0.0,0,0,0,0,unknown
231325,792670,07/01/2023,06/30/2024,0.0,0.0,0.0,0.0,0.0,0.0,0.0,0,0,0,0,unknown
231326,792671,07/01/2023,06/30/2024,0.0,0.0,0.0,0.0,0.0,0.0,0.0,0,0,0,0,unknown
234006,792672,07/01/2023,06/30/2024,0.0,0.0,0.0,0.0,0.0,0.0,0.0,0,0,0,0,unknown
241321,792673,07/01/2023,06/30/2024,0.0,0.0,0.0,0.0,0.0,0.0,0.0,0,0,0,0,unknown
251319,792675,07/01/2023,06/30/2024,0.0,0.0,0.0,0.0,0.0,0.0,0.0,0,0,0,0,unknown
260006,792676,07/01/2023,06/30/2024,0.0,0.0,0.0,0.0,0.0,0.0,0.0,0,0,0,0,unknown
260050,792677,07/01/2023,06/30/2024,0.0,0.0,0.0,0.0,0.0,0.0,0.0,0,0,0,0,unknown
281331,792680,07/01/2023,06/30/2024,0.0,0.0,0.0,0.0,0.0,0.0,0.0,0,0,0,0,unknown
281332,792681,07/01/2023,06/30/2024,0.0,0.0,0.0,0.0,0.0,0.0,0.0,0,0,0,0,unknown
281360,792683,07/01/2023,06/30/2024,0.0,0.0,0.0,0.0,0.0,0.0,0.0,0,0,0,0,unknown
301311,792686,07/01/2023,06/30/2024,0.0,0.0,0.0,0.0,0.0,0.0,0.0,0,0,0,0,unknown
310130,792687,07/01/2023,06/30/2024,0.0,0.0,0.0,0.0,0.0,0.0,0.0,0,0,0,0,unknown
340159,792696,07/01/2023,06/30/2024,0.0,0.0,0.0,0.0,0.0,0.0,0.0,0,0,0,0,unknown
344027,792697,07/01/2023,06/30/2024,0.0,0.0,0.0,0.0,0.0,0.0,0.0,0,0,0,0,unknown
373303,792698,07/01/2023,06/30/2024,0.0,0.0,0.0,0.0,0.0,0.0,0.0,0,0,0,0,unknown
390009,792701,07/01/2023,06/30/2024,0.0,0.0,0.0,0.0,0.0,0.0,0.0,0,0,0,0,unknown
390111,792705,07/01/2023,06/30/2024,0.0,0.0,0.0,0.0,0.0,0.0,0.0,0,0,0,0,unknown
390112,792706,07/01/2023,06/30/2024,0.0,0.0,0.0,0.0,0.0,0.0,0.0,0,0,0,0,unknown
390153,792708,07/01/2023,06/30/2024,0.0,0.0,0.0,0.0,0.0,0.0,0.0,0,0,0,0,unknown
390217,792709,07/01/2023,06/30/2024,0.0,0.0,0.0,0.0,0.0,0.0,0.0,0,0,0,0,unknown
390222,792711,07/01/2023,06/30/2024,0.0,0.0,0.0,0.0,0.0,0.0,0.0,0,0,0,0,unknown
390223,792712,07/01/2023,06/30/2024,0.0,0.0,0.0,0.0,0.0,0.0,0.0,0,0,0,0,unknown
390258,792715,07/01/2023,06/30/2024,0.0,0.0,0.0,0.0,0.0,0.0,0.0,0,0,0,0,unknown
390265,792716,07/01/2023,06/30/2024,0.0,0.0,0.0,0.0,0.0,0.0,0.0,0,0,0,0,unknown
390334,792717,07/01/2023,06/30/2024,0.0,0.0,0.0,0.0,0.0,0.0,0.0,0,0,0,0,unknown
390338,792719,07/01/2023,06/30/2024,0.0,0.0,0.0,0.0,0.0,0.0,0.0,0,0,0,0,unknown
440109,792724,07/01/2023,06/30/2024,0.0,0.0,0.0,0.0,0.0,0.0,0.0,0,0,0,0,unknown
440137,792725,07/01/2023,06/30/2024,0.0,0.0,0.0,0.0,0.0,0.0,0.0,0,0,0,0,unknown
440144,792726,07/01/2023,06/30/2024,0.0,0.0,0.0,0.0,0.0,0.0,0.0,0,0,0,0,unknown
440193,792727,07/01/2023,06/30/2024,0.0,0.0,0.0,0.0,0.0,0.0,0.0,0,0,0,0,unknown
450058,792732,07/01/2023,06/30/2024,0.0,0.0,0.0,0.0,0.0,0.0,0.0,0,0,0,0,unknown
450862,792736,07/01/2023,06/30/2024,0.0,0.0,0.0,0.0,0.0,0.0,0.0,0,0,0,0,unknown
500011,792742,07/01/2023,06/30/2024,0.0,0.0,0.0,0.0,0.0,0.0,0.0,0,0,0,0,unknown
511307,792748,07/01/2023,06/30/2024,0.0,0.0,0.0,0.0,0.0,0.0,0.0,0,0,0,0,unknown
520033,792751,07/01/2023,06/30/2024,0.0,0.0,0.0,0.0,0.0,0.0,0.0,0,0,0,0,unknown
521313,792753,07/01/2023,06/30/2024,0.0,0.0,0.0,0.0,0.0,0.0,0.0,0,0,0,0,unknown
031313,792763,07/01/2023,06/30/2024,0.0,0.0,0.0,0.0,0.0,0.0,0.0,0,0,0,0,unknown
050067,792765,07/01/2023,06/30/2024,0.0,0.0,0.0,0.0,0.0,0.0,0.0,0,0,0,0,unknown
050248,792773,07/01/2023,06/30/2024,0.0,0.0,0.0,0.0,0.0,0.0,0.0,0,0,0,0,unknown
050351,792775,07/01/2023,06/30/2024,0.0,0.0,0.0,0.0,0.0,0.0,0.0,0,0,0,0,unknown
051319,792793,07/01/2023,06/30/2024,0.0,0.0,0.0,0.0,0.0,0.0,0.0,0,0,0,0,unknown
053301,792795,07/01/2023,06/30/2024,0.0,0.0,0.0,0.0,0.0,0.0,0.0,0,0,0,0,unknown
053304,792796,07/01/2023,06/30/2024,0.0,0.0,0.0,0.0,0.0,0.0,0.0,0,0,0,0,unknown
054123,792797,07/01/2023,06/30/2024,0.0,0.0,0.0,0.0,0.0,0.0,0.0,0,0,0,0,unknown
060008,792798,07/01/2023,06/30/2024,0.0,0.0,0.0,0.0,0.0,0.0,0.0,0,0,0,0,unknown
060012,792799,07/01/2023,06/30/2024,0.0,0.0,0.0,0.0,0.0,0.0,0.0,0,0,0,0,unknown
060044,792800,07/01/2023,06/30/2024,0.0,0.0,0.0,0.0,0.0,0.0,0.0,0,0,0,0,unknown
060128,792804,07/01/2023,06/30/2024,0.0,0.0,0.0,0.0,0.0,0.0,0.0,0,0,0,0,unknown
100277,792809,07/01/2023,06/30/2024,0.0,0.0,0.0,0.0,0.0,0.0,0.0,0,0,0,0,unknown
141304,792826,07/01/2023,06/30/2024,0.0,0.0,0.0,0.0,0.0,0.0,0.0,0,0,0,0,unknown
141336,792828,07/01/2023,06/30/2024,0.0,0.0,0.0,0.0,0.0,0.0,0.0,0,0,0,0,unknown
190006,792837,07/01/2023,06/30/2024,0.0,0.0,0.0,0.0,0.0,0.0,0.0,0,0,0,0,unknown
190102,792838,07/01/2023,06/30/2024,0.0,0.0,0.0,0.0,0.0,0.0,0.0,0,0,0,0,unknown
210012,792839,07/01/2023,06/30/2024,0.0,0.0,0.0,0.0,0.0,0.0,0.0,0,0,0,0,unknown
210030,792840,07/01/2023,06/30/2024,0.0,0.0,0.0,0.0,0.0,0.0,0.0,0,0,0,0,unknown
210038,792841,07/01/2023,06/30/2024,0.0,0.0,0.0,0.0,0.0,0.0,0.0,0,0,0,0,unknown
230046,792843,07/01/2023,06/30/2024,0.0,0.0,0.0,0.0,0.0,0.0,0.0,0,0,0,0,unknown
240036,792849,07/01/2023,06/30/2024,0.0,0.0,0.0,0.0,0.0,0.0,0.0,0,0,0,0,unknown
240088,792854,07/01/2023,06/30/2024,0.0,0.0,0.0,0.0,0.0,0.0,0.0,0,0,0,0,unknown
241350,792859,07/01/2023,06/30/2024,0.0,0.0,0.0,0.0,0.0,0.0,0.0,0,0,0,0,unknown
263302,792870,07/01/2023,06/30/2024,0.0,0.0,0.0,0.0,0.0,0.0,0.0,0,0,0,0,unknown
263303,792871,07/01/2023,06/30/2024,0.0,0.0,0.0,0.0,0.0,0.0,0.0,0,0,0,0,unknown
271301,792872,07/01/2023,06/30/2024,0.0,0.0,0.0,0.0,0.0,0.0,0.0,0,0,0,0,unknown
281306,792875,07/01/2023,06/30/2024,0.0,0.0,0.0,0.0,0.0,0.0,0.0,0,0,0,0,unknown
281309,792876,07/01/2023,06/30/2024,0.0,0.0,0.0,0.0,0.0,0.0,0.0,0,0,0,0,unknown
281314,792877,07/01/2023,06/30/2024,0.0,0.0,0.0,0.0,0.0,0.0,0.0,0,0,0,0,unknown
291301,792878,07/01/2023,06/30/2024,0.0,0.0,0.0,0.0,0.0,0.0,0.0,0,0,0,0,unknown
300020,792880,07/01/2023,06/30/2024,0.0,0.0,0.0,0.0,0.0,0.0,0.0,0,0,0,0,unknown
310010,792881,07/01/2023,06/30/2024,0.0,0.0,0.0,0.0,0.0,0.0,0.0,0,0,0,0,unknown
351300,792899,07/01/2023,06/30/2024,0.0,0.0,0.0,0.0,0.0,0.0,0.0,0,0,0,0,unknown
370056,792905,07/01/2023,06/30/2024,0.0,0.0,0.0,0.0,0.0,0.0,0.0,0,0,0,0,unknown
370106,792907,07/01/2023,06/30/2024,0.0,0.0,0.0,0.0,0.0,0.0,0.0,0,0,0,0,unknown
371337,792910,07/01/2023,06/30/2024,0.0,0.0,0.0,0.0,0.0,0.0,0.0,0,0,0,0,unknown
390044,792914,07/01/2023,06/30/2024,0.0,0.0,0.0,0.0,0.0,0.0,0.0,0,0,0,0,unknown
390073,792915,07/01/2023,06/30/2024,0.0,0.0,0.0,0.0,0.0,0.0,0.0,0,0,0,0,unknown
390079,792916,07/01/2023,06/30/2024,0.0,0.0,0.0,0.0,0.0,0.0,0.0,0,0,0,0,unknown
390091,792917,07/01/2023,06/30/2024,0.0,0.0,0.0,0.0,0.0,0.0,0.0,0,0,0,0,unknown
390097,792918,07/01/2023,06/30/2024,0.0,0.0,0.0,0.0,0.0,0.0,0.0,0,0,0,0,unknown
390139,792919,07/01/2023,06/30/2024,0.0,0.0,0.0,0.0,0.0,0.0,0.0,0,0,0,0,unknown
390174,792921,07/01/2023,06/30/2024,0.0,0.0,0.0,0.0,0.0,0.0,0.0,0,0,0,0,unknown
390183,792922,07/01/2023,06/30/2024,0.0,0.0,0.0,0.0,0.0,0.0,0.0,0,0,0,0,unknown
390211,792923,07/01/2023,06/30/2024,0.0,0.0,0.0,0.0,0.0,0.0,0.0,0,0,0,0,unknown
390331,792927,07/01/2023,06/30/2024,0.0,0.0,0.0,0.0,0.0,0.0,0.0,0,0,0,0,unknown
390336,792928,07/01/2023,06/30/2024,0.0,0.0,0.0,0.0,0.0,0.0,0.0,0,0,0,0,unknown
391309,792929,07/01/2023,06/30/2024,0.0,0.0,0.0,0.0,0.0,0.0,0.0,0,0,0,0,unknown
431310,792932,07/01/2023,06/30/2024,0.0,0.0,0.0,0.0,0.0,0.0,0.0,0,0,0,0,unknown
450537,792943,07/01/2023,06/30/2024,0.0,0.0,0.0,0.0,0.0,0.0,0.0,0,0,0,0,unknown
450755,792945,07/01/2023,06/30/2024,0.0,0.0,0.0,0.0,0.0,0.0,0.0,0,0,0,0,unknown
490020,792949,01/01/2023,12/31/2023,0.0,0.0,0.0,0.0,0.0,0.0,0.0,0,0,0,0,unknown
500138,792954,07/01/2023,06/30/2024,0.0,0.0,0.0,0.0,0.0,0.0,0.0,0,0,0,0,unknown
510046,792955,07/01/2023,06/30/2024,0.0,0.0,0.0,0.0,0.0,0.0,0.0,0,0,0,0,unknown
521354,792977,07/01/2023,06/30/2024,0.0,0.0,0.0,0.0,0.0,0.0,0.0,0,0,0,0,unknown
530006,792979,07/01/2023,06/30/2024,0.0,0.0,0.0,0.0,0.0,0.0,0.0,0,0,0,0,unknown
670023,792980,07/01/2023,06/30/2024,0.0,0.0,0.0,0.0,0.0,0.0,0.0,0,0,0,0,unknown
670053,792981,07/01/2023,06/30/2024,0.0,0.0,0.0,0.0,0.0,0.0,0.0,0,0,0,0,unknown
021313,792986,07/01/2023,06/30/2024,0.0,0.0,0.0,0.0,0.0,0.0,0.0,0,0,0,0,unknown
050006,792989,07/01/2023,06/30/2024,0.0,0.0,0.0,0.0,0.0,0.0,0.0,0,0,0,0,unknown
050039,792990,07/01/2023,06/30/2024,0.0,0.0,0.0,0.0,0.0,0.0,0.0,0,0,0,0,unknown
050090,792993,07/01/2023,06/30/2024,0.0,0.0,0.0,0.0,0.0,0.0,0.0,0,0,0,0,unknown
051302,793005,07/01/2023,06/30/2024,0.0,0.0,0.0,0.0,0.0,0.0,0.0,0,0,0,0,unknown
054144,793008,07/01/2023,06/30/2024,0.0,0.0,0.0,0.0,0.0,0.0,0.0,0,0,0,0,unknown
060119,793009,07/01/2023,06/30/2024,0.0,0.0,0.0,0.0,0.0,0.0,0.0,0,0,0,0,unknown
060129,793010,07/01/2023,06/30/2024,0.0,0.0,0.0,0.0,0.0,0.0,0.0,0,0,0,0,unknown
090004,793012,07/01/2023,06/30/2024,0.0,0.0,0.0,0.0,0.0,0.0,0.0,0,0,0,0,unknown
104007,793015,07/01/2023,06/30/2024,0.0,0.0,0.0,0.0,0.0,0.0,0.0,0,0,0,0,unknown
161310,793038,07/01/2023,06/30/2024,0.0,0.0,0.0,0.0,0.0,0.0,0.0,0,0,0,0,unknown
191321,793047,07/01/2023,06/30/2024,0.0,0.0,0.0,0.0,0.0,0.0,0.0,0,0,0,0,unknown
210003,793048,07/01/2023,06/30/2024,0.0,0.0,0.0,0.0,0.0,0.0,0.0,0,0,0,0,unknown
210019,793049,07/01/2023,06/30/2024,0.0,0.0,0.0,0.0,0.0,0.0,0.0,0,0,0,0,unknown
232029,793054,07/01/2023,06/30/2024,0.0,0.0,0.0,0.0,0.0,0.0,0.0,0,0,0,0,unknown
241357,793064,07/01/2023,06/30/2024,0.0,0.0,0.0,0.0,0.0,0.0,0.0,0,0,0,0,unknown
260176,793068,07/01/2023,06/30/2024,0.0,0.0,0.0,0.0,0.0,0.0,0.0,0,0,0,0,unknown
271306,793070,07/01/2023,06/30/2024,0.0,0.0,0.0,0.0,0.0,0.0,0.0,0,0,0,0,unknown
280020,793071,07/01/2023,06/30/2024,0.0,0.0,0.0,0.0,0.0,0.0,0.0,0,0,0,0,unknown
301305,793074,07/01/2023,06/30/2024,0.0,0.0,0.0,0.0,0.0,0.0,0.0,0,0,0,0,unknown
321304,793078,07/01/2023,06/30/2024,0.0,0.0,0.0,0.0,0.0,0.0,0.0,0,0,0,0,unknown
330047,793079,07/01/2023,06/30/2024,0.0,0.0,0.0,0.0,0.0,0.0,0.0,0,0,0,0,unknown
344004,793083,07/01/2023,06/30/2024,0.0,0.0,0.0,0.0,0.0,0.0,0.0,0,0,0,0,unknown
351304,793084,07/01/2023,06/30/2024,0.0,0.0,0.0,0.0,0.0,0.0,0.0,0,0,0,0,unknown
390045,793092,07/01/2023,06/30/2024,0.0,0.0,0.0,0.0,0.0,0.0,0.0,0,0,0,0,unknown
390056,793093,07/01/2023,06/30/2024,0.0,0.0,0.0,0.0,0.0,0.0,0.0,0,0,0,0,unknown
390150,793096,07/01/2023,06/30/2024,0.0,0.0,0.0,0.0,0.0,0.0,0.0,0,0,0,0,unknown
390225,793101,07/01/2023,06/30/2024,0.0,0.0,0.0,0.0,0.0,0.0,0.0,0,0,0,0,unknown
391308,793103,07/01/2023,06/30/2024,0.0,0.0,0.0,0.0,0.0,0.0,0.0,0,0,0,0,unknown
440091,793112,07/01/2023,06/30/2024,0.0,0.0,0.0,0.0,0.0,0.0,0.0,0,0,0,0,unknown
441309,793114,07/01/2023,06/30/2024,0.0,0.0,0.0,0.0,0.0,0.0,0.0,0,0,0,0,unknown
450211,793119,07/01/2023,06/30/2024,0.0,0.0,0.0,0.0,0.0,0.0,0.0,0,0,0,0,unknown
450347,793122,07/01/2023,06/30/2024,0.0,0.0,0.0,0.0,0.0,0.0,0.0,0,0,0,0,unknown
460019,793132,07/01/2023,06/30/2024,0.0,0.0,0.0,0.0,0.0,0.0,0.0,0,0,0,0,unknown
500008,793137,07/01/2023,06/30/2024,0.0,0.0,0.0,0.0,0.0,0.0,0.0,0,0,0,0,unknown
520002,793141,07/01/2023,06/30/2024,0.0,0.0,0.0,0.0,0.0,0.0,0.0,0,0,0,0,unknown
531302,793154,07/01/2023,06/30/2024,0.0,0.0,0.0,0.0,0.0,0.0,0.0,0,0,0,0,unknown
531304,793155,07/01/2023,06/30/2024,0.0,0.0,0.0,0.0,0.0,0.0,0.0,0,0,0,0,unknown
531309,793156,07/01/2023,06/30/2024,0.0,0.0,0.0,0.0,0.0,0.0,0.0,0,0,0,0,unknown
040007,793165,07/01/2023,06/30/2024,0.0,0.0,0.0,0.0,0.0,0.0,0.0,0,0,0,0,unknown
050110,793171,07/01/2023,06/30/2024,0.0,0.0,0.0,0.0,0.0,0.0,0.0,0,0,0,0,unknown
050113,793172,07/01/2023,06/30/2024,0.0,0.0,0.0,0.0,0.0,0.0,0.0,0,0,0,0,unknown
050211,793175,07/01/2023,06/30/2024,0.0,0.0,0.0,0.0,0.0,0.0,0.0,0,0,0,0,unknown
050300,793176,07/01/2023,06/30/2024,0.0,0.0,0.0,0.0,0.0,0.0,0.0,0,0,0,0,unknown
050485,793179,07/01/2023,06/30/2024,0.0,0.0,0.0,0.0,0.0,0.0,0.0,0,0,0,0,unknown
053303,793187,07/01/2023,06/30/2024,0.0,0.0,0.0,0.0,0.0,0.0,0.0,0,0,0,0,unknown
053309,793188,07/01/2023,06/30/2024,0.0,0.0,0.0,0.0,0.0,0.0,0.0,0,0,0,0,unknown
054009,793189,07/01/2023,06/30/2024,0.0,0.0,0.0,0.0,0.0,0.0,0.0,0,0,0,0,unknown
060022,793192,07/01/2023,06/30/2024,0.0,0.0,0.0,0.0,0.0,0.0,0.0,0,0,0,0,unknown
060104,793194,07/01/2023,06/30/2024,0.0,0.0,0.0,0.0,0.0,0.0,0.0,0,0,0,0,unknown
070036,793196,07/01/2023,06/30/2024,0.0,0.0,0.0,0.0,0.0,0.0,0.0,0,0,0,0,unknown
100363,793211,08/21/2023,06/30/2024,0.0,0.0,0.0,0.0,0.0,0.0,0.0,0,0,0,0,unknown
120007,793218,07/01/2023,06/30/2024,0.0,0.0,0.0,0.0,0.0,0.0,0.0,0,0,0,0,unknown
140059,793222,07/01/2023,06/30/2024,0.0,0.0,0.0,0.0,0.0,0.0,0.0,0,0,0,0,unknown
180010,793232,07/01/2023,06/30/2024,0.0,0.0,0.0,0.0,0.0,0.0,0.0,0,0,0,0,unknown
180016,793234,07/01/2023,06/30/2024,0.0,0.0,0.0,0.0,0.0,0.0,0.0,0,0,0,0,unknown
180040,793235,07/01/2023,06/30/2024,0.0,0.0,0.0,0.0,0.0,0.0,0.0,0,0,0,0,unknown
180143,793239,07/01/2023,06/30/2024,0.0,0.0,0.0,0.0,0.0,0.0,0.0,0,0,0,0,unknown
200039,793249,07/01/2023,06/30/2024,0.0,0.0,0.0,0.0,0.0,0.0,0.0,0,0,0,0,unknown
214003,793251,07/01/2023,06/30/2024,0.0,0.0,0.0,0.0,0.0,0.0,0.0,0,0,0,0,unknown
230208,793255,07/01/2023,06/30/2024,0.0,0.0,0.0,0.0,0.0,0.0,0.0,0,0,0,0,unknown
241301,793269,07/01/2023,06/30/2024,0.0,0.0,0.0,0.0,0.0,0.0,0.0,0,0,0,0,unknown
290045,793280,07/01/2023,06/30/2024,0.0,0.0,0.0,0.0,0.0,0.0,0.0,0,0,0,0,unknown
301304,793282,07/01/2023,06/30/2024,0.0,0.0,0.0,0.0,0.0,0.0,0.0,0,0,0,0,unknown
320001,793287,07/01/2023,06/30/2024,0.0,0.0,0.0,0.0,0.0,0.0,0.0,0,0,0,0,unknown
330140,793290,07/01/2023,06/30/2024,0.0,0.0,0.0,0.0,0.0,0.0,0.0,0,0,0,0,unknown
330180,793291,07/01/2023,06/30/2024,0.0,0.0,0.0,0.0,0.0,0.0,0.0,0,0,0,0,unknown
360017,793298,07/01/2023,06/30/2024,0.0,0.0,0.0,0.0,0.0,0.0,0.0,0,0,0,0,unknown
360048,793299,07/01/2023,06/30/2024,0.0,0.0,0.0,0.0,0.0,0.0,0.0,0,0,0,0,unknown
360152,793301,07/01/2023,06/30/2024,0.0,0.0,0.0,0.0,0.0,0.0,0.0,0,0,0,0,unknown
360211,793303,07/01/2023,06/30/2024,0.0,0.0,0.0,0.0,0.0,0.0,0.0,0,0,0,0,unknown
361302,793307,07/01/2023,06/30/2024,0.0,0.0,0.0,0.0,0.0,0.0,0.0,0,0,0,0,unknown
361316,793309,07/01/2023,06/30/2024,0.0,0.0,0.0,0.0,0.0,0.0,0.0,0,0,0,0,unknown
361325,793310,07/01/2023,06/30/2024,0.0,0.0,0.0,0.0,0.0,0.0,0.0,0,0,0,0,unknown
362004,793311,07/01/2023,06/30/2024,0.0,0.0,0.0,0.0,0.0,0.0,0.0,0,0,0,0,unknown
364007,793315,07/01/2023,06/30/2024,0.0,0.0,0.0,0.0,0.0,0.0,0.0,0,0,0,0,unknown
364067,793316,07/01/2023,06/30/2024,0.0,0.0,0.0,0.0,0.0,0.0,0.0,0,0,0,0,unknown
370114,793320,07/01/2023,06/30/2024,0.0,0.0,0.0,0.0,0.0,0.0,0.0,0,0,0,0,unknown
374020,793324,07/01/2023,06/30/2024,0.0,0.0,0.0,0.0,0.0,0.0,0.0,0,0,0,0,unknown
381308,793325,07/01/2023,06/30/2024,0.0,0.0,0.0,0.0,0.0,0.0,0.0,0,0,0,0,unknown
381315,793326,07/01/2023,06/30/2024,0.0,0.0,0.0,0.0,0.0,0.0,0.0,0,0,0,0,unknown
390046,793328,07/01/2023,06/30/2024,0.0,0.0,0.0,0.0,0.0,0.0,0.0,0,0,0,0,unknown
390178,793333,07/01/2023,06/30/2024,0.0,0.0,0.0,0.0,0.0,0.0,0.0,0,0,0,0,unknown
390184,793334,07/01/2023,06/30/2024,0.0,0.0,0.0,0.0,0.0,0.0,0.0,0,0,0,0,unknown
390332,793339,07/01/2023,06/30/2024,0.0,0.0,0.0,0.0,0.0,0.0,0.0,0,0,0,0,unknown
391315,793340,07/01/2023,06/30/2024,0.0,0.0,0.0,0.0,0.0,0.0,0.0,0,0,0,0,unknown
393030,793341,07/01/2023,06/30/2024,0.0,0.0,0.0,0.0,0.0,0.0,0.0,0,0,0,0,unknown
400001,793342,07/01/2023,06/30/2024,0.0,0.0,0.0,0.0,0.0,0.0,0.0,0,0,0,0,unknown
450388,793355,07/01/2023,06/30/2024,0.0,0.0,0.0,0.0,0.0,0.0,0.0,0,0,0,0,unknown
521350,793386,07/01/2023,06/30/2024,0.0,0.0,0.0,0.0,0.0,0.0,0.0,0,0,0,0,unknown
024002,793389,07/01/2023,06/30/2024,0.0,0.0,0.0,0.0,0.0,0.0,0.0,0,0,0,0,unknown
030119,793390,07/01/2023,06/30/2024,0.0,0.0,0.0,0.0,0.0,0.0,0.0,0,0,0,0,unknown
040137,793397,07/01/2023,06/30/2024,0.0,0.0,0.0,0.0,0.0,0.0,0.0,0,0,0,0,unknown
050315,793403,07/01/2023,06/30/2024,0.0,0.0,0.0,0.0,0.0,0.0,0.0,0,0,0,0,unknown
050770,793409,07/01/2023,06/30/2024,0.0,0.0,0.0,0.0,0.0,0.0,0.0,0,0,0,0,unknown
051318,793410,07/01/2023,06/30/2024,0.0,0.0,0.0,0.0,0.0,0.0,0.0,0,0,0,0,unknown
140133,793425,07/01/2023,06/30/2024,0.0,0.0,0.0,0.0,0.0,0.0,0.0,0,0,0,0,unknown
154071,793445,06/28/2023,03/31/2024,0.0,0.0,0.0,0.0,0.0,0.0,0.0,0,0,0,0,unknown
161300,793447,07/01/2023,06/30/2024,0.0,0.0,0.0,0.0,0.0,0.0,0.0,0,0,0,0,unknown
161338,793449,07/01/2023,06/30/2024,0.0,0.0,0.0,0.0,0.0,0.0,0.0,0,0,0,0,unknown
161342,793450,07/01/2023,06/30/2024,0.0,0.0,0.0,0.0,0.0,0.0,0.0,0,0,0,0,unknown
161353,793451,07/01/2023,06/30/2024,0.0,0.0,0.0,0.0,0.0,0.0,0.0,0,0,0,0,unknown
161359,793455,07/01/2023,06/30/2024,0.0,0.0,0.0,0.0,0.0,0.0,0.0,0,0,0,0,unknown
161372,793456,07/01/2023,06/30/2024,0.0,0.0,0.0,0.0,0.0,0.0,0.0,0,0,0,0,unknown
161378,793457,07/01/2023,06/30/2024,0.0,0.0,0.0,0.0,0.0,0.0,0.0,0,0,0,0,unknown
170013,793458,07/01/2023,06/30/2024,0.0,0.0,0.0,0.0,0.0,0.0,0.0,0,0,0,0,unknown
180011,793461,07/01/2023,06/30/2024,0.0,0.0,0.0,0.0,0.0,0.0,0.0,0,0,0,0,unknown
181305,793464,07/01/2023,06/30/2024,0.0,0.0,0.0,0.0,0.0,0.0,0.0,0,0,0,0,unknown
210001,793470,07/01/2023,06/30/2024,0.0,0.0,0.0,0.0,0.0,0.0,0.0,0,0,0,0,unknown
210034,793474,07/01/2023,06/30/2024,0.0,0.0,0.0,0.0,0.0,0.0,0.0,0,0,0,0,unknown
244002,793490,07/01/2023,06/30/2024,0.0,0.0,0.0,0.0,0.0,0.0,0.0,0,0,0,0,unknown
271313,793501,07/01/2023,06/30/2024,0.0,0.0,0.0,0.0,0.0,0.0,0.0,0,0,0,0,unknown
271345,793502,07/01/2023,06/30/2024,0.0,0.0,0.0,0.0,0.0,0.0,0.0,0,0,0,0,unknown
320065,793511,07/01/2023,06/30/2024,0.0,0.0,0.0,0.0,0.0,0.0,0.0,0,0,0,0,unknown
320084,793512,07/01/2023,06/30/2024,0.0,0.0,0.0,0.0,0.0,0.0,0.0,0,0,0,0,unknown
330057,793513,07/01/2023,06/30/2024,0.0,0.0,0.0,0.0,0.0,0.0,0.0,0,0,0,0,unknown
330285,793517,07/01/2023,06/30/2024,0.0,0.0,0.0,0.0,0.0,0.0,0.0,0,0,0,0,unknown
351301,793521,07/01/2023,06/30/2024,0.0,0.0,0.0,0.0,0.0,0.0,0.0,0,0,0,0,unknown
370018,793524,07/01/2023,06/30/2024,0.0,0.0,0.0,0.0,0.0,0.0,0.0,0,0,0,0,unknown
371312,793530,07/01/2023,06/30/2024,0.0,0.0,0.0,0.0,0.0,0.0,0.0,0,0,0,0,unknown
371322,793531,07/01/2023,06/30/2024,0.0,0.0,0.0,0.0,0.0,0.0,0.0,0,0,0,0,unknown
380009,793532,07/01/2023,06/30/2024,0.0,0.0,0.0,0.0,0.0,0.0,0.0,0,0,0,0,unknown
380021,793533,07/01/2023,06/30/2024,0.0,0.0,0.0,0.0,0.0,0.0,0.0,0,0,0,0,unknown
381325,793537,07/01/2023,06/30/2024,0.0,0.0,0.0,0.0,0.0,0.0,0.0,0,0,0,0,unknown
393036,793544,07/01/2023,06/30/2024,0.0,0.0,0.0,0.0,0.0,0.0,0.0,0,0,0,0,unknown
443303,793549,07/01/2023,06/30/2024,0.0,0.0,0.0,0.0,0.0,0.0,0.0,0,0,0,0,unknown
450236,793556,07/01/2023,06/30/2024,0.0,0.0,0.0,0.0,0.0,0.0,0.0,0,0,0,0,unknown
450828,793566,07/01/2023,06/30/2024,0.0,0.0,0.0,0.0,0.0,0.0,0.0,0,0,0,0,unknown
452102,793568,07/01/2023,06/30/2024,0.0,0.0,0.0,0.0,0.0,0.0,0.0,0,0,0,0,unknown
501337,793579,07/01/2023,06/30/2024,0.0,0.0,0.0,0.0,0.0,0.0,0.0,0,0,0,0,unknown
520041,793582,07/01/2023,06/30/2024,0.0,0.0,0.0,0.0,0.0,0.0,0.0,0,0,0,0,unknown
520091,793583,07/01/2023,06/30/2024,0.0,0.0,0.0,0.0,0.0,0.0,0.0,0,0,0,0,unknown
670300,793589,07/01/2023,06/30/2024,0.0,0.0,0.0,0.0,0.0,0.0,0.0,0,0,0,0,unknown
040071,793595,07/01/2023,06/30/2024,0.0,0.0,0.0,0.0,0.0,0.0,0.0,0,0,0,0,unknown
080007,793617,07/01/2023,06/30/2024,0.0,0.0,0.0,0.0,0.0,0.0,0.0,0,0,0,0,unknown
110168,793625,07/01/2023,06/30/2024,0.0,0.0,0.0,0.0,0.0,0.0,0.0,0,0,0,0,unknown
121303,793627,07/01/2023,06/30/2024,0.0,0.0,0.0,0.0,0.0,0.0,0.0,0,0,0,0,unknown
140197,793630,07/01/2023,06/30/2024,0.0,0.0,0.0,0.0,0.0,0.0,0.0,0,0,0,0,unknown
170175,793639,07/01/2023,06/30/2024,0.0,0.0,0.0,0.0,0.0,0.0,0.0,0,0,0,0,unknown
171327,793640,07/01/2023,06/30/2024,0.0,0.0,0.0,0.0,0.0,0.0,0.0,0,0,0,0,unknown
171345,793641,07/01/2023,06/30/2024,0.0,0.0,0.0,0.0,0.0,0.0,0.0,0,0,0,0,unknown
190098,793652,07/01/2023,06/30/2024,0.0,0.0,0.0,0.0,0.0,0.0,0.0,0,0,0,0,unknown
190183,793655,07/01/2023,06/30/2024,0.0,0.0,0.0,0.0,0.0,0.0,0.0,0,0,0,0,unknown
191312,793656,07/01/2023,06/30/2024,0.0,0.0,0.0,0.0,0.0,0.0,0.0,0,0,0,0,unknown
201314,793658,07/01/2023,06/30/2024,0.0,0.0,0.0,0.0,0.0,0.0,0.0,0,0,0,0,unknown
210008,793659,07/01/2023,06/30/2024,0.0,0.0,0.0,0.0,0.0,0.0,0.0,0,0,0,0,unknown
210043,793660,07/01/2023,06/30/2024,0.0,0.0,0.0,0.0,0.0,0.0,0.0,0,0,0,0,unknown
210063,793661,07/01/2023,06/30/2024,0.0,0.0,0.0,0.0,0.0,0.0,0.0,0,0,0,0,unknown
231327,793667,07/01/2023,06/30/2024,0.0,0.0,0.0,0.0,0.0,0.0,0.0,0,0,0,0,unknown
231331,793668,07/01/2023,06/30/2024,0.0,0.0,0.0,0.0,0.0,0.0,0.0,0,0,0,0,unknown
232037,793669,07/01/2023,06/30/2024,0.0,0.0,0.0,0.0,0.0,0.0,0.0,0,0,0,0,unknown
234021,793670,07/01/2023,06/30/2024,0.0,0.0,0.0,0.0,0.0,0.0,0.0,0,0,0,0,unknown
241380,793674,07/01/2023,06/30/2024,0.0,0.0,0.0,0.0,0.0,0.0,0.0,0,0,0,0,unknown
250049,793676,07/01/2023,06/30/2024,0.0,0.0,0.0,0.0,0.0,0.0,0.0,0,0,0,0,unknown
260177,793683,07/01/2023,06/30/2024,0.0,0.0,0.0,0.0,0.0,0.0,0.0,0,0,0,0,unknown
261307,793684,07/01/2023,06/30/2024,0.0,0.0,0.0,0.0,0.0,0.0,0.0,0,0,0,0,unknown
261310,793685,07/01/2023,06/30/2024,0.0,0.0,0.0,0.0,0.0,0.0,0.0,0,0,0,0,unknown
271332,793688,07/01/2023,06/30/2024,0.0,0.0,0.0,0.0,0.0,0.0,0.0,0,0,0,0,unknown
280128,793689,07/01/2023,06/30/2024,0.0,0.0,0.0,0.0,0.0,0.0,0.0,0,0,0,0,unknown
281301,793690,07/01/2023,06/30/2024,0.0,0.0,0.0,0.0,0.0,0.0,0.0,0,0,0,0,unknown
281329,793691,07/01/2023,06/30/2024,0.0,0.0,0.0,0.0,0.0,0.0,0.0,0,0,0,0,unknown
281350,793692,07/01/2023,06/30/2024,0.0,0.0,0.0,0.0,0.0,0.0,0.0,0,0,0,0,unknown
281351,793693,07/01/2023,06/30/2024,0.0,0.0,0.0,0.0,0.0,0.0,0.0,0,0,0,0,unknown
281353,793694,07/01/2023,06/30/2024,0.0,0.0,0.0,0.0,0.0,0.0,0.0,0,0,0,0,unknown
321307,793705,07/01/2023,06/30/2024,0.0,0.0,0.0,0.0,0.0,0.0,0.0,0,0,0,0,unknown
330096,793706,07/01/2023,06/30/2024,0.0,0.0,0.0,0.0,0.0,0.0,0.0,0,0,0,0,unknown
330238,793708,07/01/2023,06/30/2024,0.0,0.0,0.0,0.0,0.0,0.0,0.0,0,0,0,0,unknown
332008,793709,07/01/2023,06/30/2024,0.0,0.0,0.0,0.0,0.0,0.0,0.0,0,0,0,0,unknown
370001,793719,07/01/2023,06/30/2024,0.0,0.0,0.0,0.0,0.0,0.0,0.0,0,0,0,0,unknown
371305,793725,07/01/2023,06/30/2024,0.0,0.0,0.0,0.0,0.0,0.0,0.0,0,0,0,0,unknown
381309,793726,07/01/2023,06/30/2024,0.0,0.0,0.0,0.0,0.0,0.0,0.0,0,0,0,0,unknown
381312,793727,07/01/2023,06/30/2024,0.0,0.0,0.0,0.0,0.0,0.0,0.0,0,0,0,0,unknown
381319,793728,07/01/2023,06/30/2024,0.0,0.0,0.0,0.0,0.0,0.0,0.0,0,0,0,0,unknown
390090,793729,07/01/2023,06/30/2024,0.0,0.0,0.0,0.0,0.0,0.0,0.0,0,0,0,0,unknown
390123,793730,07/01/2023,06/30/2024,0.0,0.0,0.0,0.0,0.0,0.0,0.0,0,0,0,0,unknown
390125,793731,07/01/2023,06/30/2024,0.0,0.0,0.0,0.0,0.0,0.0,0.0,0,0,0,0,unknown
390156,793732,07/01/2023,06/30/2024,0.0,0.0,0.0,0.0,0.0,0.0,0.0,0,0,0,0,unknown
390163,793733,07/01/2023,06/30/2024,0.0,0.0,0.0,0.0,0.0,0.0,0.0,0,0,0,0,unknown
390185,793734,07/01/2023,06/30/2024,0.0,0.0,0.0,0.0,0.0,0.0,0.0,0,0,0,0,unknown
390267,793736,07/01/2023,06/30/2024,0.0,0.0,0.0,0.0,0.0,0.0,0.0,0,0,0,0,unknown
390268,793737,07/01/2023,06/30/2024,0.0,0.0,0.0,0.0,0.0,0.0,0.0,0,0,0,0,unknown
391316,793738,07/01/2023,06/30/2024,0.0,0.0,0.0,0.0,0.0,0.0,0.0,0,0,0,0,unknown
430016,793742,07/01/2023,06/30/2024,0.0,0.0,0.0,0.0,0.0,0.0,0.0,0,0,0,0,unknown
440061,793746,07/01/2023,06/30/2024,0.0,0.0,0.0,0.0,0.0,0.0,0.0,0,0,0,0,unknown
440072,793747,07/01/2023,06/30/2024,0.0,0.0,0.0,0.0,0.0,0.0,0.0,0,0,0,0,unknown
450032,793750,07/01/2023,06/30/2024,0.0,0.0,0.0,0.0,0.0,0.0,0.0,0,0,0,0,unknown
450395,793753,07/01/2023,06/30/2024,0.0,0.0,0.0,0.0,0.0,0.0,0.0,0,0,0,0,unknown
451315,793761,07/01/2023,06/30/2024,0.0,0.0,0.0,0.0,0.0,0.0,0.0,0,0,0,0,unknown
453306,793764,07/01/2023,06/30/2024,0.0,0.0,0.0,0.0,0.0,0.0,0.0,0,0,0,0,unknown
453315,793765,07/01/2023,06/30/2024,0.0,0.0,0.0,0.0,0.0,0.0,0.0,0,0,0,0,unknown
511316,793774,07/01/2023,12/31/2023,0.0,0.0,0.0,0.0,0.0,0.0,0.0,0,0,0,0,unknown
530025,793777,07/01/2023,06/30/2024,0.0,0.0,0.0,0.0,0.0,0.0,0.0,0,0,0,0,unknown
673046,793782,07/01/2023,06/30/2024,0.0,0.0,0.0,0.0,0.0,0.0,0.0,0,0,0,0,unknown
050195,793793,07/01/2023,06/30/2024,0.0,0.0,0.0,0.0,0.0,0.0,0.0,0,0,0,0,unknown
050262,793794,07/01/2023,06/30/2024,0.0,0.0,0.0,0.0,0.0,0.0,0.0,0,0,0,0,unknown
060013,793799,07/01/2023,06/30/2024,0.0,0.0,0.0,0.0,0.0,0.0,0.0,0,0,0,0,unknown
060015,793800,07/01/2023,06/30/2024,0.0,0.0,0.0,0.0,0.0,0.0,0.0,0,0,0,0,unknown
061308,793802,07/01/2023,06/30/2024,0.0,0.0,0.0,0.0,0.0,0.0,0.0,0,0,0,0,unknown
100271,793807,07/01/2023,06/30/2024,0.0,0.0,0.0,0.0,0.0,0.0,0.0,0,0,0,0,unknown
100290,793809,07/01/2023,06/30/2024,0.0,0.0,0.0,0.0,0.0,0.0,0.0,0,0,0,0,unknown
104024,793811,07/01/2023,06/30/2024,0.0,0.0,0.0,0.0,0.0,0.0,0.0,0,0,0,0,unknown
150076,793819,07/01/2023,06/30/2024,0.0,0.0,0.0,0.0,0.0,0.0,0.0,0,0,0,0,unknown
161332,793823,07/01/2023,06/30/2024,0.0,0.0,0.0,0.0,0.0,0.0,0.0,0,0,0,0,unknown
161376,793825,07/01/2023,06/30/2024,0.0,0.0,0.0,0.0,0.0,0.0,0.0,0,0,0,0,unknown
161377,793826,07/01/2023,06/30/2024,0.0,0.0,0.0,0.0,0.0,0.0,0.0,0,0,0,0,unknown
180025,793827,07/01/2023,06/30/2024,0.0,0.0,0.0,0.0,0.0,0.0,0.0,0,0,0,0,unknown
181329,793832,07/01/2023,06/30/2024,0.0,0.0,0.0,0.0,0.0,0.0,0.0,0,0,0,0,unknown
190317,793836,07/01/2023,06/30/2024,0.0,0.0,0.0,0.0,0.0,0.0,0.0,0,0,0,0,unknown
194008,793837,07/01/2023,06/30/2024,0.0,0.0,0.0,0.0,0.0,0.0,0.0,0,0,0,0,unknown
204004,793840,07/01/2023,06/30/2024,0.0,0.0,0.0,0.0,0.0,0.0,0.0,0,0,0,0,unknown
210028,793842,07/01/2023,06/30/2024,0.0,0.0,0.0,0.0,0.0,0.0,0.0,0,0,0,0,unknown
210032,793843,07/01/2023,06/30/2024,0.0,0.0,0.0,0.0,0.0,0.0,0.0,0,0,0,0,unknown
210040,793844,07/01/2023,06/30/2024,0.0,0.0,0.0,0.0,0.0,0.0,0.0,0,0,0,0,unknown
210051,793845,07/01/2023,06/30/2024,0.0,0.0,0.0,0.0,0.0,0.0,0.0,0,0,0,0,unknown
210058,793846,07/01/2023,06/30/2024,0.0,0.0,0.0,0.0,0.0,0.0,0.0,0,0,0,0,unknown
210062,793847,07/01/2023,06/30/2024,0.0,0.0,0.0,0.0,0.0,0.0,0.0,0,0,0,0,unknown
224028,793850,07/01/2023,06/30/2024,0.0,0.0,0.0,0.0,0.0,0.0,0.0,0,0,0,0,unknown
250152,793858,07/01/2023,06/30/2024,0.0,0.0,0.0,0.0,0.0,0.0,0.0,0,0,0,0,unknown
271318,793859,07/01/2023,06/30/2024,0.0,0.0,0.0,0.0,0.0,0.0,0.0,0,0,0,0,unknown
271340,793860,07/01/2023,06/30/2024,0.0,0.0,0.0,0.0,0.0,0.0,0.0,0,0,0,0,unknown
271348,793861,09/01/2023,06/30/2024,0.0,0.0,0.0,0.0,0.0,0.0,0.0,0,0,0,0,unknown
330151,793869,07/01/2023,06/30/2024,0.0,0.0,0.0,0.0,0.0,0.0,0.0,0,0,0,0,unknown
330277,793873,07/01/2023,06/30/2024,0.0,0.0,0.0,0.0,0.0,0.0,0.0,0,0,0,0,unknown
370034,793881,07/01/2023,06/30/2024,0.0,0.0,0.0,0.0,0.0,0.0,0.0,0,0,0,0,unknown
381304,793883,07/01/2023,06/30/2024,0.0,0.0,0.0,0.0,0.0,0.0,0.0,0,0,0,0,unknown
381310,793884,07/01/2023,06/30/2024,0.0,0.0,0.0,0.0,0.0,0.0,0.0,0,0,0,0,unknown
390127,793888,07/01/2023,06/30/2024,0.0,0.0,0.0,0.0,0.0,0.0,0.0,0,0,0,0,unknown
390327,793892,07/01/2023,06/30/2024,0.0,0.0,0.0,0.0,0.0,0.0,0.0,0,0,0,0,unknown
431335,793904,07/01/2023,06/30/2024,0.0,0.0,0.0,0.0,0.0,0.0,0.0,0,0,0,0,unknown
450046,793911,07/01/2023,06/30/2024,0.0,0.0,0.0,0.0,0.0,0.0,0.0,0,0,0,0,unknown
451305,793919,07/01/2023,06/30/2024,0.0,0.0,0.0,0.0,0.0,0.0,0.0,0,0,0,0,unknown
451381,793920,07/01/2023,06/30/2024,0.0,0.0,0.0,0.0,0.0,0.0,0.0,0,0,0,0,unknown
454065,793921,08/01/2023,07/31/2024,0.0,0.0,0.0,0.0,0.0,0.0,0.0,0,0,0,0,unknown
500050,793923,07/01/2023,06/30/2024,0.0,0.0,0.0,0.0,0.0,0.0,0.0,0,0,0,0,unknown
521302,793927,01/01/2023,12/31/2023,0.0,0.0,0.0,0.0,0.0,0.0,0.0,0,0,0,0,unknown
521314,793928,01/01/2023,12/31/2023,0.0,0.0,0.0,0.0,0.0,0.0,0.0,0,0,0,0,unknown
021311,793934,07/01/2023,06/30/2024,0.0,0.0,0.0,0.0,0.0,0.0,0.0,0,0,0,0,unknown
041313,793938,07/01/2023,06/30/2024,0.0,0.0,0.0,0.0,0.0,0.0,0.0,0,0,0,0,unknown
043300,793940,07/01/2023,06/30/2024,0.0,0.0,0.0,0.0,0.0,0.0,0.0,0,0,0,0,unknown
053037,793947,07/01/2023,06/30/2024,0.0,0.0,0.0,0.0,0.0,0.0,0.0,0,0,0,0,unknown
111319,793963,07/01/2023,06/30/2024,0.0,0.0,0.0,0.0,0.0,0.0,0.0,0,0,0,0,unknown
160028,793967,07/01/2023,06/30/2024,0.0,0.0,0.0,0.0,0.0,0.0,0.0,0,0,0,0,unknown
161319,793968,07/01/2023,06/30/2024,0.0,0.0,0.0,0.0,0.0,0.0,0.0,0,0,0,0,unknown
191311,793976,07/01/2023,06/30/2024,0.0,0.0,0.0,0.0,0.0,0.0,0.0,0,0,0,0,unknown
210048,793977,07/01/2023,06/30/2024,0.0,0.0,0.0,0.0,0.0,0.0,0.0,0,0,0,0,unknown
210056,793978,07/01/2023,06/30/2024,0.0,0.0,0.0,0.0,0.0,0.0,0.0,0,0,0,0,unknown
214000,793979,07/01/2023,06/30/2024,0.0,0.0,0.0,0.0,0.0,0.0,0.0,0,0,0,0,unknown
220011,793980,07/01/2023,06/30/2024,0.0,0.0,0.0,0.0,0.0,0.0,0.0,0,0,0,0,unknown
230030,793982,07/01/2023,06/30/2024,0.0,0.0,0.0,0.0,0.0,0.0,0.0,0,0,0,0,unknown
230180,793984,07/01/2023,06/30/2024,0.0,0.0,0.0,0.0,0.0,0.0,0.0,0,0,0,0,unknown
230259,793985,07/01/2023,06/30/2024,0.0,0.0,0.0,0.0,0.0,0.0,0.0,0,0,0,0,unknown
242005,793991,07/01/2023,06/30/2024,0.0,0.0,0.0,0.0,0.0,0.0,0.0,0,0,0,0,unknown
254010,793995,07/01/2023,06/30/2024,0.0,0.0,0.0,0.0,0.0,0.0,0.0,0,0,0,0,unknown
261318,793998,07/01/2023,06/30/2024,0.0,0.0,0.0,0.0,0.0,0.0,0.0,0,0,0,0,unknown
271303,794000,07/01/2023,06/30/2024,0.0,0.0,0.0,0.0,0.0,0.0,0.0,0,0,0,0,unknown
280009,794001,07/01/2023,06/30/2024,0.0,0.0,0.0,0.0,0.0,0.0,0.0,0,0,0,0,unknown
280023,794002,07/01/2023,06/30/2024,0.0,0.0,0.0,0.0,0.0,0.0,0.0,0,0,0,0,unknown
280060,794004,07/01/2023,06/30/2024,0.0,0.0,0.0,0.0,0.0,0.0,0.0,0,0,0,0,unknown
280081,794005,07/01/2023,06/30/2024,0.0,0.0,0.0,0.0,0.0,0.0,0.0,0,0,0,0,unknown
280105,794006,07/01/2023,06/30/2024,0.0,0.0,0.0,0.0,0.0,0.0,0.0,0,0,0,0,unknown
280130,794007,07/01/2023,06/30/2024,0.0,0.0,0.0,0.0,0.0,0.0,0.0,0,0,0,0,unknown
281312,794008,07/01/2023,06/30/2024,0.0,0.0,0.0,0.0,0.0,0.0,0.0,0,0,0,0,unknown
281316,794009,07/01/2023,06/30/2024,0.0,0.0,0.0,0.0,0.0,0.0,0.0,0,0,0,0,unknown
294000,794010,07/01/2023,06/30/2024,0.0,0.0,0.0,0.0,0.0,0.0,0.0,0,0,0,0,unknown
344033,794025,07/01/2023,06/30/2024,0.0,0.0,0.0,0.0,0.0,0.0,0.0,0,0,0,0,unknown
350002,794026,07/01/2023,06/30/2024,0.0,0.0,0.0,0.0,0.0,0.0,0.0,0,0,0,0,unknown
350006,794027,07/01/2023,06/30/2024,0.0,0.0,0.0,0.0,0.0,0.0,0.0,0,0,0,0,unknown
351305,794028,07/01/2023,06/30/2024,0.0,0.0,0.0,0.0,0.0,0.0,0.0,0,0,0,0,unknown
351308,794029,07/01/2023,06/30/2024,0.0,0.0,0.0,0.0,0.0,0.0,0.0,0,0,0,0,unknown
351311,794030,07/01/2023,06/30/2024,0.0,0.0,0.0,0.0,0.0,0.0,0.0,0,0,0,0,unknown
351318,794031,07/01/2023,06/30/2024,0.0,0.0,0.0,0.0,0.0,0.0,0.0,0,0,0,0,unknown
351323,794032,07/01/2023,06/30/2024,0.0,0.0,0.0,0.0,0.0,0.0,0.0,0,0,0,0,unknown
351331,794033,07/01/2023,06/30/2024,0.0,0.0,0.0,0.0,0.0,0.0,0.0,0,0,0,0,unknown
380102,794039,07/01/2023,06/30/2024,0.0,0.0,0.0,0.0,0.0,0.0,0.0,0,0,0,0,unknown
381301,794040,07/01/2023,06/30/2024,0.0,0.0,0.0,0.0,0.0,0.0,0.0,0,0,0,0,unknown
390030,794043,07/01/2023,06/30/2024,0.0,0.0,0.0,0.0,0.0,0.0,0.0,0,0,0,0,unknown
390086,794047,07/01/2023,06/30/2024,0.0,0.0,0.0,0.0,0.0,0.0,0.0,0,0,0,0,unknown
390168,794050,07/01/2023,06/30/2024,0.0,0.0,0.0,0.0,0.0,0.0,0.0,0,0,0,0,unknown
390204,794052,07/01/2023,06/30/2024,0.0,0.0,0.0,0.0,0.0,0.0,0.0,0,0,0,0,unknown
390278,794055,07/01/2023,06/30/2024,0.0,0.0,0.0,0.0,0.0,0.0,0.0,0,0,0,0,unknown
390330,794057,07/01/2023,06/30/2024,0.0,0.0,0.0,0.0,0.0,0.0,0.0,0,0,0,0,unknown
393056,794058,07/01/2023,06/30/2024,0.0,0.0,0.0,0.0,0.0,0.0,0.0,0,0,0,0,unknown
444008,794068,07/01/2023,06/30/2024,0.0,0.0,0.0,0.0,0.0,0.0,0.0,0,0,0,0,unknown
444010,794069,07/01/2023,06/30/2024,0.0,0.0,0.0,0.0,0.0,0.0,0.0,0,0,0,0,unknown
444014,794070,07/01/2023,06/30/2024,0.0,0.0,0.0,0.0,0.0,0.0,0.0,0,0,0,0,unknown
450163,794072,07/01/2023,06/30/2024,0.0,0.0,0.0,0.0,0.0,0.0,0.0,0,0,0,0,unknown
450411,794075,07/01/2023,06/30/2024,0.0,0.0,0.0,0.0,0.0,0.0,0.0,0,0,0,0,unknown
461335,794081,07/01/2023,06/30/2024,0.0,0.0,0.0,0.0,0.0,0.0,0.0,0,0,0,0,unknown
494021,794092,07/01/2023,06/30/2024,0.0,0.0,0.0,0.0,0.0,0.0,0.0,0,0,0,0,unknown
494033,794093,07/01/2023,06/30/2024,0.0,0.0,0.0,0.0,0.0,0.0,0.0,0,0,0,0,unknown
500141,794096,07/01/2023,06/30/2024,0.0,0.0,0.0,0.0,0.0,0.0,0.0,0,0,0,0,unknown
501335,794098,07/01/2023,06/30/2024,0.0,0.0,0.0,0.0,0.0,0.0,0.0,0,0,0,0,unknown
520019,794104,07/01/2023,06/30/2024,0.0,0.0,0.0,0.0,0.0,0.0,0.0,0,0,0,0,unknown
040088,794120,07/01/2023,06/30/2024,0.0,0.0,0.0,0.0,0.0,0.0,0.0,0,0,0,0,unknown
050348,794126,07/01/2023,06/30/2024,0.0,0.0,0.0,0.0,0.0,0.0,0.0,0,0,0,0,unknown
050779,794131,07/01/2023,06/30/2024,0.0,0.0,0.0,0.0,0.0,0.0,0.0,0,0,0,0,unknown
100073,794133,07/01/2023,06/30/2024,0.0,0.0,0.0,0.0,0.0,0.0,0.0,0,0,0,0,unknown
110031,794141,07/01/2023,06/30/2024,0.0,0.0,0.0,0.0,0.0,0.0,0.0,0,0,0,0,unknown
114013,794148,07/01/2023,06/30/2024,0.0,0.0,0.0,0.0,0.0,0.0,0.0,0,0,0,0,unknown
114019,794149,07/01/2023,06/30/2024,0.0,0.0,0.0,0.0,0.0,0.0,0.0,0,0,0,0,unknown
114028,794150,07/01/2023,06/30/2024,0.0,0.0,0.0,0.0,0.0,0.0,0.0,0,0,0,0,unknown
114029,794151,07/01/2023,06/30/2024,0.0,0.0,0.0,0.0,0.0,0.0,0.0,0,0,0,0,unknown
130013,794152,07/01/2023,06/30/2024,0.0,0.0,0.0,0.0,0.0,0.0,0.0,0,0,0,0,unknown
161317,794159,07/01/2023,06/30/2024,0.0,0.0,0.0,0.0,0.0,0.0,0.0,0,0,0,0,unknown
190027,794166,07/01/2023,06/30/2024,0.0,0.0,0.0,0.0,0.0,0.0,0.0,0,0,0,0,unknown
210023,794171,07/01/2023,06/30/2024,0.0,0.0,0.0,0.0,0.0,0.0,0.0,0,0,0,0,unknown
230089,794176,07/01/2023,06/30/2024,0.0,0.0,0.0,0.0,0.0,0.0,0.0,0,0,0,0,unknown
230303,794178,07/01/2023,06/30/2024,0.0,0.0,0.0,0.0,0.0,0.0,0.0,0,0,0,0,unknown
281361,794185,07/01/2023,06/30/2024,0.0,0.0,0.0,0.0,0.0,0.0,0.0,0,0,0,0,unknown
320002,794191,07/01/2023,06/30/2024,0.0,0.0,0.0,0.0,0.0,0.0,0.0,0,0,0,0,unknown
341311,794195,07/01/2023,06/30/2024,0.0,0.0,0.0,0.0,0.0,0.0,0.0,0,0,0,0,unknown
351324,794196,07/01/2023,06/30/2024,0.0,0.0,0.0,0.0,0.0,0.0,0.0,0,0,0,0,unknown
351334,794197,07/01/2023,06/30/2024,0.0,0.0,0.0,0.0,0.0,0.0,0.0,0,0,0,0,unknown
381305,794210,07/01/2023,06/30/2024,0.0,0.0,0.0,0.0,0.0,0.0,0.0,0,0,0,0,unknown
381316,794211,07/01/2023,06/30/2024,0.0,0.0,0.0,0.0,0.0,0.0,0.0,0,0,0,0,unknown
390035,794213,07/01/2023,06/30/2024,0.0,0.0,0.0,0.0,0.0,0.0,0.0,0,0,0,0,unknown
390093,794215,07/01/2023,06/30/2024,0.0,0.0,0.0,0.0,0.0,0.0,0.0,0,0,0,0,unknown
390198,794218,07/01/2023,06/30/2024,0.0,0.0,0.0,0.0,0.0,0.0,0.0,0,0,0,0,unknown
393025,794220,07/01/2023,06/30/2024,0.0,0.0,0.0,0.0,0.0,0.0,0.0,0,0,0,0,unknown
444001,794231,07/01/2023,06/30/2024,0.0,0.0,0.0,0.0,0.0,0.0,0.0,0,0,0,0,unknown
444002,794232,07/01/2023,06/30/2024,0.0,0.0,0.0,0.0,0.0,0.0,0.0,0,0,0,0,unknown
450801,794243,07/01/2023,06/30/2024,0.0,0.0,0.0,0.0,0.0,0.0,0.0,0,0,0,0,unknown
453036,794245,07/01/2023,06/30/2024,0.0,0.0,0.0,0.0,0.0,0.0,0.0,0,0,0,0,unknown
500064,794248,07/01/2023,06/30/2024,0.0,0.0,0.0,0.0,0.0,0.0,0.0,0,0,0,0,unknown
014007,794267,07/01/2023,06/30/2024,0.0,0.0,0.0,0.0,0.0,0.0,0.0,0,0,0,0,unknown
030023,794270,07/01/2023,06/30/2024,0.0,0.0,0.0,0.0,0.0,0.0,0.0,0,0,0,0,unknown
040026,794277,07/01/2023,06/30/2024,0.0,0.0,0.0,0.0,0.0,0.0,0.0,0,0,0,0,unknown
050028,794278,07/01/2023,06/30/2024,0.0,0.0,0.0,0.0,0.0,0.0,0.0,0,0,0,0,unknown
050038,794279,07/01/2023,06/30/2024,0.0,0.0,0.0,0.0,0.0,0.0,0.0,0,0,0,0,unknown
050093,794284,07/01/2023,06/30/2024,0.0,0.0,0.0,0.0,0.0,0.0,0.0,0,0,0,0,unknown
050102,794285,07/01/2023,06/30/2024,0.0,0.0,0.0,0.0,0.0,0.0,0.0,0,0,0,0,unknown
050245,794294,07/01/2023,06/30/2024,0.0,0.0,0.0,0.0,0.0,0.0,0.0,0,0,0,0,unknown
050281,794297,07/01/2023,06/30/2024,0.0,0.0,0.0,0.0,0.0,0.0,0.0,0,0,0,0,unknown
050292,794299,07/01/2023,06/30/2024,0.0,0.0,0.0,0.0,0.0,0.0,0.0,0,0,0,0,unknown
050376,794302,07/01/2023,06/30/2024,0.0,0.0,0.0,0.0,0.0,0.0,0.0,0,0,0,0,unknown
050567,794304,07/01/2023,06/30/2024,0.0,0.0,0.0,0.0,0.0,0.0,0.0,0,0,0,0,unknown
051305,794312,07/01/2023,06/30/2024,0.0,0.0,0.0,0.0,0.0,0.0,0.0,0,0,0,0,unknown
051311,794313,07/01/2023,06/30/2024,0.0,0.0,0.0,0.0,0.0,0.0,0.0,0,0,0,0,unknown
051314,794314,07/01/2023,06/30/2024,0.0,0.0,0.0,0.0,0.0,0.0,0.0,0,0,0,0,unknown
060031,794317,07/01/2023,06/30/2024,0.0,0.0,0.0,0.0,0.0,0.0,0.0,0,0,0,0,unknown
100084,794322,07/01/2023,06/30/2024,0.0,0.0,0.0,0.0,0.0,0.0,0.0,0,0,0,0,unknown
120026,794348,07/01/2023,06/30/2024,0.0,0.0,0.0,0.0,0.0,0.0,0.0,0,0,0,0,unknown
121301,794350,07/01/2023,06/30/2024,0.0,0.0,0.0,0.0,0.0,0.0,0.0,0,0,0,0,unknown
121307,794351,07/01/2023,06/30/2024,0.0,0.0,0.0,0.0,0.0,0.0,0.0,0,0,0,0,unknown
130003,794353,07/01/2023,06/30/2024,0.0,0.0,0.0,0.0,0.0,0.0,0.0,0,0,0,0,unknown
140115,794357,07/01/2023,06/30/2024,0.0,0.0,0.0,0.0,0.0,0.0,0.0,0,0,0,0,unknown
143025,794363,07/01/2023,06/30/2024,0.0,0.0,0.0,0.0,0.0,0.0,0.0,0,0,0,0,unknown
150011,794364,07/01/2023,06/30/2024,0.0,0.0,0.0,0.0,0.0,0.0,0.0,0,0,0,0,unknown
150115,794366,07/01/2023,06/30/2024,0.0,0.0,0.0,0.0,0.0,0.0,0.0,0,0,0,0,unknown
181309,794375,07/01/2023,06/30/2024,0.0,0.0,0.0,0.0,0.0,0.0,0.0,0,0,0,0,unknown
181325,794376,07/01/2023,06/30/2024,0.0,0.0,0.0,0.0,0.0,0.0,0.0,0,0,0,0,unknown
210033,794386,07/01/2023,06/30/2024,0.0,0.0,0.0,0.0,0.0,0.0,0.0,0,0,0,0,unknown
210064,794387,07/01/2023,06/30/2024,0.0,0.0,0.0,0.0,0.0,0.0,0.0,0,0,0,0,unknown
230029,794389,07/01/2023,06/30/2024,0.0,0.0,0.0,0.0,0.0,0.0,0.0,0,0,0,0,unknown
230053,794391,01/01/2023,12/31/2023,0.0,0.0,0.0,0.0,0.0,0.0,0.0,0,0,0,0,unknown
230132,794392,07/01/2023,06/30/2024,0.0,0.0,0.0,0.0,0.0,0.0,0.0,0,0,0,0,unknown
241370,794397,07/01/2023,06/30/2024,0.0,0.0,0.0,0.0,0.0,0.0,0.0,0,0,0,0,unknown
241377,794398,07/01/2023,06/30/2024,0.0,0.0,0.0,0.0,0.0,0.0,0.0,0,0,0,0,unknown
260179,794403,07/01/2023,06/30/2024,0.0,0.0,0.0,0.0,0.0,0.0,0.0,0,0,0,0,unknown
281313,794409,07/01/2023,06/30/2024,0.0,0.0,0.0,0.0,0.0,0.0,0.0,0,0,0,0,unknown
281333,794410,07/01/2023,06/30/2024,0.0,0.0,0.0,0.0,0.0,0.0,0.0,0,0,0,0,unknown
281342,794411,07/01/2023,06/30/2024,0.0,0.0,0.0,0.0,0.0,0.0,0.0,0,0,0,0,unknown
281346,794412,07/01/2023,06/30/2024,0.0,0.0,0.0,0.0,0.0,0.0,0.0,0,0,0,0,unknown
281349,794413,07/01/2023,06/30/2024,0.0,0.0,0.0,0.0,0.0,0.0,0.0,0,0,0,0,unknown
281356,794414,07/01/2023,06/30/2024,0.0,0.0,0.0,0.0,0.0,0.0,0.0,0,0,0,0,unknown
294002,794417,07/01/2023,06/30/2024,0.0,0.0,0.0,0.0,0.0,0.0,0.0,0,0,0,0,unknown
310060,794423,07/01/2023,06/30/2024,0.0,0.0,0.0,0.0,0.0,0.0,0.0,0,0,0,0,unknown
314011,794426,07/01/2023,06/30/2024,0.0,0.0,0.0,0.0,0.0,0.0,0.0,0,0,0,0,unknown
344016,794441,07/01/2023,06/30/2024,0.0,0.0,0.0,0.0,0.0,0.0,0.0,0,0,0,0,unknown
344023,794442,07/01/2023,06/30/2024,0.0,0.0,0.0,0.0,0.0,0.0,0.0,0,0,0,0,unknown
351303,794443,07/01/2023,06/30/2024,0.0,0.0,0.0,0.0,0.0,0.0,0.0,0,0,0,0,unknown
363306,794456,07/01/2023,06/30/2024,0.0,0.0,0.0,0.0,0.0,0.0,0.0,0,0,0,0,unknown
374026,794467,07/01/2023,06/30/2024,0.0,0.0,0.0,0.0,0.0,0.0,0.0,0,0,0,0,unknown
380027,794469,07/01/2023,06/30/2024,0.0,0.0,0.0,0.0,0.0,0.0,0.0,0,0,0,0,unknown
390012,794473,07/01/2023,06/30/2024,0.0,0.0,0.0,0.0,0.0,0.0,0.0,0,0,0,0,unknown
390062,794474,07/01/2023,06/30/2024,0.0,0.0,0.0,0.0,0.0,0.0,0.0,0,0,0,0,unknown
390164,794478,07/01/2023,06/30/2024,0.0,0.0,0.0,0.0,0.0,0.0,0.0,0,0,0,0,unknown
390173,794479,07/01/2023,06/30/2024,0.0,0.0,0.0,0.0,0.0,0.0,0.0,0,0,0,0,unknown
390196,794481,07/01/2023,06/30/2024,0.0,0.0,0.0,0.0,0.0,0.0,0.0,0,0,0,0,unknown
390199,794482,07/01/2023,06/30/2024,0.0,0.0,0.0,0.0,0.0,0.0,0.0,0,0,0,0,unknown
390228,794483,07/01/2023,06/30/2024,0.0,0.0,0.0,0.0,0.0,0.0,0.0,0,0,0,0,unknown
391302,794486,07/01/2023,06/30/2024,0.0,0.0,0.0,0.0,0.0,0.0,0.0,0,0,0,0,unknown
394034,794488,07/01/2023,06/30/2024,0.0,0.0,0.0,0.0,0.0,0.0,0.0,0,0,0,0,unknown
403301,794490,07/01/2023,06/30/2024,0.0,0.0,0.0,0.0,0.0,0.0,0.0,0,0,0,0,unknown
424005,794495,07/01/2023,06/30/2024,0.0,0.0,0.0,0.0,0.0,0.0,0.0,0,0,0,0,unknown
424011,794496,07/01/2023,06/30/2024,0.0,0.0,0.0,0.0,0.0,0.0,0.0,0,0,0,0,unknown
444003,794509,07/01/2023,06/30/2024,0.0,0.0,0.0,0.0,0.0,0.0,0.0,0,0,0,0,unknown
450034,794511,07/01/2023,06/30/2024,0.0,0.0,0.0,0.0,0.0,0.0,0.0,0,0,0,0,unknown
450165,794513,07/01/2023,06/30/2024,0.0,0.0,0.0,0.0,0.0,0.0,0.0,0,0,0,0,unknown
490104,794538,07/01/2023,06/30/2024,0.0,0.0,0.0,0.0,0.0,0.0,0.0,0,0,0,0,unknown
494017,794541,07/01/2023,06/30/2024,0.0,0.0,0.0,0.0,0.0,0.0,0.0,0,0,0,0,unknown
500039,794542,07/01/2023,06/30/2024,0.0,0.0,0.0,0.0,0.0,0.0,0.0,0,0,0,0,unknown
500041,794543,07/01/2023,06/30/2024,0.0,0.0,0.0,0.0,0.0,0.0,0.0,0,0,0,0,unknown
500051,794544,07/01/2023,06/30/2024,0.0,0.0,0.0,0.0,0.0,0.0,0.0,0,0,0,0,unknown
511322,794546,01/01/2023,12/31/2023,0.0,0.0,0.0,0.0,0.0,0.0,0.0,0,0,0,0,unknown
514009,794547,07/01/2023,06/30/2024,0.0,0.0,0.0,0.0,0.0,0.0,0.0,0,0,0,0,unknown
514012,794548,07/01/2023,06/30/2024,0.0,0.0,0.0,0.0,0.0,0.0,0.0,0,0,0,0,unknown
530015,794552,07/01/2023,06/30/2024,0.0,0.0,0.0,0.0,0.0,0.0,0.0,0,0,0,0,unknown
041322,794563,07/01/2023,06/30/2024,0.0,0.0,0.0,0.0,0.0,0.0,0.0,0,0,0,0,unknown
100039,794574,07/01/2023,06/30/2024,0.0,0.0,0.0,0.0,0.0,0.0,0.0,0,0,0,0,unknown
102024,794583,10/01/2022,03/31/2023,0.0,0.0,0.0,0.0,0.0,0.0,0.0,0,0,0,0,unknown
121306,794590,07/01/2023,06/30/2024,0.0,0.0,0.0,0.0,0.0,0.0,0.0,0,0,0,0,unknown
161309,794597,07/01/2023,06/30/2024,0.0,0.0,0.0,0.0,0.0,0.0,0.0,0,0,0,0,unknown
161314,794598,07/01/2023,06/30/2024,0.0,0.0,0.0,0.0,0.0,0.0,0.0,0,0,0,0,unknown
171313,794602,07/01/2023,06/30/2024,0.0,0.0,0.0,0.0,0.0,0.0,0.0,0,0,0,0,unknown
190114,794606,07/01/2023,06/30/2024,0.0,0.0,0.0,0.0,0.0,0.0,0.0,0,0,0,0,unknown
191325,794607,07/01/2023,06/30/2024,0.0,0.0,0.0,0.0,0.0,0.0,0.0,0,0,0,0,unknown
230070,794608,07/01/2023,06/30/2024,0.0,0.0,0.0,0.0,0.0,0.0,0.0,0,0,0,0,unknown
263027,794616,09/01/2023,08/31/2024,0.0,0.0,0.0,0.0,0.0,0.0,0.0,0,0,0,0,unknown
281311,794620,07/01/2023,06/30/2024,0.0,0.0,0.0,0.0,0.0,0.0,0.0,0,0,0,0,unknown
313035,794625,09/01/2023,08/31/2024,0.0,0.0,0.0,0.0,0.0,0.0,0.0,0,0,0,0,unknown
351315,794639,07/01/2023,06/30/2024,0.0,0.0,0.0,0.0,0.0,0.0,0.0,0,0,0,0,unknown
351333,794640,07/01/2023,06/30/2024,0.0,0.0,0.0,0.0,0.0,0.0,0.0,0,0,0,0,unknown
351336,794641,07/01/2023,06/30/2024,0.0,0.0,0.0,0.0,0.0,0.0,0.0,0,0,0,0,unknown
370023,794642,07/01/2023,06/30/2024,0.0,0.0,0.0,0.0,0.0,0.0,0.0,0,0,0,0,unknown
390037,794649,07/01/2023,06/30/2024,0.0,0.0,0.0,0.0,0.0,0.0,0.0,0,0,0,0,unknown
390324,794659,07/01/2023,06/30/2024,0.0,0.0,0.0,0.0,0.0,0.0,0.0,0,0,0,0,unknown
391305,794660,07/01/2023,06/30/2024,0.0,0.0,0.0,0.0,0.0,0.0,0.0,0,0,0,0,unknown
391317,794661,07/01/2023,06/30/2024,0.0,0.0,0.0,0.0,0.0,0.0,0.0,0,0,0,0,unknown
453053,794686,09/01/2023,08/31/2024,0.0,0.0,0.0,0.0,0.0,0.0,0.0,0,0,0,0,unknown
453057,794687,09/01/2023,08/31/2024,0.0,0.0,0.0,0.0,0.0,0.0,0.0,0,0,0,0,unknown
501329,794693,07/01/2023,06/30/2024,0.0,0.0,0.0,0.0,0.0,0.0,0.0,0,0,0,0,unknown
521315,794694,01/01/2023,12/31/2023,0.0,0.0,0.0,0.0,0.0,0.0,0.0,0,0,0,0,unknown
521357,794696,07/01/2023,06/30/2024,0.0,0.0,0.0,0.0,0.0,0.0,0.0,0,0,0,0,unknown
530002,794697,07/01/2023,06/30/2024,0.0,0.0,0.0,0.0,0.0,0.0,0.0,0,0,0,0,unknown
531316,794698,07/01/2023,06/30/2024,0.0,0.0,0.0,0.0,0.0,0.0,0.0,0,0,0,0,unknown
040084,794708,07/01/2023,06/30/2024,0.0,0.0,0.0,0.0,0.0,0.0,0.0,0,0,0,0,unknown
041326,794709,07/01/2023,06/30/2024,0.0,0.0,0.0,0.0,0.0,0.0,0.0,0,0,0,0,unknown
043031,794710,09/01/2023,08/31/2024,0.0,0.0,0.0,0.0,0.0,0.0,0.0,0,0,0,0,unknown
050112,794711,07/01/2023,06/30/2024,0.0,0.0,0.0,0.0,0.0,0.0,0.0,0,0,0,0,unknown
060107,794719,07/01/2023,06/30/2024,0.0,0.0,0.0,0.0,0.0,0.0,0.0,0,0,0,0,unknown
074012,794723,07/01/2023,06/30/2024,0.0,0.0,0.0,0.0,0.0,0.0,0.0,0,0,0,0,unknown
140018,794749,07/01/2023,06/30/2024,0.0,0.0,0.0,0.0,0.0,0.0,0.0,0,0,0,0,unknown
142011,794754,07/01/2023,06/30/2024,0.0,0.0,0.0,0.0,0.0,0.0,0.0,0,0,0,0,unknown
143032,794755,09/01/2023,08/31/2024,0.0,0.0,0.0,0.0,0.0,0.0,0.0,0,0,0,0,unknown
161365,794761,07/01/2023,06/30/2024,0.0,0.0,0.0,0.0,0.0,0.0,0.0,0,0,0,0,unknown
173300,794762,07/01/2023,06/30/2024,0.0,0.0,0.0,0.0,0.0,0.0,0.0,0,0,0,0,unknown
190020,794767,07/01/2023,06/30/2024,0.0,0.0,0.0,0.0,0.0,0.0,0.0,0,0,0,0,unknown
190133,794770,07/01/2023,06/30/2024,0.0,0.0,0.0,0.0,0.0,0.0,0.0,0,0,0,0,unknown
190298,794774,07/01/2023,06/30/2024,0.0,0.0,0.0,0.0,0.0,0.0,0.0,0,0,0,0,unknown
193070,794775,07/01/2023,06/30/2024,0.0,0.0,0.0,0.0,0.0,0.0,0.0,0,0,0,0,unknown
204008,794776,07/01/2023,06/30/2024,0.0,0.0,0.0,0.0,0.0,0.0,0.0,0,0,0,0,unknown
210027,794777,07/01/2023,06/30/2024,0.0,0.0,0.0,0.0,0.0,0.0,0.0,0,0,0,0,unknown
231318,794782,07/01/2023,06/30/2024,0.0,0.0,0.0,0.0,0.0,0.0,0.0,0,0,0,0,unknown
260048,794791,07/01/2023,06/30/2024,0.0,0.0,0.0,0.0,0.0,0.0,0.0,0,0,0,0,unknown
263031,794798,07/01/2023,06/30/2024,0.0,0.0,0.0,0.0,0.0,0.0,0.0,0,0,0,0,unknown
264028,794800,07/01/2023,06/30/2024,0.0,0.0,0.0,0.0,0.0,0.0,0.0,0,0,0,0,unknown
330406,794812,07/01/2023,06/30/2024,0.0,0.0,0.0,0.0,0.0,0.0,0.0,0,0,0,0,unknown
390027,794820,07/01/2023,06/30/2024,0.0,0.0,0.0,0.0,0.0,0.0,0.0,0,0,0,0,unknown
390039,794822,07/01/2023,06/30/2024,0.0,0.0,0.0,0.0,0.0,0.0,0.0,0,0,0,0,unknown
390057,794824,07/01/2023,06/30/2024,0.0,0.0,0.0,0.0,0.0,0.0,0.0,0,0,0,0,unknown
390272,794827,07/01/2023,06/30/2024,0.0,0.0,0.0,0.0,0.0,0.0,0.0,0,0,0,0,unknown
391304,794828,07/01/2023,06/30/2024,0.0,0.0,0.0,0.0,0.0,0.0,0.0,0,0,0,0,unknown
453047,794853,09/01/2023,08/31/2024,0.0,0.0,0.0,0.0,0.0,0.0,0.0,0,0,0,0,unknown
453072,794854,08/01/2023,07/31/2024,0.0,0.0,0.0,0.0,0.0,0.0,0.0,0,0,0,0,unknown
500030,794859,07/01/2023,06/30/2024,0.0,0.0,0.0,0.0,0.0,0.0,0.0,0,0,0,0,unknown
501340,794861,07/01/2023,06/30/2024,0.0,0.0,0.0,0.0,0.0,0.0,0.0,0,0,0,0,unknown
511321,794871,01/01/2023,12/31/2023,0.0,0.0,0.0,0.0,0.0,0.0,0.0,0,0,0,0,unknown
051324,794878,07/01/2023,06/30/2024,0.0,0.0,0.0,0.0,0.0,0.0,0.0,0,0,0,0,unknown
160083,794887,07/01/2023,06/30/2024,0.0,0.0,0.0,0.0,0.0,0.0,0.0,0,0,0,0,unknown
160101,794888,07/01/2023,06/30/2024,0.0,0.0,0.0,0.0,0.0,0.0,0.0,0,0,0,0,unknown
260061,794892,07/01/2023,06/30/2024,0.0,0.0,0.0,0.0,0.0,0.0,0.0,0,0,0,0,unknown
183026,794902,09/01/2023,08/31/2024,0.0,0.0,0.0,0.0,0.0,0.0,0.0,0,0,0,0,unknown
183032,794903,08/03/2023,12/31/2023,0.0,0.0,0.0,0.0,0.0,0.0,0.0,0,0,0,0,unknown
363300,794910,07/01/2023,06/30/2024,0.0,0.0,0.0,0.0,0.0,0.0,0.0,0,0,0,0,unknown
390110,794913,07/01/2023,06/30/2024,0.0,0.0,0.0,0.0,0.0,0.0,0.0,0,0,0,0,unknown
100276,794935,07/01/2023,06/30/2024,0.0,0.0,0.0,0.0,0.0,0.0,0.0,0,0,0,0,unknown
121300,794938,07/01/2023,06/30/2024,0.0,0.0,0.0,0.0,0.0,0.0,0.0,0,0,0,0,unknown
160033,794941,07/01/2023,06/30/2024,0.0,0.0,0.0,0.0,0.0,0.0,0.0,0,0,0,0,unknown
161311,794942,07/01/2023,06/30/2024,0.0,0.0,0.0,0.0,0.0,0.0,0.0,0,0,0,0,unknown
161339,794943,07/01/2023,06/30/2024,0.0,0.0,0.0,0.0,0.0,0.0,0.0,0,0,0,0,unknown
170123,794944,01/01/2023,12/31/2023,0.0,0.0,0.0,0.0,0.0,0.0,0.0,0,0,0,0,unknown
171372,794945,07/01/2023,06/30/2024,0.0,0.0,0.0,0.0,0.0,0.0,0.0,0,0,0,0,unknown
260102,794965,07/01/2023,06/30/2024,0.0,0.0,0.0,0.0,0.0,0.0,0.0,0,0,0,0,unknown
261333,794967,07/01/2023,06/30/2024,0.0,0.0,0.0,0.0,0.0,0.0,0.0,0,0,0,0,unknown
281302,794968,07/01/2023,06/30/2024,0.0,0.0,0.0,0.0,0.0,0.0,0.0,0,0,0,0,unknown
310086,794969,07/01/2023,06/30/2024,0.0,0.0,0.0,0.0,0.0,0.0,0.0,0,0,0,0,unknown
390026,794987,09/02/2023,06/30/2024,0.0,0.0,0.0,0.0,0.0,0.0,0.0,0,0,0,0,unknown
390115,794991,07/01/2023,06/30/2024,0.0,0.0,0.0,0.0,0.0,0.0,0.0,0,0,0,0,unknown
390151,794992,07/01/2023,06/30/2024,0.0,0.0,0.0,0.0,0.0,0.0,0.0,0,0,0,0,unknown
390231,794997,07/01/2023,06/30/2024,0.0,0.0,0.0,0.0,0.0,0.0,0.0,0,0,0,0,unknown
453054,795009,09/01/2023,08/31/2024,0.0,0.0,0.0,0.0,0.0,0.0,0.0,0,0,0,0,unknown
460010,795012,01/01/2023,12/31/2023,0.0,0.0,0.0,0.0,0.0,0.0,0.0,0,0,0,0,unknown
673070,795020,09/01/2023,08/31/2024,0.0,0.0,0.0,0.0,0.0,0.0,0.0,0,0,0,0,unknown
103300,795047,07/01/2023,06/30/2024,0.0,0.0,0.0,0.0,0.0,0.0,0.0,0,0,0,0,unknown
190011,795063,07/01/2023,06/30/2024,0.0,0.0,0.0,0.0,0.0,0.0,0.0,0,0,0,0,unknown
213301,795072,07/01/2023,06/30/2024,0.0,0.0,0.0,0.0,0.0,0.0,0.0,0,0,0,0,unknown
260141,795083,07/01/2023,06/30/2024,0.0,0.0,0.0,0.0,0.0,0.0,0.0,0,0,0,0,unknown
261332,795084,07/01/2023,06/30/2024,0.0,0.0,0.0,0.0,0.0,0.0,0.0,0,0,0,0,unknown
393307,795126,07/01/2023,06/30/2024,0.0,0.0,0.0,0.0,0.0,0.0,0.0,0,0,0,0,unknown
430089,795133,01/01/2023,12/31/2023,0.0,0.0,0.0,0.0,0.0,0.0,0.0,0,0,0,0,unknown
450021,795137,07/01/2023,06/30/2024,0.0,0.0,0.0,0.0,0.0,0.0,0.0,0,0,0,0,unknown
050438,795191,07/01/2023,06/30/2024,0.0,0.0,0.0,0.0,0.0,0.0,0.0,0,0,0,0,unknown
050740,795194,07/01/2023,06/30/2024,0.0,0.0,0.0,0.0,0.0,0.0,0.0,0,0,0,0,unknown
054110,795197,08/01/2023,07/31/2024,0.0,0.0,0.0,0.0,0.0,0.0,0.0,0,0,0,0,unknown
060023,795200,01/01/2023,12/31/2023,0.0,0.0,0.0,0.0,0.0,0.0,0.0,0,0,0,0,unknown
064001,795204,07/01/2023,06/30/2024,0.0,0.0,0.0,0.0,0.0,0.0,0.0,0,0,0,0,unknown
074011,795205,07/01/2023,06/30/2024,0.0,0.0,0.0,0.0,0.0,0.0,0.0,0,0,0,0,unknown
120019,795215,07/01/2023,06/30/2024,0.0,0.0,0.0,0.0,0.0,0.0,0.0,0,0,0,0,unknown
222023,795233,07/01/2023,06/30/2024,0.0,0.0,0.0,0.0,0.0,0.0,0.0,0,0,0,0,unknown
364040,795249,07/01/2023,06/30/2024,0.0,0.0,0.0,0.0,0.0,0.0,0.0,0,0,0,0,unknown
390036,795257,07/01/2023,06/30/2024,0.0,0.0,0.0,0.0,0.0,0.0,0.0,0,0,0,0,unknown
390203,795265,07/01/2023,06/30/2024,0.0,0.0,0.0,0.0,0.0,0.0,0.0,0,0,0,0,unknown
390237,795267,07/01/2023,06/30/2024,0.0,0.0,0.0,0.0,0.0,0.0,0.0,0,0,0,0,unknown
450659,795285,08/01/2023,07/31/2024,0.0,0.0,0.0,0.0,0.0,0.0,0.0,0,0,0,0,unknown
451331,795287,08/01/2023,07/31/2024,0.0,0.0,0.0,0.0,0.0,0.0,0.0,0,0,0,0,unknown
512004,795299,08/01/2023,07/31/2024,0.0,0.0,0.0,0.0,0.0,0.0,0.0,0,0,0,0,unknown
523031,795301,08/01/2023,07/31/2024,0.0,0.0,0.0,0.0,0.0,0.0,0.0,0,0,0,0,unknown
531301,795304,07/01/2023,06/30/2024,0.0,0.0,0.0,0.0,0.0,0.0,0.0,0,0,0,0,unknown
050056,795310,07/01/2023,06/30/2024,0.0,0.0,0.0,0.0,0.0,0.0,0.0,0,0,0,0,unknown
070018,795321,10/01/2022,09/30/2023,0.0,0.0,0.0,0.0,0.0,0.0,0.0,0,0,0,0,unknown
070022,795322,10/01/2022,09/30/2023,0.0,0.0,0.0,0.0,0.0,0.0,0.0,0,0,0,0,unknown
110073,795333,08/01/2023,07/31/2024,0.0,0.0,0.0,0.0,0.0,0.0,0.0,0,0,0,0,unknown
160030,795338,07/01/2023,06/30/2024,0.0,0.0,0.0,0.0,0.0,0.0,0.0,0,0,0,0,unknown
161304,795339,07/01/2023,06/30/2024,0.0,0.0,0.0,0.0,0.0,0.0,0.0,0,0,0,0,unknown
161334,795340,07/01/2023,06/30/2024,0.0,0.0,0.0,0.0,0.0,0.0,0.0,0,0,0,0,unknown
161341,795341,07/01/2023,06/30/2024,0.0,0.0,0.0,0.0,0.0,0.0,0.0,0,0,0,0,unknown
161348,795342,07/01/2023,06/30/2024,0.0,0.0,0.0,0.0,0.0,0.0,0.0,0,0,0,0,unknown
161357,795343,07/01/2023,06/30/2024,0.0,0.0,0.0,0.0,0.0,0.0,0.0,0,0,0,0,unknown
161360,795344,07/01/2023,06/30/2024,0.0,0.0,0.0,0.0,0.0,0.0,0.0,0,0,0,0,unknown
161361,795345,07/01/2023,06/30/2024,0.0,0.0,0.0,0.0,0.0,0.0,0.0,0,0,0,0,unknown
161371,795346,07/01/2023,06/30/2024,0.0,0.0,0.0,0.0,0.0,0.0,0.0,0,0,0,0,unknown
184006,795350,01/01/2023,12/31/2023,0.0,0.0,0.0,0.0,0.0,0.0,0.0,0,0,0,0,unknown
231310,795356,07/01/2023,06/30/2024,0.0,0.0,0.0,0.0,0.0,0.0,0.0,0,0,0,0,unknown
231324,795357,07/01/2023,06/30/2024,0.0,0.0,0.0,0.0,0.0,0.0,0.0,0,0,0,0,unknown
261303,795359,07/01/2023,06/30/2024,0.0,0.0,0.0,0.0,0.0,0.0,0.0,0,0,0,0,unknown
320779,795369,09/01/2023,06/30/2024,0.0,0.0,0.0,0.0,0.0,0.0,0.0,0,0,0,0,unknown
364036,795376,01/01/2023,12/31/2023,0.0,0.0,0.0,0.0,0.0,0.0,0.0,0,0,0,0,unknown
381307,795381,07/01/2023,06/30/2024,0.0,0.0,0.0,0.0,0.0,0.0,0.0,0,0,0,0,unknown
400012,795383,07/01/2023,06/30/2024,0.0,0.0,0.0,0.0,0.0,0.0,0.0,0,0,0,0,unknown
410013,795387,10/01/2022,09/30/2023,0.0,0.0,0.0,0.0,0.0,0.0,0.0,0,0,0,0,unknown
452067,795389,09/01/2023,05/31/2024,0.0,0.0,0.0,0.0,0.0,0.0,0.0,0,0,0,0,unknown
141347,795396,08/01/2023,07/31/2024,0.0,0.0,0.0,0.0,0.0,0.0,0.0,0,0,0,0,unknown
393304,795398,07/01/2023,06/30/2024,0.0,0.0,0.0,0.0,0.0,0.0,0.0,0,0,0,0,unknown
010164,795400,08/01/2023,07/31/2024,0.0,0.0,0.0,0.0,0.0,0.0,0.0,0,0,0,0,unknown
064003,795406,07/01/2023,06/30/2024,0.0,0.0,0.0,0.0,0.0,0.0,0.0,0,0,0,0,unknown
070007,795407,10/01/2022,09/30/2023,0.0,0.0,0.0,0.0,0.0,0.0,0.0,0,0,0,0,unknown
070010,795408,10/01/2022,09/30/2023,0.0,0.0,0.0,0.0,0.0,0.0,0.0,0,0,0,0,unknown
110044,795413,08/01/2023,07/31/2024,0.0,0.0,0.0,0.0,0.0,0.0,0.0,0,0,0,0,unknown
111328,795414,08/01/2023,07/31/2024,0.0,0.0,0.0,0.0,0.0,0.0,0.0,0,0,0,0,unknown
161312,795418,07/01/2023,06/30/2024,0.0,0.0,0.0,0.0,0.0,0.0,0.0,0,0,0,0,unknown
161352,795420,07/01/2023,06/30/2024,0.0,0.0,0.0,0.0,0.0,0.0,0.0,0,0,0,0,unknown
224032,795422,07/01/2023,06/30/2024,0.0,0.0,0.0,0.0,0.0,0.0,0.0,0,0,0,0,unknown
241991,795423,08/01/2023,07/31/2024,0.0,0.0,0.0,0.0,0.0,0.0,0.0,0,0,0,0,unknown
252006,795425,08/01/2023,07/31/2024,0.0,0.0,0.0,0.0,0.0,0.0,0.0,0,0,0,0,unknown
320004,795427,07/01/2023,06/30/2024,0.0,0.0,0.0,0.0,0.0,0.0,0.0,0,0,0,0,unknown
362019,795431,08/01/2023,07/31/2024,0.0,0.0,0.0,0.0,0.0,0.0,0.0,0,0,0,0,unknown
422009,795432,08/01/2023,07/31/2024,0.0,0.0,0.0,0.0,0.0,0.0,0.0,0,0,0,0,unknown
441307,795434,08/01/2023,07/31/2024,0.0,0.0,0.0,0.0,0.0,0.0,0.0,0,0,0,0,unknown
474004,795436,07/01/2023,06/30/2024,0.0,0.0,0.0,0.0,0.0,0.0,0.0,0,0,0,0,unknown
501302,795437,01/01/2023,12/31/2023,0.0,0.0,0.0,0.0,0.0,0.0,0.0,0,0,0,0,unknown
520013,795440,07/01/2023,03/21/2024,0.0,0.0,0.0,0.0,0.0,0.0,0.0,0,0,0,0,unknown
673063,795442,08/01/2023,07/31/2024,0.0,0.0,0.0,0.0,0.0,0.0,0.0,0,0,0,0,unknown
060027,795451,01/01/2023,12/31/2023,0.0,0.0,0.0,0.0,0.0,0.0,0.0,0,0,0,0,unknown
161344,795461,07/01/2023,06/30/2024,0.0,0.0,0.0,0.0,0.0,0.0,0.0,0,0,0,0,unknown
214002,795463,07/01/2023,06/30/2024,0.0,0.0,0.0,0.0,0.0,0.0,0.0,0,0,0,0,unknown
341305,795474,08/01/2023,07/31/2024,0.0,0.0,0.0,0.0,0.0,0.0,0.0,0,0,0,0,unknown
381322,795477,07/01/2023,06/30/2024,0.0,0.0,0.0,0.0,0.0,0.0,0.0,0,0,0,0,unknown
390333,795481,07/01/2023,06/30/2024,0.0,0.0,0.0,0.0,0.0,0.0,0.0,0,0,0,0,unknown
394020,795483,07/01/2023,06/30/2024,0.0,0.0,0.0,0.0,0.0,0.0,0.0,0,0,0,0,unknown
394056,795484,07/01/2023,06/30/2024,0.0,0.0,0.0,0.0,0.0,0.0,0.0,0,0,0,0,unknown
451379,795490,08/01/2023,07/31/2024,0.0,0.0,0.0,0.0,0.0,0.0,0.0,0,0,0,0,unknown
673080,795495,08/01/2023,07/31/2024,0.0,0.0,0.0,0.0,0.0,0.0,0.0,0,0,0,0,unknown
050283,795500,09/01/2023,08/31/2024,0.0,0.0,0.0,0.0,0.0,0.0,0.0,0,0,0,0,unknown
060028,795502,01/01/2023,12/31/2023,0.0,0.0,0.0,0.0,0.0,0.0,0.0,0,0,0,0,unknown
062013,795504,09/01/2023,08/31/2024,0.0,0.0,0.0,0.0,0.0,0.0,0.0,0,0,0,0,unknown
140290,795510,07/01/2023,06/30/2024,0.0,0.0,0.0,0.0,0.0,0.0,0.0,0,0,0,0,unknown
144021,795511,07/01/2023,06/30/2024,0.0,0.0,0.0,0.0,0.0,0.0,0.0,0,0,0,0,unknown
144031,795512,07/01/2023,06/30/2024,0.0,0.0,0.0,0.0,0.0,0.0,0.0,0,0,0,0,unknown
144037,795513,07/01/2023,06/30/2024,0.0,0.0,0.0,0.0,0.0,0.0,0.0,0,0,0,0,unknown
160032,795515,07/01/2023,06/30/2024,0.0,0.0,0.0,0.0,0.0,0.0,0.0,0,0,0,0,unknown
160040,795516,07/01/2023,06/30/2024,0.0,0.0,0.0,0.0,0.0,0.0,0.0,0,0,0,0,unknown
161337,795517,07/01/2023,06/30/2024,0.0,0.0,0.0,0.0,0.0,0.0,0.0,0,0,0,0,unknown
161364,795518,07/01/2023,06/30/2024,0.0,0.0,0.0,0.0,0.0,0.0,0.0,0,0,0,0,unknown
161380,795519,07/01/2023,06/30/2024,0.0,0.0,0.0,0.0,0.0,0.0,0.0,0,0,0,0,unknown
170203,795521,07/01/2023,06/30/2024,0.0,0.0,0.0,0.0,0.0,0.0,0.0,0,0,0,0,unknown
210024,795522,07/01/2023,06/30/2024,0.0,0.0,0.0,0.0,0.0,0.0,0.0,0,0,0,0,unknown
224040,795524,07/01/2023,06/30/2024,0.0,0.0,0.0,0.0,0.0,0.0,0.0,0,0,0,0,unknown
230156,795526,07/01/2023,06/30/2024,0.0,0.0,0.0,0.0,0.0,0.0,0.0,0,0,0,0,unknown
230222,795527,07/01/2023,06/30/2024,0.0,0.0,0.0,0.0,0.0,0.0,0.0,0,0,0,0,unknown
231321,795528,07/01/2023,06/30/2024,0.0,0.0,0.0,0.0,0.0,0.0,0.0,0,0,0,0,unknown
244017,795534,07/01/2023,06/30/2024,0.0,0.0,0.0,0.0,0.0,0.0,0.0,0,0,0,0,unknown
281323,795537,07/01/2023,06/30/2024,0.0,0.0,0.0,0.0,0.0,0.0,0.0,0,0,0,0,unknown
290022,795540,01/01/2023,07/11/2023,0.0,0.0,0.0,0.0,0.0,0.0,0.0,0,0,0,0,unknown
322002,795541,09/01/2023,08/31/2024,0.0,0.0,0.0,0.0,0.0,0.0,0.0,0,0,0,0,unknown
324014,795542,08/01/2023,07/31/2024,0.0,0.0,0.0,0.0,0.0,0.0,0.0,0,0,0,0,unknown
393038,795547,07/01/2023,06/30/2024,0.0,0.0,0.0,0.0,0.0,0.0,0.0,0,0,0,0,unknown
450210,795552,08/01/2023,07/31/2024,0.0,0.0,0.0,0.0,0.0,0.0,0.0,0,0,0,0,unknown
452046,795556,08/01/2023,07/31/2024,0.0,0.0,0.0,0.0,0.0,0.0,0.0,0,0,0,0,unknown
461307,795560,01/01/2023,12/31/2023,0.0,0.0,0.0,0.0,0.0,0.0,0.0,0,0,0,0,unknown
511315,795563,01/01/2023,12/31/2023,0.0,0.0,0.0,0.0,0.0,0.0,0.0,0,0,0,0,unknown
511320,795564,01/01/2023,12/31/2023,0.0,0.0,0.0,0.0,0.0,0.0,0.0,0,0,0,0,unknown
673041,795567,08/01/2023,07/31/2024,0.0,0.0,0.0,0.0,0.0,0.0,0.0,0,0,0,0,unknown
673081,795568,08/01/2023,07/31/2024,0.0,0.0,0.0,0.0,0.0,0.0,0.0,0,0,0,0,unknown
033042,795570,08/01/2023,07/31/2024,0.0,0.0,0.0,0.0,0.0,0.0,0.0,0,0,0,0,unknown
034013,795571,06/01/2023,05/31/2024,0.0,0.0,0.0,0.0,0.0,0.0,0.0,0,0,0,0,unknown
050457,795575,07/01/2023,07/31/2024,0.0,0.0,0.0,0.0,0.0,0.0,0.0,0,0,0,0,unknown
051333,795577,01/01/2023,12/31/2023,0.0,0.0,0.0,0.0,0.0,0.0,0.0,0,0,0,0,unknown
102022,795582,08/01/2023,07/31/2024,0.0,0.0,0.0,0.0,0.0,0.0,0.0,0,0,0,0,unknown
154014,795588,07/01/2023,06/30/2024,0.0,0.0,0.0,0.0,0.0,0.0,0.0,0,0,0,0,unknown
154031,795589,07/01/2023,06/30/2024,0.0,0.0,0.0,0.0,0.0,0.0,0.0,0,0,0,0,unknown
161373,795590,07/01/2023,06/30/2024,0.0,0.0,0.0,0.0,0.0,0.0,0.0,0,0,0,0,unknown
170200,795591,08/01/2023,07/31/2024,0.0,0.0,0.0,0.0,0.0,0.0,0.0,0,0,0,0,unknown
190079,795592,08/01/2023,07/31/2024,0.0,0.0,0.0,0.0,0.0,0.0,0.0,0,0,0,0,unknown
342015,795602,08/01/2023,07/31/2024,0.0,0.0,0.0,0.0,0.0,0.0,0.0,0,0,0,0,unknown
390142,795607,07/01/2023,06/30/2024,0.0,0.0,0.0,0.0,0.0,0.0,0.0,0,0,0,0,unknown
450107,795609,08/01/2023,07/31/2024,0.0,0.0,0.0,0.0,0.0,0.0,0.0,0,0,0,0,unknown
463301,795614,01/01/2023,12/31/2023,0.0,0.0,0.0,0.0,0.0,0.0,0.0,0,0,0,0,unknown
074015,795622,07/01/2023,06/30/2024,0.0,0.0,0.0,0.0,0.0,0.0,0.0,0,0,0,0,unknown
111333,795626,10/01/2022,09/30/2023,0.0,0.0,0.0,0.0,0.0,0.0,0.0,0,0,0,0,unknown
131307,795627,07/01/2023,06/30/2024,0.0,0.0,0.0,0.0,0.0,0.0,0.0,0,0,0,0,unknown
154011,795632,07/01/2023,06/30/2024,0.0,0.0,0.0,0.0,0.0,0.0,0.0,0,0,0,0,unknown
181330,795636,07/01/2023,06/30/2024,0.0,0.0,0.0,0.0,0.0,0.0,0.0,0,0,0,0,unknown
181332,795637,08/01/2023,07/31/2024,0.0,0.0,0.0,0.0,0.0,0.0,0.0,0,0,0,0,unknown
182002,795638,07/01/2023,06/30/2024,0.0,0.0,0.0,0.0,0.0,0.0,0.0,0,0,0,0,unknown
361311,795651,01/01/2023,12/31/2023,0.0,0.0,0.0,0.0,0.0,0.0,0.0,0,0,0,0,unknown
390049,795653,07/01/2023,06/30/2024,0.0,0.0,0.0,0.0,0.0,0.0,0.0,0,0,0,0,unknown
452097,795660,08/01/2023,07/31/2024,0.0,0.0,0.0,0.0,0.0,0.0,0.0,0,0,0,0,unknown
030037,795664,06/01/2023,05/31/2024,0.0,0.0,0.0,0.0,0.0,0.0,0.0,0,0,0,0,unknown
102019,795678,09/01/2023,08/31/2024,0.0,0.0,0.0,0.0,0.0,0.0,0.0,0,0,0,0,unknown
110028,795679,07/01/2023,06/30/2024,0.0,0.0,0.0,0.0,0.0,0.0,0.0,0,0,0,0,unknown
140258,795681,07/01/2023,06/30/2024,0.0,0.0,0.0,0.0,0.0,0.0,0.0,0,0,0,0,unknown
141335,795682,07/01/2023,06/30/2024,0.0,0.0,0.0,0.0,0.0,0.0,0.0,0,0,0,0,unknown
154035,795683,07/01/2023,06/30/2024,0.0,0.0,0.0,0.0,0.0,0.0,0.0,0,0,0,0,unknown
154050,795684,07/01/2023,06/30/2024,0.0,0.0,0.0,0.0,0.0,0.0,0.0,0,0,0,0,unknown
154052,795685,07/01/2023,06/30/2024,0.0,0.0,0.0,0.0,0.0,0.0,0.0,0,0,0,0,unknown
281303,795691,09/01/2023,08/31/2024,0.0,0.0,0.0,0.0,0.0,0.0,0.0,0,0,0,0,unknown
291307,795693,08/01/2023,07/31/2024,0.0,0.0,0.0,0.0,0.0,0.0,0.0,0,0,0,0,unknown
461333,795703,01/01/2023,12/31/2023,0.0,0.0,0.0,0.0,0.0,0.0,0.0,0,0,0,0,unknown
033045,795706,08/01/2023,07/31/2024,0.0,0.0,0.0,0.0,0.0,0.0,0.0,0,0,0,0,unknown
210015,795718,07/01/2023,06/30/2024,0.0,0.0,0.0,0.0,0.0,0.0,0.0,0,0,0,0,unknown
310083,795722,01/01/2023,12/31/2023,0.0,0.0,0.0,0.0,0.0,0.0,0.0,0,0,0,0,unknown
492009,795736,06/13/2023,07/31/2024,0.0,0.0,0.0,0.0,0.0,0.0,0.0,0,0,0,0,unknown
060009,795742,01/01/2023,12/31/2023,0.0,0.0,0.0,0.0,0.0,0.0,0.0,0,0,0,0,unknown
100321,795746,07/01/2023,06/30/2024,0.0,0.0,0.0,0.0,0.0,0.0,0.0,0,0,0,0,unknown
144010,795752,07/01/2023,06/30/2024,0.0,0.0,0.0,0.0,0.0,0.0,0.0,0,0,0,0,unknown
144038,795753,07/01/2023,06/30/2024,0.0,0.0,0.0,0.0,0.0,0.0,0.0,0,0,0,0,unknown
170142,795754,04/01/2023,03/31/2024,0.0,0.0,0.0,0.0,0.0,0.0,0.0,0,0,0,0,unknown
222003,795758,07/01/2023,06/30/2024,0.0,0.0,0.0,0.0,0.0,0.0,0.0,0,0,0,0,unknown
224001,795759,07/01/2023,06/30/2024,0.0,0.0,0.0,0.0,0.0,0.0,0.0,0,0,0,0,unknown
234045,795761,09/01/2023,08/31/2024,0.0,0.0,0.0,0.0,0.0,0.0,0.0,0,0,0,0,unknown
444029,795787,08/01/2023,07/31/2024,0.0,0.0,0.0,0.0,0.0,0.0,0.0,0,0,0,0,unknown
534001,795798,07/01/2023,06/30/2024,0.0,0.0,0.0,0.0,0.0,0.0,0.0,0,0,0,0,unknown
034031,795801,06/01/2023,05/31/2024,0.0,0.0,0.0,0.0,0.0,0.0,0.0,0,0,0,0,unknown
100040,795803,07/01/2023,06/30/2024,0.0,0.0,0.0,0.0,0.0,0.0,0.0,0,0,0,0,unknown
100361,795805,07/01/2023,06/30/2024,0.0,0.0,0.0,0.0,0.0,0.0,0.0,0,0,0,0,unknown
120022,795806,07/01/2023,06/30/2024,0.0,0.0,0.0,0.0,0.0,0.0,0.0,0,0,0,0,unknown
190036,795808,01/01/2023,12/31/2023,0.0,0.0,0.0,0.0,0.0,0.0,0.0,0,0,0,0,unknown
231320,795811,07/01/2023,06/30/2024,0.0,0.0,0.0,0.0,0.0,0.0,0.0,0,0,0,0,unknown
352004,795817,08/01/2023,07/31/2024,0.0,0.0,0.0,0.0,0.0,0.0,0.0,0,0,0,0,unknown
454152,795831,06/01/2023,05/31/2024,0.0,0.0,0.0,0.0,0.0,0.0,0.0,0,0,0,0,unknown
494022,795832,09/01/2023,08/31/2024,0.0,0.0,0.0,0.0,0.0,0.0,0.0,0,0,0,0,unknown
010024,795834,01/01/2023,12/31/2023,0.0,0.0,0.0,0.0,0.0,0.0,0.0,0,0,0,0,unknown
064023,795843,07/01/2023,06/30/2024,0.0,0.0,0.0,0.0,0.0,0.0,0.0,0,0,0,0,unknown
181321,795854,11/01/2022,10/31/2023,0.0,0.0,0.0,0.0,0.0,0.0,0.0,0,0,0,0,unknown
181323,795855,10/01/2022,09/30/2023,0.0,0.0,0.0,0.0,0.0,0.0,0.0,0,0,0,0,unknown
182010,795856,09/16/2023,06/30/2024,0.0,0.0,0.0,0.0,0.0,0.0,0.0,0,0,0,0,unknown
210002,795858,07/01/2023,01/31/2024,0.0,0.0,0.0,0.0,0.0,0.0,0.0,0,0,0,0,unknown
281335,795862,08/01/2023,07/31/2024,0.0,0.0,0.0,0.0,0.0,0.0,0.0,0,0,0,0,unknown
370049,795872,01/01/2023,12/31/2023,0.0,0.0,0.0,0.0,0.0,0.0,0.0,0,0,0,0,unknown
370178,795873,07/01/2023,06/30/2024,0.0,0.0,0.0,0.0,0.0,0.0,0.0,0,0,0,0,unknown
440010,795875,07/01/2023,06/30/2024,0.0,0.0,0.0,0.0,0.0,0.0,0.0,0,0,0,0,unknown
052046,795884,09/01/2023,08/31/2024,0.0,0.0,0.0,0.0,0.0,0.0,0.0,0,0,0,0,unknown
054152,795885,07/01/2023,06/30/2024,0.0,0.0,0.0,0.0,0.0,0.0,0.0,0,0,0,0,unknown
160058,795893,07/01/2023,06/30/2024,0.0,0.0,0.0,0.0,0.0,0.0,0.0,0,0,0,0,unknown
180088,795896,01/01/2023,12/31/2023,0.0,0.0,0.0,0.0,0.0,0.0,0.0,0,0,0,0,unknown
244013,795904,07/01/2023,06/30/2024,0.0,0.0,0.0,0.0,0.0,0.0,0.0,0,0,0,0,unknown
254009,795905,07/01/2023,06/30/2024,0.0,0.0,0.0,0.0,0.0,0.0,0.0,0,0,0,0,unknown
272001,795908,09/01/2023,08/31/2024,0.0,0.0,0.0,0.0,0.0,0.0,0.0,0,0,0,0,unknown
281363,795909,07/01/2023,06/30/2024,0.0,0.0,0.0,0.0,0.0,0.0,0.0,0,0,0,0,unknown
304000,795910,07/01/2023,06/30/2024,0.0,0.0,0.0,0.0,0.0,0.0,0.0,0,0,0,0,unknown
420073,795920,10/01/2022,09/30/2023,0.0,0.0,0.0,0.0,0.0,0.0,0.0,0,0,0,0,unknown
511317,795930,01/01/2023,03/31/2023,0.0,0.0,0.0,0.0,0.0,0.0,0.0,0,0,0,0,unknown
250031,795957,07/01/2023,06/30/2024,0.0,0.0,0.0,0.0,0.0,0.0,0.0,0,0,0,0,unknown
281352,795959,08/01/2023,07/31/2024,0.0,0.0,0.0,0.0,0.0,0.0,0.0,0,0,0,0,unknown
144028,795988,07/01/2023,06/30/2024,0.0,0.0,0.0,0.0,0.0,0.0,0.0,0,0,0,0,unknown
201307,795990,07/01/2023,06/30/2024,0.0,0.0,0.0,0.0,0.0,0.0,0.0,0,0,0,0,unknown
102018,796001,09/01/2023,08/31/2024,0.0,0.0,0.0,0.0,0.0,0.0,0.0,0,0,0,0,unknown
111326,796003,10/01/2022,09/30/2023,0.0,0.0,0.0,0.0,0.0,0.0,0.0,0,0,0,0,unknown
111332,796004,10/01/2022,09/30/2023,0.0,0.0,0.0,0.0,0.0,0.0,0.0,0,0,0,0,unknown
114016,796007,01/01/2023,12/31/2023,0.0,0.0,0.0,0.0,0.0,0.0,0.0,0,0,0,0,unknown
150048,796011,01/01/2023,12/31/2023,0.0,0.0,0.0,0.0,0.0,0.0,0.0,0,0,0,0,unknown
214004,796018,07/01/2023,06/30/2024,0.0,0.0,0.0,0.0,0.0,0.0,0.0,0,0,0,0,unknown
222027,796020,01/01/2023,12/31/2023,0.0,0.0,0.0,0.0,0.0,0.0,0.0,0,0,0,0,unknown
271347,796026,01/01/2023,12/31/2023,0.0,0.0,0.0,0.0,0.0,0.0,0.0,0,0,0,0,unknown
330219,796032,01/01/2023,12/31/2023,0.0,0.0,0.0,0.0,0.0,0.0,0.0,0,0,0,0,unknown
444025,796041,01/01/2023,12/31/2023,0.0,0.0,0.0,0.0,0.0,0.0,0.0,0,0,0,0,unknown
444030,796042,01/01/2023,12/31/2023,0.0,0.0,0.0,0.0,0.0,0.0,0.0,0,0,0,0,unknown
460026,796044,01/01/2023,12/31/2023,0.0,0.0,0.0,0.0,0.0,0.0,0.0,0,0,0,0,unknown
501992,796048,10/01/2022,09/30/2023,0.0,0.0,0.0,0.0,0.0,0.0,0.0,0,0,0,0,unknown
671301,796049,08/18/2023,09/30/2024,0.0,0.0,0.0,0.0,0.0,0.0,0.0,0,0,0,0,unknown
034040,796050,06/01/2023,05/31/2024,0.0,0.0,0.0,0.0,0.0,0.0,0.0,0,0,0,0,unknown
054149,796053,07/01/2023,06/30/2024,0.0,0.0,0.0,0.0,0.0,0.0,0.0,0,0,0,0,unknown
074003,796063,07/01/2023,06/30/2024,0.0,0.0,0.0,0.0,0.0,0.0,0.0,0,0,0,0,unknown
140001,796071,07/01/2023,06/30/2024,0.0,0.0,0.0,0.0,0.0,0.0,0.0,0,0,0,0,unknown
154021,796074,07/01/2023,06/30/2024,0.0,0.0,0.0,0.0,0.0,0.0,0.0,0,0,0,0,unknown
244015,796090,07/01/2023,06/30/2024,0.0,0.0,0.0,0.0,0.0,0.0,0.0,0,0,0,0,unknown
304001,796099,07/01/2023,06/30/2024,0.0,0.0,0.0,0.0,0.0,0.0,0.0,0,0,0,0,unknown
394040,796125,07/01/2023,06/30/2024,0.0,0.0,0.0,0.0,0.0,0.0,0.0,0,0,0,0,unknown
013025,796148,01/01/2023,12/31/2023,0.0,0.0,0.0,0.0,0.0,0.0,0.0,0,0,0,0,unknown
013028,796149,01/01/2023,12/31/2023,0.0,0.0,0.0,0.0,0.0,0.0,0.0,0,0,0,0,unknown
013032,796150,01/01/2023,12/31/2023,0.0,0.0,0.0,0.0,0.0,0.0,0.0,0,0,0,0,unknown
053031,796153,01/01/2023,12/31/2023,0.0,0.0,0.0,0.0,0.0,0.0,0.0,0,0,0,0,unknown
103028,796158,01/01/2023,12/31/2023,0.0,0.0,0.0,0.0,0.0,0.0,0.0,0,0,0,0,unknown
103033,796159,01/01/2023,12/31/2023,0.0,0.0,0.0,0.0,0.0,0.0,0.0,0,0,0,0,unknown
103034,796160,01/01/2023,12/31/2023,0.0,0.0,0.0,0.0,0.0,0.0,0.0,0,0,0,0,unknown
103037,796161,01/01/2023,12/31/2023,0.0,0.0,0.0,0.0,0.0,0.0,0.0,0,0,0,0,unknown
103038,796162,01/01/2023,12/31/2023,0.0,0.0,0.0,0.0,0.0,0.0,0.0,0,0,0,0,unknown
103040,796163,01/01/2023,12/31/2023,0.0,0.0,0.0,0.0,0.0,0.0,0.0,0,0,0,0,unknown
103042,796164,01/01/2023,12/31/2023,0.0,0.0,0.0,0.0,0.0,0.0,0.0,0,0,0,0,unknown
113032,796166,10/01/2022,09/30/2023,0.0,0.0,0.0,0.0,0.0,0.0,0.0,0,0,0,0,unknown
113034,796167,10/01/2022,09/30/2023,0.0,0.0,0.0,0.0,0.0,0.0,0.0,0,0,0,0,unknown
122001,796168,07/01/2023,06/30/2024,0.0,0.0,0.0,0.0,0.0,0.0,0.0,0,0,0,0,unknown
181304,796175,05/01/2023,04/30/2024,0.0,0.0,0.0,0.0,0.0,0.0,0.0,0,0,0,0,unknown
190026,796176,01/01/2023,12/31/2023,0.0,0.0,0.0,0.0,0.0,0.0,0.0,0,0,0,0,unknown
203025,796178,01/01/2023,12/31/2023,0.0,0.0,0.0,0.0,0.0,0.0,0.0,0,0,0,0,unknown
213028,796179,01/01/2023,12/31/2023,0.0,0.0,0.0,0.0,0.0,0.0,0.0,0,0,0,0,unknown
223030,796182,01/01/2023,12/31/2023,0.0,0.0,0.0,0.0,0.0,0.0,0.0,0,0,0,0,unknown
313029,796187,01/01/2023,12/31/2023,0.0,0.0,0.0,0.0,0.0,0.0,0.0,0,0,0,0,unknown
323027,796190,01/01/2023,12/31/2023,0.0,0.0,0.0,0.0,0.0,0.0,0.0,0,0,0,0,unknown
361329,796194,01/01/2023,12/31/2023,0.0,0.0,0.0,0.0,0.0,0.0,0.0,0,0,0,0,unknown
371311,796195,07/01/2023,06/30/2024,0.0,0.0,0.0,0.0,0.0,0.0,0.0,0,0,0,0,unknown
392025,796198,09/01/2023,08/31/2024,0.0,0.0,0.0,0.0,0.0,0.0,0.0,0,0,0,0,unknown
423025,796199,01/01/2023,12/31/2023,0.0,0.0,0.0,0.0,0.0,0.0,0.0,0,0,0,0,unknown
423026,796200,01/01/2023,12/31/2023,0.0,0.0,0.0,0.0,0.0,0.0,0.0,0,0,0,0,unknown
423027,796201,01/01/2023,12/31/2023,0.0,0.0,0.0,0.0,0.0,0.0,0.0,0,0,0,0,unknown
443029,796202,01/01/2023,12/31/2023,0.0,0.0,0.0,0.0,0.0,0.0,0.0,0,0,0,0,unknown
443031,796203,01/01/2023,12/31/2023,0.0,0.0,0.0,0.0,0.0,0.0,0.0,0,0,0,0,unknown
443033,796204,10/01/2022,09/30/2023,0.0,0.0,0.0,0.0,0.0,0.0,0.0,0,0,0,0,unknown
443036,796205,10/01/2022,09/30/2023,0.0,0.0,0.0,0.0,0.0,0.0,0.0,0,0,0,0,unknown
450431,796208,01/01/2023,12/31/2023,0.0,0.0,0.0,0.0,0.0,0.0,0.0,0,0,0,0,unknown
454093,796220,09/01/2023,08/31/2024,0.0,0.0,0.0,0.0,0.0,0.0,0.0,0,0,0,0,unknown
463025,796221,01/01/2023,12/31/2023,0.0,0.0,0.0,0.0,0.0,0.0,0.0,0,0,0,0,unknown
493029,796222,01/01/2023,12/31/2023,0.0,0.0,0.0,0.0,0.0,0.0,0.0,0,0,0,0,unknown
673072,796232,09/01/2023,08/31/2024,0.0,0.0,0.0,0.0,0.0,0.0,0.0,0,0,0,0,unknown
134009,796243,07/01/2023,06/30/2024,0.0,0.0,0.0,0.0,0.0,0.0,0.0,0,0,0,0,unknown
334043,796259,04/01/2023,03/31/2024,0.0,0.0,0.0,0.0,0.0,0.0,0.0,0,0,0,0,unknown
334052,796260,04/01/2023,03/31/2024,0.0,0.0,0.0,0.0,0.0,0.0,0.0,0,0,0,0,unknown
341316,796262,12/01/2022,11/30/2023,0.0,0.0,0.0,0.0,0.0,0.0,0.0,0,0,0,0,unknown
343027,796264,10/01/2022,09/30/2023,0.0,0.0,0.0,0.0,0.0,0.0,0.0,0,0,0,0,unknown
374006,796273,07/01/2023,06/30/2024,0.0,0.0,0.0,0.0,0.0,0.0,0.0,0,0,0,0,unknown
390195,796274,07/01/2023,06/30/2024,0.0,0.0,0.0,0.0,0.0,0.0,0.0,0,0,0,0,unknown
423032,796275,10/01/2022,09/30/2023,0.0,0.0,0.0,0.0,0.0,0.0,0.0,0,0,0,0,unknown
423033,796276,10/01/2022,09/30/2023,0.0,0.0,0.0,0.0,0.0,0.0,0.0,0,0,0,0,unknown
423035,796277,10/01/2022,09/30/2023,0.0,0.0,0.0,0.0,0.0,0.0,0.0,0,0,0,0,unknown
513030,796311,01/01/2023,12/31/2023,0.0,0.0,0.0,0.0,0.0,0.0,0.0,0,0,0,0,unknown
010011,796313,07/01/2023,06/30/2024,0.0,0.0,0.0,0.0,0.0,0.0,0.0,0,0,0,0,unknown
010056,796314,07/01/2023,06/30/2024,0.0,0.0,0.0,0.0,0.0,0.0,0.0,0,0,0,0,unknown
010130,796315,07/01/2023,06/30/2024,0.0,0.0,0.0,0.0,0.0,0.0,0.0,0,0,0,0,unknown
010173,796317,07/01/2023,06/30/2024,0.0,0.0,0.0,0.0,0.0,0.0,0.0,0,0,0,0,unknown
011305,796318,07/01/2023,06/30/2024,0.0,0.0,0.0,0.0,0.0,0.0,0.0,0,0,0,0,unknown
043032,796322,01/01/2023,12/31/2023,0.0,0.0,0.0,0.0,0.0,0.0,0.0,0,0,0,0,unknown
190046,796339,01/01/2023,12/31/2023,0.0,0.0,0.0,0.0,0.0,0.0,0.0,0,0,0,0,unknown
224039,796345,01/01/2023,12/31/2023,0.0,0.0,0.0,0.0,0.0,0.0,0.0,0,0,0,0,unknown
250017,796347,07/01/2023,06/30/2024,0.0,0.0,0.0,0.0,0.0,0.0,0.0,0,0,0,0,unknown
300019,796355,07/01/2023,06/30/2024,0.0,0.0,0.0,0.0,0.0,0.0,0.0,0,0,0,0,unknown
300034,796357,10/01/2022,09/30/2023,0.0,0.0,0.0,0.0,0.0,0.0,0.0,0,0,0,0,unknown
334013,796364,04/01/2023,03/31/2024,0.0,0.0,0.0,0.0,0.0,0.0,0.0,0,0,0,0,unknown
334015,796365,04/01/2023,03/31/2024,0.0,0.0,0.0,0.0,0.0,0.0,0.0,0,0,0,0,unknown
340195,796367,08/11/2023,12/31/2023,0.0,0.0,0.0,0.0,0.0,0.0,0.0,0,0,0,0,unknown
351325,796368,07/01/2023,06/30/2024,0.0,0.0,0.0,0.0,0.0,0.0,0.0,0,0,0,0,unknown
372018,796376,09/01/2023,08/31/2024,0.0,0.0,0.0,0.0,0.0,0.0,0.0,0,0,0,0,unknown
510058,796416,01/01/2023,12/31/2023,0.0,0.0,0.0,0.0,0.0,0.0,0.0,0,0,0,0,unknown
673057,796420,09/01/2023,08/31/2024,0.0,0.0,0.0,0.0,0.0,0.0,0.0,0,0,0,0,unknown
053034,796430,01/01/2023,12/31/2023,0.0,0.0,0.0,0.0,0.0,0.0,0.0,0,0,0,0,unknown
193067,796445,08/01/2023,07/31/2024,0.0,0.0,0.0,0.0,0.0,0.0,0.0,0,0,0,0,unknown
223026,796447,01/01/2023,12/31/2023,0.0,0.0,0.0,0.0,0.0,0.0,0.0,0,0,0,0,unknown
292004,796454,09/01/2023,08/31/2024,0.0,0.0,0.0,0.0,0.0,0.0,0.0,0,0,0,0,unknown
292006,796455,09/01/2023,08/31/2024,0.0,0.0,0.0,0.0,0.0,0.0,0.0,0,0,0,0,unknown
293026,796456,01/01/2023,12/31/2023,0.0,0.0,0.0,0.0,0.0,0.0,0.0,0,0,0,0,unknown
293033,796457,01/01/2023,12/31/2023,0.0,0.0,0.0,0.0,0.0,0.0,0.0,0,0,0,0,unknown
452090,796491,09/01/2023,08/31/2024,0.0,0.0,0.0,0.0,0.0,0.0,0.0,0,0,0,0,unknown
521317,796496,07/01/2023,06/30/2024,0.0,0.0,0.0,0.0,0.0,0.0,0.0,0,0,0,0,unknown
012010,796501,09/01/2023,08/31/2024,0.0,0.0,0.0,0.0,0.0,0.0,0.0,0,0,0,0,unknown
012011,796502,09/01/2023,08/31/2024,0.0,0.0,0.0,0.0,0.0,0.0,0.0,0,0,0,0,unknown
030121,796510,07/01/2023,06/30/2024,0.0,0.0,0.0,0.0,0.0,0.0,0.0,0,0,0,0,unknown
054146,796520,07/01/2023,06/30/2024,0.0,0.0,0.0,0.0,0.0,0.0,0.0,0,0,0,0,unknown
062014,796521,09/01/2023,08/31/2024,0.0,0.0,0.0,0.0,0.0,0.0,0.0,0,0,0,0,unknown
103045,796530,01/01/2023,12/31/2023,0.0,0.0,0.0,0.0,0.0,0.0,0.0,0,0,0,0,unknown
144016,796533,07/01/2023,06/30/2024,0.0,0.0,0.0,0.0,0.0,0.0,0.0,0,0,0,0,unknown
150015,796534,01/01/2023,12/31/2023,0.0,0.0,0.0,0.0,0.0,0.0,0.0,0,0,0,0,unknown
241339,796547,07/01/2023,06/30/2024,0.0,0.0,0.0,0.0,0.0,0.0,0.0,0,0,0,0,unknown
450203,796580,10/01/2022,09/30/2023,0.0,0.0,0.0,0.0,0.0,0.0,0.0,0,0,0,0,unknown
451371,796585,07/01/2023,06/30/2024,0.0,0.0,0.0,0.0,0.0,0.0,0.0,0,0,0,0,unknown
102012,796616,09/01/2023,08/31/2024,0.0,0.0,0.0,0.0,0.0,0.0,0.0,0,0,0,0,unknown
132002,796625,09/01/2023,08/31/2024,0.0,0.0,0.0,0.0,0.0,0.0,0.0,0,0,0,0,unknown
142013,796626,09/01/2023,08/31/2024,0.0,0.0,0.0,0.0,0.0,0.0,0.0,0,0,0,0,unknown
150084,796627,07/01/2023,06/30/2024,0.0,0.0,0.0,0.0,0.0,0.0,0.0,0,0,0,0,unknown
192032,796637,09/01/2023,08/31/2024,0.0,0.0,0.0,0.0,0.0,0.0,0.0,0,0,0,0,unknown
222002,796641,09/01/2023,08/31/2024,0.0,0.0,0.0,0.0,0.0,0.0,0.0,0,0,0,0,unknown
232037,796642,01/01/2023,06/30/2023,0.0,0.0,0.0,0.0,0.0,0.0,0.0,0,0,0,0,unknown
342013,796658,09/01/2023,08/31/2024,0.0,0.0,0.0,0.0,0.0,0.0,0.0,0,0,0,0,unknown
362028,796660,09/01/2023,08/31/2024,0.0,0.0,0.0,0.0,0.0,0.0,0.0,0,0,0,0,unknown
372004,796673,09/01/2023,08/31/2024,0.0,0.0,0.0,0.0,0.0,0.0,0.0,0,0,0,0,unknown
440053,796682,07/01/2023,06/30/2024,0.0,0.0,0.0,0.0,0.0,0.0,0.0,0,0,0,0,unknown
440082,796683,07/01/2023,06/30/2024,0.0,0.0,0.0,0.0,0.0,0.0,0.0,0,0,0,0,unknown
440148,796684,07/01/2023,06/30/2024,0.0,0.0,0.0,0.0,0.0,0.0,0.0,0,0,0,0,unknown
440151,796685,07/01/2023,06/30/2024,0.0,0.0,0.0,0.0,0.0,0.0,0.0,0,0,0,0,unknown
440200,796686,07/01/2023,06/30/2024,0.0,0.0,0.0,0.0,0.0,0.0,0.0,0,0,0,0,unknown
441300,796687,07/01/2023,06/30/2024,0.0,0.0,0.0,0.0,0.0,0.0,0.0,0,0,0,0,unknown
441303,796688,07/01/2023,06/30/2024,0.0,0.0,0.0,0.0,0.0,0.0,0.0,0,0,0,0,unknown
451365,796704,07/01/2023,06/30/2024,0.0,0.0,0.0,0.0,0.0,0.0,0.0,0,0,0,0,unknown
453056,796705,01/01/2023,12/31/2023,0.0,0.0,0.0,0.0,0.0,0.0,0.0,0,0,0,0,unknown
490017,796707,09/01/2023,08/31/2024,0.0,0.0,0.0,0.0,0.0,0.0,0.0,0,0,0,0,unknown
490041,796708,09/01/2023,08/31/2024,0.0,0.0,0.0,0.0,0.0,0.0,0.0,0,0,0,0,unknown
490059,796710,09/01/2023,08/31/2024,0.0,0.0,0.0,0.0,0.0,0.0,0.0,0,0,0,0,unknown
490069,796711,09/01/2023,08/31/2024,0.0,0.0,0.0,0.0,0.0,0.0,0.0,0,0,0,0,unknown
490094,796712,09/01/2023,08/31/2024,0.0,0.0,0.0,0.0,0.0,0.0,0.0,0,0,0,0,unknown
490136,796714,09/01/2023,08/31/2024,0.0,0.0,0.0,0.0,0.0,0.0,0.0,0,0,0,0,unknown
523025,796716,07/01/2023,06/30/2024,0.0,0.0,0.0,0.0,0.0,0.0,0.0,0,0,0,0,unknown
673039,796718,01/01/2023,12/31/2023,0.0,0.0,0.0,0.0,0.0,0.0,0.0,0,0,0,0,unknown
053040,796737,10/01/2022,09/30/2023,0.0,0.0,0.0,0.0,0.0,0.0,0.0,0,0,0,0,unknown
141300,796743,09/01/2023,08/31/2024,0.0,0.0,0.0,0.0,0.0,0.0,0.0,0,0,0,0,unknown
154008,796744,07/01/2023,06/30/2024,0.0,0.0,0.0,0.0,0.0,0.0,0.0,0,0,0,0,unknown
154018,796745,07/01/2023,06/30/2024,0.0,0.0,0.0,0.0,0.0,0.0,0.0,0,0,0,0,unknown
154019,796746,07/01/2023,06/30/2024,0.0,0.0,0.0,0.0,0.0,0.0,0.0,0,0,0,0,unknown
154056,796747,07/01/2023,06/30/2024,0.0,0.0,0.0,0.0,0.0,0.0,0.0,0,0,0,0,unknown
192015,796755,09/01/2023,08/31/2024,0.0,0.0,0.0,0.0,0.0,0.0,0.0,0,0,0,0,unknown
210011,796757,07/01/2023,06/30/2024,0.0,0.0,0.0,0.0,0.0,0.0,0.0,0,0,0,0,unknown
293032,796769,01/01/2023,12/31/2023,0.0,0.0,0.0,0.0,0.0,0.0,0.0,0,0,0,0,unknown
372007,796773,09/01/2023,08/31/2024,0.0,0.0,0.0,0.0,0.0,0.0,0.0,0,0,0,0,unknown
374001,796774,07/01/2023,06/30/2024,0.0,0.0,0.0,0.0,0.0,0.0,0.0,0,0,0,0,unknown
452059,796788,09/01/2023,08/31/2024,0.0,0.0,0.0,0.0,0.0,0.0,0.0,0,0,0,0,unknown
452061,796789,09/01/2023,08/31/2024,0.0,0.0,0.0,0.0,0.0,0.0,0.0,0,0,0,0,unknown
491308,796796,09/01/2023,08/31/2024,0.0,0.0,0.0,0.0,0.0,0.0,0.0,0,0,0,0,unknown
504008,796798,07/01/2023,06/30/2024,0.0,0.0,0.0,0.0,0.0,0.0,0.0,0,0,0,0,unknown
670780,796802,09/01/2023,08/31/2024,0.0,0.0,0.0,0.0,0.0,0.0,0.0,0,0,0,0,unknown
713025,796803,09/01/2023,08/31/2024,0.0,0.0,0.0,0.0,0.0,0.0,0.0,0,0,0,0,unknown
060014,796811,09/01/2023,08/31/2024,0.0,0.0,0.0,0.0,0.0,0.0,0.0,0,0,0,0,unknown
110082,796818,09/01/2023,08/31/2024,0.0,0.0,0.0,0.0,0.0,0.0,0.0,0,0,0,0,unknown
110226,796819,09/01/2023,08/31/2024,0.0,0.0,0.0,0.0,0.0,0.0,0.0,0,0,0,0,unknown
110230,796820,09/01/2023,08/31/2024,0.0,0.0,0.0,0.0,0.0,0.0,0.0,0,0,0,0,unknown
112006,796821,09/01/2023,08/31/2024,0.0,0.0,0.0,0.0,0.0,0.0,0.0,0,0,0,0,unknown
112018,796822,09/01/2023,08/31/2024,0.0,0.0,0.0,0.0,0.0,0.0,0.0,0,0,0,0,unknown
113031,796823,09/01/2023,08/31/2024,0.0,0.0,0.0,0.0,0.0,0.0,0.0,0,0,0,0,unknown
133028,796824,10/01/2022,09/30/2023,0.0,0.0,0.0,0.0,0.0,0.0,0.0,0,0,0,0,unknown
193031,796832,01/01/2023,12/31/2023,0.0,0.0,0.0,0.0,0.0,0.0,0.0,0,0,0,0,unknown
231326,796835,01/01/2023,06/30/2023,0.0,0.0,0.0,0.0,0.0,0.0,0.0,0,0,0,0,unknown
244011,796839,07/01/2023,06/30/2024,0.0,0.0,0.0,0.0,0.0,0.0,0.0,0,0,0,0,unknown
252003,796843,09/01/2023,08/31/2024,0.0,0.0,0.0,0.0,0.0,0.0,0.0,0,0,0,0,unknown
312017,796848,09/01/2023,08/31/2024,0.0,0.0,0.0,0.0,0.0,0.0,0.0,0,0,0,0,unknown
371306,796853,07/01/2023,06/30/2024,0.0,0.0,0.0,0.0,0.0,0.0,0.0,0,0,0,0,unknown
373034,796855,10/01/2022,09/30/2023,0.0,0.0,0.0,0.0,0.0,0.0,0.0,0,0,0,0,unknown
390025,796856,07/01/2023,06/30/2024,0.0,0.0,0.0,0.0,0.0,0.0,0.0,0,0,0,0,unknown
450056,796866,07/01/2023,06/30/2024,0.0,0.0,0.0,0.0,0.0,0.0,0.0,0,0,0,0,unknown
450124,796867,07/01/2023,06/30/2024,0.0,0.0,0.0,0.0,0.0,0.0,0.0,0,0,0,0,unknown
673079,796875,10/01/2022,09/30/2023,0.0,0.0,0.0,0.0,0.0,0.0,0.0,0,0,0,0,unknown
012012,796879,09/01/2023,08/31/2024,0.0,0.0,0.0,0.0,0.0,0.0,0.0,0,0,0,0,unknown
083026,796885,10/01/2022,09/30/2023,0.0,0.0,0.0,0.0,0.0,0.0,0.0,0,0,0,0,unknown
102001,796889,09/01/2023,08/31/2024,0.0,0.0,0.0,0.0,0.0,0.0,0.0,0,0,0,0,unknown
103043,796890,01/01/2023,12/31/2023,0.0,0.0,0.0,0.0,0.0,0.0,0.0,0,0,0,0,unknown
110076,796893,09/01/2023,08/31/2024,0.0,0.0,0.0,0.0,0.0,0.0,0.0,0,0,0,0,unknown
110078,796894,09/01/2023,08/31/2024,0.0,0.0,0.0,0.0,0.0,0.0,0.0,0,0,0,0,unknown
150037,796899,01/01/2023,12/31/2023,0.0,0.0,0.0,0.0,0.0,0.0,0.0,0,0,0,0,unknown
150089,796900,01/01/2023,12/31/2023,0.0,0.0,0.0,0.0,0.0,0.0,0.0,0,0,0,0,unknown
151301,796901,07/01/2023,06/30/2024,0.0,0.0,0.0,0.0,0.0,0.0,0.0,0,0,0,0,unknown
151303,796902,07/01/2023,06/30/2024,0.0,0.0,0.0,0.0,0.0,0.0,0.0,0,0,0,0,unknown
151307,796903,07/01/2023,06/30/2024,0.0,0.0,0.0,0.0,0.0,0.0,0.0,0,0,0,0,unknown
151308,796904,07/01/2023,06/30/2024,0.0,0.0,0.0,0.0,0.0,0.0,0.0,0,0,0,0,unknown
151314,796905,07/01/2023,06/30/2024,0.0,0.0,0.0,0.0,0.0,0.0,0.0,0,0,0,0,unknown
151325,796906,07/01/2023,06/30/2024,0.0,0.0,0.0,0.0,0.0,0.0,0.0,0,0,0,0,unknown
231327,796923,01/01/2023,06/30/2023,0.0,0.0,0.0,0.0,0.0,0.0,0.0,0,0,0,0,unknown
244005,796928,07/01/2023,06/30/2024,0.0,0.0,0.0,0.0,0.0,0.0,0.0,0,0,0,0,unknown
244012,796929,07/01/2023,06/30/2024,0.0,0.0,0.0,0.0,0.0,0.0,0.0,0,0,0,0,unknown
244014,796930,07/01/2023,06/30/2024,0.0,0.0,0.0,0.0,0.0,0.0,0.0,0,0,0,0,unknown
250134,796931,07/01/2023,06/30/2024,0.0,0.0,0.0,0.0,0.0,0.0,0.0,0,0,0,0,unknown
261308,796934,09/01/2023,08/31/2024,0.0,0.0,0.0,0.0,0.0,0.0,0.0,0,0,0,0,unknown
310039,796938,01/01/2023,12/31/2023,0.0,0.0,0.0,0.0,0.0,0.0,0.0,0,0,0,0,unknown
310108,796940,01/01/2023,12/31/2023,0.0,0.0,0.0,0.0,0.0,0.0,0.0,0,0,0,0,unknown
330011,796941,07/01/2023,06/30/2024,0.0,0.0,0.0,0.0,0.0,0.0,0.0,0,0,0,0,unknown
330141,796942,09/01/2023,08/31/2024,0.0,0.0,0.0,0.0,0.0,0.0,0.0,0,0,0,0,unknown
334053,796943,04/01/2023,03/31/2024,0.0,0.0,0.0,0.0,0.0,0.0,0.0,0,0,0,0,unknown
334063,796944,04/01/2023,03/31/2024,0.0,0.0,0.0,0.0,0.0,0.0,0.0,0,0,0,0,unknown
340115,796946,10/01/2022,09/30/2023,0.0,0.0,0.0,0.0,0.0,0.0,0.0,0,0,0,0,unknown
362029,796953,09/01/2023,08/31/2024,0.0,0.0,0.0,0.0,0.0,0.0,0.0,0,0,0,0,unknown
372019,796957,09/01/2023,08/31/2024,0.0,0.0,0.0,0.0,0.0,0.0,0.0,0,0,0,0,unknown
372022,796958,09/01/2023,08/31/2024,0.0,0.0,0.0,0.0,0.0,0.0,0.0,0,0,0,0,unknown
392045,796960,09/01/2023,08/31/2024,0.0,0.0,0.0,0.0,0.0,0.0,0.0,0,0,0,0,unknown
394033,796961,07/01/2023,06/30/2024,0.0,0.0,0.0,0.0,0.0,0.0,0.0,0,0,0,0,unknown
422004,796962,10/01/2022,09/30/2023,0.0,0.0,0.0,0.0,0.0,0.0,0.0,0,0,0,0,unknown
422005,796963,09/01/2023,08/31/2024,0.0,0.0,0.0,0.0,0.0,0.0,0.0,0,0,0,0,unknown
450788,796967,09/01/2023,08/31/2024,0.0,0.0,0.0,0.0,0.0,0.0,0.0,0,0,0,0,unknown
452029,796968,09/01/2023,08/31/2024,0.0,0.0,0.0,0.0,0.0,0.0,0.0,0,0,0,0,unknown
452101,796970,09/01/2023,08/31/2024,0.0,0.0,0.0,0.0,0.0,0.0,0.0,0,0,0,0,unknown
454094,796972,09/01/2023,08/31/2024,0.0,0.0,0.0,0.0,0.0,0.0,0.0,0,0,0,0,unknown
460017,796973,09/01/2023,08/31/2024,0.0,0.0,0.0,0.0,0.0,0.0,0.0,0,0,0,0,unknown
512002,796975,09/01/2023,08/31/2024,0.0,0.0,0.0,0.0,0.0,0.0,0.0,0,0,0,0,unknown
673066,796976,10/01/2022,09/30/2023,0.0,0.0,0.0,0.0,0.0,0.0,0.0,0,0,0,0,unknown
012008,796977,09/01/2023,08/31/2024,0.0,0.0,0.0,0.0,0.0,0.0,0.0,0,0,0,0,unknown
012009,796978,09/01/2023,08/31/2024,0.0,0.0,0.0,0.0,0.0,0.0,0.0,0,0,0,0,unknown
034033,796979,09/01/2023,06/30/2024,0.0,0.0,0.0,0.0,0.0,0.0,0.0,0,0,0,0,unknown
050441,796982,09/01/2023,08/31/2024,0.0,0.0,0.0,0.0,0.0,0.0,0.0,0,0,0,0,unknown
050492,796983,09/01/2023,08/31/2024,0.0,0.0,0.0,0.0,0.0,0.0,0.0,0,0,0,0,unknown
054133,796988,07/01/2023,06/30/2024,0.0,0.0,0.0,0.0,0.0,0.0,0.0,0,0,0,0,unknown
150017,796999,07/01/2023,06/30/2024,0.0,0.0,0.0,0.0,0.0,0.0,0.0,0,0,0,0,unknown
161358,797001,07/01/2023,06/30/2024,0.0,0.0,0.0,0.0,0.0,0.0,0.0,0,0,0,0,unknown
180049,797004,09/01/2023,08/31/2024,0.0,0.0,0.0,0.0,0.0,0.0,0.0,0,0,0,0,unknown
182004,797009,09/01/2023,08/31/2024,0.0,0.0,0.0,0.0,0.0,0.0,0.0,0,0,0,0,unknown
183028,797011,01/01/2023,12/31/2023,0.0,0.0,0.0,0.0,0.0,0.0,0.0,0,0,0,0,unknown
193093,797014,09/01/2023,08/31/2024,0.0,0.0,0.0,0.0,0.0,0.0,0.0,0,0,0,0,unknown
292007,797020,09/01/2023,08/31/2024,0.0,0.0,0.0,0.0,0.0,0.0,0.0,0,0,0,0,unknown
334020,797024,04/01/2023,03/31/2024,0.0,0.0,0.0,0.0,0.0,0.0,0.0,0,0,0,0,unknown
363034,797032,10/01/2022,09/30/2023,0.0,0.0,0.0,0.0,0.0,0.0,0.0,0,0,0,0,unknown
363038,797033,09/01/2023,08/31/2024,0.0,0.0,0.0,0.0,0.0,0.0,0.0,0,0,0,0,unknown
364011,797034,07/01/2023,06/30/2024,0.0,0.0,0.0,0.0,0.0,0.0,0.0,0,0,0,0,unknown
450054,797038,09/01/2023,08/31/2024,0.0,0.0,0.0,0.0,0.0,0.0,0.0,0,0,0,0,unknown
450076,797039,09/01/2023,08/31/2024,0.0,0.0,0.0,0.0,0.0,0.0,0.0,0,0,0,0,unknown
450143,797040,07/01/2023,06/30/2024,0.0,0.0,0.0,0.0,0.0,0.0,0.0,0,0,0,0,unknown
450867,797047,07/01/2023,06/30/2024,0.0,0.0,0.0,0.0,0.0,0.0,0.0,0,0,0,0,unknown
452032,797049,09/01/2023,08/31/2024,0.0,0.0,0.0,0.0,0.0,0.0,0.0,0,0,0,0,unknown
452060,797050,01/27/2023,08/31/2023,0.0,0.0,0.0,0.0,0.0,0.0,0.0,0,0,0,0,unknown
452086,797051,09/01/2023,08/31/2024,0.0,0.0,0.0,0.0,0.0,0.0,0.0,0,0,0,0,unknown
462004,797054,09/01/2023,05/18/2024,0.0,0.0,0.0,0.0,0.0,0.0,0.0,0,0,0,0,unknown
490116,797056,09/01/2023,08/31/2024,0.0,0.0,0.0,0.0,0.0,0.0,0.0,0,0,0,0,unknown
673050,797060,10/01/2022,09/30/2023,0.0,0.0,0.0,0.0,0.0,0.0,0.0,0,0,0,0,unknown
673065,797061,10/01/2022,09/30/2023,0.0,0.0,0.0,0.0,0.0,0.0,0.0,0,0,0,0,unknown
052031,797068,09/01/2023,08/31/2024,0.0,0.0,0.0,0.0,0.0,0.0,0.0,0,0,0,0,unknown
143027,797078,09/01/2023,08/31/2024,0.0,0.0,0.0,0.0,0.0,0.0,0.0,0,0,0,0,unknown
151309,797079,07/01/2023,06/30/2024,0.0,0.0,0.0,0.0,0.0,0.0,0.0,0,0,0,0,unknown
191308,797083,09/01/2023,08/31/2024,0.0,0.0,0.0,0.0,0.0,0.0,0.0,0,0,0,0,unknown
192008,797085,09/01/2023,08/31/2024,0.0,0.0,0.0,0.0,0.0,0.0,0.0,0,0,0,0,unknown
192011,797087,09/01/2023,08/31/2024,0.0,0.0,0.0,0.0,0.0,0.0,0.0,0,0,0,0,unknown
220086,797090,10/01/2022,09/30/2023,0.0,0.0,0.0,0.0,0.0,0.0,0.0,0,0,0,0,unknown
264004,797097,07/01/2023,06/30/2024,0.0,0.0,0.0,0.0,0.0,0.0,0.0,0,0,0,0,unknown
264007,797098,07/01/2023,06/30/2024,0.0,0.0,0.0,0.0,0.0,0.0,0.0,0,0,0,0,unknown
264010,797099,07/01/2023,06/30/2024,0.0,0.0,0.0,0.0,0.0,0.0,0.0,0,0,0,0,unknown
330214,797103,09/01/2023,08/31/2024,0.0,0.0,0.0,0.0,0.0,0.0,0.0,0,0,0,0,unknown
373038,797105,09/01/2023,08/31/2024,0.0,0.0,0.0,0.0,0.0,0.0,0.0,0,0,0,0,unknown
450865,797114,07/01/2023,06/30/2024,0.0,0.0,0.0,0.0,0.0,0.0,0.0,0,0,0,0,unknown
452042,797115,09/01/2023,04/10/2024,0.0,0.0,0.0,0.0,0.0,0.0,0.0,0,0,0,0,unknown
452083,797117,09/01/2023,08/31/2024,0.0,0.0,0.0,0.0,0.0,0.0,0.0,0,0,0,0,unknown
454076,797118,09/01/2023,08/31/2024,0.0,0.0,0.0,0.0,0.0,0.0,0.0,0,0,0,0,unknown
521300,797122,07/01/2023,06/30/2024,0.0,0.0,0.0,0.0,0.0,0.0,0.0,0,0,0,0,unknown
521339,797124,07/01/2023,06/30/2024,0.0,0.0,0.0,0.0,0.0,0.0,0.0,0,0,0,0,unknown
034025,797129,07/01/2023,06/30/2024,0.0,0.0,0.0,0.0,0.0,0.0,0.0,0,0,0,0,unknown
102029,797142,09/01/2023,08/31/2024,0.0,0.0,0.0,0.0,0.0,0.0,0.0,0,0,0,0,unknown
113036,797145,09/15/2023,09/30/2024,0.0,0.0,0.0,0.0,0.0,0.0,0.0,0,0,0,0,unknown
453301,797182,09/01/2023,08/31/2024,0.0,0.0,0.0,0.0,0.0,0.0,0.0,0,0,0,0,unknown
471304,797185,10/01/2022,09/30/2023,0.0,0.0,0.0,0.0,0.0,0.0,0.0,0,0,0,0,unknown
504002,797188,09/01/2023,08/31/2024,0.0,0.0,0.0,0.0,0.0,0.0,0.0,0,0,0,0,unknown
042004,797190,09/01/2023,08/31/2024,0.0,0.0,0.0,0.0,0.0,0.0,0.0,0,0,0,0,unknown
152013,797204,09/01/2023,08/31/2024,0.0,0.0,0.0,0.0,0.0,0.0,0.0,0,0,0,0,unknown
152025,797205,09/01/2023,08/31/2024,0.0,0.0,0.0,0.0,0.0,0.0,0.0,0,0,0,0,unknown
213030,797214,06/26/2023,09/30/2024,0.0,0.0,0.0,0.0,0.0,0.0,0.0,0,0,0,0,unknown
271326,797218,07/01/2023,06/30/2024,0.0,0.0,0.0,0.0,0.0,0.0,0.0,0,0,0,0,unknown
312022,797221,09/01/2023,08/31/2024,0.0,0.0,0.0,0.0,0.0,0.0,0.0,0,0,0,0,unknown
334001,797223,04/01/2023,03/31/2024,0.0,0.0,0.0,0.0,0.0,0.0,0.0,0,0,0,0,unknown
334012,797224,04/01/2023,03/31/2024,0.0,0.0,0.0,0.0,0.0,0.0,0.0,0,0,0,0,unknown
362022,797229,09/01/2023,08/31/2024,0.0,0.0,0.0,0.0,0.0,0.0,0.0,0,0,0,0,unknown
370218,797231,07/01/2023,06/30/2024,0.0,0.0,0.0,0.0,0.0,0.0,0.0,0,0,0,0,unknown
384008,797232,07/01/2023,06/30/2024,0.0,0.0,0.0,0.0,0.0,0.0,0.0,0,0,0,0,unknown
390219,797233,07/01/2023,06/30/2024,0.0,0.0,0.0,0.0,0.0,0.0,0.0,0,0,0,0,unknown
450229,797240,09/01/2023,08/31/2024,0.0,0.0,0.0,0.0,0.0,0.0,0.0,0,0,0,0,unknown
512005,797252,09/01/2023,08/31/2024,0.0,0.0,0.0,0.0,0.0,0.0,0.0,0,0,0,0,unknown
670112,797253,09/01/2023,08/31/2024,0.0,0.0,0.0,0.0,0.0,0.0,0.0,0,0,0,0,unknown
670265,797255,09/01/2023,08/31/2024,0.0,0.0,0.0,0.0,0.0,0.0,0.0,0,0,0,0,unknown
713028,797258,10/01/2022,09/30/2023,0.0,0.0,0.0,0.0,0.0,0.0,0.0,0,0,0,0,unknown
042006,797261,09/01/2023,08/31/2024,0.0,0.0,0.0,0.0,0.0,0.0,0.0,0,0,0,0,unknown
141330,797283,07/01/2023,06/30/2024,0.0,0.0,0.0,0.0,0.0,0.0,0.0,0,0,0,0,unknown
192035,797286,09/01/2023,08/31/2024,0.0,0.0,0.0,0.0,0.0,0.0,0.0,0,0,0,0,unknown
193092,797287,09/01/2023,08/31/2024,0.0,0.0,0.0,0.0,0.0,0.0,0.0,0,0,0,0,unknown
193097,797288,09/01/2023,08/31/2024,0.0,0.0,0.0,0.0,0.0,0.0,0.0,0,0,0,0,unknown
310001,797295,01/01/2023,12/31/2023,0.0,0.0,0.0,0.0,0.0,0.0,0.0,0,0,0,0,unknown
312023,797298,09/01/2023,08/31/2024,0.0,0.0,0.0,0.0,0.0,0.0,0.0,0,0,0,0,unknown
323028,797299,09/01/2023,08/31/2024,0.0,0.0,0.0,0.0,0.0,0.0,0.0,0,0,0,0,unknown
334060,797305,04/01/2023,03/31/2024,0.0,0.0,0.0,0.0,0.0,0.0,0.0,0,0,0,0,unknown
373037,797309,09/01/2023,08/31/2024,0.0,0.0,0.0,0.0,0.0,0.0,0.0,0,0,0,0,unknown
374008,797310,07/01/2023,06/30/2024,0.0,0.0,0.0,0.0,0.0,0.0,0.0,0,0,0,0,unknown
440081,797318,01/01/2023,12/31/2023,0.0,0.0,0.0,0.0,0.0,0.0,0.0,0,0,0,0,unknown
450033,797320,09/01/2023,08/31/2024,0.0,0.0,0.0,0.0,0.0,0.0,0.0,0,0,0,0,unknown
450044,797321,09/01/2023,08/31/2024,0.0,0.0,0.0,0.0,0.0,0.0,0.0,0,0,0,0,unknown
450403,797323,09/01/2023,08/31/2024,0.0,0.0,0.0,0.0,0.0,0.0,0.0,0,0,0,0,unknown
452034,797325,09/01/2023,08/31/2024,0.0,0.0,0.0,0.0,0.0,0.0,0.0,0,0,0,0,unknown
452044,797326,09/01/2023,08/31/2024,0.0,0.0,0.0,0.0,0.0,0.0,0.0,0,0,0,0,unknown
512003,797332,09/01/2023,08/31/2024,0.0,0.0,0.0,0.0,0.0,0.0,0.0,0,0,0,0,unknown
524002,797333,07/01/2023,06/30/2024,0.0,0.0,0.0,0.0,0.0,0.0,0.0,0,0,0,0,unknown
063030,797351,01/01/2023,12/31/2023,0.0,0.0,0.0,0.0,0.0,0.0,0.0,0,0,0,0,unknown
143026,797364,09/01/2023,08/31/2024,0.0,0.0,0.0,0.0,0.0,0.0,0.0,0,0,0,0,unknown
150100,797367,07/01/2023,06/30/2024,0.0,0.0,0.0,0.0,0.0,0.0,0.0,0,0,0,0,unknown
180080,797373,09/01/2023,08/31/2024,0.0,0.0,0.0,0.0,0.0,0.0,0.0,0,0,0,0,unknown
190164,797379,08/01/2023,07/31/2024,0.0,0.0,0.0,0.0,0.0,0.0,0.0,0,0,0,0,unknown
321312,797389,09/01/2023,08/31/2024,0.0,0.0,0.0,0.0,0.0,0.0,0.0,0,0,0,0,unknown
431318,797415,07/01/2023,06/30/2024,0.0,0.0,0.0,0.0,0.0,0.0,0.0,0,0,0,0,unknown
090003,797441,07/01/2023,12/31/2023,0.0,0.0,0.0,0.0,0.0,0.0,0.0,0,0,0,0,unknown
103048,797442,01/01/2023,12/31/2023,0.0,0.0,0.0,0.0,0.0,0.0,0.0,0,0,0,0,unknown
103055,797443,05/08/2023,12/31/2023,0.0,0.0,0.0,0.0,0.0,0.0,0.0,0,0,0,0,unknown
171330,797449,05/01/2023,04/30/2024,0.0,0.0,0.0,0.0,0.0,0.0,0.0,0,0,0,0,unknown
264005,797455,07/01/2023,06/30/2024,0.0,0.0,0.0,0.0,0.0,0.0,0.0,0,0,0,0,unknown
334048,797463,01/01/2023,12/31/2023,0.0,0.0,0.0,0.0,0.0,0.0,0.0,0,0,0,0,unknown
334054,797464,04/01/2023,03/31/2024,0.0,0.0,0.0,0.0,0.0,0.0,0.0,0,0,0,0,unknown
334061,797465,04/01/2023,03/31/2024,0.0,0.0,0.0,0.0,0.0,0.0,0.0,0,0,0,0,unknown
433300,797468,07/01/2023,06/30/2024,0.0,0.0,0.0,0.0,0.0,0.0,0.0,0,0,0,0,unknown
450101,797470,09/01/2023,08/31/2024,0.0,0.0,0.0,0.0,0.0,0.0,0.0,0,0,0,0,unknown
451350,797473,10/01/2022,09/30/2023,0.0,0.0,0.0,0.0,0.0,0.0,0.0,0,0,0,0,unknown
150044,797504,09/01/2023,08/31/2024,0.0,0.0,0.0,0.0,0.0,0.0,0.0,0,0,0,0,unknown
150088,797505,07/01/2023,06/30/2024,0.0,0.0,0.0,0.0,0.0,0.0,0.0,0,0,0,0,unknown
161327,797507,07/01/2023,06/30/2024,0.0,0.0,0.0,0.0,0.0,0.0,0.0,0,0,0,0,unknown
173026,797509,01/01/2023,12/31/2023,0.0,0.0,0.0,0.0,0.0,0.0,0.0,0,0,0,0,unknown
460013,797538,09/01/2023,08/31/2024,0.0,0.0,0.0,0.0,0.0,0.0,0.0,0,0,0,0,unknown
510055,797540,10/01/2022,09/30/2023,0.0,0.0,0.0,0.0,0.0,0.0,0.0,0,0,0,0,unknown
144034,797574,07/01/2023,06/30/2024,0.0,0.0,0.0,0.0,0.0,0.0,0.0,0,0,0,0,unknown
214020,797579,07/01/2023,06/30/2024,0.0,0.0,0.0,0.0,0.0,0.0,0.0,0,0,0,0,unknown
310112,797592,01/01/2023,12/31/2023,0.0,0.0,0.0,0.0,0.0,0.0,0.0,0,0,0,0,unknown
394043,797618,07/01/2023,06/30/2024,0.0,0.0,0.0,0.0,0.0,0.0,0.0,0,0,0,0,unknown
440125,797621,01/01/2023,12/31/2023,0.0,0.0,0.0,0.0,0.0,0.0,0.0,0,0,0,0,unknown
450644,797624,01/01/2023,12/31/2023,0.0,0.0,0.0,0.0,0.0,0.0,0.0,0,0,0,0,unknown
490145,797629,11/01/2022,10/31/2023,0.0,0.0,0.0,0.0,0.0,0.0,0.0,0,0,0,0,unknown
521358,797631,07/01/2023,06/30/2024,0.0,0.0,0.0,0.0,0.0,0.0,0.0,0,0,0,0,unknown
230117,797660,07/01/2023,06/30/2024,0.0,0.0,0.0,0.0,0.0,0.0,0.0,0,0,0,0,unknown
310073,797667,01/01/2023,12/31/2023,0.0,0.0,0.0,0.0,0.0,0.0,0.0,0,0,0,0,unknown
334003,797672,04/01/2023,03/31/2024,0.0,0.0,0.0,0.0,0.0,0.0,0.0,0,0,0,0,unknown
032002,797700,09/01/2023,08/31/2024,0.0,0.0,0.0,0.0,0.0,0.0,0.0,0,0,0,0,unknown
051327,797703,07/01/2023,06/30/2024,0.0,0.0,0.0,0.0,0.0,0.0,0.0,0,0,0,0,unknown
051337,797704,07/01/2023,06/30/2024,0.0,0.0,0.0,0.0,0.0,0.0,0.0,0,0,0,0,unknown
052032,797705,09/01/2023,08/31/2024,0.0,0.0,0.0,0.0,0.0,0.0,0.0,0,0,0,0,unknown
052033,797706,09/01/2023,08/31/2024,0.0,0.0,0.0,0.0,0.0,0.0,0.0,0,0,0,0,unknown
052034,797707,09/01/2023,08/31/2024,0.0,0.0,0.0,0.0,0.0,0.0,0.0,0,0,0,0,unknown
052036,797708,09/01/2023,08/31/2024,0.0,0.0,0.0,0.0,0.0,0.0,0.0,0,0,0,0,unknown
052043,797709,07/01/2023,09/05/2023,0.0,0.0,0.0,0.0,0.0,0.0,0.0,0,0,0,0,unknown
060049,797713,07/01/2023,09/30/2023,0.0,0.0,0.0,0.0,0.0,0.0,0.0,0,0,0,0,unknown
100154,797721,10/01/2022,09/30/2023,0.0,0.0,0.0,0.0,0.0,0.0,0.0,0,0,0,0,unknown
102013,797724,09/01/2023,08/31/2024,0.0,0.0,0.0,0.0,0.0,0.0,0.0,0,0,0,0,unknown
104001,797725,07/01/2023,06/30/2024,0.0,0.0,0.0,0.0,0.0,0.0,0.0,0,0,0,0,unknown
104059,797726,07/01/2023,06/30/2024,0.0,0.0,0.0,0.0,0.0,0.0,0.0,0,0,0,0,unknown
112004,797732,09/01/2023,08/31/2024,0.0,0.0,0.0,0.0,0.0,0.0,0.0,0,0,0,0,unknown
174016,797749,07/01/2023,06/30/2024,0.0,0.0,0.0,0.0,0.0,0.0,0.0,0,0,0,0,unknown
230254,797756,07/01/2023,06/30/2024,0.0,0.0,0.0,0.0,0.0,0.0,0.0,0,0,0,0,unknown
231315,797758,07/01/2023,06/30/2024,0.0,0.0,0.0,0.0,0.0,0.0,0.0,0,0,0,0,unknown
231328,797759,07/01/2023,06/30/2024,0.0,0.0,0.0,0.0,0.0,0.0,0.0,0,0,0,0,unknown
232034,797761,07/01/2023,06/30/2024,0.0,0.0,0.0,0.0,0.0,0.0,0.0,0,0,0,0,unknown
390137,797809,07/01/2023,06/30/2024,0.0,0.0,0.0,0.0,0.0,0.0,0.0,0,0,0,0,unknown
403027,797813,01/01/2023,12/31/2023,0.0,0.0,0.0,0.0,0.0,0.0,0.0,0,0,0,0,unknown
440192,797819,07/01/2023,06/30/2024,0.0,0.0,0.0,0.0,0.0,0.0,0.0,0,0,0,0,unknown
140002,797859,01/01/2023,12/31/2023,0.0,0.0,0.0,0.0,0.0,0.0,0.0,0,0,0,0,unknown
140239,797862,07/01/2023,06/30/2024,0.0,0.0,0.0,0.0,0.0,0.0,0.0,0,0,0,0,unknown
142006,797863,09/01/2023,08/31/2024,0.0,0.0,0.0,0.0,0.0,0.0,0.0,0,0,0,0,unknown
142008,797864,09/01/2023,08/31/2024,0.0,0.0,0.0,0.0,0.0,0.0,0.0,0,0,0,0,unknown
192010,797874,09/01/2023,08/31/2024,0.0,0.0,0.0,0.0,0.0,0.0,0.0,0,0,0,0,unknown
222046,797876,09/01/2023,08/31/2024,0.0,0.0,0.0,0.0,0.0,0.0,0.0,0,0,0,0,unknown
260032,797880,01/01/2023,12/31/2023,0.0,0.0,0.0,0.0,0.0,0.0,0.0,0,0,0,0,unknown
261337,797881,01/01/2023,12/31/2023,0.0,0.0,0.0,0.0,0.0,0.0,0.0,0,0,0,0,unknown
412001,797909,07/01/2023,06/30/2024,0.0,0.0,0.0,0.0,0.0,0.0,0.0,0,0,0,0,unknown
454158,797917,07/15/2023,06/30/2024,0.0,0.0,0.0,0.0,0.0,0.0,0.0,0,0,0,0,unknown
670320,797924,07/27/2023,07/26/2024,0.0,0.0,0.0,0.0,0.0,0.0,0.0,0,0,0,0,unknown
053306,797934,07/01/2023,06/30/2024,0.0,0.0,0.0,0.0,0.0,0.0,0.0,0,0,0,0,unknown
100298,797940,07/01/2023,06/30/2024,0.0,0.0,0.0,0.0,0.0,0.0,0.0,0,0,0,0,unknown
150046,797945,09/01/2023,08/31/2024,0.0,0.0,0.0,0.0,0.0,0.0,0.0,0,0,0,0,unknown
151334,797948,01/01/2023,12/31/2023,0.0,0.0,0.0,0.0,0.0,0.0,0.0,0,0,0,0,unknown
152007,797950,09/01/2023,08/31/2024,0.0,0.0,0.0,0.0,0.0,0.0,0.0,0,0,0,0,unknown
400122,797988,07/01/2023,06/30/2024,0.0,0.0,0.0,0.0,0.0,0.0,0.0,0,0,0,0,unknown
224007,798060,10/01/2022,09/30/2023,0.0,0.0,0.0,0.0,0.0,0.0,0.0,0,0,0,0,unknown
414000,798101,10/01/2022,09/30/2023,0.0,0.0,0.0,0.0,0.0,0.0,0.0,0,0,0,0,unknown
180139,798161,09/01/2023,08/31/2024,0.0,0.0,0.0,0.0,0.0,0.0,0.0,0,0,0,0,unknown
182001,798162,09/01/2023,08/31/2024,0.0,0.0,0.0,0.0,0.0,0.0,0.0,0,0,0,0,unknown
194025,798163,07/01/2023,06/30/2024,0.0,0.0,0.0,0.0,0.0,0.0,0.0,0,0,0,0,unknown
230019,798167,07/01/2023,06/30/2024,0.0,0.0,0.0,0.0,0.0,0.0,0.0,0,0,0,0,unknown
274004,798178,07/01/2023,06/30/2024,0.0,0.0,0.0,0.0,0.0,0.0,0.0,0,0,0,0,unknown
330013,798184,01/01/2023,12/31/2023,0.0,0.0,0.0,0.0,0.0,0.0,0.0,0,0,0,0,unknown
370158,798208,07/01/2023,06/30/2024,0.0,0.0,0.0,0.0,0.0,0.0,0.0,0,0,0,0,unknown
392028,798214,09/01/2023,08/31/2024,0.0,0.0,0.0,0.0,0.0,0.0,0.0,0,0,0,0,unknown
392043,798215,09/01/2023,08/31/2024,0.0,0.0,0.0,0.0,0.0,0.0,0.0,0,0,0,0,unknown
452016,798230,09/01/2023,08/31/2024,0.0,0.0,0.0,0.0,0.0,0.0,0.0,0,0,0,0,unknown
452028,798231,09/01/2023,08/31/2024,0.0,0.0,0.0,0.0,0.0,0.0,0.0,0,0,0,0,unknown
454121,798233,08/01/2023,07/31/2024,0.0,0.0,0.0,0.0,0.0,0.0,0.0,0,0,0,0,unknown
042008,798247,09/01/2023,08/31/2024,0.0,0.0,0.0,0.0,0.0,0.0,0.0,0,0,0,0,unknown
052052,798249,09/01/2023,08/31/2024,0.0,0.0,0.0,0.0,0.0,0.0,0.0,0,0,0,0,unknown
154009,798272,07/01/2023,06/30/2024,0.0,0.0,0.0,0.0,0.0,0.0,0.0,0,0,0,0,unknown
173034,798277,09/01/2023,08/31/2024,0.0,0.0,0.0,0.0,0.0,0.0,0.0,0,0,0,0,unknown
231305,798291,07/01/2023,06/30/2024,0.0,0.0,0.0,0.0,0.0,0.0,0.0,0,0,0,0,unknown
260108,798306,01/01/2023,12/31/2023,0.0,0.0,0.0,0.0,0.0,0.0,0.0,0,0,0,0,unknown
262010,798309,09/01/2023,08/31/2024,0.0,0.0,0.0,0.0,0.0,0.0,0.0,0,0,0,0,unknown
262018,798310,09/01/2023,08/31/2024,0.0,0.0,0.0,0.0,0.0,0.0,0.0,0,0,0,0,unknown
312020,798313,09/01/2023,08/31/2024,0.0,0.0,0.0,0.0,0.0,0.0,0.0,0,0,0,0,unknown
362020,798324,09/01/2023,08/31/2024,0.0,0.0,0.0,0.0,0.0,0.0,0.0,0,0,0,0,unknown
362026,798325,09/01/2023,08/31/2024,0.0,0.0,0.0,0.0,0.0,0.0,0.0,0,0,0,0,unknown
394051,798332,07/01/2023,06/30/2024,0.0,0.0,0.0,0.0,0.0,0.0,0.0,0,0,0,0,unknown
430093,798339,07/01/2023,06/30/2024,0.0,0.0,0.0,0.0,0.0,0.0,0.0,0,0,0,0,unknown
444033,798342,09/01/2023,08/31/2024,0.0,0.0,0.0,0.0,0.0,0.0,0.0,0,0,0,0,unknown
450587,798348,09/01/2023,08/31/2024,0.0,0.0,0.0,0.0,0.0,0.0,0.0,0,0,0,0,unknown
490019,798359,07/01/2023,06/30/2024,0.0,0.0,0.0,0.0,0.0,0.0,0.0,0,0,0,0,unknown
490024,798360,10/01/2022,09/30/2023,0.0,0.0,0.0,0.0,0.0,0.0,0.0,0,0,0,0,unknown
490144,798366,07/01/2023,06/30/2024,0.0,0.0,0.0,0.0,0.0,0.0,0.0,0,0,0,0,unknown
502002,798369,09/01/2023,08/31/2024,0.0,0.0,0.0,0.0,0.0,0.0,0.0,0,0,0,0,unknown
150023,798427,01/01/2023,12/31/2023,0.0,0.0,0.0,0.0,0.0,0.0,0.0,0,0,0,0,unknown
292008,798452,01/01/2023,06/11/2023,0.0,0.0,0.0,0.0,0.0,0.0,0.0,0,0,0,0,unknown
394054,798484,09/01/2023,12/20/2023,0.0,0.0,0.0,0.0,0.0,0.0,0.0,0,0,0,0,unknown
451355,798506,10/01/2022,09/30/2023,0.0,0.0,0.0,0.0,0.0,0.0,0.0,0,0,0,0,unknown
451362,798507,10/01/2022,09/30/2023,0.0,0.0,0.0,0.0,0.0,0.0,0.0,0,0,0,0,unknown
490117,798510,10/01/2022,09/30/2023,0.0,0.0,0.0,0.0,0.0,0.0,0.0,0,0,0,0,unknown
524008,798522,07/01/2023,06/30/2024,0.0,0.0,0.0,0.0,0.0,0.0,0.0,0,0,0,0,unknown
670043,798523,12/01/2022,11/30/2023,0.0,0.0,0.0,0.0,0.0,0.0,0.0,0,0,0,0,unknown
050222,798540,10/01/2022,09/30/2023,0.0,0.0,0.0,0.0,0.0,0.0,0.0,0,0,0,0,unknown
160016,798561,01/01/2023,12/31/2023,0.0,0.0,0.0,0.0,0.0,0.0,0.0,0,0,0,0,unknown
231317,798568,01/01/2023,10/06/2023,0.0,0.0,0.0,0.0,0.0,0.0,0.0,0,0,0,0,unknown
231331,798569,01/01/2023,06/30/2023,0.0,0.0,0.0,0.0,0.0,0.0,0.0,0,0,0,0,unknown
250095,798573,10/01/2022,09/30/2023,0.0,0.0,0.0,0.0,0.0,0.0,0.0,0,0,0,0,unknown
320063,798582,09/01/2023,08/31/2024,0.0,0.0,0.0,0.0,0.0,0.0,0.0,0,0,0,0,unknown
362033,798589,09/01/2023,08/31/2024,0.0,0.0,0.0,0.0,0.0,0.0,0.0,0,0,0,0,unknown
392027,798593,09/01/2023,08/31/2024,0.0,0.0,0.0,0.0,0.0,0.0,0.0,0,0,0,0,unknown
452075,798612,09/01/2023,08/31/2024,0.0,0.0,0.0,0.0,0.0,0.0,0.0,0,0,0,0,unknown
491303,798623,10/01/2022,09/30/2023,0.0,0.0,0.0,0.0,0.0,0.0,0.0,0,0,0,0,unknown
034030,798647,09/01/2023,08/31/2024,0.0,0.0,0.0,0.0,0.0,0.0,0.0,0,0,0,0,unknown
060064,798652,01/01/2023,12/31/2023,0.0,0.0,0.0,0.0,0.0,0.0,0.0,0,0,0,0,unknown
164002,798681,07/01/2023,06/30/2024,0.0,0.0,0.0,0.0,0.0,0.0,0.0,0,0,0,0,unknown
164003,798682,07/01/2023,06/30/2024,0.0,0.0,0.0,0.0,0.0,0.0,0.0,0,0,0,0,unknown
214012,798686,07/01/2023,06/30/2024,0.0,0.0,0.0,0.0,0.0,0.0,0.0,0,0,0,0,unknown
374021,798723,01/01/2023,12/31/2023,0.0,0.0,0.0,0.0,0.0,0.0,0.0,0,0,0,0,unknown
450571,798739,10/01/2022,09/30/2023,0.0,0.0,0.0,0.0,0.0,0.0,0.0,0,0,0,0,unknown
451346,798751,07/01/2023,06/30/2024,0.0,0.0,0.0,0.0,0.0,0.0,0.0,0,0,0,0,unknown
050060,798770,09/01/2023,08/31/2024,0.0,0.0,0.0,0.0,0.0,0.0,0.0,0,0,0,0,unknown
060006,798786,01/01/2023,12/31/2023,0.0,0.0,0.0,0.0,0.0,0.0,0.0,0,0,0,0,unknown
450147,798877,10/01/2022,09/30/2023,0.0,0.0,0.0,0.0,0.0,0.0,0.0,0,0,0,0,unknown
451341,798885,10/01/2022,09/30/2023,0.0,0.0,0.0,0.0,0.0,0.0,0.0,0,0,0,0,unknown
471302,798892,10/01/2022,09/30/2023,0.0,0.0,0.0,0.0,0.0,0.0,0.0,0,0,0,0,unknown
490042,798894,10/01/2022,09/30/2023,0.0,0.0,0.0,0.0,0.0,0.0,0.0,0,0,0,0,unknown
490045,798895,07/01/2023,06/30/2024,0.0,0.0,0.0,0.0,0.0,0.0,0.0,0,0,0,0,unknown
051307,798918,07/01/2023,06/30/2024,0.0,0.0,0.0,0.0,0.0,0.0,0.0,0,0,0,0,unknown
052043,798919,09/06/2023,12/31/2023,0.0,0.0,0.0,0.0,0.0,0.0,0.0,0,0,0,0,unknown
053305,798920,09/01/2023,08/31/2024,0.0,0.0,0.0,0.0,0.0,0.0,0.0,0,0,0,0,unknown
154024,798941,08/01/2023,07/31/2024,0.0,0.0,0.0,0.0,0.0,0.0,0.0,0,0,0,0,unknown
154047,798942,09/01/2023,08/31/2024,0.0,0.0,0.0,0.0,0.0,0.0,0.0,0,0,0,0,unknown
170182,798944,06/01/2023,05/31/2024,0.0,0.0,0.0,0.0,0.0,0.0,0.0,0,0,0,0,unknown
171346,798946,01/01/2023,12/31/2023,0.0,0.0,0.0,0.0,0.0,0.0,0.0,0,0,0,0,unknown
280013,798991,07/01/2023,06/30/2024,0.0,0.0,0.0,0.0,0.0,0.0,0.0,0,0,0,0,unknown
450596,799021,12/01/2022,11/30/2023,0.0,0.0,0.0,0.0,0.0,0.0,0.0,0,0,0,0,unknown
450702,799022,10/01/2022,09/30/2023,0.0,0.0,0.0,0.0,0.0,0.0,0.0,0,0,0,0,unknown
050026,799057,10/01/2022,09/30/2023,0.0,0.0,0.0,0.0,0.0,0.0,0.0,0,0,0,0,unknown
050234,799059,10/01/2022,09/30/2023,0.0,0.0,0.0,0.0,0.0,0.0,0.0,0,0,0,0,unknown
080001,799075,07/01/2023,06/30/2024,0.0,0.0,0.0,0.0,0.0,0.0,0.0,0,0,0,0,unknown
241354,799139,01/01/2023,12/31/2023,0.0,0.0,0.0,0.0,0.0,0.0,0.0,0,0,0,0,unknown
260027,799147,01/01/2023,12/31/2023,0.0,0.0,0.0,0.0,0.0,0.0,0.0,0,0,0,0,unknown
440131,799181,10/01/2022,09/30/2023,0.0,0.0,0.0,0.0,0.0,0.0,0.0,0,0,0,0,unknown
451347,799189,10/01/2022,09/30/2023,0.0,0.0,0.0,0.0,0.0,0.0,0.0,0,0,0,0,unknown
452114,799192,10/01/2022,09/30/2023,0.0,0.0,0.0,0.0,0.0,0.0,0.0,0,0,0,0,unknown
161326,799229,07/01/2023,06/30/2024,0.0,0.0,0.0,0.0,0.0,0.0,0.0,0,0,0,0,unknown
261302,799263,10/01/2022,09/30/2023,0.0,0.0,0.0,0.0,0.0,0.0,0.0,0,0,0,0,unknown
220015,799366,10/01/2022,09/30/2023,0.0,0.0,0.0,0.0,0.0,0.0,0.0,0,0,0,0,unknown
220035,799368,10/01/2022,09/30/2023,0.0,0.0,0.0,0.0,0.0,0.0,0.0,0,0,0,0,unknown
223034,799371,10/01/2022,09/30/2023,0.0,0.0,0.0,0.0,0.0,0.0,0.0,0,0,0,0,unknown
241365,799384,01/01/2023,06/30/2023,0.0,0.0,0.0,0.0,0.0,0.0,0.0,0,0,0,0,unknown
100002,799474,10/01/2022,09/30/2023,0.0,0.0,0.0,0.0,0.0,0.0,0.0,0,0,0,0,unknown
100125,799477,10/01/2022,09/30/2023,0.0,0.0,0.0,0.0,0.0,0.0,0.0,0,0,0,0,unknown
192058,799509,09/01/2023,08/31/2024,0.0,0.0,0.0,0.0,0.0,0.0,0.0,0,0,0,0,unknown
220119,799524,10/01/2022,09/30/2023,0.0,0.0,0.0,0.0,0.0,0.0,0.0,0,0,0,0,unknown
300017,799552,08/01/2023,07/31/2024,0.0,0.0,0.0,0.0,0.0,0.0,0.0,0,0,0,0,unknown
300018,799553,10/01/2022,09/30/2023,0.0,0.0,0.0,0.0,0.0,0.0,0.0,0,0,0,0,unknown
312014,799557,07/01/2023,06/30/2024,0.0,0.0,0.0,0.0,0.0,0.0,0.0,0,0,0,0,unknown
390067,799579,07/01/2023,06/30/2024,0.0,0.0,0.0,0.0,0.0,0.0,0.0,0,0,0,0,unknown
070035,799645,10/01/2022,09/30/2023,0.0,0.0,0.0,0.0,0.0,0.0,0.0,0,0,0,0,unknown
150030,799662,01/01/2023,12/31/2023,0.0,0.0,0.0,0.0,0.0,0.0,0.0,0,0,0,0,unknown
160067,799666,07/01/2023,06/30/2024,0.0,0.0,0.0,0.0,0.0,0.0,0.0,0,0,0,0,unknown
220110,799693,10/01/2022,09/30/2023,0.0,0.0,0.0,0.0,0.0,0.0,0.0,0,0,0,0,unknown
220177,799694,10/01/2022,09/30/2023,0.0,0.0,0.0,0.0,0.0,0.0,0.0,0,0,0,0,unknown
231329,799697,10/01/2022,09/30/2023,0.0,0.0,0.0,0.0,0.0,0.0,0.0,0,0,0,0,unknown
364060,799732,01/01/2023,12/31/2023,0.0,0.0,0.0,0.0,0.0,0.0,0.0,0,0,0,0,unknown
131312,799797,10/01/2022,09/30/2023,0.0,0.0,0.0,0.0,0.0,0.0,0.0,0,0,0,0,unknown
132001,799798,10/01/2022,09/30/2023,0.0,0.0,0.0,0.0,0.0,0.0,0.0,0,0,0,0,unknown
351313,799834,01/01/2023,12/31/2023,0.0,0.0,0.0,0.0,0.0,0.0,0.0,0,0,0,0,unknown
490048,799853,01/01/2023,12/31/2023,0.0,0.0,0.0,0.0,0.0,0.0,0.0,0,0,0,0,unknown
220071,799884,10/01/2022,09/30/2023,0.0,0.0,0.0,0.0,0.0,0.0,0.0,0,0,0,0,unknown
241342,799891,10/01/2022,09/30/2023,0.0,0.0,0.0,0.0,0.0,0.0,0.0,0,0,0,0,unknown
260190,799895,10/01/2022,09/30/2023,0.0,0.0,0.0,0.0,0.0,0.0,0.0,0,0,0,0,unknown
440111,799915,07/01/2023,06/30/2024,0.0,0.0,0.0,0.0,0.0,0.0,0.0,0,0,0,0,unknown
450029,799916,10/01/2022,09/30/2023,0.0,0.0,0.0,0.0,0.0,0.0,0.0,0,0,0,0,unknown
011306,799936,07/01/2023,06/30/2024,0.0,0.0,0.0,0.0,0.0,0.0,0.0,0,0,0,0,unknown
171361,799977,10/01/2022,09/30/2023,0.0,0.0,0.0,0.0,0.0,0.0,0.0,0,0,0,0,unknown
234043,799982,09/01/2023,08/31/2024,0.0,0.0,0.0,0.0,0.0,0.0,0.0,0,0,0,0,unknown
334021,800000,04/01/2023,03/31/2024,0.0,0.0,0.0,0.0,0.0,0.0,0.0,0,0,0,0,unknown
360354,800008,07/01/2023,06/30/2024,0.0,0.0,0.0,0.0,0.0,0.0,0.0,0,0,0,0,unknown
394027,800026,07/01/2023,06/30/2024,0.0,0.0,0.0,0.0,0.0,0.0,0.0,0,0,0,0,unknown
450690,800043,09/01/2023,08/31/2024,0.0,0.0,0.0,0.0,0.0,0.0,0.0,0,0,0,0,unknown
504011,800053,01/01/2023,07/31/2023,0.0,0.0,0.0,0.0,0.0,0.0,0.0,0,0,0,0,unknown
054028,800074,07/01/2023,06/30/2024,0.0,0.0,0.0,0.0,0.0,0.0,0.0,0,0,0,0,unknown
171303,800209,01/01/2023,12/31/2023,0.0,0.0,0.0,0.0,0.0,0.0,0.0,0,0,0,0,unknown
192012,800221,09/01/2023,08/31/2024,0.0,0.0,0.0,0.0,0.0,0.0,0.0,0,0,0,0,unknown
220074,800224,10/01/2022,09/30/2023,0.0,0.0,0.0,0.0,0.0,0.0,0.0,0,0,0,0,unknown
220075,800225,10/01/2022,09/30/2023,0.0,0.0,0.0,0.0,0.0,0.0,0.0,0,0,0,0,unknown
351320,800252,07/01/2023,06/30/2024,0.0,0.0,0.0,0.0,0.0,0.0,0.0,0,0,0,0,unknown
352005,800253,08/01/2023,07/31/2024,0.0,0.0,0.0,0.0,0.0,0.0,0.0,0,0,0,0,unknown
044005,800326,01/01/2023,12/31/2023,0.0,0.0,0.0,0.0,0.0,0.0,0.0,0,0,0,0,unknown
053039,800353,01/01/2023,12/31/2023,0.0,0.0,0.0,0.0,0.0,0.0,0.0,0,0,0,0,unknown
070025,800359,10/01/2022,09/30/2023,0.0,0.0,0.0,0.0,0.0,0.0,0.0,0,0,0,0,unknown
070028,800360,10/01/2022,09/30/2023,0.0,0.0,0.0,0.0,0.0,0.0,0.0,0,0,0,0,unknown
110071,800374,09/01/2023,08/31/2024,0.0,0.0,0.0,0.0,0.0,0.0,0.0,0,0,0,0,unknown
141324,800390,04/01/2023,03/31/2024,0.0,0.0,0.0,0.0,0.0,0.0,0.0,0,0,0,0,unknown
144042,800392,01/01/2023,12/31/2023,0.0,0.0,0.0,0.0,0.0,0.0,0.0,0,0,0,0,unknown
100140,800568,10/01/2022,09/30/2023,0.0,0.0,0.0,0.0,0.0,0.0,0.0,0,0,0,0,unknown
102032,800575,09/01/2023,08/31/2024,0.0,0.0,0.0,0.0,0.0,0.0,0.0,0,0,0,0,unknown
234042,800596,01/01/2023,12/31/2023,0.0,0.0,0.0,0.0,0.0,0.0,0.0,0,0,0,0,unknown
360137,800618,01/01/2023,12/31/2023,0.0,0.0,0.0,0.0,0.0,0.0,0.0,0,0,0,0,unknown
461306,800663,07/01/2023,06/30/2024,0.0,0.0,0.0,0.0,0.0,0.0,0.0,0,0,0,0,unknown
191319,800698,07/01/2023,06/30/2024,0.0,0.0,0.0,0.0,0.0,0.0,0.0,0,0,0,0,unknown
284003,800708,07/01/2023,06/30/2024,0.0,0.0,0.0,0.0,0.0,0.0,0.0,0,0,0,0,unknown
450469,800727,01/01/2023,12/31/2023,0.0,0.0,0.0,0.0,0.0,0.0,0.0,0,0,0,0,unknown
451384,800730,01/01/2023,12/31/2023,0.0,0.0,0.0,0.0,0.0,0.0,0.0,0,0,0,0,unknown
084004,800759,01/01/2023,12/31/2023,0.0,0.0,0.0,0.0,0.0,0.0,0.0,0,0,0,0,unknown
200024,800772,07/01/2023,06/30/2024,0.0,0.0,0.0,0.0,0.0,0.0,0.0,0,0,0,0,unknown
234040,800778,01/01/2023,12/31/2023,0.0,0.0,0.0,0.0,0.0,0.0,0.0,0,0,0,0,unknown
264032,800784,01/01/2023,12/31/2023,0.0,0.0,0.0,0.0,0.0,0.0,0.0,0,0,0,0,unknown
300014,800790,03/01/2023,02/29/2024,0.0,0.0,0.0,0.0,0.0,0.0,0.0,0,0,0,0,unknown
362023,800801,11/01/2022,10/31/2023,0.0,0.0,0.0,0.0,0.0,0.0,0.0,0,0,0,0,unknown
490098,800825,07/01/2023,06/30/2024,0.0,0.0,0.0,0.0,0.0,0.0,0.0,0,0,0,0,unknown
523302,800828,01/01/2023,12/31/2023,0.0,0.0,0.0,0.0,0.0,0.0,0.0,0,0,0,0,unknown
040016,800831,07/01/2023,06/30/2024,0.0,0.0,0.0,0.0,0.0,0.0,0.0,0,0,0,0,unknown
191302,800857,10/01/2022,09/30/2023,0.0,0.0,0.0,0.0,0.0,0.0,0.0,0,0,0,0,unknown
342017,800881,10/01/2022,09/30/2023,0.0,0.0,0.0,0.0,0.0,0.0,0.0,0,0,0,0,unknown
363302,800885,01/01/2023,12/31/2023,0.0,0.0,0.0,0.0,0.0,0.0,0.0,0,0,0,0,unknown
424002,800893,01/01/2023,12/31/2023,0.0,0.0,0.0,0.0,0.0,0.0,0.0,0,0,0,0,unknown
070017,800921,10/01/2022,09/30/2023,0.0,0.0,0.0,0.0,0.0,0.0,0.0,0,0,0,0,unknown
141318,800930,10/01/2022,09/30/2023,0.0,0.0,0.0,0.0,0.0,0.0,0.0,0,0,0,0,unknown
144009,800932,01/01/2023,12/31/2023,0.0,0.0,0.0,0.0,0.0,0.0,0.0,0,0,0,0,unknown
440073,800992,07/01/2023,06/30/2024,0.0,0.0,0.0,0.0,0.0,0.0,0.0,0,0,0,0,unknown
670143,801022,07/01/2023,09/30/2024,0.0,0.0,0.0,0.0,0.0,0.0,0.0,0,0,0,0,unknown
034021,801024,07/01/2023,06/30/2024,0.0,0.0,0.0,0.0,0.0,0.0,0.0,0,0,0,0,unknown
190256,801037,01/01/2023,12/31/2023,0.0,0.0,0.0,0.0,0.0,0.0,0.0,0,0,0,0,unknown
010007,807673,10/01/2022,09/30/2023,0.0,0.0,0.0,0.0,0.0,0.0,0.0,0,0,0,0,unknown
021312,807701,10/01/2022,09/30/2023,0.0,0.0,0.0,0.0,0.0,0.0,0.0,0,0,0,0,unknown
034026,807720,01/01/2023,12/31/2023,0.0,0.0,0.0,0.0,0.0,0.0,0.0,0,0,0,0,unknown
044011,807741,07/01/2023,06/30/2024,0.0,0.0,0.0,0.0,0.0,0.0,0.0,0,0,0,0,unknown
050481,807782,01/01/2023,12/31/2023,0.0,0.0,0.0,0.0,0.0,0.0,0.0,0,0,0,0,unknown
051321,807807,07/01/2023,06/30/2024,0.0,0.0,0.0,0.0,0.0,0.0,0.0,0,0,0,0,unknown
051991,807809,07/01/2023,06/30/2024,0.0,0.0,0.0,0.0,0.0,0.0,0.0,0,0,0,0,unknown
053308,807815,09/01/2023,08/31/2024,0.0,0.0,0.0,0.0,0.0,0.0,0.0,0,0,0,0,unknown
054083,807818,07/01/2023,06/30/2024,0.0,0.0,0.0,0.0,0.0,0.0,0.0,0,0,0,0,unknown
054147,807821,09/01/2023,08/31/2024,0.0,0.0,0.0,0.0,0.0,0.0,0.0,0,0,0,0,unknown
060032,807824,01/01/2023,12/31/2023,0.0,0.0,0.0,0.0,0.0,0.0,0.0,0,0,0,0,unknown
060065,807827,01/01/2023,12/31/2023,0.0,0.0,0.0,0.0,0.0,0.0,0.0,0,0,0,0,unknown
061306,807834,01/01/2023,12/31/2023,0.0,0.0,0.0,0.0,0.0,0.0,0.0,0,0,0,0,unknown
062012,807837,09/01/2023,08/31/2024,0.0,0.0,0.0,0.0,0.0,0.0,0.0,0,0,0,0,unknown
073025,807844,10/01/2022,09/30/2023,0.0,0.0,0.0,0.0,0.0,0.0,0.0,0,0,0,0,unknown
080004,807846,07/01/2023,06/30/2024,0.0,0.0,0.0,0.0,0.0,0.0,0.0,0,0,0,0,unknown
080009,807847,07/01/2023,06/30/2024,0.0,0.0,0.0,0.0,0.0,0.0,0.0,0,0,0,0,unknown
090011,807852,07/01/2023,06/30/2024,0.0,0.0,0.0,0.0,0.0,0.0,0.0,0,0,0,0,unknown
100023,807858,11/01/2022,10/31/2023,0.0,0.0,0.0,0.0,0.0,0.0,0.0,0,0,0,0,unknown
100034,807863,01/01/2023,12/31/2023,0.0,0.0,0.0,0.0,0.0,0.0,0.0,0,0,0,0,unknown
100080,807873,07/01/2023,06/30/2024,0.0,0.0,0.0,0.0,0.0,0.0,0.0,0,0,0,0,unknown
100131,807883,01/01/2023,12/31/2023,0.0,0.0,0.0,0.0,0.0,0.0,0.0,0,0,0,0,unknown
100189,807891,01/01/2023,12/31/2023,0.0,0.0,0.0,0.0,0.0,0.0,0.0,0,0,0,0,unknown
100204,807892,03/01/2023,02/29/2024,0.0,0.0,0.0,0.0,0.0,0.0,0.0,0,0,0,0,unknown
100209,807895,01/01/2023,12/31/2023,0.0,0.0,0.0,0.0,0.0,0.0,0.0,0,0,0,0,unknown
100242,807908,02/01/2023,01/31/2024,0.0,0.0,0.0,0.0,0.0,0.0,0.0,0,0,0,0,unknown
100243,807909,01/01/2023,12/31/2023,0.0,0.0,0.0,0.0,0.0,0.0,0.0,0,0,0,0,unknown
100248,807912,03/01/2023,02/29/2024,0.0,0.0,0.0,0.0,0.0,0.0,0.0,0,0,0,0,unknown
100256,807915,03/01/2023,02/29/2024,0.0,0.0,0.0,0.0,0.0,0.0,0.0,0,0,0,0,unknown
100259,807917,09/01/2023,08/31/2024,0.0,0.0,0.0,0.0,0.0,0.0,0.0,0,0,0,0,unknown
100264,807920,03/01/2023,02/29/2024,0.0,0.0,0.0,0.0,0.0,0.0,0.0,0,0,0,0,unknown
100320,807926,07/01/2023,06/30/2024,0.0,0.0,0.0,0.0,0.0,0.0,0.0,0,0,0,0,unknown
100350,807928,02/01/2023,01/31/2024,0.0,0.0,0.0,0.0,0.0,0.0,0.0,0,0,0,0,unknown
101303,807930,01/01/2023,12/31/2023,0.0,0.0,0.0,0.0,0.0,0.0,0.0,0,0,0,0,unknown
104018,807936,07/01/2023,06/30/2024,0.0,0.0,0.0,0.0,0.0,0.0,0.0,0,0,0,0,unknown
104057,807939,10/01/2022,09/30/2023,0.0,0.0,0.0,0.0,0.0,0.0,0.0,0,0,0,0,unknown
130066,807994,01/01/2023,12/31/2023,0.0,0.0,0.0,0.0,0.0,0.0,0.0,0,0,0,0,unknown
140234,808015,10/01/2022,08/10/2023,0.0,0.0,0.0,0.0,0.0,0.0,0.0,0,0,0,0,unknown
141302,808020,10/01/2022,09/30/2023,0.0,0.0,0.0,0.0,0.0,0.0,0.0,0,0,0,0,unknown
141322,808028,10/01/2022,09/30/2023,0.0,0.0,0.0,0.0,0.0,0.0,0.0,0,0,0,0,unknown
141344,808033,07/01/2023,06/30/2024,0.0,0.0,0.0,0.0,0.0,0.0,0.0,0,0,0,0,unknown
141348,808036,01/14/2023,09/30/2023,0.0,0.0,0.0,0.0,0.0,0.0,0.0,0,0,0,0,unknown
144035,808043,01/01/2023,12/31/2023,0.0,0.0,0.0,0.0,0.0,0.0,0.0,0,0,0,0,unknown
144041,808044,01/01/2023,12/31/2023,0.0,0.0,0.0,0.0,0.0,0.0,0.0,0,0,0,0,unknown
152028,808068,11/01/2022,10/31/2023,0.0,0.0,0.0,0.0,0.0,0.0,0.0,0,0,0,0,unknown
154058,808070,01/01/2023,12/31/2023,0.0,0.0,0.0,0.0,0.0,0.0,0.0,0,0,0,0,unknown
154061,808071,01/01/2023,12/31/2023,0.0,0.0,0.0,0.0,0.0,0.0,0.0,0,0,0,0,unknown
154063,808072,01/01/2023,12/31/2023,0.0,0.0,0.0,0.0,0.0,0.0,0.0,0,0,0,0,unknown
154064,808073,01/01/2023,12/31/2023,0.0,0.0,0.0,0.0,0.0,0.0,0.0,0,0,0,0,unknown
154068,808074,01/01/2023,12/31/2023,0.0,0.0,0.0,0.0,0.0,0.0,0.0,0,0,0,0,unknown
162003,808107,01/01/2023,12/31/2023,0.0,0.0,0.0,0.0,0.0,0.0,0.0,0,0,0,0,unknown
164006,808109,01/01/2023,12/31/2023,0.0,0.0,0.0,0.0,0.0,0.0,0.0,0,0,0,0,unknown
171309,808122,01/01/2023,12/31/2023,0.0,0.0,0.0,0.0,0.0,0.0,0.0,0,0,0,0,unknown
171331,808125,01/01/2023,12/31/2023,0.0,0.0,0.0,0.0,0.0,0.0,0.0,0,0,0,0,unknown
171334,808126,01/01/2023,12/31/2023,0.0,0.0,0.0,0.0,0.0,0.0,0.0,0,0,0,0,unknown
171338,808127,01/01/2023,12/31/2023,0.0,0.0,0.0,0.0,0.0,0.0,0.0,0,0,0,0,unknown
174020,808135,01/01/2023,12/31/2023,0.0,0.0,0.0,0.0,0.0,0.0,0.0,0,0,0,0,unknown
181324,808147,04/01/2023,03/31/2024,0.0,0.0,0.0,0.0,0.0,0.0,0.0,0,0,0,0,unknown
191303,808174,07/01/2023,08/02/2023,0.0,0.0,0.0,0.0,0.0,0.0,0.0,0,0,0,0,unknown
192007,808182,01/01/2023,12/31/2023,0.0,0.0,0.0,0.0,0.0,0.0,0.0,0,0,0,0,unknown
192036,808185,01/01/2023,12/31/2023,0.0,0.0,0.0,0.0,0.0,0.0,0.0,0,0,0,0,unknown
192041,808186,01/01/2023,12/31/2023,0.0,0.0,0.0,0.0,0.0,0.0,0.0,0,0,0,0,unknown
200018,808194,10/01/2022,09/30/2023,0.0,0.0,0.0,0.0,0.0,0.0,0.0,0,0,0,0,unknown
204005,808197,10/01/2022,09/30/2023,0.0,0.0,0.0,0.0,0.0,0.0,0.0,0,0,0,0,unknown
223032,808209,10/01/2022,09/30/2023,0.0,0.0,0.0,0.0,0.0,0.0,0.0,0,0,0,0,unknown
223302,808210,10/01/2022,09/30/2023,0.0,0.0,0.0,0.0,0.0,0.0,0.0,0,0,0,0,unknown
224022,808211,01/01/2023,12/31/2023,0.0,0.0,0.0,0.0,0.0,0.0,0.0,0,0,0,0,unknown
224044,808212,01/01/2023,12/31/2023,0.0,0.0,0.0,0.0,0.0,0.0,0.0,0,0,0,0,unknown
224045,808213,01/01/2023,12/31/2023,0.0,0.0,0.0,0.0,0.0,0.0,0.0,0,0,0,0,unknown
230279,808226,07/01/2023,06/30/2024,0.0,0.0,0.0,0.0,0.0,0.0,0.0,0,0,0,0,unknown
232039,808234,10/01/2022,09/30/2023,0.0,0.0,0.0,0.0,0.0,0.0,0.0,0,0,0,0,unknown
234025,808237,10/01/2022,09/30/2023,0.0,0.0,0.0,0.0,0.0,0.0,0.0,0,0,0,0,unknown
234026,808238,10/01/2022,09/30/2023,0.0,0.0,0.0,0.0,0.0,0.0,0.0,0,0,0,0,unknown
234038,808239,01/01/2023,12/31/2023,0.0,0.0,0.0,0.0,0.0,0.0,0.0,0,0,0,0,unknown
234044,808240,01/01/2023,12/31/2023,0.0,0.0,0.0,0.0,0.0,0.0,0.0,0,0,0,0,unknown
241338,808251,01/01/2023,12/31/2023,0.0,0.0,0.0,0.0,0.0,0.0,0.0,0,0,0,0,unknown
241345,808252,01/01/2023,12/31/2023,0.0,0.0,0.0,0.0,0.0,0.0,0.0,0,0,0,0,unknown
241353,808254,04/01/2023,03/31/2024,0.0,0.0,0.0,0.0,0.0,0.0,0.0,0,0,0,0,unknown
250081,808267,10/01/2022,09/30/2023,0.0,0.0,0.0,0.0,0.0,0.0,0.0,0,0,0,0,unknown
251324,808276,10/01/2022,09/30/2023,0.0,0.0,0.0,0.0,0.0,0.0,0.0,0,0,0,0,unknown
261305,808300,07/01/2023,06/30/2024,0.0,0.0,0.0,0.0,0.0,0.0,0.0,0,0,0,0,unknown
261317,808303,07/01/2023,06/30/2024,0.0,0.0,0.0,0.0,0.0,0.0,0.0,0,0,0,0,unknown
261319,808304,07/01/2023,06/30/2024,0.0,0.0,0.0,0.0,0.0,0.0,0.0,0,0,0,0,unknown
261335,808312,07/01/2023,06/30/2024,0.0,0.0,0.0,0.0,0.0,0.0,0.0,0,0,0,0,unknown
264012,808316,01/01/2023,12/31/2023,0.0,0.0,0.0,0.0,0.0,0.0,0.0,0,0,0,0,unknown
264030,808317,01/01/2023,12/31/2023,0.0,0.0,0.0,0.0,0.0,0.0,0.0,0,0,0,0,unknown
264034,808320,09/01/2023,08/31/2024,0.0,0.0,0.0,0.0,0.0,0.0,0.0,0,0,0,0,unknown
291303,808353,07/01/2023,06/30/2024,0.0,0.0,0.0,0.0,0.0,0.0,0.0,0,0,0,0,unknown
300029,808361,03/01/2023,02/29/2024,0.0,0.0,0.0,0.0,0.0,0.0,0.0,0,0,0,0,unknown
310113,808395,01/01/2023,12/31/2023,0.0,0.0,0.0,0.0,0.0,0.0,0.0,0,0,0,0,unknown
330055,808420,01/01/2023,12/31/2023,0.0,0.0,0.0,0.0,0.0,0.0,0.0,0,0,0,0,unknown
330101,808425,01/01/2023,12/31/2023,0.0,0.0,0.0,0.0,0.0,0.0,0.0,0,0,0,0,unknown
330106,808428,01/01/2023,12/31/2023,0.0,0.0,0.0,0.0,0.0,0.0,0.0,0,0,0,0,unknown
330211,808439,01/01/2023,12/31/2023,0.0,0.0,0.0,0.0,0.0,0.0,0.0,0,0,0,0,unknown
330267,808443,01/01/2023,12/31/2023,0.0,0.0,0.0,0.0,0.0,0.0,0.0,0,0,0,0,unknown
334026,808449,01/01/2023,12/31/2023,0.0,0.0,0.0,0.0,0.0,0.0,0.0,0,0,0,0,unknown
341323,808469,07/01/2023,06/30/2024,0.0,0.0,0.0,0.0,0.0,0.0,0.0,0,0,0,0,unknown
351306,808483,07/01/2023,06/30/2024,0.0,0.0,0.0,0.0,0.0,0.0,0.0,0,0,0,0,unknown
360039,808501,01/01/2023,12/31/2023,0.0,0.0,0.0,0.0,0.0,0.0,0.0,0,0,0,0,unknown
361318,808512,01/01/2023,12/31/2023,0.0,0.0,0.0,0.0,0.0,0.0,0.0,0,0,0,0,unknown
364029,808518,01/01/2023,12/31/2023,0.0,0.0,0.0,0.0,0.0,0.0,0.0,0,0,0,0,unknown
364055,808519,07/01/2023,06/19/2024,0.0,0.0,0.0,0.0,0.0,0.0,0.0,0,0,0,0,unknown
390100,808575,07/01/2023,06/30/2024,0.0,0.0,0.0,0.0,0.0,0.0,0.0,0,0,0,0,unknown
390226,808599,07/01/2023,06/30/2024,0.0,0.0,0.0,0.0,0.0,0.0,0.0,0,0,0,0,unknown
400136,808631,09/01/2023,08/31/2024,0.0,0.0,0.0,0.0,0.0,0.0,0.0,0,0,0,0,unknown
410006,808632,10/01/2022,09/30/2023,0.0,0.0,0.0,0.0,0.0,0.0,0.0,0,0,0,0,unknown
410007,808633,10/01/2022,09/30/2023,0.0,0.0,0.0,0.0,0.0,0.0,0.0,0,0,0,0,unknown
410012,808634,10/01/2022,09/30/2023,0.0,0.0,0.0,0.0,0.0,0.0,0.0,0,0,0,0,unknown
421300,808651,10/01/2022,09/30/2023,0.0,0.0,0.0,0.0,0.0,0.0,0.0,0,0,0,0,unknown
424010,808654,01/01/2023,12/31/2023,0.0,0.0,0.0,0.0,0.0,0.0,0.0,0,0,0,0,unknown
440185,808685,09/01/2023,07/31/2024,0.0,0.0,0.0,0.0,0.0,0.0,0.0,0,0,0,0,unknown
441310,808692,07/01/2023,06/30/2024,0.0,0.0,0.0,0.0,0.0,0.0,0.0,0,0,0,0,unknown
450035,808698,11/01/2022,10/31/2023,0.0,0.0,0.0,0.0,0.0,0.0,0.0,0,0,0,0,unknown
450200,808717,01/01/2023,12/31/2023,0.0,0.0,0.0,0.0,0.0,0.0,0.0,0,0,0,0,unknown
450237,808719,07/01/2023,06/30/2024,0.0,0.0,0.0,0.0,0.0,0.0,0.0,0,0,0,0,unknown
450604,808731,01/01/2023,03/31/2023,0.0,0.0,0.0,0.0,0.0,0.0,0.0,0,0,0,0,unknown
450634,808734,01/01/2023,12/31/2023,0.0,0.0,0.0,0.0,0.0,0.0,0.0,0,0,0,0,unknown
451359,808760,10/01/2022,09/30/2023,0.0,0.0,0.0,0.0,0.0,0.0,0.0,0,0,0,0,unknown
451372,808762,10/01/2022,09/30/2023,0.0,0.0,0.0,0.0,0.0,0.0,0.0,0,0,0,0,unknown
452060,808766,09/01/2023,05/18/2024,0.0,0.0,0.0,0.0,0.0,0.0,0.0,0,0,0,0,unknown
452068,808767,09/01/2023,07/31/2024,0.0,0.0,0.0,0.0,0.0,0.0,0.0,0,0,0,0,unknown
452079,808768,09/01/2023,08/31/2024,0.0,0.0,0.0,0.0,0.0,0.0,0.0,0,0,0,0,unknown
454009,808773,09/01/2023,08/31/2024,0.0,0.0,0.0,0.0,0.0,0.0,0.0,0,0,0,0,unknown
454029,808774,07/01/2023,06/30/2024,0.0,0.0,0.0,0.0,0.0,0.0,0.0,0,0,0,0,unknown
454064,808777,01/01/2023,12/31/2023,0.0,0.0,0.0,0.0,0.0,0.0,0.0,0,0,0,0,unknown
454088,808778,09/01/2023,08/31/2024,0.0,0.0,0.0,0.0,0.0,0.0,0.0,0,0,0,0,unknown
454100,808779,09/01/2023,08/31/2024,0.0,0.0,0.0,0.0,0.0,0.0,0.0,0,0,0,0,unknown
492008,808818,01/01/2023,12/31/2023,0.0,0.0,0.0,0.0,0.0,0.0,0.0,0,0,0,0,unknown
492010,808819,01/01/2023,12/31/2023,0.0,0.0,0.0,0.0,0.0,0.0,0.0,0,0,0,0,unknown
521344,808871,01/01/2023,09/30/2023,0.0,0.0,0.0,0.0,0.0,0.0,0.0,0,0,0,0,unknown
531306,808882,01/01/2023,12/31/2023,0.0,0.0,0.0,0.0,0.0,0.0,0.0,0,0,0,0,unknown
650001,808890,10/01/2022,09/30/2023,0.0,0.0,0.0,0.0,0.0,0.0,0.0,0,0,0,0,unknown
670125,808900,09/01/2023,08/31/2024,0.0,0.0,0.0,0.0,0.0,0.0,0.0,0,0,0,0,unknown
670131,808901,09/01/2023,08/31/2024,0.0,0.0,0.0,0.0,0.0,0.0,0.0,0,0,0,0,unknown
010019,808910,10/01/2022,09/30/2023,0.0,0.0,0.0,0.0,0.0,0.0,0.0,0,0,0,0,unknown
030085,808933,10/01/2022,09/30/2023,0.0,0.0,0.0,0.0,0.0,0.0,0.0,0,0,0,0,unknown
031304,808944,01/01/2023,12/31/2023,0.0,0.0,0.0,0.0,0.0,0.0,0.0,0,0,0,0,unknown
031307,808945,10/01/2022,09/30/2023,0.0,0.0,0.0,0.0,0.0,0.0,0.0,0,0,0,0,unknown
050272,809001,10/01/2022,09/30/2023,0.0,0.0,0.0,0.0,0.0,0.0,0.0,0,0,0,0,unknown
050350,809009,01/01/2023,09/06/2023,0.0,0.0,0.0,0.0,0.0,0.0,0.0,0,0,0,0,unknown
100029,809044,05/01/2023,04/30/2024,0.0,0.0,0.0,0.0,0.0,0.0,0.0,0,0,0,0,unknown
100053,809049,05/01/2023,04/30/2024,0.0,0.0,0.0,0.0,0.0,0.0,0.0,0,0,0,0,unknown
100166,809064,01/01/2023,12/31/2023,0.0,0.0,0.0,0.0,0.0,0.0,0.0,0,0,0,0,unknown
100167,809066,09/01/2023,08/31/2024,0.0,0.0,0.0,0.0,0.0,0.0,0.0,0,0,0,0,unknown
100179,809073,01/01/2023,12/31/2023,0.0,0.0,0.0,0.0,0.0,0.0,0.0,0,0,0,0,unknown
100183,809076,05/01/2023,04/30/2024,0.0,0.0,0.0,0.0,0.0,0.0,0.0,0,0,0,0,unknown
100187,809077,05/01/2023,04/30/2024,0.0,0.0,0.0,0.0,0.0,0.0,0.0,0,0,0,0,unknown
100212,809081,09/01/2023,08/31/2024,0.0,0.0,0.0,0.0,0.0,0.0,0.0,0,0,0,0,unknown
100238,809085,10/01/2022,09/30/2023,0.0,0.0,0.0,0.0,0.0,0.0,0.0,0,0,0,0,unknown
100360,809103,11/01/2022,10/31/2023,0.0,0.0,0.0,0.0,0.0,0.0,0.0,0,0,0,0,unknown
131324,809147,10/01/2022,09/30/2023,0.0,0.0,0.0,0.0,0.0,0.0,0.0,0,0,0,0,unknown
134017,809149,01/01/2023,12/31/2023,0.0,0.0,0.0,0.0,0.0,0.0,0.0,0,0,0,0,unknown
141340,809169,09/01/2023,08/31/2024,0.0,0.0,0.0,0.0,0.0,0.0,0.0,0,0,0,0,unknown
141342,809171,01/14/2023,09/30/2023,0.0,0.0,0.0,0.0,0.0,0.0,0.0,0,0,0,0,unknown
151302,809182,01/01/2023,10/01/2023,0.0,0.0,0.0,0.0,0.0,0.0,0.0,0,0,0,0,unknown
151316,809183,01/01/2023,12/31/2023,0.0,0.0,0.0,0.0,0.0,0.0,0.0,0,0,0,0,unknown
151320,809184,01/01/2023,12/31/2023,0.0,0.0,0.0,0.0,0.0,0.0,0.0,0,0,0,0,unknown
153047,809187,05/01/2023,04/30/2024,0.0,0.0,0.0,0.0,0.0,0.0,0.0,0,0,0,0,unknown
154065,809189,01/01/2023,12/31/2023,0.0,0.0,0.0,0.0,0.0,0.0,0.0,0,0,0,0,unknown
154066,809190,01/01/2023,12/31/2023,0.0,0.0,0.0,0.0,0.0,0.0,0.0,0,0,0,0,unknown
161322,809203,07/01/2023,06/30/2024,0.0,0.0,0.0,0.0,0.0,0.0,0.0,0,0,0,0,unknown
161340,809204,07/01/2023,06/30/2024,0.0,0.0,0.0,0.0,0.0,0.0,0.0,0,0,0,0,unknown
171301,809224,10/01/2022,09/30/2023,0.0,0.0,0.0,0.0,0.0,0.0,0.0,0,0,0,0,unknown
171337,809228,10/01/2022,09/30/2023,0.0,0.0,0.0,0.0,0.0,0.0,0.0,0,0,0,0,unknown
171341,809230,01/01/2023,12/31/2023,0.0,0.0,0.0,0.0,0.0,0.0,0.0,0,0,0,0,unknown
171355,809231,01/01/2023,12/31/2023,0.0,0.0,0.0,0.0,0.0,0.0,0.0,0,0,0,0,unknown
174025,809237,01/01/2023,12/31/2023,0.0,0.0,0.0,0.0,0.0,0.0,0.0,0,0,0,0,unknown
181320,809252,01/01/2023,12/31/2023,0.0,0.0,0.0,0.0,0.0,0.0,0.0,0,0,0,0,unknown
190204,809268,04/01/2023,06/30/2023,0.0,0.0,0.0,0.0,0.0,0.0,0.0,0,0,0,0,unknown
191310,809276,10/01/2022,09/30/2023,0.0,0.0,0.0,0.0,0.0,0.0,0.0,0,0,0,0,unknown
192004,809277,09/01/2023,05/18/2024,0.0,0.0,0.0,0.0,0.0,0.0,0.0,0,0,0,0,unknown
194082,809284,01/01/2023,12/31/2023,0.0,0.0,0.0,0.0,0.0,0.0,0.0,0,0,0,0,unknown
194085,809285,01/01/2023,12/31/2023,0.0,0.0,0.0,0.0,0.0,0.0,0.0,0,0,0,0,unknown
222047,809300,10/01/2022,09/30/2023,0.0,0.0,0.0,0.0,0.0,0.0,0.0,0,0,0,0,unknown
222048,809301,10/01/2022,09/30/2023,0.0,0.0,0.0,0.0,0.0,0.0,0.0,0,0,0,0,unknown
224043,809304,01/01/2023,12/31/2023,0.0,0.0,0.0,0.0,0.0,0.0,0.0,0,0,0,0,unknown
231307,809321,10/01/2022,09/30/2023,0.0,0.0,0.0,0.0,0.0,0.0,0.0,0,0,0,0,unknown
231319,809322,07/01/2023,06/30/2024,0.0,0.0,0.0,0.0,0.0,0.0,0.0,0,0,0,0,unknown
231333,809323,07/01/2023,06/30/2024,0.0,0.0,0.0,0.0,0.0,0.0,0.0,0,0,0,0,unknown
234041,809326,10/01/2022,09/30/2023,0.0,0.0,0.0,0.0,0.0,0.0,0.0,0,0,0,0,unknown
241327,809339,01/01/2023,12/31/2023,0.0,0.0,0.0,0.0,0.0,0.0,0.0,0,0,0,0,unknown
251306,809355,10/01/2022,09/30/2023,0.0,0.0,0.0,0.0,0.0,0.0,0.0,0,0,0,0,unknown
251326,809356,10/01/2022,09/30/2023,0.0,0.0,0.0,0.0,0.0,0.0,0.0,0,0,0,0,unknown
260023,809364,07/01/2023,06/30/2024,0.0,0.0,0.0,0.0,0.0,0.0,0.0,0,0,0,0,unknown
260052,809369,07/01/2023,06/30/2024,0.0,0.0,0.0,0.0,0.0,0.0,0.0,0,0,0,0,unknown
260065,809374,07/01/2023,06/30/2024,0.0,0.0,0.0,0.0,0.0,0.0,0.0,0,0,0,0,unknown
260077,809375,07/01/2023,06/30/2024,0.0,0.0,0.0,0.0,0.0,0.0,0.0,0,0,0,0,unknown
261316,809390,07/01/2023,06/30/2024,0.0,0.0,0.0,0.0,0.0,0.0,0.0,0,0,0,0,unknown
261329,809391,10/01/2022,09/30/2023,0.0,0.0,0.0,0.0,0.0,0.0,0.0,0,0,0,0,unknown
261338,809392,07/01/2023,06/30/2024,0.0,0.0,0.0,0.0,0.0,0.0,0.0,0,0,0,0,unknown
281330,809405,10/01/2022,09/30/2023,0.0,0.0,0.0,0.0,0.0,0.0,0.0,0,0,0,0,unknown
283300,809409,01/01/2023,12/31/2023,0.0,0.0,0.0,0.0,0.0,0.0,0.0,0,0,0,0,unknown
290039,809410,01/01/2023,12/31/2023,0.0,0.0,0.0,0.0,0.0,0.0,0.0,0,0,0,0,unknown
320038,809430,01/01/2023,08/02/2023,0.0,0.0,0.0,0.0,0.0,0.0,0.0,0,0,0,0,unknown
331304,809459,01/01/2023,12/31/2023,0.0,0.0,0.0,0.0,0.0,0.0,0.0,0,0,0,0,unknown
344034,809483,07/01/2023,06/30/2024,0.0,0.0,0.0,0.0,0.0,0.0,0.0,0,0,0,0,unknown
351316,809487,10/01/2022,09/30/2023,0.0,0.0,0.0,0.0,0.0,0.0,0.0,0,0,0,0,unknown
360068,809495,01/01/2023,12/31/2023,0.0,0.0,0.0,0.0,0.0,0.0,0.0,0,0,0,0,unknown
360087,809500,01/01/2023,12/31/2023,0.0,0.0,0.0,0.0,0.0,0.0,0.0,0,0,0,0,unknown
360230,809510,01/01/2023,12/31/2023,0.0,0.0,0.0,0.0,0.0,0.0,0.0,0,0,0,0,unknown
361312,809515,01/01/2023,12/31/2023,0.0,0.0,0.0,0.0,0.0,0.0,0.0,0,0,0,0,unknown
361323,809516,01/01/2023,12/31/2023,0.0,0.0,0.0,0.0,0.0,0.0,0.0,0,0,0,0,unknown
361327,809518,10/01/2022,09/30/2023,0.0,0.0,0.0,0.0,0.0,0.0,0.0,0,0,0,0,unknown
362036,809521,01/01/2023,12/31/2023,0.0,0.0,0.0,0.0,0.0,0.0,0.0,0,0,0,0,unknown
364058,809524,01/01/2023,12/31/2023,0.0,0.0,0.0,0.0,0.0,0.0,0.0,0,0,0,0,unknown
364066,809526,01/01/2023,12/31/2023,0.0,0.0,0.0,0.0,0.0,0.0,0.0,0,0,0,0,unknown
371323,809540,10/01/2022,09/30/2023,0.0,0.0,0.0,0.0,0.0,0.0,0.0,0,0,0,0,unknown
390329,809586,07/01/2023,06/30/2024,0.0,0.0,0.0,0.0,0.0,0.0,0.0,0,0,0,0,unknown
390339,809587,07/01/2023,06/30/2024,0.0,0.0,0.0,0.0,0.0,0.0,0.0,0,0,0,0,unknown
393302,809591,07/01/2023,06/30/2024,0.0,0.0,0.0,0.0,0.0,0.0,0.0,0,0,0,0,unknown
440015,809632,01/01/2023,12/31/2023,0.0,0.0,0.0,0.0,0.0,0.0,0.0,0,0,0,0,unknown
450351,809692,10/01/2022,09/30/2023,0.0,0.0,0.0,0.0,0.0,0.0,0.0,0,0,0,0,unknown
450651,809707,04/01/2023,03/31/2024,0.0,0.0,0.0,0.0,0.0,0.0,0.0,0,0,0,0,unknown
450661,809717,10/01/2022,09/30/2023,0.0,0.0,0.0,0.0,0.0,0.0,0.0,0,0,0,0,unknown
450747,809740,01/01/2023,12/31/2023,0.0,0.0,0.0,0.0,0.0,0.0,0.0,0,0,0,0,unknown
451323,809749,10/01/2022,09/30/2023,0.0,0.0,0.0,0.0,0.0,0.0,0.0,0,0,0,0,unknown
451378,809753,10/01/2022,09/30/2023,0.0,0.0,0.0,0.0,0.0,0.0,0.0,0,0,0,0,unknown
452035,809755,04/01/2023,04/29/2024,0.0,0.0,0.0,0.0,0.0,0.0,0.0,0,0,0,0,unknown
453310,809758,07/01/2023,06/30/2024,0.0,0.0,0.0,0.0,0.0,0.0,0.0,0,0,0,0,unknown
454000,809759,09/01/2023,08/31/2024,0.0,0.0,0.0,0.0,0.0,0.0,0.0,0,0,0,0,unknown
454006,809760,09/01/2023,08/31/2024,0.0,0.0,0.0,0.0,0.0,0.0,0.0,0,0,0,0,unknown
454008,809761,09/01/2023,08/31/2024,0.0,0.0,0.0,0.0,0.0,0.0,0.0,0,0,0,0,unknown
454011,809762,09/01/2023,08/31/2024,0.0,0.0,0.0,0.0,0.0,0.0,0.0,0,0,0,0,unknown
454084,809763,09/01/2023,08/31/2024,0.0,0.0,0.0,0.0,0.0,0.0,0.0,0,0,0,0,unknown
471307,809781,10/01/2022,09/30/2023,0.0,0.0,0.0,0.0,0.0,0.0,0.0,0,0,0,0,unknown
490032,809788,07/01/2023,06/30/2024,0.0,0.0,0.0,0.0,0.0,0.0,0.0,0,0,0,0,unknown
490107,809798,01/01/2023,12/31/2023,0.0,0.0,0.0,0.0,0.0,0.0,0.0,0,0,0,0,unknown
490126,809800,03/01/2023,02/29/2024,0.0,0.0,0.0,0.0,0.0,0.0,0.0,0,0,0,0,unknown
491991,809804,01/01/2023,12/31/2023,0.0,0.0,0.0,0.0,0.0,0.0,0.0,0,0,0,0,unknown
504016,809824,01/01/2023,12/31/2023,0.0,0.0,0.0,0.0,0.0,0.0,0.0,0,0,0,0,unknown
521309,809839,01/01/2023,09/30/2023,0.0,0.0,0.0,0.0,0.0,0.0,0.0,0,0,0,0,unknown
521311,809840,07/01/2023,06/30/2024,0.0,0.0,0.0,0.0,0.0,0.0,0.0,0,0,0,0,unknown
521324,809841,07/01/2023,06/30/2024,0.0,0.0,0.0,0.0,0.0,0.0,0.0,0,0,0,0,unknown
523300,809846,01/01/2023,12/31/2023,0.0,0.0,0.0,0.0,0.0,0.0,0.0,0,0,0,0,unknown
531307,809848,01/01/2023,12/31/2023,0.0,0.0,0.0,0.0,0.0,0.0,0.0,0,0,0,0,unknown
670322,809859,09/01/2023,08/31/2024,0.0,0.0,0.0,0.0,0.0,0.0,0.0,0,0,0,0,unknown
033044,809893,01/06/2023,12/31/2023,0.0,0.0,0.0,0.0,0.0,0.0,0.0,0,0,0,0,unknown
034032,809897,01/01/2023,12/31/2023,0.0,0.0,0.0,0.0,0.0,0.0,0.0,0,0,0,0,unknown
034038,809899,01/01/2023,12/31/2023,0.0,0.0,0.0,0.0,0.0,0.0,0.0,0,0,0,0,unknown
070040,809976,10/01/2022,09/30/2023,0.0,0.0,0.0,0.0,0.0,0.0,0.0,0,0,0,0,unknown
073300,809977,10/01/2022,09/30/2023,0.0,0.0,0.0,0.0,0.0,0.0,0.0,0,0,0,0,unknown
084003,809980,01/01/2023,12/31/2023,0.0,0.0,0.0,0.0,0.0,0.0,0.0,0,0,0,0,unknown
104026,810044,01/01/2023,12/31/2023,0.0,0.0,0.0,0.0,0.0,0.0,0.0,0,0,0,0,unknown
104063,810045,01/01/2023,12/31/2023,0.0,0.0,0.0,0.0,0.0,0.0,0.0,0,0,0,0,unknown
141311,810075,07/01/2023,06/30/2024,0.0,0.0,0.0,0.0,0.0,0.0,0.0,0,0,0,0,unknown
150021,810080,01/01/2023,12/31/2023,0.0,0.0,0.0,0.0,0.0,0.0,0.0,0,0,0,0,unknown
151326,810085,01/01/2023,12/31/2023,0.0,0.0,0.0,0.0,0.0,0.0,0.0,0,0,0,0,unknown
171385,810118,01/01/2023,12/31/2023,0.0,0.0,0.0,0.0,0.0,0.0,0.0,0,0,0,0,unknown
184002,810132,07/01/2023,06/30/2024,0.0,0.0,0.0,0.0,0.0,0.0,0.0,0,0,0,0,unknown
192009,810155,09/01/2023,02/29/2024,0.0,0.0,0.0,0.0,0.0,0.0,0.0,0,0,0,0,unknown
192037,810156,06/01/2023,05/31/2024,0.0,0.0,0.0,0.0,0.0,0.0,0.0,0,0,0,0,unknown
232019,810186,06/01/2023,05/31/2024,0.0,0.0,0.0,0.0,0.0,0.0,0.0,0,0,0,0,unknown
234035,810187,10/01/2022,09/30/2023,0.0,0.0,0.0,0.0,0.0,0.0,0.0,0,0,0,0,unknown
240001,810188,01/01/2023,12/31/2023,0.0,0.0,0.0,0.0,0.0,0.0,0.0,0,0,0,0,unknown
260011,810213,01/01/2023,12/31/2023,0.0,0.0,0.0,0.0,0.0,0.0,0.0,0,0,0,0,unknown
260104,810221,01/01/2023,12/31/2023,0.0,0.0,0.0,0.0,0.0,0.0,0.0,0,0,0,0,unknown
294015,810244,01/01/2023,12/31/2023,0.0,0.0,0.0,0.0,0.0,0.0,0.0,0,0,0,0,unknown
300003,810246,07/01/2023,06/30/2024,0.0,0.0,0.0,0.0,0.0,0.0,0.0,0,0,0,0,unknown
301306,810248,10/01/2022,09/30/2023,0.0,0.0,0.0,0.0,0.0,0.0,0.0,0,0,0,0,unknown
310034,810257,01/01/2023,12/31/2023,0.0,0.0,0.0,0.0,0.0,0.0,0.0,0,0,0,0,unknown
360143,810312,01/01/2023,12/31/2023,0.0,0.0,0.0,0.0,0.0,0.0,0.0,0,0,0,0,unknown
361303,810320,01/01/2023,12/31/2023,0.0,0.0,0.0,0.0,0.0,0.0,0.0,0,0,0,0,unknown
382004,810359,02/01/2023,01/31/2024,0.0,0.0,0.0,0.0,0.0,0.0,0.0,0,0,0,0,unknown
450292,810453,01/01/2023,12/31/2023,0.0,0.0,0.0,0.0,0.0,0.0,0.0,0,0,0,0,unknown
450639,810464,10/01/2022,09/30/2023,0.0,0.0,0.0,0.0,0.0,0.0,0.0,0,0,0,0,unknown
451329,810489,10/01/2022,09/30/2023,0.0,0.0,0.0,0.0,0.0,0.0,0.0,0,0,0,0,unknown
471300,810526,10/01/2022,09/30/2023,0.0,0.0,0.0,0.0,0.0,0.0,0.0,0,0,0,0,unknown
504012,810561,01/01/2023,12/31/2023,0.0,0.0,0.0,0.0,0.0,0.0,0.0,0,0,0,0,unknown
504013,810562,01/01/2023,12/31/2023,0.0,0.0,0.0,0.0,0.0,0.0,0.0,0,0,0,0,unknown
504015,810563,01/01/2023,12/31/2023,0.0,0.0,0.0,0.0,0.0,0.0,0.0,0,0,0,0,unknown
512003,810570,11/01/2022,08/31/2023,0.0,0.0,0.0,0.0,0.0,0.0,0.0,0,0,0,0,unknown
522005,810590,01/01/2023,12/31/2023,0.0,0.0,0.0,0.0,0.0,0.0,0.0,0,0,0,0,unknown
033046,810638,08/04/2023,03/31/2024,0.0,0.0,0.0,0.0,0.0,0.0,0.0,0,0,0,0,unknown
054153,810703,01/01/2023,12/31/2023,0.0,0.0,0.0,0.0,0.0,0.0,0.0,0,0,0,0,unknown
054158,810704,01/01/2023,12/31/2023,0.0,0.0,0.0,0.0,0.0,0.0,0.0,0,0,0,0,unknown
072004,810727,04/01/2023,03/31/2024,0.0,0.0,0.0,0.0,0.0,0.0,0.0,0,0,0,0,unknown
110027,810764,07/01/2023,06/30/2024,0.0,0.0,0.0,0.0,0.0,0.0,0.0,0,0,0,0,unknown
110125,810769,05/01/2023,04/30/2024,0.0,0.0,0.0,0.0,0.0,0.0,0.0,0,0,0,0,unknown
110229,810771,07/01/2023,06/30/2024,0.0,0.0,0.0,0.0,0.0,0.0,0.0,0,0,0,0,unknown
134002,810781,10/01/2022,09/30/2023,0.0,0.0,0.0,0.0,0.0,0.0,0.0,0,0,0,0,unknown
140125,810786,01/01/2023,02/28/2023,0.0,0.0,0.0,0.0,0.0,0.0,0.0,0,0,0,0,unknown
163027,810829,10/01/2022,09/30/2023,0.0,0.0,0.0,0.0,0.0,0.0,0.0,0,0,0,0,unknown
171306,810832,01/01/2023,12/31/2023,0.0,0.0,0.0,0.0,0.0,0.0,0.0,0,0,0,0,unknown
171382,810845,01/01/2023,12/31/2023,0.0,0.0,0.0,0.0,0.0,0.0,0.0,0,0,0,0,unknown
191318,810860,10/01/2022,09/30/2023,0.0,0.0,0.0,0.0,0.0,0.0,0.0,0,0,0,0,unknown
230069,810884,07/01/2023,06/30/2024,0.0,0.0,0.0,0.0,0.0,0.0,0.0,0,0,0,0,unknown
231314,810896,10/01/2022,09/30/2023,0.0,0.0,0.0,0.0,0.0,0.0,0.0,0,0,0,0,unknown
234011,810899,01/01/2023,12/31/2023,0.0,0.0,0.0,0.0,0.0,0.0,0.0,0,0,0,0,unknown
240214,810930,01/01/2023,12/31/2023,0.0,0.0,0.0,0.0,0.0,0.0,0.0,0,0,0,0,unknown
260001,810952,07/01/2023,06/30/2024,0.0,0.0,0.0,0.0,0.0,0.0,0.0,0,0,0,0,unknown
260005,810953,01/01/2023,12/31/2023,0.0,0.0,0.0,0.0,0.0,0.0,0.0,0,0,0,0,unknown
261306,810967,11/01/2022,10/31/2023,0.0,0.0,0.0,0.0,0.0,0.0,0.0,0,0,0,0,unknown
262016,810971,01/01/2023,12/31/2023,0.0,0.0,0.0,0.0,0.0,0.0,0.0,0,0,0,0,unknown
280127,810984,01/01/2023,12/31/2023,0.0,0.0,0.0,0.0,0.0,0.0,0.0,0,0,0,0,unknown
281319,810986,10/01/2022,09/30/2023,0.0,0.0,0.0,0.0,0.0,0.0,0.0,0,0,0,0,unknown
281365,810991,10/01/2022,09/30/2023,0.0,0.0,0.0,0.0,0.0,0.0,0.0,0,0,0,0,unknown
301300,810998,10/01/2022,09/30/2023,0.0,0.0,0.0,0.0,0.0,0.0,0.0,0,0,0,0,unknown
310052,811010,01/01/2023,12/31/2023,0.0,0.0,0.0,0.0,0.0,0.0,0.0,0,0,0,0,unknown
340129,811045,10/01/2022,09/30/2023,0.0,0.0,0.0,0.0,0.0,0.0,0.0,0,0,0,0,unknown
340184,811048,08/01/2023,07/31/2024,0.0,0.0,0.0,0.0,0.0,0.0,0.0,0,0,0,0,unknown
370202,811066,01/01/2023,12/31/2023,0.0,0.0,0.0,0.0,0.0,0.0,0.0,0,0,0,0,unknown
384012,811081,01/01/2023,12/31/2023,0.0,0.0,0.0,0.0,0.0,0.0,0.0,0,0,0,0,unknown
390307,811087,01/01/2023,12/31/2023,0.0,0.0,0.0,0.0,0.0,0.0,0.0,0,0,0,0,unknown
440001,811103,01/01/2023,12/31/2023,0.0,0.0,0.0,0.0,0.0,0.0,0.0,0,0,0,0,unknown
440012,811104,07/01/2023,06/30/2024,0.0,0.0,0.0,0.0,0.0,0.0,0.0,0,0,0,0,unknown
440063,811109,07/01/2023,06/30/2024,0.0,0.0,0.0,0.0,0.0,0.0,0.0,0,0,0,0,unknown
451387,811151,07/01/2023,06/30/2024,0.0,0.0,0.0,0.0,0.0,0.0,0.0,0,0,0,0,unknown
010008,811244,01/01/2023,09/30/2023,0.0,0.0,0.0,0.0,0.0,0.0,0.0,0,0,0,0,unknown
010036,811247,04/01/2023,03/31/2024,0.0,0.0,0.0,0.0,0.0,0.0,0.0,0,0,0,0,unknown
010059,811250,10/01/2022,09/30/2023,0.0,0.0,0.0,0.0,0.0,0.0,0.0,0,0,0,0,unknown
010118,811253,07/01/2023,06/30/2024,0.0,0.0,0.0,0.0,0.0,0.0,0.0,0,0,0,0,unknown
040018,811275,01/01/2023,12/31/2023,0.0,0.0,0.0,0.0,0.0,0.0,0.0,0,0,0,0,unknown
044007,811292,01/01/2023,12/31/2023,0.0,0.0,0.0,0.0,0.0,0.0,0.0,0,0,0,0,unknown
050454,811335,07/01/2023,06/30/2024,0.0,0.0,0.0,0.0,0.0,0.0,0.0,0,0,0,0,unknown
131308,811457,10/01/2022,09/30/2023,0.0,0.0,0.0,0.0,0.0,0.0,0.0,0,0,0,0,unknown
151323,811517,01/01/2023,12/31/2023,0.0,0.0,0.0,0.0,0.0,0.0,0.0,0,0,0,0,unknown
161324,811537,10/01/2022,09/30/2023,0.0,0.0,0.0,0.0,0.0,0.0,0.0,0,0,0,0,unknown
171328,811556,10/01/2022,09/30/2023,0.0,0.0,0.0,0.0,0.0,0.0,0.0,0,0,0,0,unknown
171332,811557,01/01/2023,12/31/2023,0.0,0.0,0.0,0.0,0.0,0.0,0.0,0,0,0,0,unknown
181302,811578,10/01/2022,09/30/2023,0.0,0.0,0.0,0.0,0.0,0.0,0.0,0,0,0,0,unknown
190015,811583,07/01/2023,06/30/2024,0.0,0.0,0.0,0.0,0.0,0.0,0.0,0,0,0,0,unknown
192016,811603,06/01/2023,05/31/2024,0.0,0.0,0.0,0.0,0.0,0.0,0.0,0,0,0,0,unknown
194100,811608,01/01/2023,02/04/2024,0.0,0.0,0.0,0.0,0.0,0.0,0.0,0,0,0,0,unknown
241373,811669,10/01/2022,09/30/2023,0.0,0.0,0.0,0.0,0.0,0.0,0.0,0,0,0,0,unknown
251305,811678,10/01/2022,09/30/2023,0.0,0.0,0.0,0.0,0.0,0.0,0.0,0,0,0,0,unknown
260081,811691,01/01/2023,12/31/2023,0.0,0.0,0.0,0.0,0.0,0.0,0.0,0,0,0,0,unknown
271315,811707,10/01/2022,09/30/2023,0.0,0.0,0.0,0.0,0.0,0.0,0.0,0,0,0,0,unknown
281339,811714,10/01/2022,09/30/2023,0.0,0.0,0.0,0.0,0.0,0.0,0.0,0,0,0,0,unknown
340040,811847,10/01/2022,09/30/2023,0.0,0.0,0.0,0.0,0.0,0.0,0.0,0,0,0,0,unknown
340053,811848,01/01/2023,12/31/2023,0.0,0.0,0.0,0.0,0.0,0.0,0.0,0,0,0,0,unknown
340107,811855,10/01/2022,09/30/2023,0.0,0.0,0.0,0.0,0.0,0.0,0.0,0,0,0,0,unknown
341314,811863,01/01/2023,12/31/2023,0.0,0.0,0.0,0.0,0.0,0.0,0.0,0,0,0,0,unknown
351364,811867,10/01/2022,09/30/2023,0.0,0.0,0.0,0.0,0.0,0.0,0.0,0,0,0,0,unknown
371324,811918,10/01/2022,09/30/2023,0.0,0.0,0.0,0.0,0.0,0.0,0.0,0,0,0,0,unknown
390316,811931,01/01/2023,12/31/2023,0.0,0.0,0.0,0.0,0.0,0.0,0.0,0,0,0,0,unknown
400005,811934,01/01/2023,12/12/2023,0.0,0.0,0.0,0.0,0.0,0.0,0.0,0,0,0,0,unknown
420005,811944,10/01/2022,09/30/2023,0.0,0.0,0.0,0.0,0.0,0.0,0.0,0,0,0,0,unknown
420068,811948,10/01/2022,02/28/2023,0.0,0.0,0.0,0.0,0.0,0.0,0.0,0,0,0,0,unknown
420109,811951,10/01/2022,09/30/2023,0.0,0.0,0.0,0.0,0.0,0.0,0.0,0,0,0,0,unknown
440018,811956,07/01/2023,06/30/2024,0.0,0.0,0.0,0.0,0.0,0.0,0.0,0,0,0,0,unknown
440032,811959,07/01/2023,06/30/2024,0.0,0.0,0.0,0.0,0.0,0.0,0.0,0,0,0,0,unknown
440049,811960,01/01/2023,12/31/2023,0.0,0.0,0.0,0.0,0.0,0.0,0.0,0,0,0,0,unknown
440068,811963,10/01/2022,09/30/2023,0.0,0.0,0.0,0.0,0.0,0.0,0.0,0,0,0,0,unknown
440227,811969,04/01/2023,03/31/2024,0.0,0.0,0.0,0.0,0.0,0.0,0.0,0,0,0,0,unknown
451300,812014,10/01/2022,09/30/2023,0.0,0.0,0.0,0.0,0.0,0.0,0.0,0,0,0,0,unknown
451311,812015,10/01/2022,09/30/2023,0.0,0.0,0.0,0.0,0.0,0.0,0.0,0,0,0,0,unknown
451337,812018,10/01/2022,09/30/2023,0.0,0.0,0.0,0.0,0.0,0.0,0.0,0,0,0,0,unknown
452056,812025,09/01/2023,05/31/2024,0.0,0.0,0.0,0.0,0.0,0.0,0.0,0,0,0,0,unknown
454103,812037,01/01/2023,12/31/2023,0.0,0.0,0.0,0.0,0.0,0.0,0.0,0,0,0,0,unknown
521331,812103,10/01/2022,09/30/2023,0.0,0.0,0.0,0.0,0.0,0.0,0.0,0,0,0,0,unknown
010091,812151,07/01/2023,06/30/2024,0.0,0.0,0.0,0.0,0.0,0.0,0.0,0,0,0,0,unknown
031308,812186,10/01/2022,09/30/2023,0.0,0.0,0.0,0.0,0.0,0.0,0.0,0,0,0,0,unknown
031311,812187,10/01/2022,09/30/2023,0.0,0.0,0.0,0.0,0.0,0.0,0.0,0,0,0,0,unknown
041311,812205,10/01/2022,09/30/2023,0.0,0.0,0.0,0.0,0.0,0.0,0.0,0,0,0,0,unknown
050024,812213,01/01/2023,12/31/2023,0.0,0.0,0.0,0.0,0.0,0.0,0.0,0,0,0,0,unknown
050104,812237,01/01/2023,12/31/2023,0.0,0.0,0.0,0.0,0.0,0.0,0.0,0,0,0,0,unknown
050158,812260,01/01/2023,12/31/2023,0.0,0.0,0.0,0.0,0.0,0.0,0.0,0,0,0,0,unknown
050230,812271,01/01/2023,12/31/2023,0.0,0.0,0.0,0.0,0.0,0.0,0.0,0,0,0,0,unknown
050238,812275,01/01/2023,12/31/2023,0.0,0.0,0.0,0.0,0.0,0.0,0.0,0,0,0,0,unknown
050426,812308,01/01/2023,12/31/2023,0.0,0.0,0.0,0.0,0.0,0.0,0.0,0,0,0,0,unknown
050526,812318,01/01/2023,12/31/2023,0.0,0.0,0.0,0.0,0.0,0.0,0.0,0,0,0,0,unknown
050546,812325,07/01/2023,06/30/2024,0.0,0.0,0.0,0.0,0.0,0.0,0.0,0,0,0,0,unknown
050580,812329,01/01/2023,12/31/2023,0.0,0.0,0.0,0.0,0.0,0.0,0.0,0,0,0,0,unknown
050586,812331,01/01/2023,12/31/2023,0.0,0.0,0.0,0.0,0.0,0.0,0.0,0,0,0,0,unknown
050663,812340,01/01/2023,12/31/2023,0.0,0.0,0.0,0.0,0.0,0.0,0.0,0,0,0,0,unknown
050709,812351,01/01/2023,12/31/2023,0.0,0.0,0.0,0.0,0.0,0.0,0.0,0,0,0,0,unknown
050744,812362,01/01/2023,12/31/2023,0.0,0.0,0.0,0.0,0.0,0.0,0.0,0,0,0,0,unknown
050745,812364,01/01/2023,12/31/2023,0.0,0.0,0.0,0.0,0.0,0.0,0.0,0,0,0,0,unknown
050747,812367,01/01/2023,12/31/2023,0.0,0.0,0.0,0.0,0.0,0.0,0.0,0,0,0,0,unknown
050757,812374,01/01/2023,12/10/2023,0.0,0.0,0.0,0.0,0.0,0.0,0.0,0,0,0,0,unknown
050764,812383,01/01/2023,12/31/2023,0.0,0.0,0.0,0.0,0.0,0.0,0.0,0,0,0,0,unknown
054159,812422,01/01/2023,12/31/2023,0.0,0.0,0.0,0.0,0.0,0.0,0.0,0,0,0,0,unknown
093300,812448,07/01/2023,06/30/2024,0.0,0.0,0.0,0.0,0.0,0.0,0.0,0,0,0,0,unknown
100049,812465,11/01/2022,10/31/2023,0.0,0.0,0.0,0.0,0.0,0.0,0.0,0,0,0,0,unknown
100077,812475,01/01/2023,12/31/2023,0.0,0.0,0.0,0.0,0.0,0.0,0.0,0,0,0,0,unknown
100092,812476,01/01/2023,12/31/2023,0.0,0.0,0.0,0.0,0.0,0.0,0.0,0,0,0,0,unknown
100127,812479,01/01/2023,12/31/2023,0.0,0.0,0.0,0.0,0.0,0.0,0.0,0,0,0,0,unknown
100132,812480,01/01/2023,12/31/2023,0.0,0.0,0.0,0.0,0.0,0.0,0.0,0,0,0,0,unknown
100157,812483,10/01/2022,09/30/2023,0.0,0.0,0.0,0.0,0.0,0.0,0.0,0,0,0,0,unknown
100246,812510,10/01/2022,09/30/2023,0.0,0.0,0.0,0.0,0.0,0.0,0.0,0,0,0,0,unknown
100265,812513,01/01/2023,12/31/2023,0.0,0.0,0.0,0.0,0.0,0.0,0.0,0,0,0,0,unknown
100330,812526,10/01/2022,09/30/2023,0.0,0.0,0.0,0.0,0.0,0.0,0.0,0,0,0,0,unknown
100362,812527,04/06/2023,12/31/2023,0.0,0.0,0.0,0.0,0.0,0.0,0.0,0,0,0,0,unknown
101307,812529,10/01/2022,09/30/2023,0.0,0.0,0.0,0.0,0.0,0.0,0.0,0,0,0,0,unknown
110016,812541,07/01/2023,06/30/2024,0.0,0.0,0.0,0.0,0.0,0.0,0.0,0,0,0,0,unknown
110036,812544,01/01/2023,12/31/2023,0.0,0.0,0.0,0.0,0.0,0.0,0.0,0,0,0,0,unknown
110041,812545,07/01/2023,09/30/2023,0.0,0.0,0.0,0.0,0.0,0.0,0.0,0,0,0,0,unknown
110129,812559,01/01/2023,12/31/2023,0.0,0.0,0.0,0.0,0.0,0.0,0.0,0,0,0,0,unknown
120014,812580,07/01/2023,06/30/2024,0.0,0.0,0.0,0.0,0.0,0.0,0.0,0,0,0,0,unknown
130049,812584,01/01/2023,12/31/2023,0.0,0.0,0.0,0.0,0.0,0.0,0.0,0,0,0,0,unknown
131310,812590,10/01/2022,09/30/2023,0.0,0.0,0.0,0.0,0.0,0.0,0.0,0,0,0,0,unknown
131311,812591,10/01/2022,09/30/2023,0.0,0.0,0.0,0.0,0.0,0.0,0.0,0,0,0,0,unknown
131318,812593,10/01/2022,09/30/2023,0.0,0.0,0.0,0.0,0.0,0.0,0.0,0,0,0,0,unknown
141325,812632,10/01/2022,09/30/2023,0.0,0.0,0.0,0.0,0.0,0.0,0.0,0,0,0,0,unknown
141353,812636,07/17/2023,09/30/2023,0.0,0.0,0.0,0.0,0.0,0.0,0.0,0,0,0,0,unknown
150074,812648,01/01/2023,12/31/2023,0.0,0.0,0.0,0.0,0.0,0.0,0.0,0,0,0,0,unknown
150113,812651,01/01/2023,12/31/2023,0.0,0.0,0.0,0.0,0.0,0.0,0.0,0,0,0,0,unknown
150128,812653,01/01/2023,12/31/2023,0.0,0.0,0.0,0.0,0.0,0.0,0.0,0,0,0,0,unknown
150166,812654,01/01/2023,12/31/2023,0.0,0.0,0.0,0.0,0.0,0.0,0.0,0,0,0,0,unknown
150169,812657,01/01/2023,12/31/2023,0.0,0.0,0.0,0.0,0.0,0.0,0.0,0,0,0,0,unknown
151305,812659,10/01/2022,09/30/2023,0.0,0.0,0.0,0.0,0.0,0.0,0.0,0,0,0,0,unknown
171386,812687,09/22/2023,12/31/2023,0.0,0.0,0.0,0.0,0.0,0.0,0.0,0,0,0,0,unknown
180154,812698,07/01/2023,06/30/2024,0.0,0.0,0.0,0.0,0.0,0.0,0.0,0,0,0,0,unknown
191323,812728,10/01/2022,09/30/2023,0.0,0.0,0.0,0.0,0.0,0.0,0.0,0,0,0,0,unknown
193058,812732,06/01/2023,05/31/2024,0.0,0.0,0.0,0.0,0.0,0.0,0.0,0,0,0,0,unknown
201301,812754,10/01/2022,09/30/2023,0.0,0.0,0.0,0.0,0.0,0.0,0.0,0,0,0,0,unknown
223029,812760,10/01/2022,09/30/2023,0.0,0.0,0.0,0.0,0.0,0.0,0.0,0,0,0,0,unknown
223300,812761,10/01/2022,09/30/2023,0.0,0.0,0.0,0.0,0.0,0.0,0.0,0,0,0,0,unknown
241319,812809,01/01/2023,12/31/2023,0.0,0.0,0.0,0.0,0.0,0.0,0.0,0,0,0,0,unknown
241379,812813,10/01/2022,09/30/2023,0.0,0.0,0.0,0.0,0.0,0.0,0.0,0,0,0,0,unknown
250167,812824,01/01/2023,12/31/2023,0.0,0.0,0.0,0.0,0.0,0.0,0.0,0,0,0,0,unknown
251307,812826,10/01/2022,09/30/2023,0.0,0.0,0.0,0.0,0.0,0.0,0.0,0,0,0,0,unknown
251333,812829,10/01/2022,09/30/2023,0.0,0.0,0.0,0.0,0.0,0.0,0.0,0,0,0,0,unknown
251338,812831,10/01/2022,09/30/2023,0.0,0.0,0.0,0.0,0.0,0.0,0.0,0,0,0,0,unknown
261320,812860,10/01/2022,09/30/2023,0.0,0.0,0.0,0.0,0.0,0.0,0.0,0,0,0,0,unknown
262017,812864,02/01/2023,01/31/2024,0.0,0.0,0.0,0.0,0.0,0.0,0.0,0,0,0,0,unknown
271339,812887,10/01/2022,09/30/2023,0.0,0.0,0.0,0.0,0.0,0.0,0.0,0,0,0,0,unknown
281355,812900,01/01/2023,12/31/2023,0.0,0.0,0.0,0.0,0.0,0.0,0.0,0,0,0,0,unknown
290005,812903,01/01/2023,12/31/2023,0.0,0.0,0.0,0.0,0.0,0.0,0.0,0,0,0,0,unknown
290058,812920,01/01/2023,12/31/2023,0.0,0.0,0.0,0.0,0.0,0.0,0.0,0,0,0,0,unknown
321312,812970,07/10/2023,08/31/2023,0.0,0.0,0.0,0.0,0.0,0.0,0.0,0,0,0,0,unknown
330175,813005,07/01/2023,06/30/2024,0.0,0.0,0.0,0.0,0.0,0.0,0.0,0,0,0,0,unknown
342014,813089,10/01/2022,09/30/2023,0.0,0.0,0.0,0.0,0.0,0.0,0.0,0,0,0,0,unknown
354004,813094,10/01/2022,09/30/2023,0.0,0.0,0.0,0.0,0.0,0.0,0.0,0,0,0,0,unknown
360059,813104,01/01/2023,12/31/2023,0.0,0.0,0.0,0.0,0.0,0.0,0.0,0,0,0,0,unknown
360070,813109,01/01/2023,12/31/2023,0.0,0.0,0.0,0.0,0.0,0.0,0.0,0,0,0,0,unknown
394004,813260,07/01/2023,06/30/2024,0.0,0.0,0.0,0.0,0.0,0.0,0.0,0,0,0,0,unknown
400003,813265,01/01/2023,12/31/2023,0.0,0.0,0.0,0.0,0.0,0.0,0.0,0,0,0,0,unknown
400007,813267,01/01/2023,12/31/2023,0.0,0.0,0.0,0.0,0.0,0.0,0.0,0,0,0,0,unknown
400114,813274,01/01/2023,12/31/2023,0.0,0.0,0.0,0.0,0.0,0.0,0.0,0,0,0,0,unknown
400127,813278,07/01/2023,06/30/2024,0.0,0.0,0.0,0.0,0.0,0.0,0.0,0,0,0,0,unknown
400130,813279,01/01/2023,12/31/2023,0.0,0.0,0.0,0.0,0.0,0.0,0.0,0,0,0,0,unknown
400131,813280,01/01/2023,12/31/2023,0.0,0.0,0.0,0.0,0.0,0.0,0.0,0,0,0,0,unknown
420079,813294,04/01/2023,03/31/2024,0.0,0.0,0.0,0.0,0.0,0.0,0.0,0,0,0,0,unknown
431325,813309,10/01/2022,09/30/2023,0.0,0.0,0.0,0.0,0.0,0.0,0.0,0,0,0,0,unknown
440187,813332,03/01/2023,02/29/2024,0.0,0.0,0.0,0.0,0.0,0.0,0.0,0,0,0,0,unknown
450133,813363,10/01/2022,09/30/2023,0.0,0.0,0.0,0.0,0.0,0.0,0.0,0,0,0,0,unknown
450222,813369,01/01/2023,12/31/2023,0.0,0.0,0.0,0.0,0.0,0.0,0.0,0,0,0,0,unknown
451325,813406,10/01/2022,09/30/2023,0.0,0.0,0.0,0.0,0.0,0.0,0.0,0,0,0,0,unknown
452106,813419,10/01/2022,09/30/2023,0.0,0.0,0.0,0.0,0.0,0.0,0.0,0,0,0,0,unknown
470001,813441,10/01/2022,09/30/2023,0.0,0.0,0.0,0.0,0.0,0.0,0.0,0,0,0,0,unknown
524000,813543,01/01/2023,12/31/2023,0.0,0.0,0.0,0.0,0.0,0.0,0.0,0,0,0,0,unknown
534004,813550,01/01/2023,12/31/2023,0.0,0.0,0.0,0.0,0.0,0.0,0.0,0,0,0,0,unknown
671300,813569,08/04/2023,09/30/2023,0.0,0.0,0.0,0.0,0.0,0.0,0.0,0,0,0,0,unknown
021308,813583,10/01/2022,09/30/2023,0.0,0.0,0.0,0.0,0.0,0.0,0.0,0,0,0,0,unknown
021314,813584,10/01/2022,09/30/2023,0.0,0.0,0.0,0.0,0.0,0.0,0.0,0,0,0,0,unknown
054095,813605,01/01/2023,12/31/2023,0.0,0.0,0.0,0.0,0.0,0.0,0.0,0,0,0,0,unknown
080003,813614,07/01/2023,06/30/2024,0.0,0.0,0.0,0.0,0.0,0.0,0.0,0,0,0,0,unknown
102025,813625,09/01/2023,08/31/2024,0.0,0.0,0.0,0.0,0.0,0.0,0.0,0,0,0,0,unknown
131319,813627,10/01/2022,09/30/2023,0.0,0.0,0.0,0.0,0.0,0.0,0.0,0,0,0,0,unknown
141313,813632,10/01/2022,09/30/2023,0.0,0.0,0.0,0.0,0.0,0.0,0.0,0,0,0,0,unknown
151315,813635,10/01/2022,09/30/2023,0.0,0.0,0.0,0.0,0.0,0.0,0.0,0,0,0,0,unknown
220030,813647,10/01/2022,09/30/2023,0.0,0.0,0.0,0.0,0.0,0.0,0.0,0,0,0,0,unknown
251331,813655,10/01/2022,09/30/2023,0.0,0.0,0.0,0.0,0.0,0.0,0.0,0,0,0,0,unknown
394001,813700,07/01/2023,06/30/2024,0.0,0.0,0.0,0.0,0.0,0.0,0.0,0,0,0,0,unknown
450771,813720,01/01/2023,12/31/2023,0.0,0.0,0.0,0.0,0.0,0.0,0.0,0,0,0,0,unknown
470003,813729,10/01/2022,09/30/2023,0.0,0.0,0.0,0.0,0.0,0.0,0.0,0,0,0,0,unknown
670090,813739,01/01/2023,12/31/2023,0.0,0.0,0.0,0.0,0.0,0.0,0.0,0,0,0,0,unknown
010006,813745,07/01/2023,06/30/2024,0.0,0.0,0.0,0.0,0.0,0.0,0.0,0,0,0,0,unknown
010052,813754,01/01/2023,12/31/2023,0.0,0.0,0.0,0.0,0.0,0.0,0.0,0,0,0,0,unknown
010058,813758,10/01/2022,09/30/2023,0.0,0.0,0.0,0.0,0.0,0.0,0.0,0,0,0,0,unknown
010069,813762,01/01/2023,12/31/2023,0.0,0.0,0.0,0.0,0.0,0.0,0.0,0,0,0,0,unknown
010078,813764,10/01/2022,09/30/2023,0.0,0.0,0.0,0.0,0.0,0.0,0.0,0,0,0,0,unknown
010085,813765,04/01/2023,03/31/2024,0.0,0.0,0.0,0.0,0.0,0.0,0.0,0,0,0,0,unknown
010086,813766,01/01/2023,12/31/2023,0.0,0.0,0.0,0.0,0.0,0.0,0.0,0,0,0,0,unknown
010090,813768,07/01/2023,09/30/2023,0.0,0.0,0.0,0.0,0.0,0.0,0.0,0,0,0,0,unknown
010095,813770,10/01/2022,09/30/2023,0.0,0.0,0.0,0.0,0.0,0.0,0.0,0,0,0,0,unknown
010099,813772,10/01/2022,09/30/2023,0.0,0.0,0.0,0.0,0.0,0.0,0.0,0,0,0,0,unknown
010103,813773,01/01/2023,12/31/2023,0.0,0.0,0.0,0.0,0.0,0.0,0.0,0,0,0,0,unknown
010125,813778,01/01/2023,12/31/2023,0.0,0.0,0.0,0.0,0.0,0.0,0.0,0,0,0,0,unknown
010126,813779,04/01/2023,03/31/2024,0.0,0.0,0.0,0.0,0.0,0.0,0.0,0,0,0,0,unknown
010128,813780,01/01/2023,12/31/2023,0.0,0.0,0.0,0.0,0.0,0.0,0.0,0,0,0,0,unknown
010150,813782,10/01/2022,09/30/2023,0.0,0.0,0.0,0.0,0.0,0.0,0.0,0,0,0,0,unknown
010157,813784,04/01/2023,03/31/2024,0.0,0.0,0.0,0.0,0.0,0.0,0.0,0,0,0,0,unknown
010175,813786,10/01/2022,09/30/2023,0.0,0.0,0.0,0.0,0.0,0.0,0.0,0,0,0,0,unknown
013029,813788,06/01/2023,05/31/2024,0.0,0.0,0.0,0.0,0.0,0.0,0.0,0,0,0,0,unknown
013030,813789,08/01/2023,07/31/2024,0.0,0.0,0.0,0.0,0.0,0.0,0.0,0,0,0,0,unknown
013031,813791,07/01/2023,06/30/2024,0.0,0.0,0.0,0.0,0.0,0.0,0.0,0,0,0,0,unknown
013033,813792,06/01/2023,05/31/2024,0.0,0.0,0.0,0.0,0.0,0.0,0.0,0,0,0,0,unknown
014018,813793,01/01/2023,12/31/2023,0.0,0.0,0.0,0.0,0.0,0.0,0.0,0,0,0,0,unknown
021305,813796,10/01/2022,09/30/2023,0.0,0.0,0.0,0.0,0.0,0.0,0.0,0,0,0,0,unknown
021309,813797,10/01/2022,09/30/2023,0.0,0.0,0.0,0.0,0.0,0.0,0.0,0,0,0,0,unknown
021310,813798,10/01/2022,09/30/2023,0.0,0.0,0.0,0.0,0.0,0.0,0.0,0,0,0,0,unknown
030055,813808,07/01/2023,06/30/2024,0.0,0.0,0.0,0.0,0.0,0.0,0.0,0,0,0,0,unknown
031305,813821,10/01/2022,09/30/2023,0.0,0.0,0.0,0.0,0.0,0.0,0.0,0,0,0,0,unknown
031320,813822,01/10/2023,09/30/2023,0.0,0.0,0.0,0.0,0.0,0.0,0.0,0,0,0,0,unknown
032001,813823,12/01/2022,11/30/2023,0.0,0.0,0.0,0.0,0.0,0.0,0.0,0,0,0,0,unknown
033025,813825,08/01/2023,07/31/2024,0.0,0.0,0.0,0.0,0.0,0.0,0.0,0,0,0,0,unknown
033028,813827,08/01/2023,07/31/2024,0.0,0.0,0.0,0.0,0.0,0.0,0.0,0,0,0,0,unknown
033034,813828,08/01/2023,07/31/2024,0.0,0.0,0.0,0.0,0.0,0.0,0.0,0,0,0,0,unknown
040019,813836,10/01/2022,09/30/2023,0.0,0.0,0.0,0.0,0.0,0.0,0.0,0,0,0,0,unknown
040047,813837,10/01/2022,08/31/2023,0.0,0.0,0.0,0.0,0.0,0.0,0.0,0,0,0,0,unknown
040134,813840,10/01/2022,09/30/2023,0.0,0.0,0.0,0.0,0.0,0.0,0.0,0,0,0,0,unknown
040147,813841,01/01/2023,12/31/2023,0.0,0.0,0.0,0.0,0.0,0.0,0.0,0,0,0,0,unknown
041307,813846,10/01/2022,09/30/2023,0.0,0.0,0.0,0.0,0.0,0.0,0.0,0,0,0,0,unknown
041310,813847,10/01/2022,09/30/2023,0.0,0.0,0.0,0.0,0.0,0.0,0.0,0,0,0,0,unknown
041323,813848,10/01/2022,09/30/2023,0.0,0.0,0.0,0.0,0.0,0.0,0.0,0,0,0,0,unknown
041332,813850,10/01/2022,09/30/2023,0.0,0.0,0.0,0.0,0.0,0.0,0.0,0,0,0,0,unknown
043028,813853,06/01/2023,05/31/2024,0.0,0.0,0.0,0.0,0.0,0.0,0.0,0,0,0,0,unknown
043035,813855,06/01/2023,05/31/2024,0.0,0.0,0.0,0.0,0.0,0.0,0.0,0,0,0,0,unknown
044022,813856,01/01/2023,12/31/2023,0.0,0.0,0.0,0.0,0.0,0.0,0.0,0,0,0,0,unknown
050030,813863,12/01/2022,11/30/2023,0.0,0.0,0.0,0.0,0.0,0.0,0.0,0,0,0,0,unknown
050169,813902,10/01/2022,09/30/2023,0.0,0.0,0.0,0.0,0.0,0.0,0.0,0,0,0,0,unknown
050393,813934,10/01/2022,09/30/2023,0.0,0.0,0.0,0.0,0.0,0.0,0.0,0,0,0,0,unknown
050435,813949,07/01/2023,06/30/2024,0.0,0.0,0.0,0.0,0.0,0.0,0.0,0,0,0,0,unknown
050468,813958,01/01/2023,12/31/2023,0.0,0.0,0.0,0.0,0.0,0.0,0.0,0,0,0,0,unknown
050543,813969,01/01/2023,12/31/2023,0.0,0.0,0.0,0.0,0.0,0.0,0.0,0,0,0,0,unknown
050588,813981,01/01/2023,12/31/2023,0.0,0.0,0.0,0.0,0.0,0.0,0.0,0,0,0,0,unknown
050704,813995,01/01/2023,12/31/2023,0.0,0.0,0.0,0.0,0.0,0.0,0.0,0,0,0,0,unknown
050739,814006,01/01/2023,12/31/2023,0.0,0.0,0.0,0.0,0.0,0.0,0.0,0,0,0,0,unknown
050755,814011,01/01/2023,12/31/2023,0.0,0.0,0.0,0.0,0.0,0.0,0.0,0,0,0,0,unknown
050758,814012,01/01/2023,12/31/2023,0.0,0.0,0.0,0.0,0.0,0.0,0.0,0,0,0,0,unknown
050769,814015,01/01/2023,12/31/2023,0.0,0.0,0.0,0.0,0.0,0.0,0.0,0,0,0,0,unknown
050780,814018,01/01/2023,12/31/2023,0.0,0.0,0.0,0.0,0.0,0.0,0.0,0,0,0,0,unknown
051304,814019,07/01/2023,06/30/2024,0.0,0.0,0.0,0.0,0.0,0.0,0.0,0,0,0,0,unknown
051339,814021,07/20/2023,06/30/2024,0.0,0.0,0.0,0.0,0.0,0.0,0.0,0,0,0,0,unknown
053032,814024,01/01/2023,12/31/2023,0.0,0.0,0.0,0.0,0.0,0.0,0.0,0,0,0,0,unknown
054074,814029,01/01/2023,12/31/2023,0.0,0.0,0.0,0.0,0.0,0.0,0.0,0,0,0,0,unknown
054145,814032,10/01/2022,09/30/2023,0.0,0.0,0.0,0.0,0.0,0.0,0.0,0,0,0,0,unknown
054151,814033,01/01/2023,12/31/2023,0.0,0.0,0.0,0.0,0.0,0.0,0.0,0,0,0,0,unknown
060030,814039,01/01/2023,12/31/2023,0.0,0.0,0.0,0.0,0.0,0.0,0.0,0,0,0,0,unknown
060116,814041,01/01/2023,12/31/2023,0.0,0.0,0.0,0.0,0.0,0.0,0.0,0,0,0,0,unknown
060117,814042,01/01/2023,12/31/2023,0.0,0.0,0.0,0.0,0.0,0.0,0.0,0,0,0,0,unknown
060126,814043,01/01/2023,12/31/2023,0.0,0.0,0.0,0.0,0.0,0.0,0.0,0,0,0,0,unknown
094001,814070,10/01/2022,09/30/2023,0.0,0.0,0.0,0.0,0.0,0.0,0.0,0,0,0,0,unknown
100006,814071,10/01/2022,09/30/2023,0.0,0.0,0.0,0.0,0.0,0.0,0.0,0,0,0,0,unknown
100007,814073,01/01/2023,12/31/2023,0.0,0.0,0.0,0.0,0.0,0.0,0.0,0,0,0,0,unknown
100017,814074,10/01/2022,09/30/2023,0.0,0.0,0.0,0.0,0.0,0.0,0.0,0,0,0,0,unknown
100025,814078,07/01/2023,06/30/2024,0.0,0.0,0.0,0.0,0.0,0.0,0.0,0,0,0,0,unknown
100026,814079,07/01/2023,06/30/2024,0.0,0.0,0.0,0.0,0.0,0.0,0.0,0,0,0,0,unknown
100030,814080,10/01/2022,09/30/2023,0.0,0.0,0.0,0.0,0.0,0.0,0.0,0,0,0,0,unknown
100051,814085,10/01/2022,09/30/2023,0.0,0.0,0.0,0.0,0.0,0.0,0.0,0,0,0,0,unknown
100057,814088,01/01/2023,12/31/2023,0.0,0.0,0.0,0.0,0.0,0.0,0.0,0,0,0,0,unknown
100069,814089,01/01/2023,12/31/2023,0.0,0.0,0.0,0.0,0.0,0.0,0.0,0,0,0,0,unknown
100071,814090,10/01/2022,11/30/2023,0.0,0.0,0.0,0.0,0.0,0.0,0.0,0,0,0,0,unknown
100075,814091,01/01/2023,12/31/2023,0.0,0.0,0.0,0.0,0.0,0.0,0.0,0,0,0,0,unknown
100126,814098,10/01/2022,09/30/2023,0.0,0.0,0.0,0.0,0.0,0.0,0.0,0,0,0,0,unknown
100135,814100,10/01/2022,09/30/2023,0.0,0.0,0.0,0.0,0.0,0.0,0.0,0,0,0,0,unknown
100142,814101,10/01/2022,09/30/2023,0.0,0.0,0.0,0.0,0.0,0.0,0.0,0,0,0,0,unknown
100175,814104,10/01/2022,09/30/2023,0.0,0.0,0.0,0.0,0.0,0.0,0.0,0,0,0,0,unknown
100180,814107,05/01/2023,04/30/2024,0.0,0.0,0.0,0.0,0.0,0.0,0.0,0,0,0,0,unknown
100181,814108,01/01/2023,12/31/2023,0.0,0.0,0.0,0.0,0.0,0.0,0.0,0,0,0,0,unknown
100206,814111,11/01/2022,10/31/2023,0.0,0.0,0.0,0.0,0.0,0.0,0.0,0,0,0,0,unknown
100224,814119,05/01/2023,04/30/2024,0.0,0.0,0.0,0.0,0.0,0.0,0.0,0,0,0,0,unknown
100292,814147,07/01/2023,06/30/2024,0.0,0.0,0.0,0.0,0.0,0.0,0.0,0,0,0,0,unknown
100329,814149,01/01/2023,12/31/2023,0.0,0.0,0.0,0.0,0.0,0.0,0.0,0,0,0,0,unknown
101305,814153,10/01/2022,09/30/2023,0.0,0.0,0.0,0.0,0.0,0.0,0.0,0,0,0,0,unknown
101309,814154,10/01/2022,09/30/2023,0.0,0.0,0.0,0.0,0.0,0.0,0.0,0,0,0,0,unknown
101311,814155,10/01/2022,09/30/2023,0.0,0.0,0.0,0.0,0.0,0.0,0.0,0,0,0,0,unknown
102003,814156,01/01/2023,12/31/2023,0.0,0.0,0.0,0.0,0.0,0.0,0.0,0,0,0,0,unknown
102009,814157,09/01/2023,08/31/2024,0.0,0.0,0.0,0.0,0.0,0.0,0.0,0,0,0,0,unknown
102010,814158,09/01/2023,08/31/2024,0.0,0.0,0.0,0.0,0.0,0.0,0.0,0,0,0,0,unknown
102015,814159,09/01/2023,08/31/2024,0.0,0.0,0.0,0.0,0.0,0.0,0.0,0,0,0,0,unknown
104082,814168,11/01/2022,10/31/2023,0.0,0.0,0.0,0.0,0.0,0.0,0.0,0,0,0,0,unknown
110003,814170,01/01/2023,12/31/2023,0.0,0.0,0.0,0.0,0.0,0.0,0.0,0,0,0,0,unknown
110006,814171,07/01/2023,06/30/2024,0.0,0.0,0.0,0.0,0.0,0.0,0.0,0,0,0,0,unknown
110015,814172,07/01/2023,06/30/2024,0.0,0.0,0.0,0.0,0.0,0.0,0.0,0,0,0,0,unknown
110035,814175,07/01/2023,06/30/2024,0.0,0.0,0.0,0.0,0.0,0.0,0.0,0,0,0,0,unknown
110074,814176,07/01/2023,06/30/2024,0.0,0.0,0.0,0.0,0.0,0.0,0.0,0,0,0,0,unknown
110087,814181,10/01/2022,09/30/2023,0.0,0.0,0.0,0.0,0.0,0.0,0.0,0,0,0,0,unknown
110124,814190,07/01/2023,06/30/2024,0.0,0.0,0.0,0.0,0.0,0.0,0.0,0,0,0,0,unknown
110128,814192,03/01/2023,02/29/2024,0.0,0.0,0.0,0.0,0.0,0.0,0.0,0,0,0,0,unknown
110143,814197,07/01/2023,06/30/2024,0.0,0.0,0.0,0.0,0.0,0.0,0.0,0,0,0,0,unknown
110190,814201,01/01/2023,12/31/2023,0.0,0.0,0.0,0.0,0.0,0.0,0.0,0,0,0,0,unknown
111311,814210,01/01/2023,12/31/2023,0.0,0.0,0.0,0.0,0.0,0.0,0.0,0,0,0,0,unknown
111331,814218,10/01/2022,09/30/2023,0.0,0.0,0.0,0.0,0.0,0.0,0.0,0,0,0,0,unknown
112016,814219,11/01/2022,10/31/2023,0.0,0.0,0.0,0.0,0.0,0.0,0.0,0,0,0,0,unknown
112017,814220,01/01/2023,12/31/2023,0.0,0.0,0.0,0.0,0.0,0.0,0.0,0,0,0,0,unknown
113030,814223,04/01/2023,03/31/2024,0.0,0.0,0.0,0.0,0.0,0.0,0.0,0,0,0,0,unknown
113033,814225,04/01/2023,03/31/2024,0.0,0.0,0.0,0.0,0.0,0.0,0.0,0,0,0,0,unknown
113035,814226,03/01/2023,02/29/2024,0.0,0.0,0.0,0.0,0.0,0.0,0.0,0,0,0,0,unknown
113301,814228,01/01/2023,12/31/2023,0.0,0.0,0.0,0.0,0.0,0.0,0.0,0,0,0,0,unknown
114012,814229,01/01/2023,12/31/2023,0.0,0.0,0.0,0.0,0.0,0.0,0.0,0,0,0,0,unknown
114032,814230,01/01/2023,12/31/2023,0.0,0.0,0.0,0.0,0.0,0.0,0.0,0,0,0,0,unknown
114035,814232,01/01/2023,12/31/2023,0.0,0.0,0.0,0.0,0.0,0.0,0.0,0,0,0,0,unknown
114037,814233,01/01/2023,12/31/2023,0.0,0.0,0.0,0.0,0.0,0.0,0.0,0,0,0,0,unknown
131301,814238,01/01/2023,12/31/2023,0.0,0.0,0.0,0.0,0.0,0.0,0.0,0,0,0,0,unknown
131302,814239,10/01/2022,09/30/2023,0.0,0.0,0.0,0.0,0.0,0.0,0.0,0,0,0,0,unknown
131304,814240,10/01/2022,09/30/2023,0.0,0.0,0.0,0.0,0.0,0.0,0.0,0,0,0,0,unknown
131305,814241,10/01/2022,09/30/2023,0.0,0.0,0.0,0.0,0.0,0.0,0.0,0,0,0,0,unknown
131313,814242,10/01/2022,09/30/2023,0.0,0.0,0.0,0.0,0.0,0.0,0.0,0,0,0,0,unknown
131314,814243,12/01/2022,11/30/2023,0.0,0.0,0.0,0.0,0.0,0.0,0.0,0,0,0,0,unknown
131315,814244,10/01/2022,09/30/2023,0.0,0.0,0.0,0.0,0.0,0.0,0.0,0,0,0,0,unknown
131322,814245,10/01/2022,09/30/2023,0.0,0.0,0.0,0.0,0.0,0.0,0.0,0,0,0,0,unknown
131323,814246,10/01/2022,09/30/2023,0.0,0.0,0.0,0.0,0.0,0.0,0.0,0,0,0,0,unknown
140143,814264,10/01/2022,08/10/2023,0.0,0.0,0.0,0.0,0.0,0.0,0.0,0,0,0,0,unknown
140184,814275,01/14/2023,09/30/2023,0.0,0.0,0.0,0.0,0.0,0.0,0.0,0,0,0,0,unknown
140233,814287,10/01/2022,09/30/2023,0.0,0.0,0.0,0.0,0.0,0.0,0.0,0,0,0,0,unknown
150047,814306,06/01/2023,05/31/2024,0.0,0.0,0.0,0.0,0.0,0.0,0.0,0,0,0,0,unknown
151312,814319,01/01/2023,12/31/2023,0.0,0.0,0.0,0.0,0.0,0.0,0.0,0,0,0,0,unknown
151318,814320,01/01/2023,12/31/2023,0.0,0.0,0.0,0.0,0.0,0.0,0.0,0,0,0,0,unknown
151319,814321,10/01/2022,09/30/2023,0.0,0.0,0.0,0.0,0.0,0.0,0.0,0,0,0,0,unknown
153025,814324,08/01/2023,07/31/2024,0.0,0.0,0.0,0.0,0.0,0.0,0.0,0,0,0,0,unknown
161315,814333,07/01/2023,06/30/2024,0.0,0.0,0.0,0.0,0.0,0.0,0.0,0,0,0,0,unknown
161316,814334,01/01/2023,09/30/2023,0.0,0.0,0.0,0.0,0.0,0.0,0.0,0,0,0,0,unknown
161320,814335,01/01/2023,12/31/2023,0.0,0.0,0.0,0.0,0.0,0.0,0.0,0,0,0,0,unknown
161329,814338,07/01/2023,06/30/2024,0.0,0.0,0.0,0.0,0.0,0.0,0.0,0,0,0,0,unknown
161350,814340,01/01/2023,12/31/2023,0.0,0.0,0.0,0.0,0.0,0.0,0.0,0,0,0,0,unknown
161355,814342,07/01/2023,06/30/2024,0.0,0.0,0.0,0.0,0.0,0.0,0.0,0,0,0,0,unknown
170014,814344,10/01/2022,09/30/2023,0.0,0.0,0.0,0.0,0.0,0.0,0.0,0,0,0,0,unknown
170017,814345,01/01/2023,12/31/2023,0.0,0.0,0.0,0.0,0.0,0.0,0.0,0,0,0,0,unknown
170027,814347,10/01/2022,09/30/2023,0.0,0.0,0.0,0.0,0.0,0.0,0.0,0,0,0,0,unknown
170120,814350,01/01/2023,12/31/2023,0.0,0.0,0.0,0.0,0.0,0.0,0.0,0,0,0,0,unknown
170176,814354,06/01/2023,05/31/2024,0.0,0.0,0.0,0.0,0.0,0.0,0.0,0,0,0,0,unknown
171326,814358,01/01/2023,12/31/2023,0.0,0.0,0.0,0.0,0.0,0.0,0.0,0,0,0,0,unknown
171333,814359,01/01/2023,12/31/2023,0.0,0.0,0.0,0.0,0.0,0.0,0.0,0,0,0,0,unknown
171356,814361,10/01/2022,09/30/2023,0.0,0.0,0.0,0.0,0.0,0.0,0.0,0,0,0,0,unknown
171357,814362,01/01/2023,12/31/2023,0.0,0.0,0.0,0.0,0.0,0.0,0.0,0,0,0,0,unknown
171358,814363,10/01/2022,09/30/2023,0.0,0.0,0.0,0.0,0.0,0.0,0.0,0,0,0,0,unknown
171359,814364,01/01/2023,12/31/2023,0.0,0.0,0.0,0.0,0.0,0.0,0.0,0,0,0,0,unknown
171363,814365,01/01/2023,12/31/2023,0.0,0.0,0.0,0.0,0.0,0.0,0.0,0,0,0,0,unknown
171370,814366,01/01/2023,12/31/2023,0.0,0.0,0.0,0.0,0.0,0.0,0.0,0,0,0,0,unknown
171376,814367,01/01/2023,12/31/2023,0.0,0.0,0.0,0.0,0.0,0.0,0.0,0,0,0,0,unknown
173028,814368,10/01/2022,09/30/2023,0.0,0.0,0.0,0.0,0.0,0.0,0.0,0,0,0,0,unknown
180017,814375,10/01/2022,09/30/2023,0.0,0.0,0.0,0.0,0.0,0.0,0.0,0,0,0,0,unknown
180046,814381,06/01/2023,05/31/2024,0.0,0.0,0.0,0.0,0.0,0.0,0.0,0,0,0,0,unknown
180066,814382,03/01/2023,02/29/2024,0.0,0.0,0.0,0.0,0.0,0.0,0.0,0,0,0,0,unknown
180092,814384,05/01/2023,04/30/2024,0.0,0.0,0.0,0.0,0.0,0.0,0.0,0,0,0,0,unknown
180132,814386,01/01/2023,12/31/2023,0.0,0.0,0.0,0.0,0.0,0.0,0.0,0,0,0,0,unknown
180141,814389,07/01/2023,06/30/2024,0.0,0.0,0.0,0.0,0.0,0.0,0.0,0,0,0,0,unknown
181315,814390,10/01/2022,09/30/2023,0.0,0.0,0.0,0.0,0.0,0.0,0.0,0,0,0,0,unknown
183027,814392,08/01/2023,07/31/2024,0.0,0.0,0.0,0.0,0.0,0.0,0.0,0,0,0,0,unknown
190040,814402,01/01/2023,12/31/2023,0.0,0.0,0.0,0.0,0.0,0.0,0.0,0,0,0,0,unknown
191317,814420,10/01/2022,09/30/2023,0.0,0.0,0.0,0.0,0.0,0.0,0.0,0,0,0,0,unknown
191322,814421,10/01/2022,09/30/2023,0.0,0.0,0.0,0.0,0.0,0.0,0.0,0,0,0,0,unknown
192022,814423,06/01/2023,05/31/2024,0.0,0.0,0.0,0.0,0.0,0.0,0.0,0,0,0,0,unknown
194081,814429,01/01/2023,12/31/2023,0.0,0.0,0.0,0.0,0.0,0.0,0.0,0,0,0,0,unknown
194084,814431,01/01/2023,12/31/2023,0.0,0.0,0.0,0.0,0.0,0.0,0.0,0,0,0,0,unknown
194094,814433,01/01/2023,12/31/2023,0.0,0.0,0.0,0.0,0.0,0.0,0.0,0,0,0,0,unknown
194103,814434,10/01/2022,09/30/2023,0.0,0.0,0.0,0.0,0.0,0.0,0.0,0,0,0,0,unknown
220065,814455,10/01/2022,09/30/2023,0.0,0.0,0.0,0.0,0.0,0.0,0.0,0,0,0,0,unknown
221302,814473,10/01/2022,09/30/2023,0.0,0.0,0.0,0.0,0.0,0.0,0.0,0,0,0,0,unknown
224013,814475,01/01/2023,12/31/2023,0.0,0.0,0.0,0.0,0.0,0.0,0.0,0,0,0,0,unknown
230066,814489,07/01/2023,06/30/2024,0.0,0.0,0.0,0.0,0.0,0.0,0.0,0,0,0,0,unknown
230093,814493,01/01/2023,06/30/2023,0.0,0.0,0.0,0.0,0.0,0.0,0.0,0,0,0,0,unknown
230110,814498,01/01/2023,06/30/2023,0.0,0.0,0.0,0.0,0.0,0.0,0.0,0,0,0,0,unknown
230193,814502,10/01/2022,09/30/2023,0.0,0.0,0.0,0.0,0.0,0.0,0.0,0,0,0,0,unknown
231340,814511,10/01/2022,09/30/2023,0.0,0.0,0.0,0.0,0.0,0.0,0.0,0,0,0,0,unknown
232023,814513,01/01/2023,12/31/2023,0.0,0.0,0.0,0.0,0.0,0.0,0.0,0,0,0,0,unknown
241300,814524,01/01/2023,12/31/2023,0.0,0.0,0.0,0.0,0.0,0.0,0.0,0,0,0,0,unknown
241302,814525,01/01/2023,12/31/2023,0.0,0.0,0.0,0.0,0.0,0.0,0.0,0,0,0,0,unknown
241304,814526,01/01/2023,12/31/2023,0.0,0.0,0.0,0.0,0.0,0.0,0.0,0,0,0,0,unknown
241308,814527,01/01/2023,12/31/2023,0.0,0.0,0.0,0.0,0.0,0.0,0.0,0,0,0,0,unknown
241312,814528,01/01/2023,12/31/2023,0.0,0.0,0.0,0.0,0.0,0.0,0.0,0,0,0,0,unknown
241315,814529,01/01/2023,12/31/2023,0.0,0.0,0.0,0.0,0.0,0.0,0.0,0,0,0,0,unknown
241318,814531,10/01/2022,09/30/2023,0.0,0.0,0.0,0.0,0.0,0.0,0.0,0,0,0,0,unknown
241323,814534,06/01/2023,05/31/2024,0.0,0.0,0.0,0.0,0.0,0.0,0.0,0,0,0,0,unknown
241333,814537,01/01/2023,12/31/2023,0.0,0.0,0.0,0.0,0.0,0.0,0.0,0,0,0,0,unknown
241336,814538,10/01/2022,09/30/2023,0.0,0.0,0.0,0.0,0.0,0.0,0.0,0,0,0,0,unknown
241337,814539,01/01/2023,12/31/2023,0.0,0.0,0.0,0.0,0.0,0.0,0.0,0,0,0,0,unknown
241344,814540,10/01/2022,09/30/2023,0.0,0.0,0.0,0.0,0.0,0.0,0.0,0,0,0,0,unknown
241356,814542,10/01/2022,09/30/2023,0.0,0.0,0.0,0.0,0.0,0.0,0.0,0,0,0,0,unknown
241358,814543,10/01/2022,09/30/2023,0.0,0.0,0.0,0.0,0.0,0.0,0.0,0,0,0,0,unknown
241375,814545,01/01/2023,12/31/2023,0.0,0.0,0.0,0.0,0.0,0.0,0.0,0,0,0,0,unknown
242004,814547,01/01/2023,12/31/2023,0.0,0.0,0.0,0.0,0.0,0.0,0.0,0,0,0,0,unknown
250034,814551,10/01/2022,09/30/2023,0.0,0.0,0.0,0.0,0.0,0.0,0.0,0,0,0,0,unknown
250044,814552,10/01/2022,09/30/2023,0.0,0.0,0.0,0.0,0.0,0.0,0.0,0,0,0,0,unknown
250138,814557,10/01/2022,09/30/2023,0.0,0.0,0.0,0.0,0.0,0.0,0.0,0,0,0,0,unknown
251308,814565,10/01/2022,09/30/2023,0.0,0.0,0.0,0.0,0.0,0.0,0.0,0,0,0,0,unknown
251309,814566,10/01/2022,09/30/2023,0.0,0.0,0.0,0.0,0.0,0.0,0.0,0,0,0,0,unknown
251312,814567,10/01/2022,09/30/2023,0.0,0.0,0.0,0.0,0.0,0.0,0.0,0,0,0,0,unknown
251313,814568,10/01/2022,09/30/2023,0.0,0.0,0.0,0.0,0.0,0.0,0.0,0,0,0,0,unknown
251315,814569,10/01/2022,09/30/2023,0.0,0.0,0.0,0.0,0.0,0.0,0.0,0,0,0,0,unknown
251329,814571,10/01/2022,09/30/2023,0.0,0.0,0.0,0.0,0.0,0.0,0.0,0,0,0,0,unknown
251336,814572,10/01/2022,09/30/2023,0.0,0.0,0.0,0.0,0.0,0.0,0.0,0,0,0,0,unknown
251337,814573,10/01/2022,09/30/2023,0.0,0.0,0.0,0.0,0.0,0.0,0.0,0,0,0,0,unknown
253027,814574,06/01/2023,05/31/2024,0.0,0.0,0.0,0.0,0.0,0.0,0.0,0,0,0,0,unknown
260091,814581,01/01/2023,12/31/2023,0.0,0.0,0.0,0.0,0.0,0.0,0.0,0,0,0,0,unknown
260095,814582,04/01/2023,03/31/2024,0.0,0.0,0.0,0.0,0.0,0.0,0.0,0,0,0,0,unknown
260175,814585,04/01/2023,03/31/2024,0.0,0.0,0.0,0.0,0.0,0.0,0.0,0,0,0,0,unknown
261325,814589,10/01/2022,09/30/2023,0.0,0.0,0.0,0.0,0.0,0.0,0.0,0,0,0,0,unknown
261327,814590,11/01/2022,10/31/2023,0.0,0.0,0.0,0.0,0.0,0.0,0.0,0,0,0,0,unknown
262013,814591,11/01/2022,10/31/2023,0.0,0.0,0.0,0.0,0.0,0.0,0.0,0,0,0,0,unknown
263028,814592,06/01/2023,05/31/2024,0.0,0.0,0.0,0.0,0.0,0.0,0.0,0,0,0,0,unknown
270051,814598,04/01/2023,12/31/2023,0.0,0.0,0.0,0.0,0.0,0.0,0.0,0,0,0,0,unknown
271329,814599,10/01/2022,09/30/2023,0.0,0.0,0.0,0.0,0.0,0.0,0.0,0,0,0,0,unknown
280077,814605,01/01/2023,12/31/2023,0.0,0.0,0.0,0.0,0.0,0.0,0.0,0,0,0,0,unknown
281300,814607,01/01/2023,12/31/2023,0.0,0.0,0.0,0.0,0.0,0.0,0.0,0,0,0,0,unknown
281320,814608,10/01/2022,09/30/2023,0.0,0.0,0.0,0.0,0.0,0.0,0.0,0,0,0,0,unknown
281336,814610,10/01/2022,09/30/2023,0.0,0.0,0.0,0.0,0.0,0.0,0.0,0,0,0,0,unknown
281341,814612,10/01/2022,09/30/2023,0.0,0.0,0.0,0.0,0.0,0.0,0.0,0,0,0,0,unknown
281357,814613,01/01/2023,12/31/2023,0.0,0.0,0.0,0.0,0.0,0.0,0.0,0,0,0,0,unknown
281362,814614,01/01/2023,12/31/2023,0.0,0.0,0.0,0.0,0.0,0.0,0.0,0,0,0,0,unknown
281364,814616,10/01/2022,09/30/2023,0.0,0.0,0.0,0.0,0.0,0.0,0.0,0,0,0,0,unknown
283301,814617,01/01/2023,12/31/2023,0.0,0.0,0.0,0.0,0.0,0.0,0.0,0,0,0,0,unknown
290009,814623,01/01/2023,12/31/2023,0.0,0.0,0.0,0.0,0.0,0.0,0.0,0,0,0,0,unknown
290047,814627,02/01/2023,01/31/2024,0.0,0.0,0.0,0.0,0.0,0.0,0.0,0,0,0,0,unknown
290054,814629,01/01/2023,12/31/2023,0.0,0.0,0.0,0.0,0.0,0.0,0.0,0,0,0,0,unknown
292002,814631,09/01/2023,08/31/2024,0.0,0.0,0.0,0.0,0.0,0.0,0.0,0,0,0,0,unknown
310045,814644,01/01/2023,12/31/2023,0.0,0.0,0.0,0.0,0.0,0.0,0.0,0,0,0,0,unknown
310091,814652,01/01/2023,09/30/2023,0.0,0.0,0.0,0.0,0.0,0.0,0.0,0,0,0,0,unknown
312019,814654,11/01/2022,10/31/2023,0.0,0.0,0.0,0.0,0.0,0.0,0.0,0,0,0,0,unknown
323026,814661,07/01/2023,06/30/2024,0.0,0.0,0.0,0.0,0.0,0.0,0.0,0,0,0,0,unknown
330008,814664,01/01/2023,12/31/2023,0.0,0.0,0.0,0.0,0.0,0.0,0.0,0,0,0,0,unknown
330023,814667,10/01/2022,09/30/2023,0.0,0.0,0.0,0.0,0.0,0.0,0.0,0,0,0,0,unknown
330049,814675,10/01/2022,09/30/2023,0.0,0.0,0.0,0.0,0.0,0.0,0.0,0,0,0,0,unknown
330273,814703,10/01/2022,09/30/2023,0.0,0.0,0.0,0.0,0.0,0.0,0.0,0,0,0,0,unknown
331301,814707,01/01/2023,12/31/2023,0.0,0.0,0.0,0.0,0.0,0.0,0.0,0,0,0,0,unknown
333030,814711,01/01/2023,12/31/2023,0.0,0.0,0.0,0.0,0.0,0.0,0.0,0,0,0,0,unknown
334046,814714,04/01/2023,03/31/2024,0.0,0.0,0.0,0.0,0.0,0.0,0.0,0,0,0,0,unknown
340120,814729,10/01/2022,09/30/2023,0.0,0.0,0.0,0.0,0.0,0.0,0.0,0,0,0,0,unknown
340123,814730,01/01/2023,12/31/2023,0.0,0.0,0.0,0.0,0.0,0.0,0.0,0,0,0,0,unknown
340143,814732,07/01/2023,06/30/2024,0.0,0.0,0.0,0.0,0.0,0.0,0.0,0,0,0,0,unknown
340144,814733,10/01/2022,05/04/2023,0.0,0.0,0.0,0.0,0.0,0.0,0.0,0,0,0,0,unknown
340158,814738,01/01/2023,12/31/2023,0.0,0.0,0.0,0.0,0.0,0.0,0.0,0,0,0,0,unknown
351309,814742,01/01/2023,12/31/2023,0.0,0.0,0.0,0.0,0.0,0.0,0.0,0,0,0,0,unknown
351327,814744,10/01/2022,09/30/2023,0.0,0.0,0.0,0.0,0.0,0.0,0.0,0,0,0,0,unknown
360107,814762,01/01/2023,12/31/2023,0.0,0.0,0.0,0.0,0.0,0.0,0.0,0,0,0,0,unknown
364047,814780,10/01/2022,09/30/2023,0.0,0.0,0.0,0.0,0.0,0.0,0.0,0,0,0,0,unknown
364049,814781,01/01/2023,12/31/2023,0.0,0.0,0.0,0.0,0.0,0.0,0.0,0,0,0,0,unknown
364063,814783,07/01/2023,07/31/2024,0.0,0.0,0.0,0.0,0.0,0.0,0.0,0,0,0,0,unknown
364065,814784,01/01/2023,12/31/2023,0.0,0.0,0.0,0.0,0.0,0.0,0.0,0,0,0,0,unknown
370093,814789,07/01/2023,06/30/2024,0.0,0.0,0.0,0.0,0.0,0.0,0.0,0,0,0,0,unknown
370149,814790,01/01/2023,12/31/2023,0.0,0.0,0.0,0.0,0.0,0.0,0.0,0,0,0,0,unknown
371300,814797,01/01/2023,12/31/2023,0.0,0.0,0.0,0.0,0.0,0.0,0.0,0,0,0,0,unknown
371309,814799,10/01/2022,09/30/2023,0.0,0.0,0.0,0.0,0.0,0.0,0.0,0,0,0,0,unknown
380005,814805,10/01/2022,09/30/2023,0.0,0.0,0.0,0.0,0.0,0.0,0.0,0,0,0,0,unknown
380038,814808,01/01/2023,12/31/2023,0.0,0.0,0.0,0.0,0.0,0.0,0.0,0,0,0,0,unknown
380075,814811,01/01/2023,12/31/2023,0.0,0.0,0.0,0.0,0.0,0.0,0.0,0,0,0,0,unknown
393026,814838,07/01/2023,06/30/2024,0.0,0.0,0.0,0.0,0.0,0.0,0.0,0,0,0,0,unknown
393031,814839,07/01/2023,06/30/2024,0.0,0.0,0.0,0.0,0.0,0.0,0.0,0,0,0,0,unknown
393037,814840,07/01/2023,06/30/2024,0.0,0.0,0.0,0.0,0.0,0.0,0.0,0,0,0,0,unknown
393039,814841,07/01/2023,06/30/2024,0.0,0.0,0.0,0.0,0.0,0.0,0.0,0,0,0,0,unknown
393047,814842,07/01/2023,06/30/2024,0.0,0.0,0.0,0.0,0.0,0.0,0.0,0,0,0,0,unknown
394012,814844,07/01/2023,06/30/2024,0.0,0.0,0.0,0.0,0.0,0.0,0.0,0,0,0,0,unknown
394014,814845,07/01/2023,06/30/2024,0.0,0.0,0.0,0.0,0.0,0.0,0.0,0,0,0,0,unknown
394016,814846,07/01/2023,06/30/2024,0.0,0.0,0.0,0.0,0.0,0.0,0.0,0,0,0,0,unknown
394026,814847,07/01/2023,06/30/2024,0.0,0.0,0.0,0.0,0.0,0.0,0.0,0,0,0,0,unknown
400015,814852,07/01/2023,06/30/2024,0.0,0.0,0.0,0.0,0.0,0.0,0.0,0,0,0,0,unknown
400018,814853,04/01/2023,03/31/2024,0.0,0.0,0.0,0.0,0.0,0.0,0.0,0,0,0,0,unknown
400021,814854,01/01/2023,12/31/2023,0.0,0.0,0.0,0.0,0.0,0.0,0.0,0,0,0,0,unknown
400061,814856,07/01/2023,06/30/2024,0.0,0.0,0.0,0.0,0.0,0.0,0.0,0,0,0,0,unknown
400079,814857,01/01/2023,12/31/2023,0.0,0.0,0.0,0.0,0.0,0.0,0.0,0,0,0,0,unknown
400087,814858,01/01/2023,12/31/2023,0.0,0.0,0.0,0.0,0.0,0.0,0.0,0,0,0,0,unknown
400102,814859,01/01/2023,12/31/2023,0.0,0.0,0.0,0.0,0.0,0.0,0.0,0,0,0,0,unknown
400110,814862,01/01/2023,12/31/2023,0.0,0.0,0.0,0.0,0.0,0.0,0.0,0,0,0,0,unknown
400111,814863,01/01/2023,12/31/2023,0.0,0.0,0.0,0.0,0.0,0.0,0.0,0,0,0,0,unknown
400112,814864,07/01/2023,06/30/2024,0.0,0.0,0.0,0.0,0.0,0.0,0.0,0,0,0,0,unknown
400120,814865,01/01/2023,12/19/2023,0.0,0.0,0.0,0.0,0.0,0.0,0.0,0,0,0,0,unknown
400124,814866,07/01/2023,06/30/2024,0.0,0.0,0.0,0.0,0.0,0.0,0.0,0,0,0,0,unknown
400128,814867,01/01/2023,12/31/2023,0.0,0.0,0.0,0.0,0.0,0.0,0.0,0,0,0,0,unknown
400132,814868,01/01/2023,12/31/2023,0.0,0.0,0.0,0.0,0.0,0.0,0.0,0,0,0,0,unknown
400135,814869,07/01/2023,06/30/2024,0.0,0.0,0.0,0.0,0.0,0.0,0.0,0,0,0,0,unknown
420004,814873,07/01/2023,06/30/2024,0.0,0.0,0.0,0.0,0.0,0.0,0.0,0,0,0,0,unknown
420026,814877,07/01/2023,06/30/2024,0.0,0.0,0.0,0.0,0.0,0.0,0.0,0,0,0,0,unknown
420049,814881,10/01/2022,09/30/2023,0.0,0.0,0.0,0.0,0.0,0.0,0.0,0,0,0,0,unknown
420085,814888,05/01/2023,04/30/2024,0.0,0.0,0.0,0.0,0.0,0.0,0.0,0,0,0,0,unknown
423028,814894,06/01/2023,05/31/2024,0.0,0.0,0.0,0.0,0.0,0.0,0.0,0,0,0,0,unknown
424006,814895,01/01/2023,12/31/2023,0.0,0.0,0.0,0.0,0.0,0.0,0.0,0,0,0,0,unknown
424008,814896,01/01/2023,12/31/2023,0.0,0.0,0.0,0.0,0.0,0.0,0.0,0,0,0,0,unknown
424014,814897,01/01/2023,12/31/2023,0.0,0.0,0.0,0.0,0.0,0.0,0.0,0,0,0,0,unknown
430048,814900,07/01/2023,06/30/2024,0.0,0.0,0.0,0.0,0.0,0.0,0.0,0,0,0,0,unknown
430077,814901,07/01/2023,06/30/2024,0.0,0.0,0.0,0.0,0.0,0.0,0.0,0,0,0,0,unknown
431309,814902,01/01/2023,12/31/2023,0.0,0.0,0.0,0.0,0.0,0.0,0.0,0,0,0,0,unknown
431316,814903,01/01/2023,12/31/2023,0.0,0.0,0.0,0.0,0.0,0.0,0.0,0,0,0,0,unknown
431328,814904,01/01/2023,12/31/2023,0.0,0.0,0.0,0.0,0.0,0.0,0.0,0,0,0,0,unknown
431383,814905,10/01/2022,09/30/2023,0.0,0.0,0.0,0.0,0.0,0.0,0.0,0,0,0,0,unknown
440009,814912,07/01/2023,06/30/2024,0.0,0.0,0.0,0.0,0.0,0.0,0.0,0,0,0,0,unknown
440046,814922,06/01/2023,05/31/2024,0.0,0.0,0.0,0.0,0.0,0.0,0.0,0,0,0,0,unknown
440060,814924,07/01/2023,06/30/2024,0.0,0.0,0.0,0.0,0.0,0.0,0.0,0,0,0,0,unknown
440150,814926,01/01/2023,12/31/2023,0.0,0.0,0.0,0.0,0.0,0.0,0.0,0,0,0,0,unknown
440156,814927,04/01/2023,03/31/2024,0.0,0.0,0.0,0.0,0.0,0.0,0.0,0,0,0,0,unknown
440161,814928,01/01/2023,12/31/2023,0.0,0.0,0.0,0.0,0.0,0.0,0.0,0,0,0,0,unknown
440197,814935,06/01/2023,05/31/2024,0.0,0.0,0.0,0.0,0.0,0.0,0.0,0,0,0,0,unknown
440779,814938,07/01/2023,05/31/2024,0.0,0.0,0.0,0.0,0.0,0.0,0.0,0,0,0,0,unknown
442010,814939,10/01/2022,09/30/2023,0.0,0.0,0.0,0.0,0.0,0.0,0.0,0,0,0,0,unknown
442014,814940,12/01/2022,11/30/2023,0.0,0.0,0.0,0.0,0.0,0.0,0.0,0,0,0,0,unknown
442016,814941,11/01/2022,10/31/2023,0.0,0.0,0.0,0.0,0.0,0.0,0.0,0,0,0,0,unknown
443027,814944,06/01/2023,05/31/2024,0.0,0.0,0.0,0.0,0.0,0.0,0.0,0,0,0,0,unknown
443028,814945,06/01/2023,05/31/2024,0.0,0.0,0.0,0.0,0.0,0.0,0.0,0,0,0,0,unknown
443032,814946,06/01/2023,05/31/2024,0.0,0.0,0.0,0.0,0.0,0.0,0.0,0,0,0,0,unknown
443035,814950,04/01/2023,03/31/2024,0.0,0.0,0.0,0.0,0.0,0.0,0.0,0,0,0,0,unknown
443039,814952,03/16/2023,06/30/2024,0.0,0.0,0.0,0.0,0.0,0.0,0.0,0,0,0,0,unknown
444004,814953,01/01/2023,12/31/2023,0.0,0.0,0.0,0.0,0.0,0.0,0.0,0,0,0,0,unknown
444005,814954,01/01/2023,12/31/2023,0.0,0.0,0.0,0.0,0.0,0.0,0.0,0,0,0,0,unknown
444026,814956,01/01/2023,12/31/2023,0.0,0.0,0.0,0.0,0.0,0.0,0.0,0,0,0,0,unknown
444027,814957,01/01/2023,12/31/2023,0.0,0.0,0.0,0.0,0.0,0.0,0.0,0,0,0,0,unknown
450148,814970,10/01/2022,09/30/2023,0.0,0.0,0.0,0.0,0.0,0.0,0.0,0,0,0,0,unknown
450419,814986,10/01/2022,09/30/2023,0.0,0.0,0.0,0.0,0.0,0.0,0.0,0,0,0,0,unknown
450462,814990,01/01/2023,12/31/2023,0.0,0.0,0.0,0.0,0.0,0.0,0.0,0,0,0,0,unknown
450610,814997,07/01/2023,06/30/2024,0.0,0.0,0.0,0.0,0.0,0.0,0.0,0,0,0,0,unknown
450638,814999,06/01/2023,05/31/2024,0.0,0.0,0.0,0.0,0.0,0.0,0.0,0,0,0,0,unknown
450669,815012,06/01/2023,05/31/2024,0.0,0.0,0.0,0.0,0.0,0.0,0.0,0,0,0,0,unknown
450672,815013,02/01/2023,01/31/2024,0.0,0.0,0.0,0.0,0.0,0.0,0.0,0,0,0,0,unknown
450686,815016,01/01/2023,12/31/2023,0.0,0.0,0.0,0.0,0.0,0.0,0.0,0,0,0,0,unknown
450711,815017,10/01/2022,09/30/2023,0.0,0.0,0.0,0.0,0.0,0.0,0.0,0,0,0,0,unknown
450809,815023,07/01/2023,06/30/2024,0.0,0.0,0.0,0.0,0.0,0.0,0.0,0,0,0,0,unknown
450847,815029,01/01/2023,12/31/2023,0.0,0.0,0.0,0.0,0.0,0.0,0.0,0,0,0,0,unknown
450853,815030,01/01/2023,12/31/2023,0.0,0.0,0.0,0.0,0.0,0.0,0.0,0,0,0,0,unknown
451301,815033,10/01/2022,09/30/2023,0.0,0.0,0.0,0.0,0.0,0.0,0.0,0,0,0,0,unknown
451303,815034,10/01/2022,09/30/2023,0.0,0.0,0.0,0.0,0.0,0.0,0.0,0,0,0,0,unknown
451306,815035,10/01/2022,09/30/2023,0.0,0.0,0.0,0.0,0.0,0.0,0.0,0,0,0,0,unknown
451309,815036,10/01/2022,09/30/2023,0.0,0.0,0.0,0.0,0.0,0.0,0.0,0,0,0,0,unknown
451310,815037,10/01/2022,09/30/2023,0.0,0.0,0.0,0.0,0.0,0.0,0.0,0,0,0,0,unknown
451314,815038,10/01/2022,09/30/2023,0.0,0.0,0.0,0.0,0.0,0.0,0.0,0,0,0,0,unknown
451317,815039,01/01/2023,12/31/2023,0.0,0.0,0.0,0.0,0.0,0.0,0.0,0,0,0,0,unknown
451318,815040,10/01/2022,09/30/2023,0.0,0.0,0.0,0.0,0.0,0.0,0.0,0,0,0,0,unknown
451320,815041,10/01/2022,09/30/2023,0.0,0.0,0.0,0.0,0.0,0.0,0.0,0,0,0,0,unknown
451342,815042,10/01/2022,09/30/2023,0.0,0.0,0.0,0.0,0.0,0.0,0.0,0,0,0,0,unknown
451343,815043,10/01/2022,09/30/2023,0.0,0.0,0.0,0.0,0.0,0.0,0.0,0,0,0,0,unknown
451344,815044,10/01/2022,09/30/2023,0.0,0.0,0.0,0.0,0.0,0.0,0.0,0,0,0,0,unknown
451351,815045,10/01/2022,09/30/2023,0.0,0.0,0.0,0.0,0.0,0.0,0.0,0,0,0,0,unknown
451353,815046,10/01/2022,09/30/2023,0.0,0.0,0.0,0.0,0.0,0.0,0.0,0,0,0,0,unknown
451358,815048,10/01/2022,09/30/2023,0.0,0.0,0.0,0.0,0.0,0.0,0.0,0,0,0,0,unknown
451363,815049,10/01/2022,09/30/2023,0.0,0.0,0.0,0.0,0.0,0.0,0.0,0,0,0,0,unknown
451375,815052,10/01/2022,09/30/2023,0.0,0.0,0.0,0.0,0.0,0.0,0.0,0,0,0,0,unknown
451390,815053,10/01/2022,09/30/2023,0.0,0.0,0.0,0.0,0.0,0.0,0.0,0,0,0,0,unknown
451392,815054,10/01/2022,09/30/2023,0.0,0.0,0.0,0.0,0.0,0.0,0.0,0,0,0,0,unknown
451394,815055,10/01/2022,09/30/2023,0.0,0.0,0.0,0.0,0.0,0.0,0.0,0,0,0,0,unknown
452023,815056,09/01/2023,08/31/2024,0.0,0.0,0.0,0.0,0.0,0.0,0.0,0,0,0,0,unknown
452039,815057,09/01/2023,08/31/2024,0.0,0.0,0.0,0.0,0.0,0.0,0.0,0,0,0,0,unknown
452080,815058,09/01/2023,08/31/2024,0.0,0.0,0.0,0.0,0.0,0.0,0.0,0,0,0,0,unknown
452108,815060,09/01/2023,08/31/2024,0.0,0.0,0.0,0.0,0.0,0.0,0.0,0,0,0,0,unknown
453029,815061,08/01/2023,07/31/2024,0.0,0.0,0.0,0.0,0.0,0.0,0.0,0,0,0,0,unknown
453031,815062,06/01/2023,05/31/2024,0.0,0.0,0.0,0.0,0.0,0.0,0.0,0,0,0,0,unknown
453040,815063,08/01/2023,07/31/2024,0.0,0.0,0.0,0.0,0.0,0.0,0.0,0,0,0,0,unknown
453059,815065,08/01/2023,07/31/2024,0.0,0.0,0.0,0.0,0.0,0.0,0.0,0,0,0,0,unknown
453304,815066,10/01/2022,09/30/2023,0.0,0.0,0.0,0.0,0.0,0.0,0.0,0,0,0,0,unknown
453313,815068,10/01/2022,09/30/2023,0.0,0.0,0.0,0.0,0.0,0.0,0.0,0,0,0,0,unknown
454012,815070,01/01/2023,12/31/2023,0.0,0.0,0.0,0.0,0.0,0.0,0.0,0,0,0,0,unknown
454109,815071,01/01/2023,12/31/2023,0.0,0.0,0.0,0.0,0.0,0.0,0.0,0,0,0,0,unknown
454119,815072,01/01/2023,12/31/2023,0.0,0.0,0.0,0.0,0.0,0.0,0.0,0,0,0,0,unknown
454122,815073,01/01/2023,12/31/2023,0.0,0.0,0.0,0.0,0.0,0.0,0.0,0,0,0,0,unknown
454123,815074,01/01/2023,12/31/2023,0.0,0.0,0.0,0.0,0.0,0.0,0.0,0,0,0,0,unknown
460003,815077,07/01/2023,06/30/2024,0.0,0.0,0.0,0.0,0.0,0.0,0.0,0,0,0,0,unknown
460005,815078,06/01/2023,05/31/2024,0.0,0.0,0.0,0.0,0.0,0.0,0.0,0,0,0,0,unknown
460009,815079,07/01/2023,06/30/2024,0.0,0.0,0.0,0.0,0.0,0.0,0.0,0,0,0,0,unknown
460030,815084,02/01/2023,01/31/2024,0.0,0.0,0.0,0.0,0.0,0.0,0.0,0,0,0,0,unknown
460039,815087,01/01/2023,12/31/2023,0.0,0.0,0.0,0.0,0.0,0.0,0.0,0,0,0,0,unknown
460041,815088,07/01/2023,06/30/2024,0.0,0.0,0.0,0.0,0.0,0.0,0.0,0,0,0,0,unknown
460043,815089,01/01/2023,12/31/2023,0.0,0.0,0.0,0.0,0.0,0.0,0.0,0,0,0,0,unknown
460051,815093,07/01/2023,06/30/2024,0.0,0.0,0.0,0.0,0.0,0.0,0.0,0,0,0,0,unknown
490112,815112,09/01/2023,08/31/2024,0.0,0.0,0.0,0.0,0.0,0.0,0.0,0,0,0,0,unknown
493031,815117,06/01/2023,05/31/2024,0.0,0.0,0.0,0.0,0.0,0.0,0.0,0,0,0,0,unknown
493032,815118,06/01/2023,05/31/2024,0.0,0.0,0.0,0.0,0.0,0.0,0.0,0,0,0,0,unknown
493033,815119,06/01/2023,05/31/2024,0.0,0.0,0.0,0.0,0.0,0.0,0.0,0,0,0,0,unknown
500033,815123,01/01/2023,12/31/2023,0.0,0.0,0.0,0.0,0.0,0.0,0.0,0,0,0,0,unknown
500077,815126,01/01/2023,12/31/2023,0.0,0.0,0.0,0.0,0.0,0.0,0.0,0,0,0,0,unknown
500152,815130,01/01/2023,12/31/2023,0.0,0.0,0.0,0.0,0.0,0.0,0.0,0,0,0,0,unknown
511317,815151,04/01/2023,12/31/2023,0.0,0.0,0.0,0.0,0.0,0.0,0.0,0,0,0,0,unknown
511318,815155,01/01/2023,12/31/2023,0.0,0.0,0.0,0.0,0.0,0.0,0.0,0,0,0,0,unknown
513027,815157,08/01/2023,07/31/2024,0.0,0.0,0.0,0.0,0.0,0.0,0.0,0,0,0,0,unknown
520030,815159,07/01/2023,06/30/2024,0.0,0.0,0.0,0.0,0.0,0.0,0.0,0,0,0,0,unknown
521305,815175,01/01/2023,12/31/2023,0.0,0.0,0.0,0.0,0.0,0.0,0.0,0,0,0,0,unknown
521326,815178,01/01/2023,12/31/2023,0.0,0.0,0.0,0.0,0.0,0.0,0.0,0,0,0,0,unknown
521337,815182,07/01/2023,12/31/2023,0.0,0.0,0.0,0.0,0.0,0.0,0.0,0,0,0,0,unknown
521347,815183,10/01/2022,09/30/2023,0.0,0.0,0.0,0.0,0.0,0.0,0.0,0,0,0,0,unknown
522006,815185,11/01/2022,10/31/2023,0.0,0.0,0.0,0.0,0.0,0.0,0.0,0,0,0,0,unknown
531305,815188,01/01/2023,12/31/2023,0.0,0.0,0.0,0.0,0.0,0.0,0.0,0,0,0,0,unknown
670075,815191,07/01/2023,06/30/2024,0.0,0.0,0.0,0.0,0.0,0.0,0.0,0,0,0,0,unknown
670128,815196,10/01/2022,09/30/2023,0.0,0.0,0.0,0.0,0.0,0.0,0.0,0,0,0,0,unknown
670136,815198,01/01/2023,12/31/2023,0.0,0.0,0.0,0.0,0.0,0.0,0.0,0,0,0,0,unknown
010029,815205,10/01/2022,09/30/2023,0.0,0.0,0.0,0.0,0.0,0.0,0.0,0,0,0,0,unknown
010073,815208,10/01/2022,09/30/2023,0.0,0.0,0.0,0.0,0.0,0.0,0.0,0,0,0,0,unknown
010144,815221,01/01/2023,12/31/2023,0.0,0.0,0.0,0.0,0.0,0.0,0.0,0,0,0,0,unknown
010169,815222,10/01/2022,09/30/2023,0.0,0.0,0.0,0.0,0.0,0.0,0.0,0,0,0,0,unknown
012006,815223,04/01/2023,03/31/2024,0.0,0.0,0.0,0.0,0.0,0.0,0.0,0,0,0,0,unknown
012014,815224,05/01/2023,04/30/2024,0.0,0.0,0.0,0.0,0.0,0.0,0.0,0,0,0,0,unknown
020006,815227,01/01/2023,12/31/2023,0.0,0.0,0.0,0.0,0.0,0.0,0.0,0,0,0,0,unknown
020012,815228,01/01/2023,12/31/2023,0.0,0.0,0.0,0.0,0.0,0.0,0.0,0,0,0,0,unknown
020017,815229,01/01/2023,12/31/2023,0.0,0.0,0.0,0.0,0.0,0.0,0.0,0,0,0,0,unknown
021307,815231,01/01/2023,12/31/2023,0.0,0.0,0.0,0.0,0.0,0.0,0.0,0,0,0,0,unknown
030007,815234,07/01/2023,06/30/2024,0.0,0.0,0.0,0.0,0.0,0.0,0.0,0,0,0,0,unknown
030122,815242,01/01/2023,12/31/2023,0.0,0.0,0.0,0.0,0.0,0.0,0.0,0,0,0,0,unknown
031315,815245,01/01/2023,12/31/2023,0.0,0.0,0.0,0.0,0.0,0.0,0.0,0,0,0,0,unknown
031319,815246,01/01/2023,12/31/2023,0.0,0.0,0.0,0.0,0.0,0.0,0.0,0,0,0,0,unknown
032005,815247,06/01/2023,05/31/2024,0.0,0.0,0.0,0.0,0.0,0.0,0.0,0,0,0,0,unknown
033029,815249,08/01/2023,07/31/2024,0.0,0.0,0.0,0.0,0.0,0.0,0.0,0,0,0,0,unknown
033037,815250,06/01/2023,05/31/2024,0.0,0.0,0.0,0.0,0.0,0.0,0.0,0,0,0,0,unknown
040011,815254,07/01/2023,06/30/2024,0.0,0.0,0.0,0.0,0.0,0.0,0.0,0,0,0,0,unknown
040015,815255,01/01/2023,12/31/2023,0.0,0.0,0.0,0.0,0.0,0.0,0.0,0,0,0,0,unknown
040067,815264,10/01/2022,09/30/2023,0.0,0.0,0.0,0.0,0.0,0.0,0.0,0,0,0,0,unknown
040085,815266,01/01/2023,12/04/2023,0.0,0.0,0.0,0.0,0.0,0.0,0.0,0,0,0,0,unknown
040779,815269,09/01/2023,09/30/2024,0.0,0.0,0.0,0.0,0.0,0.0,0.0,0,0,0,0,unknown
041300,815270,07/01/2023,06/30/2024,0.0,0.0,0.0,0.0,0.0,0.0,0.0,0,0,0,0,unknown
041303,815271,07/01/2023,06/30/2024,0.0,0.0,0.0,0.0,0.0,0.0,0.0,0,0,0,0,unknown
041304,815272,01/01/2023,11/30/2023,0.0,0.0,0.0,0.0,0.0,0.0,0.0,0,0,0,0,unknown
041305,815273,07/01/2023,06/30/2024,0.0,0.0,0.0,0.0,0.0,0.0,0.0,0,0,0,0,unknown
041316,815274,01/01/2023,12/31/2023,0.0,0.0,0.0,0.0,0.0,0.0,0.0,0,0,0,0,unknown
041333,815275,08/07/2023,12/31/2023,0.0,0.0,0.0,0.0,0.0,0.0,0.0,0,0,0,0,unknown
042009,815276,06/01/2023,05/31/2024,0.0,0.0,0.0,0.0,0.0,0.0,0.0,0,0,0,0,unknown
050380,815310,02/01/2023,01/31/2024,0.0,0.0,0.0,0.0,0.0,0.0,0.0,0,0,0,0,unknown
050423,815317,07/01/2023,07/19/2023,0.0,0.0,0.0,0.0,0.0,0.0,0.0,0,0,0,0,unknown
050668,815330,07/01/2023,06/30/2024,0.0,0.0,0.0,0.0,0.0,0.0,0.0,0,0,0,0,unknown
050765,815338,01/01/2023,12/31/2023,0.0,0.0,0.0,0.0,0.0,0.0,0.0,0,0,0,0,unknown
051323,815343,01/01/2023,12/31/2023,0.0,0.0,0.0,0.0,0.0,0.0,0.0,0,0,0,0,unknown
052044,815346,04/01/2023,03/31/2024,0.0,0.0,0.0,0.0,0.0,0.0,0.0,0,0,0,0,unknown
053042,815349,04/01/2023,03/31/2024,0.0,0.0,0.0,0.0,0.0,0.0,0.0,0,0,0,0,unknown
054075,815358,01/01/2023,12/31/2023,0.0,0.0,0.0,0.0,0.0,0.0,0.0,0,0,0,0,unknown
054077,815359,01/01/2023,12/31/2023,0.0,0.0,0.0,0.0,0.0,0.0,0.0,0,0,0,0,unknown
054131,815360,01/01/2023,12/31/2023,0.0,0.0,0.0,0.0,0.0,0.0,0.0,0,0,0,0,unknown
054148,815362,01/01/2023,12/31/2023,0.0,0.0,0.0,0.0,0.0,0.0,0.0,0,0,0,0,unknown
060076,815370,01/01/2023,12/31/2023,0.0,0.0,0.0,0.0,0.0,0.0,0.0,0,0,0,0,unknown
060112,815372,07/01/2023,06/30/2024,0.0,0.0,0.0,0.0,0.0,0.0,0.0,0,0,0,0,unknown
061307,815374,01/01/2023,12/31/2023,0.0,0.0,0.0,0.0,0.0,0.0,0.0,0,0,0,0,unknown
061310,815375,01/01/2023,12/31/2023,0.0,0.0,0.0,0.0,0.0,0.0,0.0,0,0,0,0,unknown
061324,815377,01/01/2023,12/31/2023,0.0,0.0,0.0,0.0,0.0,0.0,0.0,0,0,0,0,unknown
063034,815378,06/01/2023,05/31/2024,0.0,0.0,0.0,0.0,0.0,0.0,0.0,0,0,0,0,unknown
063303,815379,01/01/2023,12/31/2023,0.0,0.0,0.0,0.0,0.0,0.0,0.0,0,0,0,0,unknown
064029,815380,01/01/2023,12/31/2023,0.0,0.0,0.0,0.0,0.0,0.0,0.0,0,0,0,0,unknown
084002,815390,01/01/2023,12/31/2023,0.0,0.0,0.0,0.0,0.0,0.0,0.0,0,0,0,0,unknown
084005,815391,01/01/2023,12/31/2023,0.0,0.0,0.0,0.0,0.0,0.0,0.0,0,0,0,0,unknown
092002,815395,01/01/2023,12/31/2023,0.0,0.0,0.0,0.0,0.0,0.0,0.0,0,0,0,0,unknown
092003,815396,01/01/2023,12/31/2023,0.0,0.0,0.0,0.0,0.0,0.0,0.0,0,0,0,0,unknown
094004,815397,01/01/2023,12/31/2023,0.0,0.0,0.0,0.0,0.0,0.0,0.0,0,0,0,0,unknown
100001,815398,07/01/2023,06/30/2024,0.0,0.0,0.0,0.0,0.0,0.0,0.0,0,0,0,0,unknown
100008,815406,10/01/2022,09/30/2023,0.0,0.0,0.0,0.0,0.0,0.0,0.0,0,0,0,0,unknown
100028,815409,10/01/2022,09/30/2023,0.0,0.0,0.0,0.0,0.0,0.0,0.0,0,0,0,0,unknown
100043,815413,01/01/2023,12/31/2023,0.0,0.0,0.0,0.0,0.0,0.0,0.0,0,0,0,0,unknown
100044,815414,01/01/2023,12/31/2023,0.0,0.0,0.0,0.0,0.0,0.0,0.0,0,0,0,0,unknown
100052,815416,01/01/2023,12/31/2023,0.0,0.0,0.0,0.0,0.0,0.0,0.0,0,0,0,0,unknown
100063,815417,01/01/2023,12/31/2023,0.0,0.0,0.0,0.0,0.0,0.0,0.0,0,0,0,0,unknown
100067,815418,01/01/2023,12/31/2023,0.0,0.0,0.0,0.0,0.0,0.0,0.0,0,0,0,0,unknown
100086,815423,07/01/2023,06/30/2024,0.0,0.0,0.0,0.0,0.0,0.0,0.0,0,0,0,0,unknown
100088,815429,10/01/2022,09/30/2023,0.0,0.0,0.0,0.0,0.0,0.0,0.0,0,0,0,0,unknown
100113,815433,07/01/2023,06/30/2024,0.0,0.0,0.0,0.0,0.0,0.0,0.0,0,0,0,0,unknown
100121,815434,01/01/2023,12/31/2023,0.0,0.0,0.0,0.0,0.0,0.0,0.0,0,0,0,0,unknown
100150,815443,10/01/2022,09/30/2023,0.0,0.0,0.0,0.0,0.0,0.0,0.0,0,0,0,0,unknown
100161,815448,06/01/2023,05/31/2024,0.0,0.0,0.0,0.0,0.0,0.0,0.0,0,0,0,0,unknown
100217,815458,01/01/2023,12/31/2023,0.0,0.0,0.0,0.0,0.0,0.0,0.0,0,0,0,0,unknown
100254,815463,05/01/2023,04/30/2024,0.0,0.0,0.0,0.0,0.0,0.0,0.0,0,0,0,0,unknown
100260,815466,10/01/2022,09/30/2023,0.0,0.0,0.0,0.0,0.0,0.0,0.0,0,0,0,0,unknown
100267,815468,01/01/2023,12/31/2023,0.0,0.0,0.0,0.0,0.0,0.0,0.0,0,0,0,0,unknown
100268,815469,01/01/2023,12/31/2023,0.0,0.0,0.0,0.0,0.0,0.0,0.0,0,0,0,0,unknown
100284,815471,01/01/2023,12/31/2023,0.0,0.0,0.0,0.0,0.0,0.0,0.0,0,0,0,0,unknown
100313,815474,07/01/2023,06/30/2024,0.0,0.0,0.0,0.0,0.0,0.0,0.0,0,0,0,0,unknown
102023,815479,12/01/2022,11/30/2023,0.0,0.0,0.0,0.0,0.0,0.0,0.0,0,0,0,0,unknown
102030,815481,12/01/2022,11/30/2023,0.0,0.0,0.0,0.0,0.0,0.0,0.0,0,0,0,0,unknown
103056,815485,03/10/2023,12/31/2023,0.0,0.0,0.0,0.0,0.0,0.0,0.0,0,0,0,0,unknown
104076,815488,01/01/2023,12/31/2023,0.0,0.0,0.0,0.0,0.0,0.0,0.0,0,0,0,0,unknown
110024,815492,07/01/2023,06/30/2024,0.0,0.0,0.0,0.0,0.0,0.0,0.0,0,0,0,0,unknown
110079,815501,01/01/2023,12/31/2023,0.0,0.0,0.0,0.0,0.0,0.0,0.0,0,0,0,0,unknown
110165,815504,01/01/2023,12/31/2023,0.0,0.0,0.0,0.0,0.0,0.0,0.0,0,0,0,0,unknown
110177,815508,04/01/2023,03/31/2024,0.0,0.0,0.0,0.0,0.0,0.0,0.0,0,0,0,0,unknown
110198,815511,07/01/2023,06/30/2024,0.0,0.0,0.0,0.0,0.0,0.0,0.0,0,0,0,0,unknown
111323,815512,01/01/2023,12/31/2023,0.0,0.0,0.0,0.0,0.0,0.0,0.0,0,0,0,0,unknown
112003,815515,04/01/2023,03/31/2024,0.0,0.0,0.0,0.0,0.0,0.0,0.0,0,0,0,0,unknown
114008,815520,01/01/2023,12/31/2023,0.0,0.0,0.0,0.0,0.0,0.0,0.0,0,0,0,0,unknown
114010,815521,01/01/2023,12/31/2023,0.0,0.0,0.0,0.0,0.0,0.0,0.0,0,0,0,0,unknown
120005,815525,07/01/2023,06/30/2024,0.0,0.0,0.0,0.0,0.0,0.0,0.0,0,0,0,0,unknown
120011,815526,01/01/2023,12/31/2023,0.0,0.0,0.0,0.0,0.0,0.0,0.0,0,0,0,0,unknown
131309,815532,01/01/2023,12/31/2023,0.0,0.0,0.0,0.0,0.0,0.0,0.0,0,0,0,0,unknown
140064,815540,10/01/2022,09/30/2023,0.0,0.0,0.0,0.0,0.0,0.0,0.0,0,0,0,0,unknown
140162,815550,10/01/2022,09/30/2023,0.0,0.0,0.0,0.0,0.0,0.0,0.0,0,0,0,0,unknown
140206,815555,10/01/2022,09/30/2023,0.0,0.0,0.0,0.0,0.0,0.0,0.0,0,0,0,0,unknown
141334,815572,04/01/2023,03/31/2024,0.0,0.0,0.0,0.0,0.0,0.0,0.0,0,0,0,0,unknown
143030,815575,06/01/2023,05/31/2024,0.0,0.0,0.0,0.0,0.0,0.0,0.0,0,0,0,0,unknown
143031,815576,07/01/2023,06/30/2024,0.0,0.0,0.0,0.0,0.0,0.0,0.0,0,0,0,0,unknown
143300,815577,09/01/2023,08/31/2024,0.0,0.0,0.0,0.0,0.0,0.0,0.0,0,0,0,0,unknown
144026,815578,01/01/2023,12/31/2023,0.0,0.0,0.0,0.0,0.0,0.0,0.0,0,0,0,0,unknown
150075,815592,10/01/2022,09/30/2023,0.0,0.0,0.0,0.0,0.0,0.0,0.0,0,0,0,0,unknown
151304,815604,01/01/2023,12/31/2023,0.0,0.0,0.0,0.0,0.0,0.0,0.0,0,0,0,0,unknown
151333,815607,01/01/2023,12/31/2023,0.0,0.0,0.0,0.0,0.0,0.0,0.0,0,0,0,0,unknown
152014,815608,01/01/2023,12/31/2023,0.0,0.0,0.0,0.0,0.0,0.0,0.0,0,0,0,0,unknown
152024,815609,02/01/2023,01/31/2024,0.0,0.0,0.0,0.0,0.0,0.0,0.0,0,0,0,0,unknown
160057,815616,07/01/2023,06/30/2024,0.0,0.0,0.0,0.0,0.0,0.0,0.0,0,0,0,0,unknown
161356,815623,07/01/2023,06/30/2024,0.0,0.0,0.0,0.0,0.0,0.0,0.0,0,0,0,0,unknown
161370,815626,07/01/2023,06/30/2024,0.0,0.0,0.0,0.0,0.0,0.0,0.0,0,0,0,0,unknown
162001,815627,02/01/2023,01/31/2024,0.0,0.0,0.0,0.0,0.0,0.0,0.0,0,0,0,0,unknown
163026,815628,01/01/2023,12/31/2023,0.0,0.0,0.0,0.0,0.0,0.0,0.0,0,0,0,0,unknown
170075,815633,10/01/2022,09/30/2023,0.0,0.0,0.0,0.0,0.0,0.0,0.0,0,0,0,0,unknown
170185,815638,01/01/2023,12/31/2023,0.0,0.0,0.0,0.0,0.0,0.0,0.0,0,0,0,0,unknown
171310,815640,01/01/2023,12/31/2023,0.0,0.0,0.0,0.0,0.0,0.0,0.0,0,0,0,0,unknown
171312,815642,01/01/2023,12/31/2023,0.0,0.0,0.0,0.0,0.0,0.0,0.0,0,0,0,0,unknown
171314,815643,01/01/2023,12/31/2023,0.0,0.0,0.0,0.0,0.0,0.0,0.0,0,0,0,0,unknown
171324,815644,01/01/2023,12/31/2023,0.0,0.0,0.0,0.0,0.0,0.0,0.0,0,0,0,0,unknown
171336,815646,01/01/2023,12/31/2023,0.0,0.0,0.0,0.0,0.0,0.0,0.0,0,0,0,0,unknown
171339,815647,10/01/2022,09/30/2023,0.0,0.0,0.0,0.0,0.0,0.0,0.0,0,0,0,0,unknown
171343,815648,01/01/2023,12/31/2023,0.0,0.0,0.0,0.0,0.0,0.0,0.0,0,0,0,0,unknown
171347,815649,01/01/2023,12/31/2023,0.0,0.0,0.0,0.0,0.0,0.0,0.0,0,0,0,0,unknown
171351,815650,01/01/2023,12/31/2023,0.0,0.0,0.0,0.0,0.0,0.0,0.0,0,0,0,0,unknown
171364,815652,01/01/2023,12/31/2023,0.0,0.0,0.0,0.0,0.0,0.0,0.0,0,0,0,0,unknown
171377,815653,04/01/2023,03/31/2024,0.0,0.0,0.0,0.0,0.0,0.0,0.0,0,0,0,0,unknown
171380,815654,01/01/2023,12/31/2023,0.0,0.0,0.0,0.0,0.0,0.0,0.0,0,0,0,0,unknown
172005,815655,11/01/2022,10/31/2023,0.0,0.0,0.0,0.0,0.0,0.0,0.0,0,0,0,0,unknown
180001,815656,01/01/2023,12/31/2023,0.0,0.0,0.0,0.0,0.0,0.0,0.0,0,0,0,0,unknown
180004,815657,06/01/2023,05/31/2024,0.0,0.0,0.0,0.0,0.0,0.0,0.0,0,0,0,0,unknown
180024,815662,10/01/2022,09/30/2023,0.0,0.0,0.0,0.0,0.0,0.0,0.0,0,0,0,0,unknown
180027,815664,10/01/2022,09/30/2023,0.0,0.0,0.0,0.0,0.0,0.0,0.0,0,0,0,0,unknown
180050,815669,07/01/2023,06/30/2024,0.0,0.0,0.0,0.0,0.0,0.0,0.0,0,0,0,0,unknown
180064,815670,07/01/2023,06/30/2024,0.0,0.0,0.0,0.0,0.0,0.0,0.0,0,0,0,0,unknown
180087,815673,07/01/2023,06/30/2024,0.0,0.0,0.0,0.0,0.0,0.0,0.0,0,0,0,0,unknown
180093,815675,09/01/2023,08/31/2024,0.0,0.0,0.0,0.0,0.0,0.0,0.0,0,0,0,0,unknown
180101,815677,03/01/2023,02/29/2024,0.0,0.0,0.0,0.0,0.0,0.0,0.0,0,0,0,0,unknown
180115,815682,11/01/2022,10/31/2023,0.0,0.0,0.0,0.0,0.0,0.0,0.0,0,0,0,0,unknown
180138,815685,09/01/2023,08/31/2024,0.0,0.0,0.0,0.0,0.0,0.0,0.0,0,0,0,0,unknown
180156,815687,07/13/2023,03/31/2024,0.0,0.0,0.0,0.0,0.0,0.0,0.0,0,0,0,0,unknown
181301,815688,01/01/2023,12/31/2023,0.0,0.0,0.0,0.0,0.0,0.0,0.0,0,0,0,0,unknown
190039,815702,01/01/2023,12/31/2023,0.0,0.0,0.0,0.0,0.0,0.0,0.0,0,0,0,0,unknown
190184,815708,04/01/2023,03/31/2024,0.0,0.0,0.0,0.0,0.0,0.0,0.0,0,0,0,0,unknown
190190,815709,01/01/2023,12/31/2023,0.0,0.0,0.0,0.0,0.0,0.0,0.0,0,0,0,0,unknown
190202,815710,10/01/2022,09/30/2023,0.0,0.0,0.0,0.0,0.0,0.0,0.0,0,0,0,0,unknown
190313,815716,01/01/2023,12/31/2023,0.0,0.0,0.0,0.0,0.0,0.0,0.0,0,0,0,0,unknown
191300,815717,11/01/2022,10/31/2023,0.0,0.0,0.0,0.0,0.0,0.0,0.0,0,0,0,0,unknown
191306,815718,11/01/2022,10/31/2023,0.0,0.0,0.0,0.0,0.0,0.0,0.0,0,0,0,0,unknown
194020,815722,01/01/2023,12/31/2023,0.0,0.0,0.0,0.0,0.0,0.0,0.0,0,0,0,0,unknown
194022,815723,01/01/2023,12/31/2023,0.0,0.0,0.0,0.0,0.0,0.0,0.0,0,0,0,0,unknown
194074,815725,01/01/2023,12/31/2023,0.0,0.0,0.0,0.0,0.0,0.0,0.0,0,0,0,0,unknown
194079,815727,07/01/2023,06/30/2024,0.0,0.0,0.0,0.0,0.0,0.0,0.0,0,0,0,0,unknown
194089,815729,01/01/2023,12/31/2023,0.0,0.0,0.0,0.0,0.0,0.0,0.0,0,0,0,0,unknown
194095,815731,01/01/2023,12/31/2023,0.0,0.0,0.0,0.0,0.0,0.0,0.0,0,0,0,0,unknown
194105,815733,01/01/2023,12/31/2023,0.0,0.0,0.0,0.0,0.0,0.0,0.0,0,0,0,0,unknown
194113,815734,01/01/2023,12/31/2023,0.0,0.0,0.0,0.0,0.0,0.0,0.0,0,0,0,0,unknown
194115,815735,01/01/2023,12/31/2023,0.0,0.0,0.0,0.0,0.0,0.0,0.0,0,0,0,0,unknown
201303,815737,01/01/2023,12/31/2023,0.0,0.0,0.0,0.0,0.0,0.0,0.0,0,0,0,0,unknown
201305,815739,01/01/2023,12/31/2023,0.0,0.0,0.0,0.0,0.0,0.0,0.0,0,0,0,0,unknown
220019,815745,10/01/2022,09/30/2023,0.0,0.0,0.0,0.0,0.0,0.0,0.0,0,0,0,0,unknown
220020,815747,01/01/2023,12/31/2023,0.0,0.0,0.0,0.0,0.0,0.0,0.0,0,0,0,0,unknown
220062,815755,10/01/2022,09/30/2023,0.0,0.0,0.0,0.0,0.0,0.0,0.0,0,0,0,0,unknown
220073,815757,01/01/2023,12/31/2023,0.0,0.0,0.0,0.0,0.0,0.0,0.0,0,0,0,0,unknown
220080,815760,01/01/2023,12/31/2023,0.0,0.0,0.0,0.0,0.0,0.0,0.0,0,0,0,0,unknown
222006,815774,07/01/2023,06/30/2024,0.0,0.0,0.0,0.0,0.0,0.0,0.0,0,0,0,0,unknown
224023,815776,01/01/2023,12/31/2023,0.0,0.0,0.0,0.0,0.0,0.0,0.0,0,0,0,0,unknown
230005,815779,01/01/2023,12/31/2023,0.0,0.0,0.0,0.0,0.0,0.0,0.0,0,0,0,0,unknown
230099,815791,01/01/2023,12/31/2023,0.0,0.0,0.0,0.0,0.0,0.0,0.0,0,0,0,0,unknown
231339,815818,01/01/2023,12/31/2023,0.0,0.0,0.0,0.0,0.0,0.0,0.0,0,0,0,0,unknown
232012,815819,02/01/2023,01/31/2024,0.0,0.0,0.0,0.0,0.0,0.0,0.0,0,0,0,0,unknown
232033,815820,03/01/2023,02/29/2024,0.0,0.0,0.0,0.0,0.0,0.0,0.0,0,0,0,0,unknown
241314,815838,10/01/2022,09/30/2023,0.0,0.0,0.0,0.0,0.0,0.0,0.0,0,0,0,0,unknown
241335,815840,01/01/2023,09/30/2023,0.0,0.0,0.0,0.0,0.0,0.0,0.0,0,0,0,0,unknown
241340,815841,07/01/2023,06/30/2024,0.0,0.0,0.0,0.0,0.0,0.0,0.0,0,0,0,0,unknown
241355,815843,01/01/2023,12/31/2023,0.0,0.0,0.0,0.0,0.0,0.0,0.0,0,0,0,0,unknown
243302,815845,01/01/2023,12/31/2023,0.0,0.0,0.0,0.0,0.0,0.0,0.0,0,0,0,0,unknown
250001,815846,07/01/2023,06/30/2024,0.0,0.0,0.0,0.0,0.0,0.0,0.0,0,0,0,0,unknown
250007,815847,10/01/2022,09/30/2023,0.0,0.0,0.0,0.0,0.0,0.0,0.0,0,0,0,0,unknown
250040,815848,10/01/2022,09/30/2023,0.0,0.0,0.0,0.0,0.0,0.0,0.0,0,0,0,0,unknown
250042,815849,10/01/2022,09/30/2023,0.0,0.0,0.0,0.0,0.0,0.0,0.0,0,0,0,0,unknown
250057,815853,10/01/2022,09/30/2023,0.0,0.0,0.0,0.0,0.0,0.0,0.0,0,0,0,0,unknown
250102,815855,10/01/2022,09/30/2023,0.0,0.0,0.0,0.0,0.0,0.0,0.0,0,0,0,0,unknown
250141,815856,10/01/2022,09/30/2023,0.0,0.0,0.0,0.0,0.0,0.0,0.0,0,0,0,0,unknown
252013,815859,11/01/2022,10/31/2023,0.0,0.0,0.0,0.0,0.0,0.0,0.0,0,0,0,0,unknown
261313,815868,01/01/2023,12/31/2023,0.0,0.0,0.0,0.0,0.0,0.0,0.0,0,0,0,0,unknown
261314,815869,01/01/2023,12/31/2023,0.0,0.0,0.0,0.0,0.0,0.0,0.0,0,0,0,0,unknown
261321,815870,01/01/2023,12/31/2023,0.0,0.0,0.0,0.0,0.0,0.0,0.0,0,0,0,0,unknown
261324,815871,01/01/2023,12/31/2023,0.0,0.0,0.0,0.0,0.0,0.0,0.0,0,0,0,0,unknown
262015,815872,01/01/2023,12/31/2023,0.0,0.0,0.0,0.0,0.0,0.0,0.0,0,0,0,0,unknown
271327,815878,07/01/2023,06/30/2024,0.0,0.0,0.0,0.0,0.0,0.0,0.0,0,0,0,0,unknown
281334,815887,10/01/2022,09/30/2023,0.0,0.0,0.0,0.0,0.0,0.0,0.0,0,0,0,0,unknown
281348,815889,05/01/2023,04/30/2024,0.0,0.0,0.0,0.0,0.0,0.0,0.0,0,0,0,0,unknown
281354,815890,01/01/2023,12/31/2023,0.0,0.0,0.0,0.0,0.0,0.0,0.0,0,0,0,0,unknown
294012,815896,07/01/2023,06/30/2024,0.0,0.0,0.0,0.0,0.0,0.0,0.0,0,0,0,0,unknown
313036,815910,06/01/2023,05/31/2024,0.0,0.0,0.0,0.0,0.0,0.0,0.0,0,0,0,0,unknown
313302,815911,01/01/2023,12/31/2023,0.0,0.0,0.0,0.0,0.0,0.0,0.0,0,0,0,0,unknown
330394,815963,01/01/2023,12/31/2023,0.0,0.0,0.0,0.0,0.0,0.0,0.0,0,0,0,0,unknown
331307,815967,01/01/2023,12/31/2023,0.0,0.0,0.0,0.0,0.0,0.0,0.0,0,0,0,0,unknown
331310,815968,01/01/2023,12/31/2023,0.0,0.0,0.0,0.0,0.0,0.0,0.0,0,0,0,0,unknown
340002,815976,10/01/2022,09/30/2023,0.0,0.0,0.0,0.0,0.0,0.0,0.0,0,0,0,0,unknown
340070,815991,10/01/2022,09/30/2023,0.0,0.0,0.0,0.0,0.0,0.0,0.0,0,0,0,0,unknown
340091,815995,10/01/2022,09/30/2023,0.0,0.0,0.0,0.0,0.0,0.0,0.0,0,0,0,0,unknown
340151,816007,10/01/2022,09/30/2023,0.0,0.0,0.0,0.0,0.0,0.0,0.0,0,0,0,0,unknown
341327,816026,10/01/2022,09/30/2023,0.0,0.0,0.0,0.0,0.0,0.0,0.0,0,0,0,0,unknown
344030,816033,01/01/2023,12/31/2023,0.0,0.0,0.0,0.0,0.0,0.0,0.0,0,0,0,0,unknown
344032,816034,01/01/2023,12/31/2023,0.0,0.0,0.0,0.0,0.0,0.0,0.0,0,0,0,0,unknown
351307,816042,10/01/2022,09/30/2023,0.0,0.0,0.0,0.0,0.0,0.0,0.0,0,0,0,0,unknown
351328,816044,04/01/2023,12/31/2023,0.0,0.0,0.0,0.0,0.0,0.0,0.0,0,0,0,0,unknown
360006,816047,07/01/2023,06/30/2024,0.0,0.0,0.0,0.0,0.0,0.0,0.0,0,0,0,0,unknown
360010,816048,01/01/2023,12/31/2023,0.0,0.0,0.0,0.0,0.0,0.0,0.0,0,0,0,0,unknown
360011,816049,07/01/2023,06/30/2024,0.0,0.0,0.0,0.0,0.0,0.0,0.0,0,0,0,0,unknown
360014,816051,07/01/2023,06/30/2024,0.0,0.0,0.0,0.0,0.0,0.0,0.0,0,0,0,0,unknown
360025,816054,01/01/2023,12/31/2023,0.0,0.0,0.0,0.0,0.0,0.0,0.0,0,0,0,0,unknown
360027,816058,01/01/2023,12/31/2023,0.0,0.0,0.0,0.0,0.0,0.0,0.0,0,0,0,0,unknown
360029,816059,07/01/2023,06/30/2024,0.0,0.0,0.0,0.0,0.0,0.0,0.0,0,0,0,0,unknown
360040,816062,01/01/2023,12/31/2023,0.0,0.0,0.0,0.0,0.0,0.0,0.0,0,0,0,0,unknown
360046,816065,07/01/2023,06/30/2024,0.0,0.0,0.0,0.0,0.0,0.0,0.0,0,0,0,0,unknown
360056,816073,01/01/2023,12/31/2023,0.0,0.0,0.0,0.0,0.0,0.0,0.0,0,0,0,0,unknown
360064,816076,01/01/2023,12/31/2023,0.0,0.0,0.0,0.0,0.0,0.0,0.0,0,0,0,0,unknown
360075,816080,01/01/2023,12/31/2023,0.0,0.0,0.0,0.0,0.0,0.0,0.0,0,0,0,0,unknown
360077,816082,01/01/2023,12/31/2023,0.0,0.0,0.0,0.0,0.0,0.0,0.0,0,0,0,0,unknown
360078,816083,01/01/2023,12/31/2023,0.0,0.0,0.0,0.0,0.0,0.0,0.0,0,0,0,0,unknown
360082,816086,01/01/2023,12/31/2023,0.0,0.0,0.0,0.0,0.0,0.0,0.0,0,0,0,0,unknown
360086,816089,01/01/2023,12/31/2023,0.0,0.0,0.0,0.0,0.0,0.0,0.0,0,0,0,0,unknown
360089,816090,01/01/2023,12/31/2023,0.0,0.0,0.0,0.0,0.0,0.0,0.0,0,0,0,0,unknown
360090,816092,10/01/2022,05/08/2023,0.0,0.0,0.0,0.0,0.0,0.0,0.0,0,0,0,0,unknown
360092,816093,01/01/2023,12/31/2023,0.0,0.0,0.0,0.0,0.0,0.0,0.0,0,0,0,0,unknown
360121,816097,10/01/2022,09/30/2023,0.0,0.0,0.0,0.0,0.0,0.0,0.0,0,0,0,0,unknown
360144,816106,01/01/2023,12/31/2023,0.0,0.0,0.0,0.0,0.0,0.0,0.0,0,0,0,0,unknown
360145,816107,01/01/2023,12/31/2023,0.0,0.0,0.0,0.0,0.0,0.0,0.0,0,0,0,0,unknown
360150,816109,01/01/2023,12/31/2023,0.0,0.0,0.0,0.0,0.0,0.0,0.0,0,0,0,0,unknown
360172,816110,01/01/2023,12/31/2023,0.0,0.0,0.0,0.0,0.0,0.0,0.0,0,0,0,0,unknown
360180,816113,01/01/2023,12/31/2023,0.0,0.0,0.0,0.0,0.0,0.0,0.0,0,0,0,0,unknown
360189,816114,01/01/2023,12/31/2023,0.0,0.0,0.0,0.0,0.0,0.0,0.0,0,0,0,0,unknown
360236,816116,01/01/2023,12/31/2023,0.0,0.0,0.0,0.0,0.0,0.0,0.0,0,0,0,0,unknown
360245,816119,01/01/2023,12/31/2023,0.0,0.0,0.0,0.0,0.0,0.0,0.0,0,0,0,0,unknown
360355,816121,01/01/2023,12/31/2023,0.0,0.0,0.0,0.0,0.0,0.0,0.0,0,0,0,0,unknown
360359,816122,01/01/2023,12/31/2023,0.0,0.0,0.0,0.0,0.0,0.0,0.0,0,0,0,0,unknown
360361,816125,10/01/2022,09/30/2023,0.0,0.0,0.0,0.0,0.0,0.0,0.0,0,0,0,0,unknown
361300,816128,01/01/2023,12/31/2023,0.0,0.0,0.0,0.0,0.0,0.0,0.0,0,0,0,0,unknown
362027,816133,12/01/2022,11/30/2023,0.0,0.0,0.0,0.0,0.0,0.0,0.0,0,0,0,0,unknown
363042,816137,07/01/2023,06/30/2024,0.0,0.0,0.0,0.0,0.0,0.0,0.0,0,0,0,0,unknown
363043,816138,04/01/2023,03/31/2024,0.0,0.0,0.0,0.0,0.0,0.0,0.0,0,0,0,0,unknown
364014,816141,07/01/2023,06/30/2024,0.0,0.0,0.0,0.0,0.0,0.0,0.0,0,0,0,0,unknown
364064,816144,04/01/2023,03/31/2024,0.0,0.0,0.0,0.0,0.0,0.0,0.0,0,0,0,0,unknown
370094,816151,01/01/2023,12/31/2023,0.0,0.0,0.0,0.0,0.0,0.0,0.0,0,0,0,0,unknown
371302,816157,07/01/2023,06/30/2024,0.0,0.0,0.0,0.0,0.0,0.0,0.0,0,0,0,0,unknown
371303,816158,05/01/2023,04/30/2024,0.0,0.0,0.0,0.0,0.0,0.0,0.0,0,0,0,0,unknown
371310,816159,07/01/2023,06/30/2024,0.0,0.0,0.0,0.0,0.0,0.0,0.0,0,0,0,0,unknown
371313,816160,07/01/2023,06/30/2024,0.0,0.0,0.0,0.0,0.0,0.0,0.0,0,0,0,0,unknown
371317,816161,07/01/2023,06/30/2024,0.0,0.0,0.0,0.0,0.0,0.0,0.0,0,0,0,0,unknown
371320,816162,01/01/2023,12/31/2023,0.0,0.0,0.0,0.0,0.0,0.0,0.0,0,0,0,0,unknown
371331,816163,01/01/2023,12/31/2023,0.0,0.0,0.0,0.0,0.0,0.0,0.0,0,0,0,0,unknown
373039,816164,04/07/2023,06/30/2024,0.0,0.0,0.0,0.0,0.0,0.0,0.0,0,0,0,0,unknown
394008,816194,01/01/2023,12/31/2023,0.0,0.0,0.0,0.0,0.0,0.0,0.0,0,0,0,0,unknown
400004,816195,07/01/2023,06/30/2024,0.0,0.0,0.0,0.0,0.0,0.0,0.0,0,0,0,0,unknown
400014,816198,01/01/2023,12/31/2023,0.0,0.0,0.0,0.0,0.0,0.0,0.0,0,0,0,0,unknown
400022,816201,01/01/2023,12/31/2023,0.0,0.0,0.0,0.0,0.0,0.0,0.0,0,0,0,0,unknown
400098,816206,01/01/2023,12/31/2023,0.0,0.0,0.0,0.0,0.0,0.0,0.0,0,0,0,0,unknown
400113,816209,04/01/2023,03/31/2024,0.0,0.0,0.0,0.0,0.0,0.0,0.0,0,0,0,0,unknown
400115,816210,01/01/2023,12/31/2023,0.0,0.0,0.0,0.0,0.0,0.0,0.0,0,0,0,0,unknown
400126,816212,01/01/2023,12/31/2023,0.0,0.0,0.0,0.0,0.0,0.0,0.0,0,0,0,0,unknown
404004,816215,01/01/2023,12/31/2023,0.0,0.0,0.0,0.0,0.0,0.0,0.0,0,0,0,0,unknown
404009,816216,04/01/2023,03/31/2024,0.0,0.0,0.0,0.0,0.0,0.0,0.0,0,0,0,0,unknown
420010,816224,10/01/2022,09/30/2023,0.0,0.0,0.0,0.0,0.0,0.0,0.0,0,0,0,0,unknown
420023,816225,09/01/2023,08/31/2024,0.0,0.0,0.0,0.0,0.0,0.0,0.0,0,0,0,0,unknown
420027,816226,01/01/2023,12/31/2023,0.0,0.0,0.0,0.0,0.0,0.0,0.0,0,0,0,0,unknown
420048,816227,07/01/2023,06/30/2024,0.0,0.0,0.0,0.0,0.0,0.0,0.0,0,0,0,0,unknown
420065,816228,01/01/2023,12/31/2023,0.0,0.0,0.0,0.0,0.0,0.0,0.0,0,0,0,0,unknown
420107,816244,10/01/2022,09/30/2023,0.0,0.0,0.0,0.0,0.0,0.0,0.0,0,0,0,0,unknown
422008,816247,10/01/2022,09/30/2023,0.0,0.0,0.0,0.0,0.0,0.0,0.0,0,0,0,0,unknown
431311,816251,01/01/2023,12/31/2023,0.0,0.0,0.0,0.0,0.0,0.0,0.0,0,0,0,0,unknown
431329,816253,01/01/2023,12/31/2023,0.0,0.0,0.0,0.0,0.0,0.0,0.0,0,0,0,0,unknown
431339,816254,01/01/2023,12/31/2023,0.0,0.0,0.0,0.0,0.0,0.0,0.0,0,0,0,0,unknown
440016,816260,10/01/2022,09/30/2023,0.0,0.0,0.0,0.0,0.0,0.0,0.0,0,0,0,0,unknown
440017,816261,07/01/2023,06/30/2024,0.0,0.0,0.0,0.0,0.0,0.0,0.0,0,0,0,0,unknown
440030,816264,07/01/2023,06/30/2024,0.0,0.0,0.0,0.0,0.0,0.0,0.0,0,0,0,0,unknown
440031,816266,07/01/2023,06/30/2024,0.0,0.0,0.0,0.0,0.0,0.0,0.0,0,0,0,0,unknown
440084,816274,07/01/2023,06/30/2024,0.0,0.0,0.0,0.0,0.0,0.0,0.0,0,0,0,0,unknown
440173,816282,09/01/2023,08/31/2024,0.0,0.0,0.0,0.0,0.0,0.0,0.0,0,0,0,0,unknown
440194,816286,09/01/2023,08/31/2024,0.0,0.0,0.0,0.0,0.0,0.0,0.0,0,0,0,0,unknown
450011,816292,07/01/2023,06/30/2024,0.0,0.0,0.0,0.0,0.0,0.0,0.0,0,0,0,0,unknown
450028,816296,05/01/2023,04/30/2024,0.0,0.0,0.0,0.0,0.0,0.0,0.0,0,0,0,0,unknown
450080,816305,10/01/2022,09/30/2023,0.0,0.0,0.0,0.0,0.0,0.0,0.0,0,0,0,0,unknown
450137,816311,10/01/2022,09/30/2023,0.0,0.0,0.0,0.0,0.0,0.0,0.0,0,0,0,0,unknown
450176,816314,01/01/2023,12/31/2023,0.0,0.0,0.0,0.0,0.0,0.0,0.0,0,0,0,0,unknown
450235,816317,07/01/2023,06/30/2024,0.0,0.0,0.0,0.0,0.0,0.0,0.0,0,0,0,0,unknown
450330,816320,01/01/2023,12/31/2023,0.0,0.0,0.0,0.0,0.0,0.0,0.0,0,0,0,0,unknown
450460,816331,07/01/2023,06/30/2024,0.0,0.0,0.0,0.0,0.0,0.0,0.0,0,0,0,0,unknown
450647,816335,06/01/2023,05/31/2024,0.0,0.0,0.0,0.0,0.0,0.0,0.0,0,0,0,0,unknown
450653,816337,01/01/2023,12/31/2023,0.0,0.0,0.0,0.0,0.0,0.0,0.0,0,0,0,0,unknown
450684,816344,01/01/2023,12/31/2023,0.0,0.0,0.0,0.0,0.0,0.0,0.0,0,0,0,0,unknown
451324,816355,01/01/2023,12/31/2023,0.0,0.0,0.0,0.0,0.0,0.0,0.0,0,0,0,0,unknown
451374,816357,01/01/2023,12/31/2023,0.0,0.0,0.0,0.0,0.0,0.0,0.0,0,0,0,0,unknown
451385,816358,07/01/2023,06/30/2024,0.0,0.0,0.0,0.0,0.0,0.0,0.0,0,0,0,0,unknown
452038,816359,01/01/2023,12/31/2023,0.0,0.0,0.0,0.0,0.0,0.0,0.0,0,0,0,0,unknown
452041,816360,01/01/2023,12/31/2023,0.0,0.0,0.0,0.0,0.0,0.0,0.0,0,0,0,0,unknown
452094,816361,01/01/2023,12/31/2023,0.0,0.0,0.0,0.0,0.0,0.0,0.0,0,0,0,0,unknown
452105,816362,01/01/2023,12/31/2023,0.0,0.0,0.0,0.0,0.0,0.0,0.0,0,0,0,0,unknown
453042,816364,08/01/2023,07/31/2024,0.0,0.0,0.0,0.0,0.0,0.0,0.0,0,0,0,0,unknown
454050,816369,01/01/2023,12/31/2023,0.0,0.0,0.0,0.0,0.0,0.0,0.0,0,0,0,0,unknown
454060,816370,01/01/2023,12/31/2023,0.0,0.0,0.0,0.0,0.0,0.0,0.0,0,0,0,0,unknown
454114,816372,01/01/2023,12/31/2023,0.0,0.0,0.0,0.0,0.0,0.0,0.0,0,0,0,0,unknown
454118,816374,01/01/2023,12/31/2023,0.0,0.0,0.0,0.0,0.0,0.0,0.0,0,0,0,0,unknown
454133,816375,01/01/2023,12/31/2023,0.0,0.0,0.0,0.0,0.0,0.0,0.0,0,0,0,0,unknown
454147,816377,01/01/2023,12/31/2023,0.0,0.0,0.0,0.0,0.0,0.0,0.0,0,0,0,0,unknown
454150,816378,01/01/2023,12/31/2023,0.0,0.0,0.0,0.0,0.0,0.0,0.0,0,0,0,0,unknown
460042,816383,10/01/2022,09/30/2023,0.0,0.0,0.0,0.0,0.0,0.0,0.0,0,0,0,0,unknown
460047,816384,07/01/2023,06/30/2024,0.0,0.0,0.0,0.0,0.0,0.0,0.0,0,0,0,0,unknown
461300,816389,01/01/2023,12/31/2023,0.0,0.0,0.0,0.0,0.0,0.0,0.0,0,0,0,0,unknown
461301,816390,01/01/2023,12/31/2023,0.0,0.0,0.0,0.0,0.0,0.0,0.0,0,0,0,0,unknown
462003,816391,01/01/2023,12/31/2023,0.0,0.0,0.0,0.0,0.0,0.0,0.0,0,0,0,0,unknown
464001,816392,07/01/2023,06/30/2024,0.0,0.0,0.0,0.0,0.0,0.0,0.0,0,0,0,0,unknown
490040,816404,01/01/2023,12/31/2023,0.0,0.0,0.0,0.0,0.0,0.0,0.0,0,0,0,0,unknown
490043,816406,01/01/2023,12/31/2023,0.0,0.0,0.0,0.0,0.0,0.0,0.0,0,0,0,0,unknown
490063,816410,01/01/2023,12/31/2023,0.0,0.0,0.0,0.0,0.0,0.0,0.0,0,0,0,0,unknown
490089,816411,10/01/2022,09/30/2023,0.0,0.0,0.0,0.0,0.0,0.0,0.0,0,0,0,0,unknown
490118,816417,04/01/2023,03/31/2024,0.0,0.0,0.0,0.0,0.0,0.0,0.0,0,0,0,0,unknown
490122,816419,01/01/2023,12/31/2023,0.0,0.0,0.0,0.0,0.0,0.0,0.0,0,0,0,0,unknown
490141,816423,05/01/2023,04/30/2024,0.0,0.0,0.0,0.0,0.0,0.0,0.0,0,0,0,0,unknown
494025,816429,01/01/2023,12/31/2023,0.0,0.0,0.0,0.0,0.0,0.0,0.0,0,0,0,0,unknown
494032,816430,01/01/2023,12/31/2023,0.0,0.0,0.0,0.0,0.0,0.0,0.0,0,0,0,0,unknown
501301,816453,01/01/2023,12/31/2023,0.0,0.0,0.0,0.0,0.0,0.0,0.0,0,0,0,0,unknown
501307,816455,01/01/2023,12/31/2023,0.0,0.0,0.0,0.0,0.0,0.0,0.0,0,0,0,0,unknown
501321,816456,01/01/2023,12/31/2023,0.0,0.0,0.0,0.0,0.0,0.0,0.0,0,0,0,0,unknown
504004,816458,07/01/2023,06/30/2024,0.0,0.0,0.0,0.0,0.0,0.0,0.0,0,0,0,0,unknown
510029,816465,10/01/2022,09/30/2023,0.0,0.0,0.0,0.0,0.0,0.0,0.0,0,0,0,0,unknown
511308,816478,01/01/2023,12/31/2023,0.0,0.0,0.0,0.0,0.0,0.0,0.0,0,0,0,0,unknown
521304,816497,01/01/2023,09/30/2023,0.0,0.0,0.0,0.0,0.0,0.0,0.0,0,0,0,0,unknown
521330,816499,01/01/2023,12/31/2023,0.0,0.0,0.0,0.0,0.0,0.0,0.0,0,0,0,0,unknown
531313,816507,07/01/2023,06/30/2024,0.0,0.0,0.0,0.0,0.0,0.0,0.0,0,0,0,0,unknown
670779,816523,01/30/2023,12/31/2023,0.0,0.0,0.0,0.0,0.0,0.0,0.0,0,0,0,0,unknown
670780,816524,02/08/2023,08/31/2023,0.0,0.0,0.0,0.0,0.0,0.0,0.0,0,0,0,0,unknown
670782,816525,02/24/2023,10/11/2023,0.0,0.0,0.0,0.0,0.0,0.0,0.0,0,0,0,0,unknown
673034,816527,08/01/2023,07/31/2024,0.0,0.0,0.0,0.0,0.0,0.0,0.0,0,0,0,0,unknown
673042,816528,06/01/2023,05/31/2024,0.0,0.0,0.0,0.0,0.0,0.0,0.0,0,0,0,0,unknown
673043,816529,07/01/2023,06/30/2024,0.0,0.0,0.0,0.0,0.0,0.0,0.0,0,0,0,0,unknown
673044,816530,07/01/2023,06/30/2024,0.0,0.0,0.0,0.0,0.0,0.0,0.0,0,0,0,0,unknown
673078,816532,07/01/2023,06/30/2024,0.0,0.0,0.0,0.0,0.0,0.0,0.0,0,0,0,0,unknown
150112,816552,01/01/2023,12/31/2023,0.0,0.0,0.0,0.0,0.0,0.0,0.0,0,0,0,0,unknown
260183,816558,07/01/2023,06/30/2024,0.0,0.0,0.0,0.0,0.0,0.0,0.0,0,0,0,0,unknown
314018,816559,01/01/2023,12/31/2023,0.0,0.0,0.0,0.0,0.0,0.0,0.0,0,0,0,0,unknown
330033,816562,01/01/2023,12/31/2023,0.0,0.0,0.0,0.0,0.0,0.0,0.0,0,0,0,0,unknown
330163,816563,01/01/2023,06/17/2023,0.0,0.0,0.0,0.0,0.0,0.0,0.0,0,0,0,0,unknown
340090,816566,07/01/2023,06/30/2024,0.0,0.0,0.0,0.0,0.0,0.0,0.0,0,0,0,0,unknown
340114,816567,07/01/2023,06/30/2024,0.0,0.0,0.0,0.0,0.0,0.0,0.0,0,0,0,0,unknown
423036,816574,08/18/2023,12/31/2023,0.0,0.0,0.0,0.0,0.0,0.0,0.0,0,0,0,0,unknown
454108,816579,01/01/2023,12/31/2023,0.0,0.0,0.0,0.0,0.0,0.0,0.0,0,0,0,0,unknown
010083,816587,10/01/2022,09/30/2023,0.0,0.0,0.0,0.0,0.0,0.0,0.0,0,0,0,0,unknown
010101,816588,01/01/2023,12/31/2023,0.0,0.0,0.0,0.0,0.0,0.0,0.0,0,0,0,0,unknown
030030,816589,04/01/2023,03/31/2024,0.0,0.0,0.0,0.0,0.0,0.0,0.0,0,0,0,0,unknown
030101,816590,09/01/2023,08/31/2024,0.0,0.0,0.0,0.0,0.0,0.0,0.0,0,0,0,0,unknown
040041,816591,09/01/2023,08/31/2024,0.0,0.0,0.0,0.0,0.0,0.0,0.0,0,0,0,0,unknown
040078,816593,09/01/2023,08/31/2024,0.0,0.0,0.0,0.0,0.0,0.0,0.0,0,0,0,0,unknown
050194,816594,01/01/2023,12/31/2023,0.0,0.0,0.0,0.0,0.0,0.0,0.0,0,0,0,0,unknown
061303,816597,01/01/2023,12/31/2023,0.0,0.0,0.0,0.0,0.0,0.0,0.0,0,0,0,0,unknown
100122,816599,04/01/2023,03/31/2024,0.0,0.0,0.0,0.0,0.0,0.0,0.0,0,0,0,0,unknown
100124,816600,06/01/2023,05/31/2024,0.0,0.0,0.0,0.0,0.0,0.0,0.0,0,0,0,0,unknown
100191,816601,07/01/2023,06/30/2024,0.0,0.0,0.0,0.0,0.0,0.0,0.0,0,0,0,0,unknown
100228,816603,02/01/2023,01/31/2024,0.0,0.0,0.0,0.0,0.0,0.0,0.0,0,0,0,0,unknown
100231,816604,06/01/2023,05/31/2024,0.0,0.0,0.0,0.0,0.0,0.0,0.0,0,0,0,0,unknown
110075,816608,10/01/2022,09/30/2023,0.0,0.0,0.0,0.0,0.0,0.0,0.0,0,0,0,0,unknown
140137,816612,07/01/2023,06/30/2024,0.0,0.0,0.0,0.0,0.0,0.0,0.0,0,0,0,0,unknown
140280,816615,01/01/2023,12/31/2023,0.0,0.0,0.0,0.0,0.0,0.0,0.0,0,0,0,0,unknown
140294,816616,01/14/2023,09/30/2023,0.0,0.0,0.0,0.0,0.0,0.0,0.0,0,0,0,0,unknown
150008,816620,07/01/2023,06/30/2024,0.0,0.0,0.0,0.0,0.0,0.0,0.0,0,0,0,0,unknown
150009,816621,08/01/2023,07/31/2024,0.0,0.0,0.0,0.0,0.0,0.0,0.0,0,0,0,0,unknown
150012,816622,07/01/2023,06/30/2024,0.0,0.0,0.0,0.0,0.0,0.0,0.0,0,0,0,0,unknown
150018,816623,01/01/2023,12/31/2023,0.0,0.0,0.0,0.0,0.0,0.0,0.0,0,0,0,0,unknown
150024,816624,01/01/2023,12/31/2023,0.0,0.0,0.0,0.0,0.0,0.0,0.0,0,0,0,0,unknown
150034,816625,07/01/2023,06/30/2024,0.0,0.0,0.0,0.0,0.0,0.0,0.0,0,0,0,0,unknown
150058,816626,01/01/2023,12/31/2023,0.0,0.0,0.0,0.0,0.0,0.0,0.0,0,0,0,0,unknown
150059,816627,01/01/2023,12/31/2023,0.0,0.0,0.0,0.0,0.0,0.0,0.0,0,0,0,0,unknown
150065,816628,01/01/2023,12/31/2023,0.0,0.0,0.0,0.0,0.0,0.0,0.0,0,0,0,0,unknown
150097,816629,01/01/2023,12/31/2023,0.0,0.0,0.0,0.0,0.0,0.0,0.0,0,0,0,0,unknown
150104,816630,01/01/2023,12/31/2023,0.0,0.0,0.0,0.0,0.0,0.0,0.0,0,0,0,0,unknown
150149,816631,01/01/2023,12/31/2023,0.0,0.0,0.0,0.0,0.0,0.0,0.0,0,0,0,0,unknown
150173,816632,01/01/2023,12/31/2023,0.0,0.0,0.0,0.0,0.0,0.0,0.0,0,0,0,0,unknown
150179,816633,01/01/2023,12/31/2023,0.0,0.0,0.0,0.0,0.0,0.0,0.0,0,0,0,0,unknown
160082,816635,01/01/2023,12/31/2023,0.0,0.0,0.0,0.0,0.0,0.0,0.0,0,0,0,0,unknown
160089,816636,05/01/2023,04/30/2024,0.0,0.0,0.0,0.0,0.0,0.0,0.0,0,0,0,0,unknown
160146,816637,01/01/2023,12/31/2023,0.0,0.0,0.0,0.0,0.0,0.0,0.0,0,0,0,0,unknown
170016,816638,07/01/2023,06/30/2024,0.0,0.0,0.0,0.0,0.0,0.0,0.0,0,0,0,0,unknown
170020,816639,07/01/2023,06/30/2024,0.0,0.0,0.0,0.0,0.0,0.0,0.0,0,0,0,0,unknown
170040,816640,07/01/2023,06/30/2024,0.0,0.0,0.0,0.0,0.0,0.0,0.0,0,0,0,0,unknown
170049,816641,01/01/2023,12/31/2023,0.0,0.0,0.0,0.0,0.0,0.0,0.0,0,0,0,0,unknown
170103,816642,07/01/2023,06/30/2024,0.0,0.0,0.0,0.0,0.0,0.0,0.0,0,0,0,0,unknown
170191,816643,07/01/2023,06/30/2024,0.0,0.0,0.0,0.0,0.0,0.0,0.0,0,0,0,0,unknown
171304,816644,01/01/2023,12/31/2023,0.0,0.0,0.0,0.0,0.0,0.0,0.0,0,0,0,0,unknown
171373,816645,01/01/2023,12/31/2023,0.0,0.0,0.0,0.0,0.0,0.0,0.0,0,0,0,0,unknown
180078,816646,07/01/2023,06/30/2024,0.0,0.0,0.0,0.0,0.0,0.0,0.0,0,0,0,0,unknown
180128,816648,04/01/2023,03/31/2024,0.0,0.0,0.0,0.0,0.0,0.0,0.0,0,0,0,0,unknown
190090,816652,04/01/2023,03/31/2024,0.0,0.0,0.0,0.0,0.0,0.0,0.0,0,0,0,0,unknown
190099,816653,07/01/2023,06/30/2024,0.0,0.0,0.0,0.0,0.0,0.0,0.0,0,0,0,0,unknown
190106,816654,04/01/2023,03/31/2024,0.0,0.0,0.0,0.0,0.0,0.0,0.0,0,0,0,0,unknown
190167,816656,10/01/2022,09/30/2023,0.0,0.0,0.0,0.0,0.0,0.0,0.0,0,0,0,0,unknown
190218,816657,04/01/2023,03/31/2024,0.0,0.0,0.0,0.0,0.0,0.0,0.0,0,0,0,0,unknown
220066,816662,07/01/2023,06/30/2024,0.0,0.0,0.0,0.0,0.0,0.0,0.0,0,0,0,0,unknown
230002,816669,07/01/2023,06/30/2024,0.0,0.0,0.0,0.0,0.0,0.0,0.0,0,0,0,0,unknown
230003,816670,07/01/2023,06/30/2024,0.0,0.0,0.0,0.0,0.0,0.0,0.0,0,0,0,0,unknown
230015,816671,01/01/2023,12/31/2023,0.0,0.0,0.0,0.0,0.0,0.0,0.0,0,0,0,0,unknown
230017,816672,01/01/2023,12/31/2023,0.0,0.0,0.0,0.0,0.0,0.0,0.0,0,0,0,0,unknown
230021,816673,07/01/2023,06/30/2024,0.0,0.0,0.0,0.0,0.0,0.0,0.0,0,0,0,0,unknown
230022,816674,01/01/2023,12/31/2023,0.0,0.0,0.0,0.0,0.0,0.0,0.0,0,0,0,0,unknown
230035,816675,01/01/2023,12/31/2023,0.0,0.0,0.0,0.0,0.0,0.0,0.0,0,0,0,0,unknown
230037,816676,07/01/2023,06/30/2024,0.0,0.0,0.0,0.0,0.0,0.0,0.0,0,0,0,0,unknown
230041,816677,10/01/2022,09/30/2023,0.0,0.0,0.0,0.0,0.0,0.0,0.0,0,0,0,0,unknown
230054,816678,07/01/2023,06/30/2024,0.0,0.0,0.0,0.0,0.0,0.0,0.0,0,0,0,0,unknown
230077,816679,07/01/2023,06/30/2024,0.0,0.0,0.0,0.0,0.0,0.0,0.0,0,0,0,0,unknown
230080,816680,10/01/2022,09/30/2023,0.0,0.0,0.0,0.0,0.0,0.0,0.0,0,0,0,0,unknown
230093,816681,07/01/2023,06/30/2024,0.0,0.0,0.0,0.0,0.0,0.0,0.0,0,0,0,0,unknown
230100,816682,07/01/2023,06/30/2024,0.0,0.0,0.0,0.0,0.0,0.0,0.0,0,0,0,0,unknown
230108,816683,12/01/2022,11/30/2023,0.0,0.0,0.0,0.0,0.0,0.0,0.0,0,0,0,0,unknown
230110,816684,07/01/2023,06/30/2024,0.0,0.0,0.0,0.0,0.0,0.0,0.0,0,0,0,0,unknown
230174,816687,07/01/2023,06/30/2024,0.0,0.0,0.0,0.0,0.0,0.0,0.0,0,0,0,0,unknown
230195,816688,07/01/2023,06/30/2024,0.0,0.0,0.0,0.0,0.0,0.0,0.0,0,0,0,0,unknown
230197,816689,07/01/2023,06/30/2024,0.0,0.0,0.0,0.0,0.0,0.0,0.0,0,0,0,0,unknown
230230,816692,07/01/2023,06/30/2024,0.0,0.0,0.0,0.0,0.0,0.0,0.0,0,0,0,0,unknown
230241,816693,07/01/2023,06/30/2024,0.0,0.0,0.0,0.0,0.0,0.0,0.0,0,0,0,0,unknown
231337,816695,10/01/2022,09/30/2023,0.0,0.0,0.0,0.0,0.0,0.0,0.0,0,0,0,0,unknown
241313,816698,07/01/2023,06/30/2024,0.0,0.0,0.0,0.0,0.0,0.0,0.0,0,0,0,0,unknown
250078,816700,10/01/2022,09/30/2023,0.0,0.0,0.0,0.0,0.0,0.0,0.0,0,0,0,0,unknown
260009,816701,06/01/2023,05/31/2024,0.0,0.0,0.0,0.0,0.0,0.0,0.0,0,0,0,0,unknown
260022,816702,06/01/2023,05/31/2024,0.0,0.0,0.0,0.0,0.0,0.0,0.0,0,0,0,0,unknown
260024,816703,01/01/2023,12/31/2023,0.0,0.0,0.0,0.0,0.0,0.0,0.0,0,0,0,0,unknown
260059,816706,07/01/2023,06/30/2024,0.0,0.0,0.0,0.0,0.0,0.0,0.0,0,0,0,0,unknown
260078,816707,01/01/2023,12/31/2023,0.0,0.0,0.0,0.0,0.0,0.0,0.0,0,0,0,0,unknown
260110,816708,01/01/2023,12/31/2023,0.0,0.0,0.0,0.0,0.0,0.0,0.0,0,0,0,0,unknown
260119,816709,01/01/2023,12/31/2023,0.0,0.0,0.0,0.0,0.0,0.0,0.0,0,0,0,0,unknown
260137,816710,04/01/2023,03/31/2024,0.0,0.0,0.0,0.0,0.0,0.0,0.0,0,0,0,0,unknown
260160,816711,01/01/2023,12/31/2023,0.0,0.0,0.0,0.0,0.0,0.0,0.0,0,0,0,0,unknown
260162,816712,01/01/2023,12/31/2023,0.0,0.0,0.0,0.0,0.0,0.0,0.0,0,0,0,0,unknown
260163,816713,01/01/2023,12/31/2023,0.0,0.0,0.0,0.0,0.0,0.0,0.0,0,0,0,0,unknown
260180,816714,01/01/2023,12/31/2023,0.0,0.0,0.0,0.0,0.0,0.0,0.0,0,0,0,0,unknown
260219,816715,01/01/2023,12/31/2023,0.0,0.0,0.0,0.0,0.0,0.0,0.0,0,0,0,0,unknown
280003,816716,01/01/2023,12/31/2023,0.0,0.0,0.0,0.0,0.0,0.0,0.0,0,0,0,0,unknown
280061,816717,01/01/2023,12/31/2023,0.0,0.0,0.0,0.0,0.0,0.0,0.0,0,0,0,0,unknown
280139,816718,01/01/2023,12/31/2023,0.0,0.0,0.0,0.0,0.0,0.0,0.0,0,0,0,0,unknown
290053,816719,07/01/2023,06/30/2024,0.0,0.0,0.0,0.0,0.0,0.0,0.0,0,0,0,0,unknown
313300,816720,01/01/2023,12/31/2023,0.0,0.0,0.0,0.0,0.0,0.0,0.0,0,0,0,0,unknown
320085,816721,04/01/2023,03/31/2024,0.0,0.0,0.0,0.0,0.0,0.0,0.0,0,0,0,0,unknown
361309,816734,11/01/2022,10/31/2023,0.0,0.0,0.0,0.0,0.0,0.0,0.0,0,0,0,0,unknown
361310,816735,01/01/2023,12/31/2023,0.0,0.0,0.0,0.0,0.0,0.0,0.0,0,0,0,0,unknown
370020,816737,07/01/2023,06/30/2024,0.0,0.0,0.0,0.0,0.0,0.0,0.0,0,0,0,0,unknown
371304,816738,07/01/2023,06/30/2024,0.0,0.0,0.0,0.0,0.0,0.0,0.0,0,0,0,0,unknown
380002,816739,10/01/2022,09/30/2023,0.0,0.0,0.0,0.0,0.0,0.0,0.0,0,0,0,0,unknown
380052,816740,07/01/2023,06/30/2024,0.0,0.0,0.0,0.0,0.0,0.0,0.0,0,0,0,0,unknown
390058,816741,07/01/2023,06/30/2024,0.0,0.0,0.0,0.0,0.0,0.0,0.0,0,0,0,0,unknown
390068,816742,07/01/2023,06/30/2024,0.0,0.0,0.0,0.0,0.0,0.0,0.0,0,0,0,0,unknown
420019,816743,07/01/2023,06/30/2024,0.0,0.0,0.0,0.0,0.0,0.0,0.0,0,0,0,0,unknown
420036,816744,07/01/2023,06/30/2024,0.0,0.0,0.0,0.0,0.0,0.0,0.0,0,0,0,0,unknown
420051,816745,10/01/2022,09/30/2023,0.0,0.0,0.0,0.0,0.0,0.0,0.0,0,0,0,0,unknown
420055,816746,07/01/2023,06/30/2024,0.0,0.0,0.0,0.0,0.0,0.0,0.0,0,0,0,0,unknown
440065,816748,07/01/2023,06/30/2024,0.0,0.0,0.0,0.0,0.0,0.0,0.0,0,0,0,0,unknown
440110,816749,01/01/2023,12/31/2023,0.0,0.0,0.0,0.0,0.0,0.0,0.0,0,0,0,0,unknown
450484,816752,01/01/2023,12/31/2023,0.0,0.0,0.0,0.0,0.0,0.0,0.0,0,0,0,0,unknown
450670,816753,07/01/2023,06/30/2024,0.0,0.0,0.0,0.0,0.0,0.0,0.0,0,0,0,0,unknown
451380,816754,06/01/2023,05/31/2024,0.0,0.0,0.0,0.0,0.0,0.0,0.0,0,0,0,0,unknown
460014,816757,01/01/2023,12/31/2023,0.0,0.0,0.0,0.0,0.0,0.0,0.0,0,0,0,0,unknown
490067,816758,01/01/2023,12/31/2023,0.0,0.0,0.0,0.0,0.0,0.0,0.0,0,0,0,0,unknown
510002,816759,01/01/2023,12/31/2023,0.0,0.0,0.0,0.0,0.0,0.0,0.0,0,0,0,0,unknown
010012,816763,04/01/2023,03/31/2024,0.0,0.0,0.0,0.0,0.0,0.0,0.0,0,0,0,0,unknown
010049,816764,01/01/2023,12/31/2023,0.0,0.0,0.0,0.0,0.0,0.0,0.0,0,0,0,0,unknown
010120,816765,10/01/2022,09/30/2023,0.0,0.0,0.0,0.0,0.0,0.0,0.0,0,0,0,0,unknown
030083,816766,10/01/2022,09/30/2023,0.0,0.0,0.0,0.0,0.0,0.0,0.0,0,0,0,0,unknown
030094,816768,04/01/2023,03/31/2024,0.0,0.0,0.0,0.0,0.0,0.0,0.0,0,0,0,0,unknown
030110,816769,05/01/2023,04/30/2024,0.0,0.0,0.0,0.0,0.0,0.0,0.0,0,0,0,0,unknown
050243,816773,06/01/2023,05/31/2024,0.0,0.0,0.0,0.0,0.0,0.0,0.0,0,0,0,0,unknown
061313,816778,01/01/2023,12/31/2023,0.0,0.0,0.0,0.0,0.0,0.0,0.0,0,0,0,0,unknown
061316,816779,01/01/2023,12/31/2023,0.0,0.0,0.0,0.0,0.0,0.0,0.0,0,0,0,0,unknown
100047,816786,10/01/2022,09/30/2023,0.0,0.0,0.0,0.0,0.0,0.0,0.0,0,0,0,0,unknown
100107,816787,01/01/2023,12/31/2023,0.0,0.0,0.0,0.0,0.0,0.0,0.0,0,0,0,0,unknown
110089,816789,01/01/2023,12/31/2023,0.0,0.0,0.0,0.0,0.0,0.0,0.0,0,0,0,0,unknown
110234,816790,10/01/2022,09/30/2023,0.0,0.0,0.0,0.0,0.0,0.0,0.0,0,0,0,0,unknown
110252,816791,10/01/2022,09/30/2023,0.0,0.0,0.0,0.0,0.0,0.0,0.0,0,0,0,0,unknown
130014,816792,10/01/2022,09/30/2023,0.0,0.0,0.0,0.0,0.0,0.0,0.0,0,0,0,0,unknown
150002,816793,01/01/2023,12/31/2023,0.0,0.0,0.0,0.0,0.0,0.0,0.0,0,0,0,0,unknown
150010,816794,07/01/2023,06/30/2024,0.0,0.0,0.0,0.0,0.0,0.0,0.0,0,0,0,0,unknown
150157,816795,07/01/2023,06/30/2024,0.0,0.0,0.0,0.0,0.0,0.0,0.0,0,0,0,0,unknown
150181,816796,07/01/2023,06/30/2024,0.0,0.0,0.0,0.0,0.0,0.0,0.0,0,0,0,0,unknown
160104,816797,01/01/2023,12/31/2023,0.0,0.0,0.0,0.0,0.0,0.0,0.0,0,0,0,0,unknown
170068,816799,01/01/2023,12/31/2023,0.0,0.0,0.0,0.0,0.0,0.0,0.0,0,0,0,0,unknown
170150,816800,01/01/2023,08/25/2023,0.0,0.0,0.0,0.0,0.0,0.0,0.0,0,0,0,0,unknown
170204,816801,01/01/2023,12/31/2023,0.0,0.0,0.0,0.0,0.0,0.0,0.0,0,0,0,0,unknown
171378,816802,05/01/2023,04/30/2024,0.0,0.0,0.0,0.0,0.0,0.0,0.0,0,0,0,0,unknown
180056,816803,10/01/2022,09/30/2023,0.0,0.0,0.0,0.0,0.0,0.0,0.0,0,0,0,0,unknown
180102,816804,01/01/2023,12/31/2023,0.0,0.0,0.0,0.0,0.0,0.0,0.0,0,0,0,0,unknown
180124,816805,10/01/2022,09/30/2023,0.0,0.0,0.0,0.0,0.0,0.0,0.0,0,0,0,0,unknown
190144,816806,09/01/2023,08/31/2024,0.0,0.0,0.0,0.0,0.0,0.0,0.0,0,0,0,0,unknown
194114,816808,01/01/2023,12/31/2023,0.0,0.0,0.0,0.0,0.0,0.0,0.0,0,0,0,0,unknown
230072,816816,04/01/2023,03/31/2024,0.0,0.0,0.0,0.0,0.0,0.0,0.0,0,0,0,0,unknown
230105,816817,10/01/2022,09/30/2023,0.0,0.0,0.0,0.0,0.0,0.0,0.0,0,0,0,0,unknown
250025,816826,10/01/2022,09/30/2023,0.0,0.0,0.0,0.0,0.0,0.0,0.0,0,0,0,0,unknown
250072,816828,10/01/2022,09/30/2023,0.0,0.0,0.0,0.0,0.0,0.0,0.0,0,0,0,0,unknown
260057,816830,10/01/2022,09/30/2023,0.0,0.0,0.0,0.0,0.0,0.0,0.0,0,0,0,0,unknown
310119,816833,07/01/2023,06/30/2024,0.0,0.0,0.0,0.0,0.0,0.0,0.0,0,0,0,0,unknown
340069,816842,10/01/2022,09/30/2023,0.0,0.0,0.0,0.0,0.0,0.0,0.0,0,0,0,0,unknown
340173,816847,10/01/2022,09/30/2023,0.0,0.0,0.0,0.0,0.0,0.0,0.0,0,0,0,0,unknown
360001,816855,01/01/2023,12/31/2023,0.0,0.0,0.0,0.0,0.0,0.0,0.0,0,0,0,0,unknown
360002,816856,01/01/2023,12/31/2023,0.0,0.0,0.0,0.0,0.0,0.0,0.0,0,0,0,0,unknown
360016,816857,01/01/2023,12/31/2023,0.0,0.0,0.0,0.0,0.0,0.0,0.0,0,0,0,0,unknown
360065,816859,01/01/2023,12/31/2023,0.0,0.0,0.0,0.0,0.0,0.0,0.0,0,0,0,0,unknown
360125,816860,01/01/2023,12/31/2023,0.0,0.0,0.0,0.0,0.0,0.0,0.0,0,0,0,0,unknown
360365,816861,07/01/2023,06/30/2024,0.0,0.0,0.0,0.0,0.0,0.0,0.0,0,0,0,0,unknown
370039,816862,11/01/2022,10/31/2023,0.0,0.0,0.0,0.0,0.0,0.0,0.0,0,0,0,0,unknown
380020,816866,01/01/2023,12/31/2023,0.0,0.0,0.0,0.0,0.0,0.0,0.0,0,0,0,0,unknown
420071,816878,10/01/2022,09/30/2023,0.0,0.0,0.0,0.0,0.0,0.0,0.0,0,0,0,0,unknown
420091,816879,07/01/2023,06/30/2024,0.0,0.0,0.0,0.0,0.0,0.0,0.0,0,0,0,0,unknown
440006,816885,12/01/2022,11/30/2023,0.0,0.0,0.0,0.0,0.0,0.0,0.0,0,0,0,0,unknown
440048,816886,10/01/2022,09/30/2023,0.0,0.0,0.0,0.0,0.0,0.0,0.0,0,0,0,0,unknown
450713,816891,11/01/2022,10/31/2023,0.0,0.0,0.0,0.0,0.0,0.0,0.0,0,0,0,0,unknown
451330,816892,10/01/2022,09/30/2023,0.0,0.0,0.0,0.0,0.0,0.0,0.0,0,0,0,0,unknown
453048,816893,01/01/2023,12/31/2023,0.0,0.0,0.0,0.0,0.0,0.0,0.0,0,0,0,0,unknown
490002,816894,10/01/2022,09/30/2023,0.0,0.0,0.0,0.0,0.0,0.0,0.0,0,0,0,0,unknown
510062,816896,07/01/2023,06/30/2024,0.0,0.0,0.0,0.0,0.0,0.0,0.0,0,0,0,0,unknown
521340,816902,01/01/2023,12/31/2023,0.0,0.0,0.0,0.0,0.0,0.0,0.0,0,0,0,0,unknown
044004,816907,01/01/2023,12/31/2023,0.0,0.0,0.0,0.0,0.0,0.0,0.0,0,0,0,0,unknown
140161,816911,10/01/2022,09/30/2023,0.0,0.0,0.0,0.0,0.0,0.0,0.0,0,0,0,0,unknown
161354,816913,01/01/2023,12/31/2023,0.0,0.0,0.0,0.0,0.0,0.0,0.0,0,0,0,0,unknown
171316,816914,01/01/2023,12/31/2023,0.0,0.0,0.0,0.0,0.0,0.0,0.0,0,0,0,0,unknown
171384,816916,01/01/2023,12/31/2023,0.0,0.0,0.0,0.0,0.0,0.0,0.0,0,0,0,0,unknown
194088,816917,01/01/2023,12/31/2023,0.0,0.0,0.0,0.0,0.0,0.0,0.0,0,0,0,0,unknown
340010,816921,07/01/2023,06/30/2024,0.0,0.0,0.0,0.0,0.0,0.0,0.0,0,0,0,0,unknown
340041,816923,07/01/2023,06/30/2024,0.0,0.0,0.0,0.0,0.0,0.0,0.0,0,0,0,0,unknown
340050,816925,07/01/2023,06/30/2024,0.0,0.0,0.0,0.0,0.0,0.0,0.0,0,0,0,0,unknown
340051,816926,07/01/2023,06/30/2024,0.0,0.0,0.0,0.0,0.0,0.0,0.0,0,0,0,0,unknown
340060,816927,07/01/2023,06/30/2024,0.0,0.0,0.0,0.0,0.0,0.0,0.0,0,0,0,0,unknown
340075,816929,07/01/2023,06/30/2024,0.0,0.0,0.0,0.0,0.0,0.0,0.0,0,0,0,0,unknown
340147,816932,07/01/2023,06/30/2024,0.0,0.0,0.0,0.0,0.0,0.0,0.0,0,0,0,0,unknown
400032,816941,01/01/2023,12/31/2023,0.0,0.0,0.0,0.0,0.0,0.0,0.0,0,0,0,0,unknown
420009,816942,10/01/2022,09/30/2023,0.0,0.0,0.0,0.0,0.0,0.0,0.0,0,0,0,0,unknown
420015,816943,10/01/2022,09/30/2023,0.0,0.0,0.0,0.0,0.0,0.0,0.0,0,0,0,0,unknown
420018,816944,10/01/2022,09/30/2023,0.0,0.0,0.0,0.0,0.0,0.0,0.0,0,0,0,0,unknown
420037,816950,10/01/2022,09/30/2023,0.0,0.0,0.0,0.0,0.0,0.0,0.0,0,0,0,0,unknown
420038,816951,10/01/2022,09/30/2023,0.0,0.0,0.0,0.0,0.0,0.0,0.0,0,0,0,0,unknown
420070,816954,10/01/2022,09/30/2023,0.0,0.0,0.0,0.0,0.0,0.0,0.0,0,0,0,0,unknown
420078,816956,10/01/2022,09/30/2023,0.0,0.0,0.0,0.0,0.0,0.0,0.0,0,0,0,0,unknown
420086,816959,10/01/2022,09/30/2023,0.0,0.0,0.0,0.0,0.0,0.0,0.0,0,0,0,0,unknown
420102,816960,10/01/2022,09/30/2023,0.0,0.0,0.0,0.0,0.0,0.0,0.0,0,0,0,0,unknown
420106,816962,10/01/2022,09/30/2023,0.0,0.0,0.0,0.0,0.0,0.0,0.0,0,0,0,0,unknown
344025,816971,07/01/2023,06/30/2024,0.0,0.0,0.0,0.0,0.0,0.0,0.0,0,0,0,0,unknown
010045,816975,10/01/2022,09/30/2023,0.0,0.0,0.0,0.0,0.0,0.0,0.0,0,0,0,0,unknown
010092,816976,10/01/2022,09/30/2023,0.0,0.0,0.0,0.0,0.0,0.0,0.0,0,0,0,0,unknown
061300,816981,01/01/2023,12/31/2023,0.0,0.0,0.0,0.0,0.0,0.0,0.0,0,0,0,0,unknown
100110,816983,01/01/2023,12/31/2023,0.0,0.0,0.0,0.0,0.0,0.0,0.0,0,0,0,0,unknown
100232,816984,09/01/2023,08/31/2024,0.0,0.0,0.0,0.0,0.0,0.0,0.0,0,0,0,0,unknown
110005,816985,10/01/2022,09/30/2023,0.0,0.0,0.0,0.0,0.0,0.0,0.0,0,0,0,0,unknown
110008,816986,10/01/2022,09/30/2023,0.0,0.0,0.0,0.0,0.0,0.0,0.0,0,0,0,0,unknown
110054,816988,01/01/2023,12/31/2023,0.0,0.0,0.0,0.0,0.0,0.0,0.0,0,0,0,0,unknown
110107,816989,01/01/2023,12/31/2023,0.0,0.0,0.0,0.0,0.0,0.0,0.0,0,0,0,0,unknown
110150,816990,01/01/2023,12/31/2023,0.0,0.0,0.0,0.0,0.0,0.0,0.0,0,0,0,0,unknown
150001,816997,01/01/2023,12/31/2023,0.0,0.0,0.0,0.0,0.0,0.0,0.0,0,0,0,0,unknown
153030,816998,10/01/2022,09/30/2023,0.0,0.0,0.0,0.0,0.0,0.0,0.0,0,0,0,0,unknown
170023,817000,07/01/2023,06/30/2024,0.0,0.0,0.0,0.0,0.0,0.0,0.0,0,0,0,0,unknown
170196,817001,01/01/2023,12/31/2023,0.0,0.0,0.0,0.0,0.0,0.0,0.0,0,0,0,0,unknown
230003,817009,01/01/2023,06/30/2023,0.0,0.0,0.0,0.0,0.0,0.0,0.0,0,0,0,0,unknown
230141,817012,10/01/2022,09/30/2023,0.0,0.0,0.0,0.0,0.0,0.0,0.0,0,0,0,0,unknown
241332,817013,05/01/2023,04/30/2024,0.0,0.0,0.0,0.0,0.0,0.0,0.0,0,0,0,0,unknown
330128,817021,07/01/2023,06/30/2024,0.0,0.0,0.0,0.0,0.0,0.0,0.0,0,0,0,0,unknown
330196,817022,07/01/2023,06/30/2024,0.0,0.0,0.0,0.0,0.0,0.0,0.0,0,0,0,0,unknown
330202,817023,07/01/2023,06/30/2024,0.0,0.0,0.0,0.0,0.0,0.0,0.0,0,0,0,0,unknown
330204,817024,07/01/2023,06/30/2024,0.0,0.0,0.0,0.0,0.0,0.0,0.0,0,0,0,0,unknown
330229,817025,01/01/2023,12/31/2023,0.0,0.0,0.0,0.0,0.0,0.0,0.0,0,0,0,0,unknown
330396,817026,07/01/2023,06/30/2024,0.0,0.0,0.0,0.0,0.0,0.0,0.0,0,0,0,0,unknown
340001,817027,01/01/2023,12/31/2023,0.0,0.0,0.0,0.0,0.0,0.0,0.0,0,0,0,0,unknown
340004,817028,01/01/2023,12/31/2023,0.0,0.0,0.0,0.0,0.0,0.0,0.0,0,0,0,0,unknown
340008,817029,10/01/2022,09/30/2023,0.0,0.0,0.0,0.0,0.0,0.0,0.0,0,0,0,0,unknown
340021,817031,01/01/2023,12/31/2023,0.0,0.0,0.0,0.0,0.0,0.0,0.0,0,0,0,0,unknown
340047,817032,01/01/2023,12/31/2023,0.0,0.0,0.0,0.0,0.0,0.0,0.0,0,0,0,0,unknown
340064,817034,01/01/2023,12/31/2023,0.0,0.0,0.0,0.0,0.0,0.0,0.0,0,0,0,0,unknown
340068,817036,10/01/2022,09/30/2023,0.0,0.0,0.0,0.0,0.0,0.0,0.0,0,0,0,0,unknown
340073,817037,07/01/2023,05/31/2024,0.0,0.0,0.0,0.0,0.0,0.0,0.0,0,0,0,0,unknown
340084,817038,01/01/2023,12/31/2023,0.0,0.0,0.0,0.0,0.0,0.0,0.0,0,0,0,0,unknown
340096,817039,01/01/2023,12/31/2023,0.0,0.0,0.0,0.0,0.0,0.0,0.0,0,0,0,0,unknown
340098,817040,01/01/2023,12/31/2023,0.0,0.0,0.0,0.0,0.0,0.0,0.0,0,0,0,0,unknown
340113,817041,01/01/2023,12/31/2023,0.0,0.0,0.0,0.0,0.0,0.0,0.0,0,0,0,0,unknown
340119,817043,01/01/2023,12/31/2023,0.0,0.0,0.0,0.0,0.0,0.0,0.0,0,0,0,0,unknown
340130,817044,01/01/2023,12/31/2023,0.0,0.0,0.0,0.0,0.0,0.0,0.0,0,0,0,0,unknown
340145,817045,01/01/2023,12/31/2023,0.0,0.0,0.0,0.0,0.0,0.0,0.0,0,0,0,0,unknown
340166,817046,01/01/2023,12/31/2023,0.0,0.0,0.0,0.0,0.0,0.0,0.0,0,0,0,0,unknown
340187,817047,01/01/2023,12/31/2023,0.0,0.0,0.0,0.0,0.0,0.0,0.0,0,0,0,0,unknown
344014,817048,01/01/2023,12/31/2023,0.0,0.0,0.0,0.0,0.0,0.0,0.0,0,0,0,0,unknown
450193,817061,07/01/2023,06/30/2024,0.0,0.0,0.0,0.0,0.0,0.0,0.0,0,0,0,0,unknown
450518,817063,12/01/2022,11/30/2023,0.0,0.0,0.0,0.0,0.0,0.0,0.0,0,0,0,0,unknown
451367,817066,12/01/2022,11/30/2023,0.0,0.0,0.0,0.0,0.0,0.0,0.0,0,0,0,0,unknown
452062,817067,01/01/2023,12/31/2023,0.0,0.0,0.0,0.0,0.0,0.0,0.0,0,0,0,0,unknown
521356,817072,10/01/2022,09/30/2023,0.0,0.0,0.0,0.0,0.0,0.0,0.0,0,0,0,0,unknown
041318,817084,07/01/2023,06/30/2024,0.0,0.0,0.0,0.0,0.0,0.0,0.0,0,0,0,0,unknown
141341,817103,01/01/2023,12/31/2023,0.0,0.0,0.0,0.0,0.0,0.0,0.0,0,0,0,0,unknown
154020,817104,07/01/2023,06/30/2024,0.0,0.0,0.0,0.0,0.0,0.0,0.0,0,0,0,0,unknown
160013,817105,01/01/2023,12/31/2023,0.0,0.0,0.0,0.0,0.0,0.0,0.0,0,0,0,0,unknown
193086,817108,01/01/2023,12/31/2023,0.0,0.0,0.0,0.0,0.0,0.0,0.0,0,0,0,0,unknown
230227,817120,10/01/2022,09/30/2023,0.0,0.0,0.0,0.0,0.0,0.0,0.0,0,0,0,0,unknown
260062,817122,01/01/2023,12/31/2023,0.0,0.0,0.0,0.0,0.0,0.0,0.0,0,0,0,0,unknown
281322,817124,01/01/2023,12/31/2023,0.0,0.0,0.0,0.0,0.0,0.0,0.0,0,0,0,0,unknown
330127,817126,07/01/2023,06/30/2024,0.0,0.0,0.0,0.0,0.0,0.0,0.0,0,0,0,0,unknown
330231,817127,07/01/2023,06/30/2024,0.0,0.0,0.0,0.0,0.0,0.0,0.0,0,0,0,0,unknown
330240,817128,07/01/2023,06/30/2024,0.0,0.0,0.0,0.0,0.0,0.0,0.0,0,0,0,0,unknown
340014,817129,01/01/2023,12/31/2023,0.0,0.0,0.0,0.0,0.0,0.0,0.0,0,0,0,0,unknown
340015,817130,01/01/2023,12/31/2023,0.0,0.0,0.0,0.0,0.0,0.0,0.0,0,0,0,0,unknown
340027,817131,07/01/2023,06/30/2024,0.0,0.0,0.0,0.0,0.0,0.0,0.0,0,0,0,0,unknown
340028,817132,10/01/2022,09/30/2023,0.0,0.0,0.0,0.0,0.0,0.0,0.0,0,0,0,0,unknown
340030,817134,07/01/2023,06/30/2024,0.0,0.0,0.0,0.0,0.0,0.0,0.0,0,0,0,0,unknown
340042,817136,10/01/2022,09/30/2023,0.0,0.0,0.0,0.0,0.0,0.0,0.0,0,0,0,0,unknown
340061,817137,07/01/2023,06/30/2024,0.0,0.0,0.0,0.0,0.0,0.0,0.0,0,0,0,0,unknown
340085,817138,01/01/2023,12/31/2023,0.0,0.0,0.0,0.0,0.0,0.0,0.0,0,0,0,0,unknown
340097,817139,10/01/2022,09/30/2023,0.0,0.0,0.0,0.0,0.0,0.0,0.0,0,0,0,0,unknown
340148,817140,01/01/2023,12/31/2023,0.0,0.0,0.0,0.0,0.0,0.0,0.0,0,0,0,0,unknown
340155,817141,07/01/2023,06/30/2024,0.0,0.0,0.0,0.0,0.0,0.0,0.0,0,0,0,0,unknown
340171,817143,01/01/2023,12/31/2023,0.0,0.0,0.0,0.0,0.0,0.0,0.0,0,0,0,0,unknown
340183,817144,01/01/2023,12/31/2023,0.0,0.0,0.0,0.0,0.0,0.0,0.0,0,0,0,0,unknown
340188,817146,10/01/2022,09/30/2023,0.0,0.0,0.0,0.0,0.0,0.0,0.0,0,0,0,0,unknown
340190,817147,01/01/2023,12/31/2023,0.0,0.0,0.0,0.0,0.0,0.0,0.0,0,0,0,0,unknown
420020,817160,10/01/2022,09/30/2023,0.0,0.0,0.0,0.0,0.0,0.0,0.0,0,0,0,0,unknown
420098,817161,10/01/2022,09/30/2023,0.0,0.0,0.0,0.0,0.0,0.0,0.0,0,0,0,0,unknown
451389,817165,07/01/2023,12/31/2023,0.0,0.0,0.0,0.0,0.0,0.0,0.0,0,0,0,0,unknown
490037,817169,01/01/2023,12/31/2023,0.0,0.0,0.0,0.0,0.0,0.0,0.0,0,0,0,0,unknown
490052,817171,01/01/2023,12/31/2023,0.0,0.0,0.0,0.0,0.0,0.0,0.0,0,0,0,0,unknown
490130,817173,01/01/2023,12/31/2023,0.0,0.0,0.0,0.0,0.0,0.0,0.0,0,0,0,0,unknown
490143,817174,01/01/2023,12/31/2023,0.0,0.0,0.0,0.0,0.0,0.0,0.0,0,0,0,0,unknown
030114,817183,10/01/2022,09/30/2023,0.0,0.0,0.0,0.0,0.0,0.0,0.0,0,0,0,0,unknown
140084,817194,12/01/2022,11/30/2023,0.0,0.0,0.0,0.0,0.0,0.0,0.0,0,0,0,0,unknown
150007,817200,01/01/2023,12/31/2023,0.0,0.0,0.0,0.0,0.0,0.0,0.0,0,0,0,0,unknown
161367,817202,01/01/2023,12/31/2023,0.0,0.0,0.0,0.0,0.0,0.0,0.0,0,0,0,0,unknown
171308,817204,07/01/2023,06/30/2024,0.0,0.0,0.0,0.0,0.0,0.0,0.0,0,0,0,0,unknown
173032,817207,01/01/2023,12/31/2023,0.0,0.0,0.0,0.0,0.0,0.0,0.0,0,0,0,0,unknown
180019,817208,12/01/2022,11/30/2023,0.0,0.0,0.0,0.0,0.0,0.0,0.0,0,0,0,0,unknown
180051,817209,01/01/2023,12/31/2023,0.0,0.0,0.0,0.0,0.0,0.0,0.0,0,0,0,0,unknown
230216,817216,10/01/2022,09/30/2023,0.0,0.0,0.0,0.0,0.0,0.0,0.0,0,0,0,0,unknown
231323,817217,01/01/2023,12/31/2023,0.0,0.0,0.0,0.0,0.0,0.0,0.0,0,0,0,0,unknown
263034,817222,12/22/2022,12/31/2023,0.0,0.0,0.0,0.0,0.0,0.0,0.0,0,0,0,0,unknown
280133,817224,01/01/2023,12/31/2023,0.0,0.0,0.0,0.0,0.0,0.0,0.0,0,0,0,0,unknown
310014,817225,01/01/2023,12/31/2023,0.0,0.0,0.0,0.0,0.0,0.0,0.0,0,0,0,0,unknown
310027,817226,01/01/2023,12/31/2023,0.0,0.0,0.0,0.0,0.0,0.0,0.0,0,0,0,0,unknown
314020,817227,01/01/2023,12/31/2023,0.0,0.0,0.0,0.0,0.0,0.0,0.0,0,0,0,0,unknown
330199,817234,07/01/2023,06/30/2024,0.0,0.0,0.0,0.0,0.0,0.0,0.0,0,0,0,0,unknown
340071,817235,10/01/2022,09/30/2023,0.0,0.0,0.0,0.0,0.0,0.0,0.0,0,0,0,0,unknown
360276,817238,01/01/2023,12/31/2023,0.0,0.0,0.0,0.0,0.0,0.0,0.0,0,0,0,0,unknown
360348,817239,07/01/2023,06/30/2024,0.0,0.0,0.0,0.0,0.0,0.0,0.0,0,0,0,0,unknown
380071,817245,01/01/2023,12/31/2023,0.0,0.0,0.0,0.0,0.0,0.0,0.0,0,0,0,0,unknown
450042,817251,07/01/2023,06/30/2024,0.0,0.0,0.0,0.0,0.0,0.0,0.0,0,0,0,0,unknown
521353,817270,07/01/2023,06/30/2024,0.0,0.0,0.0,0.0,0.0,0.0,0.0,0,0,0,0,unknown
100022,817279,10/01/2022,09/30/2023,0.0,0.0,0.0,0.0,0.0,0.0,0.0,0,0,0,0,unknown
100087,817280,10/01/2022,09/30/2023,0.0,0.0,0.0,0.0,0.0,0.0,0.0,0,0,0,0,unknown
100117,817281,10/01/2022,09/30/2023,0.0,0.0,0.0,0.0,0.0,0.0,0.0,0,0,0,0,unknown
100213,817283,05/01/2023,04/30/2024,0.0,0.0,0.0,0.0,0.0,0.0,0.0,0,0,0,0,unknown
100223,817284,06/01/2023,05/31/2024,0.0,0.0,0.0,0.0,0.0,0.0,0.0,0,0,0,0,unknown
100249,817285,10/01/2022,11/30/2023,0.0,0.0,0.0,0.0,0.0,0.0,0.0,0,0,0,0,unknown
100252,817286,05/01/2023,04/30/2024,0.0,0.0,0.0,0.0,0.0,0.0,0.0,0,0,0,0,unknown
100307,817287,07/01/2023,06/30/2024,0.0,0.0,0.0,0.0,0.0,0.0,0.0,0,0,0,0,unknown
131326,817290,01/01/2023,12/31/2023,0.0,0.0,0.0,0.0,0.0,0.0,0.0,0,0,0,0,unknown
150006,817292,01/01/2023,12/31/2023,0.0,0.0,0.0,0.0,0.0,0.0,0.0,0,0,0,0,unknown
170187,817295,01/01/2023,12/31/2023,0.0,0.0,0.0,0.0,0.0,0.0,0.0,0,0,0,0,unknown
170198,817296,01/01/2023,12/31/2023,0.0,0.0,0.0,0.0,0.0,0.0,0.0,0,0,0,0,unknown
173033,817298,01/01/2023,12/31/2023,0.0,0.0,0.0,0.0,0.0,0.0,0.0,0,0,0,0,unknown
224021,817307,01/01/2023,12/31/2023,0.0,0.0,0.0,0.0,0.0,0.0,0.0,0,0,0,0,unknown
280129,817313,01/01/2023,12/31/2023,0.0,0.0,0.0,0.0,0.0,0.0,0.0,0,0,0,0,unknown
314024,817322,01/01/2023,12/31/2023,0.0,0.0,0.0,0.0,0.0,0.0,0.0,0,0,0,0,unknown
330080,817324,07/01/2023,06/30/2024,0.0,0.0,0.0,0.0,0.0,0.0,0.0,0,0,0,0,unknown
360071,817336,01/01/2023,12/31/2023,0.0,0.0,0.0,0.0,0.0,0.0,0.0,0,0,0,0,unknown
370097,817339,11/01/2022,10/31/2023,0.0,0.0,0.0,0.0,0.0,0.0,0.0,0,0,0,0,unknown
371307,817340,01/01/2023,12/31/2023,0.0,0.0,0.0,0.0,0.0,0.0,0.0,0,0,0,0,unknown
400019,817342,01/01/2023,12/31/2023,0.0,0.0,0.0,0.0,0.0,0.0,0.0,0,0,0,0,unknown
422007,817343,01/01/2023,12/31/2023,0.0,0.0,0.0,0.0,0.0,0.0,0.0,0,0,0,0,unknown
450662,817345,04/01/2023,03/31/2024,0.0,0.0,0.0,0.0,0.0,0.0,0.0,0,0,0,0,unknown
500002,817350,01/01/2023,12/31/2023,0.0,0.0,0.0,0.0,0.0,0.0,0.0,0,0,0,0,unknown
670041,817353,07/01/2023,06/30/2024,0.0,0.0,0.0,0.0,0.0,0.0,0.0,0,0,0,0,unknown
670056,817354,07/01/2023,06/30/2024,0.0,0.0,0.0,0.0,0.0,0.0,0.0,0,0,0,0,unknown
050261,817360,07/01/2023,06/30/2024,0.0,0.0,0.0,0.0,0.0,0.0,0.0,0,0,0,0,unknown
110064,817366,07/01/2023,06/30/2024,0.0,0.0,0.0,0.0,0.0,0.0,0.0,0,0,0,0,unknown
110191,817369,07/01/2023,06/30/2024,0.0,0.0,0.0,0.0,0.0,0.0,0.0,0,0,0,0,unknown
110215,817370,07/01/2023,06/30/2024,0.0,0.0,0.0,0.0,0.0,0.0,0.0,0,0,0,0,unknown
170186,817374,01/01/2023,12/31/2023,0.0,0.0,0.0,0.0,0.0,0.0,0.0,0,0,0,0,unknown
173025,817375,01/01/2023,12/31/2023,0.0,0.0,0.0,0.0,0.0,0.0,0.0,0,0,0,0,unknown
180116,817380,03/01/2023,02/29/2024,0.0,0.0,0.0,0.0,0.0,0.0,0.0,0,0,0,0,unknown
252004,817386,01/01/2023,12/31/2023,0.0,0.0,0.0,0.0,0.0,0.0,0.0,0,0,0,0,unknown
254005,817387,01/01/2023,12/31/2023,0.0,0.0,0.0,0.0,0.0,0.0,0.0,0,0,0,0,unknown
260191,817388,01/01/2023,12/31/2023,0.0,0.0,0.0,0.0,0.0,0.0,0.0,0,0,0,0,unknown
281328,817392,01/01/2023,12/31/2023,0.0,0.0,0.0,0.0,0.0,0.0,0.0,0,0,0,0,unknown
340099,817397,10/01/2022,09/30/2023,0.0,0.0,0.0,0.0,0.0,0.0,0.0,0,0,0,0,unknown
340131,817398,07/01/2023,06/30/2024,0.0,0.0,0.0,0.0,0.0,0.0,0.0,0,0,0,0,unknown
440011,817421,07/01/2023,06/30/2024,0.0,0.0,0.0,0.0,0.0,0.0,0.0,0,0,0,0,unknown
440057,817422,07/01/2023,06/30/2024,0.0,0.0,0.0,0.0,0.0,0.0,0.0,0,0,0,0,unknown
451397,817426,01/01/2023,12/31/2023,0.0,0.0,0.0,0.0,0.0,0.0,0.0,0,0,0,0,unknown
454026,817428,01/01/2023,12/31/2023,0.0,0.0,0.0,0.0,0.0,0.0,0.0,0,0,0,0,unknown
040062,817433,07/01/2023,06/30/2024,0.0,0.0,0.0,0.0,0.0,0.0,0.0,0,0,0,0,unknown
041329,817434,07/01/2023,06/30/2024,0.0,0.0,0.0,0.0,0.0,0.0,0.0,0,0,0,0,unknown
060004,817438,01/01/2023,12/31/2023,0.0,0.0,0.0,0.0,0.0,0.0,0.0,0,0,0,0,unknown
173035,817451,04/19/2023,12/31/2023,0.0,0.0,0.0,0.0,0.0,0.0,0.0,0,0,0,0,unknown
271328,817474,04/01/2023,12/31/2023,0.0,0.0,0.0,0.0,0.0,0.0,0.0,0,0,0,0,unknown
281359,817475,01/01/2023,12/31/2023,0.0,0.0,0.0,0.0,0.0,0.0,0.0,0,0,0,0,unknown
451335,817494,07/01/2023,06/30/2024,0.0,0.0,0.0,0.0,0.0,0.0,0.0,0,0,0,0,unknown
521338,817501,10/01/2022,09/30/2023,0.0,0.0,0.0,0.0,0.0,0.0,0.0,0,0,0,0,unknown
020018,817504,10/01/2022,09/30/2023,0.0,0.0,0.0,0.0,0.0,0.0,0.0,0,0,0,0,unknown
050298,817508,02/01/2023,01/31/2024,0.0,0.0,0.0,0.0,0.0,0.0,0.0,0,0,0,0,unknown
110046,817515,07/01/2023,06/30/2024,0.0,0.0,0.0,0.0,0.0,0.0,0.0,0,0,0,0,unknown
110201,817516,07/01/2023,06/30/2024,0.0,0.0,0.0,0.0,0.0,0.0,0.0,0,0,0,0,unknown
140150,817519,07/01/2023,06/30/2024,0.0,0.0,0.0,0.0,0.0,0.0,0.0,0,0,0,0,unknown
171344,817521,01/01/2023,12/31/2023,0.0,0.0,0.0,0.0,0.0,0.0,0.0,0,0,0,0,unknown
171374,817522,01/01/2023,12/31/2023,0.0,0.0,0.0,0.0,0.0,0.0,0.0,0,0,0,0,unknown
222043,817531,01/01/2023,12/31/2023,0.0,0.0,0.0,0.0,0.0,0.0,0.0,0,0,0,0,unknown
280131,817535,01/01/2023,12/31/2023,0.0,0.0,0.0,0.0,0.0,0.0,0.0,0,0,0,0,unknown
321313,817539,08/03/2023,12/31/2023,0.0,0.0,0.0,0.0,0.0,0.0,0.0,0,0,0,0,unknown
364062,817545,01/01/2023,12/31/2023,0.0,0.0,0.0,0.0,0.0,0.0,0.0,0,0,0,0,unknown
371335,817547,01/01/2023,12/31/2023,0.0,0.0,0.0,0.0,0.0,0.0,0.0,0,0,0,0,unknown
390028,817549,07/01/2023,06/30/2024,0.0,0.0,0.0,0.0,0.0,0.0,0.0,0,0,0,0,unknown
390063,817550,07/01/2023,06/30/2024,0.0,0.0,0.0,0.0,0.0,0.0,0.0,0,0,0,0,unknown
420043,817552,10/01/2022,09/30/2023,0.0,0.0,0.0,0.0,0.0,0.0,0.0,0,0,0,0,unknown
450023,817554,07/01/2023,06/30/2024,0.0,0.0,0.0,0.0,0.0,0.0,0.0,0,0,0,0,unknown
040017,817564,04/01/2023,03/31/2024,0.0,0.0,0.0,0.0,0.0,0.0,0.0,0,0,0,0,unknown
050581,817567,06/01/2023,03/26/2024,0.0,0.0,0.0,0.0,0.0,0.0,0.0,0,0,0,0,unknown
100211,817569,10/01/2022,09/30/2023,0.0,0.0,0.0,0.0,0.0,0.0,0.0,0,0,0,0,unknown
110200,817570,07/01/2023,06/30/2024,0.0,0.0,0.0,0.0,0.0,0.0,0.0,0,0,0,0,unknown
151322,817574,01/01/2023,12/31/2023,0.0,0.0,0.0,0.0,0.0,0.0,0.0,0,0,0,0,unknown
160047,817575,01/01/2023,12/31/2023,0.0,0.0,0.0,0.0,0.0,0.0,0.0,0,0,0,0,unknown
180035,817582,01/01/2023,12/31/2023,0.0,0.0,0.0,0.0,0.0,0.0,0.0,0,0,0,0,unknown
180079,817584,10/01/2022,09/30/2023,0.0,0.0,0.0,0.0,0.0,0.0,0.0,0,0,0,0,unknown
190034,817589,01/01/2023,12/31/2023,0.0,0.0,0.0,0.0,0.0,0.0,0.0,0,0,0,0,unknown
252005,817598,01/01/2023,12/31/2023,0.0,0.0,0.0,0.0,0.0,0.0,0.0,0,0,0,0,unknown
264008,817599,07/01/2023,06/30/2024,0.0,0.0,0.0,0.0,0.0,0.0,0.0,0,0,0,0,unknown
360003,817605,07/01/2023,06/30/2024,0.0,0.0,0.0,0.0,0.0,0.0,0.0,0,0,0,0,unknown
360051,817606,01/01/2023,12/31/2023,0.0,0.0,0.0,0.0,0.0,0.0,0.0,0,0,0,0,unknown
360076,817607,01/01/2023,12/31/2023,0.0,0.0,0.0,0.0,0.0,0.0,0.0,0,0,0,0,unknown
360096,817608,01/01/2023,12/31/2023,0.0,0.0,0.0,0.0,0.0,0.0,0.0,0,0,0,0,unknown
360109,817609,01/01/2023,12/31/2023,0.0,0.0,0.0,0.0,0.0,0.0,0.0,0,0,0,0,unknown
360174,817610,01/01/2023,12/31/2023,0.0,0.0,0.0,0.0,0.0,0.0,0.0,0,0,0,0,unknown
360175,817611,01/01/2023,12/31/2023,0.0,0.0,0.0,0.0,0.0,0.0,0.0,0,0,0,0,unknown
391306,817617,01/01/2023,12/31/2023,0.0,0.0,0.0,0.0,0.0,0.0,0.0,0,0,0,0,unknown
454141,817631,01/01/2023,12/31/2023,0.0,0.0,0.0,0.0,0.0,0.0,0.0,0,0,0,0,unknown
530032,817635,05/01/2023,04/30/2024,0.0,0.0,0.0,0.0,0.0,0.0,0.0,0,0,0,0,unknown
034037,817636,07/01/2023,06/30/2024,0.0,0.0,0.0,0.0,0.0,0.0,0.0,0,0,0,0,unknown
050013,817641,01/01/2023,12/31/2023,0.0,0.0,0.0,0.0,0.0,0.0,0.0,0,0,0,0,unknown
050014,817642,01/01/2023,12/31/2023,0.0,0.0,0.0,0.0,0.0,0.0,0.0,0,0,0,0,unknown
050022,817643,05/01/2023,04/30/2024,0.0,0.0,0.0,0.0,0.0,0.0,0.0,0,0,0,0,unknown
050043,817644,01/01/2023,12/31/2023,0.0,0.0,0.0,0.0,0.0,0.0,0.0,0,0,0,0,unknown
050063,817645,01/01/2023,12/31/2023,0.0,0.0,0.0,0.0,0.0,0.0,0.0,0,0,0,0,unknown
050070,817646,01/01/2023,12/31/2023,0.0,0.0,0.0,0.0,0.0,0.0,0.0,0,0,0,0,unknown
050072,817647,01/01/2023,12/31/2023,0.0,0.0,0.0,0.0,0.0,0.0,0.0,0,0,0,0,unknown
050076,817648,01/01/2023,12/31/2023,0.0,0.0,0.0,0.0,0.0,0.0,0.0,0,0,0,0,unknown
050125,817649,01/01/2023,12/31/2023,0.0,0.0,0.0,0.0,0.0,0.0,0.0,0,0,0,0,unknown
050289,817650,07/01/2023,06/30/2024,0.0,0.0,0.0,0.0,0.0,0.0,0.0,0,0,0,0,unknown
050301,817652,01/01/2023,12/31/2023,0.0,0.0,0.0,0.0,0.0,0.0,0.0,0,0,0,0,unknown
050696,817653,10/01/2022,09/30/2023,0.0,0.0,0.0,0.0,0.0,0.0,0.0,0,0,0,0,unknown
050723,817654,01/01/2023,12/31/2023,0.0,0.0,0.0,0.0,0.0,0.0,0.0,0,0,0,0,unknown
103044,817665,01/01/2023,12/31/2023,0.0,0.0,0.0,0.0,0.0,0.0,0.0,0,0,0,0,unknown
151317,817672,01/01/2023,12/31/2023,0.0,0.0,0.0,0.0,0.0,0.0,0.0,0,0,0,0,unknown
151330,817673,01/01/2023,12/31/2023,0.0,0.0,0.0,0.0,0.0,0.0,0.0,0,0,0,0,unknown
191314,817676,01/01/2023,12/31/2023,0.0,0.0,0.0,0.0,0.0,0.0,0.0,0,0,0,0,unknown
194102,817677,01/01/2023,12/31/2023,0.0,0.0,0.0,0.0,0.0,0.0,0.0,0,0,0,0,unknown
230167,817683,10/01/2022,09/30/2023,0.0,0.0,0.0,0.0,0.0,0.0,0.0,0,0,0,0,unknown
330005,817689,01/01/2023,12/31/2023,0.0,0.0,0.0,0.0,0.0,0.0,0.0,0,0,0,0,unknown
330078,817691,01/01/2023,12/31/2023,0.0,0.0,0.0,0.0,0.0,0.0,0.0,0,0,0,0,unknown
330102,817692,01/01/2023,12/31/2023,0.0,0.0,0.0,0.0,0.0,0.0,0.0,0,0,0,0,unknown
330103,817693,01/01/2023,12/31/2023,0.0,0.0,0.0,0.0,0.0,0.0,0.0,0,0,0,0,unknown
330188,817694,01/01/2023,12/31/2023,0.0,0.0,0.0,0.0,0.0,0.0,0.0,0,0,0,0,unknown
330279,817696,01/01/2023,12/31/2023,0.0,0.0,0.0,0.0,0.0,0.0,0.0,0,0,0,0,unknown
370214,817700,07/01/2023,06/30/2024,0.0,0.0,0.0,0.0,0.0,0.0,0.0,0,0,0,0,unknown
380001,817701,01/01/2023,12/31/2023,0.0,0.0,0.0,0.0,0.0,0.0,0.0,0,0,0,0,unknown
380103,817702,01/01/2023,12/31/2023,0.0,0.0,0.0,0.0,0.0,0.0,0.0,0,0,0,0,unknown
452087,817711,01/01/2023,12/31/2023,0.0,0.0,0.0,0.0,0.0,0.0,0.0,0,0,0,0,unknown
460007,817712,01/01/2023,12/31/2023,0.0,0.0,0.0,0.0,0.0,0.0,0.0,0,0,0,0,unknown
460021,817714,01/01/2023,12/31/2023,0.0,0.0,0.0,0.0,0.0,0.0,0.0,0,0,0,0,unknown
460058,817715,01/01/2023,12/31/2023,0.0,0.0,0.0,0.0,0.0,0.0,0.0,0,0,0,0,unknown
460062,817717,01/01/2023,12/31/2023,0.0,0.0,0.0,0.0,0.0,0.0,0.0,0,0,0,0,unknown
500003,817719,01/01/2023,12/31/2023,0.0,0.0,0.0,0.0,0.0,0.0,0.0,0,0,0,0,unknown
500053,817721,01/01/2023,12/31/2023,0.0,0.0,0.0,0.0,0.0,0.0,0.0,0,0,0,0,unknown
500072,817722,01/01/2023,12/31/2023,0.0,0.0,0.0,0.0,0.0,0.0,0.0,0,0,0,0,unknown
521332,817724,04/01/2023,03/31/2024,0.0,0.0,0.0,0.0,0.0,0.0,0.0,0,0,0,0,unknown
530008,817728,01/01/2023,12/31/2023,0.0,0.0,0.0,0.0,0.0,0.0,0.0,0,0,0,0,unknown
530012,817729,01/01/2023,12/31/2023,0.0,0.0,0.0,0.0,0.0,0.0,0.0,0,0,0,0,unknown
020026,817730,10/01/2022,09/30/2023,0.0,0.0,0.0,0.0,0.0,0.0,0.0,0,0,0,0,unknown
040153,817734,10/01/2022,09/30/2023,0.0,0.0,0.0,0.0,0.0,0.0,0.0,0,0,0,0,unknown
050055,817736,01/01/2023,12/31/2023,0.0,0.0,0.0,0.0,0.0,0.0,0.0,0,0,0,0,unknown
050279,817737,06/01/2023,05/31/2024,0.0,0.0,0.0,0.0,0.0,0.0,0.0,0,0,0,0,unknown
050305,817738,01/01/2023,12/31/2023,0.0,0.0,0.0,0.0,0.0,0.0,0.0,0,0,0,0,unknown
061343,817739,01/01/2023,12/31/2023,0.0,0.0,0.0,0.0,0.0,0.0,0.0,0,0,0,0,unknown
104072,817744,01/01/2023,12/31/2023,0.0,0.0,0.0,0.0,0.0,0.0,0.0,0,0,0,0,unknown
231332,817751,01/01/2023,12/31/2023,0.0,0.0,0.0,0.0,0.0,0.0,0.0,0,0,0,0,unknown
251302,817752,01/01/2023,12/31/2023,0.0,0.0,0.0,0.0,0.0,0.0,0.0,0,0,0,0,unknown
260216,817753,01/01/2023,12/31/2023,0.0,0.0,0.0,0.0,0.0,0.0,0.0,0,0,0,0,unknown
314022,817757,01/01/2023,12/31/2023,0.0,0.0,0.0,0.0,0.0,0.0,0.0,0,0,0,0,unknown
314027,817758,01/01/2023,12/31/2023,0.0,0.0,0.0,0.0,0.0,0.0,0.0,0,0,0,0,unknown
321302,817759,01/01/2023,12/31/2023,0.0,0.0,0.0,0.0,0.0,0.0,0.0,0,0,0,0,unknown
360080,817770,01/01/2023,12/31/2023,0.0,0.0,0.0,0.0,0.0,0.0,0.0,0,0,0,0,unknown
400105,817787,07/01/2023,06/30/2024,0.0,0.0,0.0,0.0,0.0,0.0,0.0,0,0,0,0,unknown
451361,817791,01/01/2023,12/31/2023,0.0,0.0,0.0,0.0,0.0,0.0,0.0,0,0,0,0,unknown
040014,817799,10/01/2022,09/30/2023,0.0,0.0,0.0,0.0,0.0,0.0,0.0,0,0,0,0,unknown
041331,817802,01/01/2023,12/31/2023,0.0,0.0,0.0,0.0,0.0,0.0,0.0,0,0,0,0,unknown
083300,817808,01/01/2023,12/31/2023,0.0,0.0,0.0,0.0,0.0,0.0,0.0,0,0,0,0,unknown
100236,817812,01/01/2023,12/31/2023,0.0,0.0,0.0,0.0,0.0,0.0,0.0,0,0,0,0,unknown
100269,817813,06/01/2023,05/31/2024,0.0,0.0,0.0,0.0,0.0,0.0,0.0,0,0,0,0,unknown
114004,817815,01/01/2023,12/31/2023,0.0,0.0,0.0,0.0,0.0,0.0,0.0,0,0,0,0,unknown
170197,817821,01/01/2023,12/31/2023,0.0,0.0,0.0,0.0,0.0,0.0,0.0,0,0,0,0,unknown
171325,817822,01/01/2023,12/31/2023,0.0,0.0,0.0,0.0,0.0,0.0,0.0,0,0,0,0,unknown
194086,817825,01/01/2023,12/31/2023,0.0,0.0,0.0,0.0,0.0,0.0,0.0,0,0,0,0,unknown
194106,817826,01/01/2023,12/31/2023,0.0,0.0,0.0,0.0,0.0,0.0,0.0,0,0,0,0,unknown
220111,817837,01/01/2023,12/31/2023,0.0,0.0,0.0,0.0,0.0,0.0,0.0,0,0,0,0,unknown
223027,817842,07/01/2023,06/30/2024,0.0,0.0,0.0,0.0,0.0,0.0,0.0,0,0,0,0,unknown
230071,817845,11/01/2022,10/31/2023,0.0,0.0,0.0,0.0,0.0,0.0,0.0,0,0,0,0,unknown
262020,817858,01/01/2023,12/31/2023,0.0,0.0,0.0,0.0,0.0,0.0,0.0,0,0,0,0,unknown
370013,817867,07/01/2023,06/30/2024,0.0,0.0,0.0,0.0,0.0,0.0,0.0,0,0,0,0,unknown
374016,817871,01/01/2023,12/31/2023,0.0,0.0,0.0,0.0,0.0,0.0,0.0,0,0,0,0,unknown
390002,817873,07/01/2023,06/30/2024,0.0,0.0,0.0,0.0,0.0,0.0,0.0,0,0,0,0,unknown
442015,817880,01/01/2023,12/31/2023,0.0,0.0,0.0,0.0,0.0,0.0,0.0,0,0,0,0,unknown
500124,817887,01/01/2023,12/31/2023,0.0,0.0,0.0,0.0,0.0,0.0,0.0,0,0,0,0,unknown
030012,817891,01/01/2023,12/31/2023,0.0,0.0,0.0,0.0,0.0,0.0,0.0,0,0,0,0,unknown
030117,817893,12/01/2022,11/30/2023,0.0,0.0,0.0,0.0,0.0,0.0,0.0,0,0,0,0,unknown
030147,817894,01/01/2023,12/31/2023,0.0,0.0,0.0,0.0,0.0,0.0,0.0,0,0,0,0,unknown
050036,817896,01/01/2023,12/31/2023,0.0,0.0,0.0,0.0,0.0,0.0,0.0,0,0,0,0,unknown
050040,817897,07/01/2023,06/30/2024,0.0,0.0,0.0,0.0,0.0,0.0,0.0,0,0,0,0,unknown
050042,817898,07/01/2023,06/30/2024,0.0,0.0,0.0,0.0,0.0,0.0,0.0,0,0,0,0,unknown
050047,817899,01/01/2023,12/31/2023,0.0,0.0,0.0,0.0,0.0,0.0,0.0,0,0,0,0,unknown
050075,817900,01/01/2023,12/31/2023,0.0,0.0,0.0,0.0,0.0,0.0,0.0,0,0,0,0,unknown
050101,817901,01/01/2023,12/31/2023,0.0,0.0,0.0,0.0,0.0,0.0,0.0,0,0,0,0,unknown
050108,817902,01/01/2023,12/31/2023,0.0,0.0,0.0,0.0,0.0,0.0,0.0,0,0,0,0,unknown
050121,817903,01/01/2023,12/31/2023,0.0,0.0,0.0,0.0,0.0,0.0,0.0,0,0,0,0,unknown
050352,817905,01/01/2023,12/31/2023,0.0,0.0,0.0,0.0,0.0,0.0,0.0,0,0,0,0,unknown
050515,817906,01/01/2023,12/31/2023,0.0,0.0,0.0,0.0,0.0,0.0,0.0,0,0,0,0,unknown
050537,817907,01/01/2023,12/31/2023,0.0,0.0,0.0,0.0,0.0,0.0,0.0,0,0,0,0,unknown
050735,817908,07/01/2023,06/30/2024,0.0,0.0,0.0,0.0,0.0,0.0,0.0,0,0,0,0,unknown
100038,817911,05/01/2023,04/30/2024,0.0,0.0,0.0,0.0,0.0,0.0,0.0,0,0,0,0,unknown
100045,817912,01/01/2023,12/31/2023,0.0,0.0,0.0,0.0,0.0,0.0,0.0,0,0,0,0,unknown
130002,817922,10/01/2022,09/30/2023,0.0,0.0,0.0,0.0,0.0,0.0,0.0,0,0,0,0,unknown
130007,817923,07/01/2023,06/30/2024,0.0,0.0,0.0,0.0,0.0,0.0,0.0,0,0,0,0,unknown
151310,817928,01/01/2023,12/31/2023,0.0,0.0,0.0,0.0,0.0,0.0,0.0,0,0,0,0,unknown
171335,817930,01/01/2023,12/31/2023,0.0,0.0,0.0,0.0,0.0,0.0,0.0,0,0,0,0,unknown
190008,817932,04/01/2023,03/31/2024,0.0,0.0,0.0,0.0,0.0,0.0,0.0,0,0,0,0,unknown
190041,817933,07/01/2023,06/30/2024,0.0,0.0,0.0,0.0,0.0,0.0,0.0,0,0,0,0,unknown
190201,817934,07/01/2023,06/30/2024,0.0,0.0,0.0,0.0,0.0,0.0,0.0,0,0,0,0,unknown
230207,817941,10/01/2022,09/30/2023,0.0,0.0,0.0,0.0,0.0,0.0,0.0,0,0,0,0,unknown
231300,817942,07/01/2023,06/30/2024,0.0,0.0,0.0,0.0,0.0,0.0,0.0,0,0,0,0,unknown
231313,817943,01/01/2023,12/31/2023,0.0,0.0,0.0,0.0,0.0,0.0,0.0,0,0,0,0,unknown
231338,817944,01/01/2023,12/31/2023,0.0,0.0,0.0,0.0,0.0,0.0,0.0,0,0,0,0,unknown
241303,817947,01/01/2023,12/31/2023,0.0,0.0,0.0,0.0,0.0,0.0,0.0,0,0,0,0,unknown
250038,817948,01/01/2023,12/31/2023,0.0,0.0,0.0,0.0,0.0,0.0,0.0,0,0,0,0,unknown
250082,817949,10/01/2022,09/30/2023,0.0,0.0,0.0,0.0,0.0,0.0,0.0,0,0,0,0,unknown
270017,817953,01/01/2023,12/31/2023,0.0,0.0,0.0,0.0,0.0,0.0,0.0,0,0,0,0,unknown
270023,817954,01/01/2023,12/31/2023,0.0,0.0,0.0,0.0,0.0,0.0,0.0,0,0,0,0,unknown
300012,817956,07/01/2023,06/30/2024,0.0,0.0,0.0,0.0,0.0,0.0,0.0,0,0,0,0,unknown
331309,817957,01/01/2023,12/31/2023,0.0,0.0,0.0,0.0,0.0,0.0,0.0,0,0,0,0,unknown
350019,817959,01/01/2023,12/31/2023,0.0,0.0,0.0,0.0,0.0,0.0,0.0,0,0,0,0,unknown
350070,817960,07/01/2023,06/30/2024,0.0,0.0,0.0,0.0,0.0,0.0,0.0,0,0,0,0,unknown
361315,817961,07/01/2023,06/30/2024,0.0,0.0,0.0,0.0,0.0,0.0,0.0,0,0,0,0,unknown
380051,817962,07/01/2023,06/30/2024,0.0,0.0,0.0,0.0,0.0,0.0,0.0,0,0,0,0,unknown
450051,817964,07/01/2023,06/30/2024,0.0,0.0,0.0,0.0,0.0,0.0,0.0,0,0,0,0,unknown
450102,817966,07/01/2023,06/30/2024,0.0,0.0,0.0,0.0,0.0,0.0,0.0,0,0,0,0,unknown
450508,817967,07/01/2023,03/10/2024,0.0,0.0,0.0,0.0,0.0,0.0,0.0,0,0,0,0,unknown
450617,817968,01/01/2023,12/31/2023,0.0,0.0,0.0,0.0,0.0,0.0,0.0,0,0,0,0,unknown
450723,817969,07/01/2023,06/30/2024,0.0,0.0,0.0,0.0,0.0,0.0,0.0,0,0,0,0,unknown
451369,817970,01/01/2023,12/31/2023,0.0,0.0,0.0,0.0,0.0,0.0,0.0,0,0,0,0,unknown
453316,817971,01/01/2023,12/31/2023,0.0,0.0,0.0,0.0,0.0,0.0,0.0,0,0,0,0,unknown
454104,817972,01/01/2023,12/31/2023,0.0,0.0,0.0,0.0,0.0,0.0,0.0,0,0,0,0,unknown
460015,817975,01/01/2023,12/31/2023,0.0,0.0,0.0,0.0,0.0,0.0,0.0,0,0,0,0,unknown
460023,817976,01/01/2023,12/31/2023,0.0,0.0,0.0,0.0,0.0,0.0,0.0,0,0,0,0,unknown
460044,817977,01/01/2023,12/31/2023,0.0,0.0,0.0,0.0,0.0,0.0,0.0,0,0,0,0,unknown
460054,817978,04/01/2023,03/31/2024,0.0,0.0,0.0,0.0,0.0,0.0,0.0,0,0,0,0,unknown
460057,817979,01/01/2023,12/31/2023,0.0,0.0,0.0,0.0,0.0,0.0,0.0,0,0,0,0,unknown
460060,817980,07/01/2023,06/30/2024,0.0,0.0,0.0,0.0,0.0,0.0,0.0,0,0,0,0,unknown
500021,817981,07/01/2023,06/30/2024,0.0,0.0,0.0,0.0,0.0,0.0,0.0,0,0,0,0,unknown
500036,817982,01/01/2023,12/31/2023,0.0,0.0,0.0,0.0,0.0,0.0,0.0,0,0,0,0,unknown
500060,817983,01/01/2023,12/31/2023,0.0,0.0,0.0,0.0,0.0,0.0,0.0,0,0,0,0,unknown
500079,817984,01/01/2023,12/31/2023,0.0,0.0,0.0,0.0,0.0,0.0,0.0,0,0,0,0,unknown
670055,817989,03/01/2023,02/29/2024,0.0,0.0,0.0,0.0,0.0,0.0,0.0,0,0,0,0,unknown
041317,817991,01/01/2023,12/31/2023,0.0,0.0,0.0,0.0,0.0,0.0,0.0,0,0,0,0,unknown
082000,817997,08/01/2023,07/31/2024,0.0,0.0,0.0,0.0,0.0,0.0,0.0,0,0,0,0,unknown
102017,817999,08/01/2023,07/31/2024,0.0,0.0,0.0,0.0,0.0,0.0,0.0,0,0,0,0,unknown
104075,818000,01/01/2023,12/31/2023,0.0,0.0,0.0,0.0,0.0,0.0,0.0,0,0,0,0,unknown
251320,818013,01/01/2023,12/31/2023,0.0,0.0,0.0,0.0,0.0,0.0,0.0,0,0,0,0,unknown
314021,818021,01/01/2023,12/31/2023,0.0,0.0,0.0,0.0,0.0,0.0,0.0,0,0,0,0,unknown
334004,818024,04/01/2023,03/31/2024,0.0,0.0,0.0,0.0,0.0,0.0,0.0,0,0,0,0,unknown
334009,818025,04/01/2023,03/31/2024,0.0,0.0,0.0,0.0,0.0,0.0,0.0,0,0,0,0,unknown
390114,818031,07/01/2023,06/30/2024,0.0,0.0,0.0,0.0,0.0,0.0,0.0,0,0,0,0,unknown
451366,818037,10/01/2022,09/30/2023,0.0,0.0,0.0,0.0,0.0,0.0,0.0,0,0,0,0,unknown
452022,818038,01/01/2023,12/31/2023,0.0,0.0,0.0,0.0,0.0,0.0,0.0,0,0,0,0,unknown
454139,818039,01/01/2023,12/31/2023,0.0,0.0,0.0,0.0,0.0,0.0,0.0,0,0,0,0,unknown
010062,818042,10/01/2022,09/30/2023,0.0,0.0,0.0,0.0,0.0,0.0,0.0,0,0,0,0,unknown
010079,818043,07/01/2023,06/30/2024,0.0,0.0,0.0,0.0,0.0,0.0,0.0,0,0,0,0,unknown
010129,818044,04/01/2023,03/31/2024,0.0,0.0,0.0,0.0,0.0,0.0,0.0,0,0,0,0,unknown
010148,818045,01/01/2023,12/31/2023,0.0,0.0,0.0,0.0,0.0,0.0,0.0,0,0,0,0,unknown
030105,818046,01/01/2023,12/31/2023,0.0,0.0,0.0,0.0,0.0,0.0,0.0,0,0,0,0,unknown
040010,818048,07/01/2023,06/30/2024,0.0,0.0,0.0,0.0,0.0,0.0,0.0,0,0,0,0,unknown
050045,818049,07/01/2023,06/30/2024,0.0,0.0,0.0,0.0,0.0,0.0,0.0,0,0,0,0,unknown
050089,818050,01/01/2023,12/31/2023,0.0,0.0,0.0,0.0,0.0,0.0,0.0,0,0,0,0,unknown
050115,818051,07/01/2023,06/30/2024,0.0,0.0,0.0,0.0,0.0,0.0,0.0,0,0,0,0,unknown
050127,818052,01/01/2023,12/31/2023,0.0,0.0,0.0,0.0,0.0,0.0,0.0,0,0,0,0,unknown
050167,818053,07/01/2023,06/30/2024,0.0,0.0,0.0,0.0,0.0,0.0,0.0,0,0,0,0,unknown
050197,818055,01/01/2023,12/31/2023,0.0,0.0,0.0,0.0,0.0,0.0,0.0,0,0,0,0,unknown
050226,818056,07/01/2023,06/30/2024,0.0,0.0,0.0,0.0,0.0,0.0,0.0,0,0,0,0,unknown
050242,818057,07/01/2023,06/30/2024,0.0,0.0,0.0,0.0,0.0,0.0,0.0,0,0,0,0,unknown
050280,818058,07/01/2023,06/30/2024,0.0,0.0,0.0,0.0,0.0,0.0,0.0,0,0,0,0,unknown
050342,818059,07/01/2023,06/30/2024,0.0,0.0,0.0,0.0,0.0,0.0,0.0,0,0,0,0,unknown
050396,818060,01/01/2023,12/31/2023,0.0,0.0,0.0,0.0,0.0,0.0,0.0,0,0,0,0,unknown
050517,818061,01/01/2023,12/31/2023,0.0,0.0,0.0,0.0,0.0,0.0,0.0,0,0,0,0,unknown
050603,818062,07/01/2023,06/30/2024,0.0,0.0,0.0,0.0,0.0,0.0,0.0,0,0,0,0,unknown
050678,818063,07/01/2023,06/30/2024,0.0,0.0,0.0,0.0,0.0,0.0,0.0,0,0,0,0,unknown
050690,818064,01/01/2023,12/31/2023,0.0,0.0,0.0,0.0,0.0,0.0,0.0,0,0,0,0,unknown
050737,818065,07/01/2023,06/30/2024,0.0,0.0,0.0,0.0,0.0,0.0,0.0,0,0,0,0,unknown
050738,818066,07/01/2023,06/30/2024,0.0,0.0,0.0,0.0,0.0,0.0,0.0,0,0,0,0,unknown
061314,818070,01/01/2023,12/31/2023,0.0,0.0,0.0,0.0,0.0,0.0,0.0,0,0,0,0,unknown
100099,818071,07/01/2023,06/30/2024,0.0,0.0,0.0,0.0,0.0,0.0,0.0,0,0,0,0,unknown
100105,818072,01/01/2023,12/31/2023,0.0,0.0,0.0,0.0,0.0,0.0,0.0,0,0,0,0,unknown
100137,818074,07/01/2023,06/30/2024,0.0,0.0,0.0,0.0,0.0,0.0,0.0,0,0,0,0,unknown
110007,818078,08/01/2023,07/31/2024,0.0,0.0,0.0,0.0,0.0,0.0,0.0,0,0,0,0,unknown
110029,818079,10/01/2022,09/30/2023,0.0,0.0,0.0,0.0,0.0,0.0,0.0,0,0,0,0,unknown
110086,818080,09/01/2023,08/31/2024,0.0,0.0,0.0,0.0,0.0,0.0,0.0,0,0,0,0,unknown
110092,818081,10/01/2022,09/30/2023,0.0,0.0,0.0,0.0,0.0,0.0,0.0,0,0,0,0,unknown
190014,818093,01/01/2023,12/31/2023,0.0,0.0,0.0,0.0,0.0,0.0,0.0,0,0,0,0,unknown
190160,818095,03/01/2023,02/29/2024,0.0,0.0,0.0,0.0,0.0,0.0,0.0,0,0,0,0,unknown
194098,818098,01/01/2023,12/31/2023,0.0,0.0,0.0,0.0,0.0,0.0,0.0,0,0,0,0,unknown
220036,818100,01/01/2023,12/31/2023,0.0,0.0,0.0,0.0,0.0,0.0,0.0,0,0,0,0,unknown
243300,818107,01/01/2023,12/31/2023,0.0,0.0,0.0,0.0,0.0,0.0,0.0,0,0,0,0,unknown
331312,818113,01/01/2023,12/31/2023,0.0,0.0,0.0,0.0,0.0,0.0,0.0,0,0,0,0,unknown
371330,818114,01/01/2023,12/31/2023,0.0,0.0,0.0,0.0,0.0,0.0,0.0,0,0,0,0,unknown
380091,818117,01/01/2023,12/31/2023,0.0,0.0,0.0,0.0,0.0,0.0,0.0,0,0,0,0,unknown
404005,818119,01/01/2023,12/31/2023,0.0,0.0,0.0,0.0,0.0,0.0,0.0,0,0,0,0,unknown
420033,818120,10/01/2022,09/30/2023,0.0,0.0,0.0,0.0,0.0,0.0,0.0,0,0,0,0,unknown
420117,818121,07/01/2023,06/30/2024,0.0,0.0,0.0,0.0,0.0,0.0,0.0,0,0,0,0,unknown
431314,818122,01/01/2023,12/31/2023,0.0,0.0,0.0,0.0,0.0,0.0,0.0,0,0,0,0,unknown
440002,818123,07/01/2023,06/30/2024,0.0,0.0,0.0,0.0,0.0,0.0,0.0,0,0,0,0,unknown
440152,818124,07/01/2023,06/30/2024,0.0,0.0,0.0,0.0,0.0,0.0,0.0,0,0,0,0,unknown
450087,818128,06/01/2023,05/31/2024,0.0,0.0,0.0,0.0,0.0,0.0,0.0,0,0,0,0,unknown
450833,818130,05/01/2023,04/30/2024,0.0,0.0,0.0,0.0,0.0,0.0,0.0,0,0,0,0,unknown
454110,818132,01/01/2023,12/31/2023,0.0,0.0,0.0,0.0,0.0,0.0,0.0,0,0,0,0,unknown
521312,818135,01/01/2023,12/31/2023,0.0,0.0,0.0,0.0,0.0,0.0,0.0,0,0,0,0,unknown
010174,818136,01/01/2023,12/31/2023,0.0,0.0,0.0,0.0,0.0,0.0,0.0,0,0,0,0,unknown
050007,818141,01/01/2023,12/31/2023,0.0,0.0,0.0,0.0,0.0,0.0,0.0,0,0,0,0,unknown
050058,818142,01/01/2023,12/31/2023,0.0,0.0,0.0,0.0,0.0,0.0,0.0,0,0,0,0,unknown
050100,818143,10/01/2022,09/30/2023,0.0,0.0,0.0,0.0,0.0,0.0,0.0,0,0,0,0,unknown
050107,818144,07/01/2023,06/30/2024,0.0,0.0,0.0,0.0,0.0,0.0,0.0,0,0,0,0,unknown
050126,818145,01/01/2023,12/31/2023,0.0,0.0,0.0,0.0,0.0,0.0,0.0,0,0,0,0,unknown
050129,818146,07/01/2023,06/30/2024,0.0,0.0,0.0,0.0,0.0,0.0,0.0,0,0,0,0,unknown
050131,818147,01/01/2023,12/31/2023,0.0,0.0,0.0,0.0,0.0,0.0,0.0,0,0,0,0,unknown
050132,818148,07/01/2023,06/30/2024,0.0,0.0,0.0,0.0,0.0,0.0,0.0,0,0,0,0,unknown
050139,818149,01/01/2023,12/31/2023,0.0,0.0,0.0,0.0,0.0,0.0,0.0,0,0,0,0,unknown
050150,818150,01/01/2023,12/31/2023,0.0,0.0,0.0,0.0,0.0,0.0,0.0,0,0,0,0,unknown
050179,818151,01/01/2023,12/31/2023,0.0,0.0,0.0,0.0,0.0,0.0,0.0,0,0,0,0,unknown
050191,818152,07/01/2023,06/30/2024,0.0,0.0,0.0,0.0,0.0,0.0,0.0,0,0,0,0,unknown
050192,818153,01/01/2023,12/31/2023,0.0,0.0,0.0,0.0,0.0,0.0,0.0,0,0,0,0,unknown
050232,818154,01/01/2023,12/31/2023,0.0,0.0,0.0,0.0,0.0,0.0,0.0,0,0,0,0,unknown
050295,818155,07/01/2023,06/30/2024,0.0,0.0,0.0,0.0,0.0,0.0,0.0,0,0,0,0,unknown
050335,818156,01/01/2023,12/31/2023,0.0,0.0,0.0,0.0,0.0,0.0,0.0,0,0,0,0,unknown
050373,818157,07/01/2023,06/30/2024,0.0,0.0,0.0,0.0,0.0,0.0,0.0,0,0,0,0,unknown
050414,818158,07/01/2023,06/30/2024,0.0,0.0,0.0,0.0,0.0,0.0,0.0,0,0,0,0,unknown
050488,818159,01/01/2023,12/31/2023,0.0,0.0,0.0,0.0,0.0,0.0,0.0,0,0,0,0,unknown
050498,818160,01/01/2023,12/31/2023,0.0,0.0,0.0,0.0,0.0,0.0,0.0,0,0,0,0,unknown
050528,818162,01/01/2023,12/31/2023,0.0,0.0,0.0,0.0,0.0,0.0,0.0,0,0,0,0,unknown
050549,818163,01/01/2023,12/31/2023,0.0,0.0,0.0,0.0,0.0,0.0,0.0,0,0,0,0,unknown
050599,818164,07/01/2023,06/30/2024,0.0,0.0,0.0,0.0,0.0,0.0,0.0,0,0,0,0,unknown
050625,818165,07/01/2023,06/30/2024,0.0,0.0,0.0,0.0,0.0,0.0,0.0,0,0,0,0,unknown
050717,818166,07/01/2023,06/30/2024,0.0,0.0,0.0,0.0,0.0,0.0,0.0,0,0,0,0,unknown
050736,818167,07/01/2023,06/30/2024,0.0,0.0,0.0,0.0,0.0,0.0,0.0,0,0,0,0,unknown
050763,818168,01/01/2023,12/31/2023,0.0,0.0,0.0,0.0,0.0,0.0,0.0,0,0,0,0,unknown
100200,818170,07/01/2023,06/30/2024,0.0,0.0,0.0,0.0,0.0,0.0,0.0,0,0,0,0,unknown
100296,818171,10/01/2022,09/30/2023,0.0,0.0,0.0,0.0,0.0,0.0,0.0,0,0,0,0,unknown
100314,818172,10/01/2022,09/30/2023,0.0,0.0,0.0,0.0,0.0,0.0,0.0,0,0,0,0,unknown
110010,818175,09/01/2023,08/31/2024,0.0,0.0,0.0,0.0,0.0,0.0,0.0,0,0,0,0,unknown
110161,818177,10/01/2022,09/30/2023,0.0,0.0,0.0,0.0,0.0,0.0,0.0,0,0,0,0,unknown
120028,818178,07/01/2023,06/30/2024,0.0,0.0,0.0,0.0,0.0,0.0,0.0,0,0,0,0,unknown
180127,818184,08/01/2023,07/31/2024,0.0,0.0,0.0,0.0,0.0,0.0,0.0,0,0,0,0,unknown
192029,818186,01/01/2023,12/31/2023,0.0,0.0,0.0,0.0,0.0,0.0,0.0,0,0,0,0,unknown
194073,818187,01/01/2023,12/31/2023,0.0,0.0,0.0,0.0,0.0,0.0,0.0,0,0,0,0,unknown
260025,818196,10/01/2022,09/30/2023,0.0,0.0,0.0,0.0,0.0,0.0,0.0,0,0,0,0,unknown
390042,818208,07/01/2023,06/30/2024,0.0,0.0,0.0,0.0,0.0,0.0,0.0,0,0,0,0,unknown
400103,818219,01/01/2023,12/31/2023,0.0,0.0,0.0,0.0,0.0,0.0,0.0,0,0,0,0,unknown
400104,818220,04/01/2023,03/31/2024,0.0,0.0,0.0,0.0,0.0,0.0,0.0,0,0,0,0,unknown
400118,818221,01/01/2023,12/31/2023,0.0,0.0,0.0,0.0,0.0,0.0,0.0,0,0,0,0,unknown
430012,818222,07/01/2023,06/30/2024,0.0,0.0,0.0,0.0,0.0,0.0,0.0,0,0,0,0,unknown
452118,818227,01/01/2023,12/31/2023,0.0,0.0,0.0,0.0,0.0,0.0,0.0,0,0,0,0,unknown
454018,818228,01/01/2023,12/31/2023,0.0,0.0,0.0,0.0,0.0,0.0,0.0,0,0,0,0,unknown
010022,818230,01/01/2023,12/31/2023,0.0,0.0,0.0,0.0,0.0,0.0,0.0,0,0,0,0,unknown
030074,818232,10/01/2022,09/30/2023,0.0,0.0,0.0,0.0,0.0,0.0,0.0,0,0,0,0,unknown
030113,818233,10/01/2022,09/30/2023,0.0,0.0,0.0,0.0,0.0,0.0,0.0,0,0,0,0,unknown
040001,818234,04/01/2023,03/31/2024,0.0,0.0,0.0,0.0,0.0,0.0,0.0,0,0,0,0,unknown
050008,818237,01/01/2023,12/31/2023,0.0,0.0,0.0,0.0,0.0,0.0,0.0,0,0,0,0,unknown
050133,818238,01/01/2023,12/31/2023,0.0,0.0,0.0,0.0,0.0,0.0,0.0,0,0,0,0,unknown
050291,818239,01/01/2023,12/31/2023,0.0,0.0,0.0,0.0,0.0,0.0,0.0,0,0,0,0,unknown
050561,818240,01/01/2023,12/31/2023,0.0,0.0,0.0,0.0,0.0,0.0,0.0,0,0,0,0,unknown
050686,818241,01/01/2023,12/31/2023,0.0,0.0,0.0,0.0,0.0,0.0,0.0,0,0,0,0,unknown
160117,818251,01/01/2023,12/31/2023,0.0,0.0,0.0,0.0,0.0,0.0,0.0,0,0,0,0,unknown
163025,818252,01/01/2023,12/31/2023,0.0,0.0,0.0,0.0,0.0,0.0,0.0,0,0,0,0,unknown
171317,818254,01/01/2023,12/31/2023,0.0,0.0,0.0,0.0,0.0,0.0,0.0,0,0,0,0,unknown
171350,818255,08/01/2023,07/31/2024,0.0,0.0,0.0,0.0,0.0,0.0,0.0,0,0,0,0,unknown
193096,818258,06/01/2023,05/31/2024,0.0,0.0,0.0,0.0,0.0,0.0,0.0,0,0,0,0,unknown
260034,818263,01/01/2023,12/31/2023,0.0,0.0,0.0,0.0,0.0,0.0,0.0,0,0,0,0,unknown
260200,818264,01/01/2023,12/31/2023,0.0,0.0,0.0,0.0,0.0,0.0,0.0,0,0,0,0,unknown
271338,818266,07/01/2023,06/30/2024,0.0,0.0,0.0,0.0,0.0,0.0,0.0,0,0,0,0,unknown
280134,818267,01/01/2023,12/31/2023,0.0,0.0,0.0,0.0,0.0,0.0,0.0,0,0,0,0,unknown
370112,818276,04/01/2023,03/31/2024,0.0,0.0,0.0,0.0,0.0,0.0,0.0,0,0,0,0,unknown
370199,818277,07/01/2023,06/30/2024,0.0,0.0,0.0,0.0,0.0,0.0,0.0,0,0,0,0,unknown
371336,818279,01/01/2023,12/31/2023,0.0,0.0,0.0,0.0,0.0,0.0,0.0,0,0,0,0,unknown
390065,818281,07/01/2023,06/30/2024,0.0,0.0,0.0,0.0,0.0,0.0,0.0,0,0,0,0,unknown
390162,818282,07/01/2023,06/30/2024,0.0,0.0,0.0,0.0,0.0,0.0,0.0,0,0,0,0,unknown
400106,818283,01/01/2023,12/31/2023,0.0,0.0,0.0,0.0,0.0,0.0,0.0,0,0,0,0,unknown
450018,818287,09/01/2023,08/31/2024,0.0,0.0,0.0,0.0,0.0,0.0,0.0,0,0,0,0,unknown
450068,818288,07/01/2023,06/30/2024,0.0,0.0,0.0,0.0,0.0,0.0,0.0,0,0,0,0,unknown
450447,818289,01/01/2023,12/31/2023,0.0,0.0,0.0,0.0,0.0,0.0,0.0,0,0,0,0,unknown
461303,818290,01/01/2023,12/31/2023,0.0,0.0,0.0,0.0,0.0,0.0,0.0,0,0,0,0,unknown
500015,818292,01/01/2023,12/31/2023,0.0,0.0,0.0,0.0,0.0,0.0,0.0,0,0,0,0,unknown
521319,818299,01/01/2023,12/31/2023,0.0,0.0,0.0,0.0,0.0,0.0,0.0,0,0,0,0,unknown
040027,818303,01/01/2023,12/31/2023,0.0,0.0,0.0,0.0,0.0,0.0,0.0,0,0,0,0,unknown
050073,818304,01/01/2023,12/31/2023,0.0,0.0,0.0,0.0,0.0,0.0,0.0,0,0,0,0,unknown
050082,818305,07/01/2023,06/30/2024,0.0,0.0,0.0,0.0,0.0,0.0,0.0,0,0,0,0,unknown
050084,818306,07/01/2023,06/30/2024,0.0,0.0,0.0,0.0,0.0,0.0,0.0,0,0,0,0,unknown
050116,818307,01/01/2023,12/31/2023,0.0,0.0,0.0,0.0,0.0,0.0,0.0,0,0,0,0,unknown
050137,818309,01/01/2023,12/31/2023,0.0,0.0,0.0,0.0,0.0,0.0,0.0,0,0,0,0,unknown
050138,818310,01/01/2023,12/31/2023,0.0,0.0,0.0,0.0,0.0,0.0,0.0,0,0,0,0,unknown
050140,818311,01/01/2023,12/31/2023,0.0,0.0,0.0,0.0,0.0,0.0,0.0,0,0,0,0,unknown
050149,818312,01/01/2023,12/31/2023,0.0,0.0,0.0,0.0,0.0,0.0,0.0,0,0,0,0,unknown
050228,818313,07/01/2023,06/30/2024,0.0,0.0,0.0,0.0,0.0,0.0,0.0,0,0,0,0,unknown
050390,818314,01/01/2023,12/31/2023,0.0,0.0,0.0,0.0,0.0,0.0,0.0,0,0,0,0,unknown
050411,818315,01/01/2023,12/31/2023,0.0,0.0,0.0,0.0,0.0,0.0,0.0,0,0,0,0,unknown
050425,818316,01/01/2023,12/31/2023,0.0,0.0,0.0,0.0,0.0,0.0,0.0,0,0,0,0,unknown
050455,818317,01/01/2023,12/31/2023,0.0,0.0,0.0,0.0,0.0,0.0,0.0,0,0,0,0,unknown
050541,818318,01/01/2023,12/31/2023,0.0,0.0,0.0,0.0,0.0,0.0,0.0,0,0,0,0,unknown
050557,818319,01/01/2023,12/31/2023,0.0,0.0,0.0,0.0,0.0,0.0,0.0,0,0,0,0,unknown
050590,818320,01/01/2023,12/31/2023,0.0,0.0,0.0,0.0,0.0,0.0,0.0,0,0,0,0,unknown
050604,818321,01/01/2023,12/31/2023,0.0,0.0,0.0,0.0,0.0,0.0,0.0,0,0,0,0,unknown
050609,818322,01/01/2023,12/31/2023,0.0,0.0,0.0,0.0,0.0,0.0,0.0,0,0,0,0,unknown
050636,818323,07/01/2023,06/30/2024,0.0,0.0,0.0,0.0,0.0,0.0,0.0,0,0,0,0,unknown
050674,818324,01/01/2023,12/31/2023,0.0,0.0,0.0,0.0,0.0,0.0,0.0,0,0,0,0,unknown
050677,818325,01/01/2023,12/31/2023,0.0,0.0,0.0,0.0,0.0,0.0,0.0,0,0,0,0,unknown
050766,818327,01/01/2023,12/31/2023,0.0,0.0,0.0,0.0,0.0,0.0,0.0,0,0,0,0,unknown
054053,818328,01/01/2023,12/31/2023,0.0,0.0,0.0,0.0,0.0,0.0,0.0,0,0,0,0,unknown
140007,818334,07/01/2023,06/30/2024,0.0,0.0,0.0,0.0,0.0,0.0,0.0,0,0,0,0,unknown
140008,818335,07/01/2023,06/30/2024,0.0,0.0,0.0,0.0,0.0,0.0,0.0,0,0,0,0,unknown
140010,818336,01/01/2023,12/31/2023,0.0,0.0,0.0,0.0,0.0,0.0,0.0,0,0,0,0,unknown
140013,818337,01/01/2023,12/31/2023,0.0,0.0,0.0,0.0,0.0,0.0,0.0,0,0,0,0,unknown
140029,818338,07/01/2023,06/30/2024,0.0,0.0,0.0,0.0,0.0,0.0,0.0,0,0,0,0,unknown
140032,818339,07/01/2023,06/30/2024,0.0,0.0,0.0,0.0,0.0,0.0,0.0,0,0,0,0,unknown
140034,818340,01/01/2023,12/31/2023,0.0,0.0,0.0,0.0,0.0,0.0,0.0,0,0,0,0,unknown
140043,818341,05/01/2023,04/30/2024,0.0,0.0,0.0,0.0,0.0,0.0,0.0,0,0,0,0,unknown
140046,818343,01/01/2023,12/31/2023,0.0,0.0,0.0,0.0,0.0,0.0,0.0,0,0,0,0,unknown
140048,818344,01/01/2023,12/31/2023,0.0,0.0,0.0,0.0,0.0,0.0,0.0,0,0,0,0,unknown
140052,818345,10/01/2022,09/30/2023,0.0,0.0,0.0,0.0,0.0,0.0,0.0,0,0,0,0,unknown
140053,818346,07/01/2023,06/30/2024,0.0,0.0,0.0,0.0,0.0,0.0,0.0,0,0,0,0,unknown
140054,818347,07/01/2023,06/30/2024,0.0,0.0,0.0,0.0,0.0,0.0,0.0,0,0,0,0,unknown
140062,818348,09/01/2023,08/31/2024,0.0,0.0,0.0,0.0,0.0,0.0,0.0,0,0,0,0,unknown
140063,818349,07/01/2023,06/30/2024,0.0,0.0,0.0,0.0,0.0,0.0,0.0,0,0,0,0,unknown
140068,818350,04/01/2023,03/31/2024,0.0,0.0,0.0,0.0,0.0,0.0,0.0,0,0,0,0,unknown
140080,818351,07/01/2023,06/30/2024,0.0,0.0,0.0,0.0,0.0,0.0,0.0,0,0,0,0,unknown
140088,818352,07/01/2023,06/30/2024,0.0,0.0,0.0,0.0,0.0,0.0,0.0,0,0,0,0,unknown
140091,818353,01/01/2023,12/31/2023,0.0,0.0,0.0,0.0,0.0,0.0,0.0,0,0,0,0,unknown
140095,818354,07/01/2023,06/30/2024,0.0,0.0,0.0,0.0,0.0,0.0,0.0,0,0,0,0,unknown
140110,818355,10/01/2022,09/30/2023,0.0,0.0,0.0,0.0,0.0,0.0,0.0,0,0,0,0,unknown
140113,818356,10/01/2022,09/30/2023,0.0,0.0,0.0,0.0,0.0,0.0,0.0,0,0,0,0,unknown
140114,818357,01/01/2023,12/31/2023,0.0,0.0,0.0,0.0,0.0,0.0,0.0,0,0,0,0,unknown
140116,818358,09/01/2023,08/31/2024,0.0,0.0,0.0,0.0,0.0,0.0,0.0,0,0,0,0,unknown
140117,818359,07/01/2023,06/30/2024,0.0,0.0,0.0,0.0,0.0,0.0,0.0,0,0,0,0,unknown
140119,818360,07/01/2023,06/30/2024,0.0,0.0,0.0,0.0,0.0,0.0,0.0,0,0,0,0,unknown
140120,818361,01/01/2023,12/31/2023,0.0,0.0,0.0,0.0,0.0,0.0,0.0,0,0,0,0,unknown
140124,818362,12/01/2022,11/30/2023,0.0,0.0,0.0,0.0,0.0,0.0,0.0,0,0,0,0,unknown
140127,818363,01/01/2023,12/31/2023,0.0,0.0,0.0,0.0,0.0,0.0,0.0,0,0,0,0,unknown
140130,818364,09/01/2023,08/31/2024,0.0,0.0,0.0,0.0,0.0,0.0,0.0,0,0,0,0,unknown
140145,818365,07/01/2023,06/30/2024,0.0,0.0,0.0,0.0,0.0,0.0,0.0,0,0,0,0,unknown
140155,818366,07/01/2023,06/30/2024,0.0,0.0,0.0,0.0,0.0,0.0,0.0,0,0,0,0,unknown
140160,818367,01/01/2023,12/31/2023,0.0,0.0,0.0,0.0,0.0,0.0,0.0,0,0,0,0,unknown
140172,818368,01/01/2023,12/31/2023,0.0,0.0,0.0,0.0,0.0,0.0,0.0,0,0,0,0,unknown
140174,818369,07/01/2023,06/30/2024,0.0,0.0,0.0,0.0,0.0,0.0,0.0,0,0,0,0,unknown
140177,818370,04/01/2023,03/31/2024,0.0,0.0,0.0,0.0,0.0,0.0,0.0,0,0,0,0,unknown
140179,818371,10/01/2022,09/30/2023,0.0,0.0,0.0,0.0,0.0,0.0,0.0,0,0,0,0,unknown
140180,818372,07/01/2023,06/30/2024,0.0,0.0,0.0,0.0,0.0,0.0,0.0,0,0,0,0,unknown
140182,818373,01/01/2023,12/31/2023,0.0,0.0,0.0,0.0,0.0,0.0,0.0,0,0,0,0,unknown
140185,818374,01/01/2023,12/31/2023,0.0,0.0,0.0,0.0,0.0,0.0,0.0,0,0,0,0,unknown
140186,818375,01/01/2023,12/31/2023,0.0,0.0,0.0,0.0,0.0,0.0,0.0,0,0,0,0,unknown
140187,818376,07/01/2023,06/30/2024,0.0,0.0,0.0,0.0,0.0,0.0,0.0,0,0,0,0,unknown
140189,818377,07/01/2023,06/30/2024,0.0,0.0,0.0,0.0,0.0,0.0,0.0,0,0,0,0,unknown
140191,818378,07/01/2023,06/30/2024,0.0,0.0,0.0,0.0,0.0,0.0,0.0,0,0,0,0,unknown
140200,818379,01/01/2023,12/31/2023,0.0,0.0,0.0,0.0,0.0,0.0,0.0,0,0,0,0,unknown
140202,818380,01/01/2023,12/31/2023,0.0,0.0,0.0,0.0,0.0,0.0,0.0,0,0,0,0,unknown
140208,818381,01/01/2023,12/31/2023,0.0,0.0,0.0,0.0,0.0,0.0,0.0,0,0,0,0,unknown
140209,818382,01/01/2023,12/31/2023,0.0,0.0,0.0,0.0,0.0,0.0,0.0,0,0,0,0,unknown
140211,818383,09/01/2023,08/31/2024,0.0,0.0,0.0,0.0,0.0,0.0,0.0,0,0,0,0,unknown
140217,818384,07/01/2023,06/30/2024,0.0,0.0,0.0,0.0,0.0,0.0,0.0,0,0,0,0,unknown
140223,818385,01/01/2023,12/31/2023,0.0,0.0,0.0,0.0,0.0,0.0,0.0,0,0,0,0,unknown
140224,818386,07/01/2023,06/30/2024,0.0,0.0,0.0,0.0,0.0,0.0,0.0,0,0,0,0,unknown
140231,818387,01/01/2023,12/31/2023,0.0,0.0,0.0,0.0,0.0,0.0,0.0,0,0,0,0,unknown
140242,818388,09/01/2023,08/31/2024,0.0,0.0,0.0,0.0,0.0,0.0,0.0,0,0,0,0,unknown
140276,818389,07/01/2023,06/30/2024,0.0,0.0,0.0,0.0,0.0,0.0,0.0,0,0,0,0,unknown
140281,818390,09/01/2023,08/31/2024,0.0,0.0,0.0,0.0,0.0,0.0,0.0,0,0,0,0,unknown
140286,818391,09/01/2023,08/31/2024,0.0,0.0,0.0,0.0,0.0,0.0,0.0,0,0,0,0,unknown
140288,818392,01/01/2023,12/31/2023,0.0,0.0,0.0,0.0,0.0,0.0,0.0,0,0,0,0,unknown
140291,818393,01/01/2023,12/31/2023,0.0,0.0,0.0,0.0,0.0,0.0,0.0,0,0,0,0,unknown
140300,818394,12/01/2022,11/30/2023,0.0,0.0,0.0,0.0,0.0,0.0,0.0,0,0,0,0,unknown
171379,818397,01/01/2023,12/31/2023,0.0,0.0,0.0,0.0,0.0,0.0,0.0,0,0,0,0,unknown
190176,818400,01/01/2023,12/31/2023,0.0,0.0,0.0,0.0,0.0,0.0,0.0,0,0,0,0,unknown
193099,818402,01/01/2023,12/31/2023,0.0,0.0,0.0,0.0,0.0,0.0,0.0,0,0,0,0,unknown
230058,818408,07/01/2023,06/30/2024,0.0,0.0,0.0,0.0,0.0,0.0,0.0,0,0,0,0,unknown
230059,818409,07/01/2023,06/30/2024,0.0,0.0,0.0,0.0,0.0,0.0,0.0,0,0,0,0,unknown
230081,818410,07/01/2023,06/30/2024,0.0,0.0,0.0,0.0,0.0,0.0,0.0,0,0,0,0,unknown
230236,818411,07/01/2023,06/30/2024,0.0,0.0,0.0,0.0,0.0,0.0,0.0,0,0,0,0,unknown
240002,818412,07/01/2023,06/30/2024,0.0,0.0,0.0,0.0,0.0,0.0,0.0,0,0,0,0,unknown
240004,818413,01/01/2023,12/31/2023,0.0,0.0,0.0,0.0,0.0,0.0,0.0,0,0,0,0,unknown
240006,818414,01/01/2023,12/31/2023,0.0,0.0,0.0,0.0,0.0,0.0,0.0,0,0,0,0,unknown
240010,818415,01/01/2023,12/31/2023,0.0,0.0,0.0,0.0,0.0,0.0,0.0,0,0,0,0,unknown
240018,818416,01/01/2023,12/31/2023,0.0,0.0,0.0,0.0,0.0,0.0,0.0,0,0,0,0,unknown
240019,818417,07/01/2023,06/30/2024,0.0,0.0,0.0,0.0,0.0,0.0,0.0,0,0,0,0,unknown
240020,818418,01/01/2023,12/31/2023,0.0,0.0,0.0,0.0,0.0,0.0,0.0,0,0,0,0,unknown
240022,818419,01/01/2023,12/31/2023,0.0,0.0,0.0,0.0,0.0,0.0,0.0,0,0,0,0,unknown
240038,818420,01/01/2023,12/31/2023,0.0,0.0,0.0,0.0,0.0,0.0,0.0,0,0,0,0,unknown
240040,818421,01/01/2023,12/31/2023,0.0,0.0,0.0,0.0,0.0,0.0,0.0,0,0,0,0,unknown
240043,818422,01/01/2023,12/31/2023,0.0,0.0,0.0,0.0,0.0,0.0,0.0,0,0,0,0,unknown
240050,818423,01/01/2023,12/31/2023,0.0,0.0,0.0,0.0,0.0,0.0,0.0,0,0,0,0,unknown
240057,818424,01/01/2023,12/31/2023,0.0,0.0,0.0,0.0,0.0,0.0,0.0,0,0,0,0,unknown
240064,818425,01/01/2023,12/31/2023,0.0,0.0,0.0,0.0,0.0,0.0,0.0,0,0,0,0,unknown
240069,818426,01/01/2023,12/31/2023,0.0,0.0,0.0,0.0,0.0,0.0,0.0,0,0,0,0,unknown
240071,818427,01/01/2023,12/31/2023,0.0,0.0,0.0,0.0,0.0,0.0,0.0,0,0,0,0,unknown
240075,818428,07/01/2023,06/30/2024,0.0,0.0,0.0,0.0,0.0,0.0,0.0,0,0,0,0,unknown
240076,818429,01/01/2023,12/31/2023,0.0,0.0,0.0,0.0,0.0,0.0,0.0,0,0,0,0,unknown
240080,818430,01/01/2023,12/31/2023,0.0,0.0,0.0,0.0,0.0,0.0,0.0,0,0,0,0,unknown
240084,818431,07/01/2023,06/30/2024,0.0,0.0,0.0,0.0,0.0,0.0,0.0,0,0,0,0,unknown
240093,818432,01/01/2023,12/31/2023,0.0,0.0,0.0,0.0,0.0,0.0,0.0,0,0,0,0,unknown
240101,818433,07/01/2023,06/30/2024,0.0,0.0,0.0,0.0,0.0,0.0,0.0,0,0,0,0,unknown
240104,818434,01/01/2023,12/31/2023,0.0,0.0,0.0,0.0,0.0,0.0,0.0,0,0,0,0,unknown
240115,818435,01/01/2023,12/31/2023,0.0,0.0,0.0,0.0,0.0,0.0,0.0,0,0,0,0,unknown
240141,818436,01/01/2023,12/31/2023,0.0,0.0,0.0,0.0,0.0,0.0,0.0,0,0,0,0,unknown
240166,818437,01/01/2023,12/31/2023,0.0,0.0,0.0,0.0,0.0,0.0,0.0,0,0,0,0,unknown
240187,818438,01/01/2023,12/31/2023,0.0,0.0,0.0,0.0,0.0,0.0,0.0,0,0,0,0,unknown
240210,818439,01/01/2023,12/31/2023,0.0,0.0,0.0,0.0,0.0,0.0,0.0,0,0,0,0,unknown
240213,818441,01/01/2023,12/31/2023,0.0,0.0,0.0,0.0,0.0,0.0,0.0,0,0,0,0,unknown
373033,818455,01/01/2023,12/31/2023,0.0,0.0,0.0,0.0,0.0,0.0,0.0,0,0,0,0,unknown
440159,818463,04/01/2023,03/31/2024,0.0,0.0,0.0,0.0,0.0,0.0,0.0,0,0,0,0,unknown
450055,818464,10/01/2022,09/30/2023,0.0,0.0,0.0,0.0,0.0,0.0,0.0,0,0,0,0,unknown
450097,818465,01/01/2023,12/31/2023,0.0,0.0,0.0,0.0,0.0,0.0,0.0,0,0,0,0,unknown
451312,818468,01/01/2023,12/31/2023,0.0,0.0,0.0,0.0,0.0,0.0,0.0,0,0,0,0,unknown
451391,818469,01/01/2023,12/31/2023,0.0,0.0,0.0,0.0,0.0,0.0,0.0,0,0,0,0,unknown
452073,818470,09/01/2023,08/31/2024,0.0,0.0,0.0,0.0,0.0,0.0,0.0,0,0,0,0,unknown
454117,818471,01/01/2023,12/31/2023,0.0,0.0,0.0,0.0,0.0,0.0,0.0,0,0,0,0,unknown
454130,818472,01/01/2023,12/31/2023,0.0,0.0,0.0,0.0,0.0,0.0,0.0,0,0,0,0,unknown
520004,818477,01/01/2023,12/31/2023,0.0,0.0,0.0,0.0,0.0,0.0,0.0,0,0,0,0,unknown
520009,818478,07/01/2023,06/30/2024,0.0,0.0,0.0,0.0,0.0,0.0,0.0,0,0,0,0,unknown
520028,818479,01/01/2023,12/31/2023,0.0,0.0,0.0,0.0,0.0,0.0,0.0,0,0,0,0,unknown
520034,818480,01/01/2023,12/31/2023,0.0,0.0,0.0,0.0,0.0,0.0,0.0,0,0,0,0,unknown
520035,818481,01/01/2023,12/31/2023,0.0,0.0,0.0,0.0,0.0,0.0,0.0,0,0,0,0,unknown
520038,818482,01/01/2023,12/31/2023,0.0,0.0,0.0,0.0,0.0,0.0,0.0,0,0,0,0,unknown
520044,818483,07/01/2023,06/30/2024,0.0,0.0,0.0,0.0,0.0,0.0,0.0,0,0,0,0,unknown
520045,818484,01/01/2023,12/31/2023,0.0,0.0,0.0,0.0,0.0,0.0,0.0,0,0,0,0,unknown
520051,818485,07/01/2023,06/30/2024,0.0,0.0,0.0,0.0,0.0,0.0,0.0,0,0,0,0,unknown
520057,818486,01/01/2023,12/31/2023,0.0,0.0,0.0,0.0,0.0,0.0,0.0,0,0,0,0,unknown
520059,818487,01/01/2023,12/31/2023,0.0,0.0,0.0,0.0,0.0,0.0,0.0,0,0,0,0,unknown
520066,818488,07/01/2023,06/30/2024,0.0,0.0,0.0,0.0,0.0,0.0,0.0,0,0,0,0,unknown
520070,818489,01/01/2023,12/31/2023,0.0,0.0,0.0,0.0,0.0,0.0,0.0,0,0,0,0,unknown
520071,818490,10/01/2022,09/30/2023,0.0,0.0,0.0,0.0,0.0,0.0,0.0,0,0,0,0,unknown
520075,818491,07/01/2023,06/30/2024,0.0,0.0,0.0,0.0,0.0,0.0,0.0,0,0,0,0,unknown
520078,818492,07/01/2023,06/30/2024,0.0,0.0,0.0,0.0,0.0,0.0,0.0,0,0,0,0,unknown
520083,818493,01/01/2023,12/31/2023,0.0,0.0,0.0,0.0,0.0,0.0,0.0,0,0,0,0,unknown
520088,818494,01/01/2023,12/31/2023,0.0,0.0,0.0,0.0,0.0,0.0,0.0,0,0,0,0,unknown
520089,818495,01/01/2023,12/31/2023,0.0,0.0,0.0,0.0,0.0,0.0,0.0,0,0,0,0,unknown
520096,818496,07/01/2023,06/30/2024,0.0,0.0,0.0,0.0,0.0,0.0,0.0,0,0,0,0,unknown
520097,818497,07/01/2023,06/30/2024,0.0,0.0,0.0,0.0,0.0,0.0,0.0,0,0,0,0,unknown
520098,818498,07/01/2023,06/30/2024,0.0,0.0,0.0,0.0,0.0,0.0,0.0,0,0,0,0,unknown
520102,818499,01/01/2023,12/31/2023,0.0,0.0,0.0,0.0,0.0,0.0,0.0,0,0,0,0,unknown
520113,818500,01/01/2023,12/31/2023,0.0,0.0,0.0,0.0,0.0,0.0,0.0,0,0,0,0,unknown
520116,818501,09/01/2023,08/31/2024,0.0,0.0,0.0,0.0,0.0,0.0,0.0,0,0,0,0,unknown
520136,818502,07/01/2023,06/30/2024,0.0,0.0,0.0,0.0,0.0,0.0,0.0,0,0,0,0,unknown
520138,818503,01/01/2023,12/31/2023,0.0,0.0,0.0,0.0,0.0,0.0,0.0,0,0,0,0,unknown
520139,818504,01/01/2023,12/31/2023,0.0,0.0,0.0,0.0,0.0,0.0,0.0,0,0,0,0,unknown
520160,818505,01/01/2023,12/31/2023,0.0,0.0,0.0,0.0,0.0,0.0,0.0,0,0,0,0,unknown
520189,818506,01/01/2023,12/31/2023,0.0,0.0,0.0,0.0,0.0,0.0,0.0,0,0,0,0,unknown
520193,818507,01/01/2023,12/31/2023,0.0,0.0,0.0,0.0,0.0,0.0,0.0,0,0,0,0,unknown
520198,818508,01/01/2023,12/31/2023,0.0,0.0,0.0,0.0,0.0,0.0,0.0,0,0,0,0,unknown
520205,818509,01/01/2023,12/31/2023,0.0,0.0,0.0,0.0,0.0,0.0,0.0,0,0,0,0,unknown
520206,818510,01/01/2023,12/31/2023,0.0,0.0,0.0,0.0,0.0,0.0,0.0,0,0,0,0,unknown
520207,818511,01/01/2023,12/31/2023,0.0,0.0,0.0,0.0,0.0,0.0,0.0,0,0,0,0,unknown
520208,818512,01/01/2023,12/31/2023,0.0,0.0,0.0,0.0,0.0,0.0,0.0,0,0,0,0,unknown
040114,818517,01/01/2023,12/31/2023,0.0,0.0,0.0,0.0,0.0,0.0,0.0,0,0,0,0,unknown
040154,818518,01/01/2023,12/31/2023,0.0,0.0,0.0,0.0,0.0,0.0,0.0,0,0,0,0,unknown
140166,818525,07/01/2023,06/30/2024,0.0,0.0,0.0,0.0,0.0,0.0,0.0,0,0,0,0,unknown
140308,818527,07/24/2023,06/30/2024,0.0,0.0,0.0,0.0,0.0,0.0,0.0,0,0,0,0,unknown
150153,818528,07/01/2023,06/30/2024,0.0,0.0,0.0,0.0,0.0,0.0,0.0,0,0,0,0,unknown
192048,818532,01/01/2023,12/31/2023,0.0,0.0,0.0,0.0,0.0,0.0,0.0,0,0,0,0,unknown
224018,818541,01/01/2023,12/31/2023,0.0,0.0,0.0,0.0,0.0,0.0,0.0,0,0,0,0,unknown
240078,818548,01/01/2023,12/31/2023,0.0,0.0,0.0,0.0,0.0,0.0,0.0,0,0,0,0,unknown
240207,818549,01/01/2023,12/31/2023,0.0,0.0,0.0,0.0,0.0,0.0,0.0,0,0,0,0,unknown
250099,818552,10/01/2022,09/30/2023,0.0,0.0,0.0,0.0,0.0,0.0,0.0,0,0,0,0,unknown
250124,818553,01/01/2023,12/31/2023,0.0,0.0,0.0,0.0,0.0,0.0,0.0,0,0,0,0,unknown
251327,818554,01/01/2023,12/31/2023,0.0,0.0,0.0,0.0,0.0,0.0,0.0,0,0,0,0,unknown
313032,818559,01/01/2023,12/31/2023,0.0,0.0,0.0,0.0,0.0,0.0,0.0,0,0,0,0,unknown
344007,818561,01/01/2023,12/31/2023,0.0,0.0,0.0,0.0,0.0,0.0,0.0,0,0,0,0,unknown
361333,818563,01/01/2023,12/31/2023,0.0,0.0,0.0,0.0,0.0,0.0,0.0,0,0,0,0,unknown
363033,818564,01/01/2023,12/31/2023,0.0,0.0,0.0,0.0,0.0,0.0,0.0,0,0,0,0,unknown
363303,818565,01/01/2023,12/31/2023,0.0,0.0,0.0,0.0,0.0,0.0,0.0,0,0,0,0,unknown
364035,818568,07/01/2023,06/30/2024,0.0,0.0,0.0,0.0,0.0,0.0,0.0,0,0,0,0,unknown
364052,818569,04/01/2023,03/31/2024,0.0,0.0,0.0,0.0,0.0,0.0,0.0,0,0,0,0,unknown
440130,818579,10/01/2022,09/30/2023,0.0,0.0,0.0,0.0,0.0,0.0,0.0,0,0,0,0,unknown
450718,818582,03/01/2023,02/29/2024,0.0,0.0,0.0,0.0,0.0,0.0,0.0,0,0,0,0,unknown
454107,818583,01/01/2023,12/31/2023,0.0,0.0,0.0,0.0,0.0,0.0,0.0,0,0,0,0,unknown
521342,818594,01/01/2023,12/31/2023,0.0,0.0,0.0,0.0,0.0,0.0,0.0,0,0,0,0,unknown
020008,818599,07/01/2023,06/30/2024,0.0,0.0,0.0,0.0,0.0,0.0,0.0,0,0,0,0,unknown
020024,818600,07/01/2023,06/30/2024,0.0,0.0,0.0,0.0,0.0,0.0,0.0,0,0,0,0,unknown
030010,818601,07/01/2023,06/30/2024,0.0,0.0,0.0,0.0,0.0,0.0,0.0,0,0,0,0,unknown
030011,818603,07/01/2023,06/30/2024,0.0,0.0,0.0,0.0,0.0,0.0,0.0,0,0,0,0,unknown
030013,818604,10/01/2022,09/30/2023,0.0,0.0,0.0,0.0,0.0,0.0,0.0,0,0,0,0,unknown
030014,818605,01/01/2023,12/31/2023,0.0,0.0,0.0,0.0,0.0,0.0,0.0,0,0,0,0,unknown
030016,818606,01/01/2023,12/31/2023,0.0,0.0,0.0,0.0,0.0,0.0,0.0,0,0,0,0,unknown
030022,818607,07/01/2023,06/30/2024,0.0,0.0,0.0,0.0,0.0,0.0,0.0,0,0,0,0,unknown
030024,818608,07/01/2023,06/30/2024,0.0,0.0,0.0,0.0,0.0,0.0,0.0,0,0,0,0,unknown
030038,818609,01/01/2023,12/31/2023,0.0,0.0,0.0,0.0,0.0,0.0,0.0,0,0,0,0,unknown
030043,818610,05/01/2023,04/30/2024,0.0,0.0,0.0,0.0,0.0,0.0,0.0,0,0,0,0,unknown
030064,818611,01/01/2023,12/31/2023,0.0,0.0,0.0,0.0,0.0,0.0,0.0,0,0,0,0,unknown
030069,818612,09/01/2023,08/31/2024,0.0,0.0,0.0,0.0,0.0,0.0,0.0,0,0,0,0,unknown
030087,818613,01/01/2023,12/31/2023,0.0,0.0,0.0,0.0,0.0,0.0,0.0,0,0,0,0,unknown
030092,818614,01/01/2023,12/31/2023,0.0,0.0,0.0,0.0,0.0,0.0,0.0,0,0,0,0,unknown
030103,818615,01/01/2023,12/31/2023,0.0,0.0,0.0,0.0,0.0,0.0,0.0,0,0,0,0,unknown
030111,818616,01/01/2023,12/31/2023,0.0,0.0,0.0,0.0,0.0,0.0,0.0,0,0,0,0,unknown
030123,818617,01/01/2023,12/31/2023,0.0,0.0,0.0,0.0,0.0,0.0,0.0,0,0,0,0,unknown
030130,818618,01/01/2023,12/31/2023,0.0,0.0,0.0,0.0,0.0,0.0,0.0,0,0,0,0,unknown
030134,818619,01/01/2023,12/31/2023,0.0,0.0,0.0,0.0,0.0,0.0,0.0,0,0,0,0,unknown
030136,818620,01/01/2023,12/31/2023,0.0,0.0,0.0,0.0,0.0,0.0,0.0,0,0,0,0,unknown
030138,818621,10/01/2022,09/30/2023,0.0,0.0,0.0,0.0,0.0,0.0,0.0,0,0,0,0,unknown
030139,818622,01/01/2023,12/31/2023,0.0,0.0,0.0,0.0,0.0,0.0,0.0,0,0,0,0,unknown
030148,818623,10/01/2022,09/30/2023,0.0,0.0,0.0,0.0,0.0,0.0,0.0,0,0,0,0,unknown
050025,818625,07/01/2023,06/30/2024,0.0,0.0,0.0,0.0,0.0,0.0,0.0,0,0,0,0,unknown
050444,818627,07/01/2023,06/30/2024,0.0,0.0,0.0,0.0,0.0,0.0,0.0,0,0,0,0,unknown
050464,818628,06/01/2023,05/31/2024,0.0,0.0,0.0,0.0,0.0,0.0,0.0,0,0,0,0,unknown
050516,818629,07/01/2023,06/30/2024,0.0,0.0,0.0,0.0,0.0,0.0,0.0,0,0,0,0,unknown
050633,818630,06/01/2023,05/31/2024,0.0,0.0,0.0,0.0,0.0,0.0,0.0,0,0,0,0,unknown
050772,818632,01/01/2023,12/31/2023,0.0,0.0,0.0,0.0,0.0,0.0,0.0,0,0,0,0,unknown
050776,818633,01/01/2023,12/31/2023,0.0,0.0,0.0,0.0,0.0,0.0,0.0,0,0,0,0,unknown
050777,818634,01/01/2023,12/31/2023,0.0,0.0,0.0,0.0,0.0,0.0,0.0,0,0,0,0,unknown
050784,818635,01/01/2023,12/31/2023,0.0,0.0,0.0,0.0,0.0,0.0,0.0,0,0,0,0,unknown
060075,818636,01/01/2023,12/31/2023,0.0,0.0,0.0,0.0,0.0,0.0,0.0,0,0,0,0,unknown
060113,818637,01/01/2023,12/31/2023,0.0,0.0,0.0,0.0,0.0,0.0,0.0,0,0,0,0,unknown
060125,818638,01/01/2023,12/31/2023,0.0,0.0,0.0,0.0,0.0,0.0,0.0,0,0,0,0,unknown
060132,818639,07/01/2023,06/30/2024,0.0,0.0,0.0,0.0,0.0,0.0,0.0,0,0,0,0,unknown
110045,818642,10/01/2022,09/30/2023,0.0,0.0,0.0,0.0,0.0,0.0,0.0,0,0,0,0,unknown
120001,818644,07/01/2023,06/30/2024,0.0,0.0,0.0,0.0,0.0,0.0,0.0,0,0,0,0,unknown
130028,818646,01/01/2023,12/31/2023,0.0,0.0,0.0,0.0,0.0,0.0,0.0,0,0,0,0,unknown
130071,818647,10/01/2022,09/30/2023,0.0,0.0,0.0,0.0,0.0,0.0,0.0,0,0,0,0,unknown
151327,818649,01/01/2023,12/31/2023,0.0,0.0,0.0,0.0,0.0,0.0,0.0,0,0,0,0,unknown
171352,818652,01/01/2023,12/31/2023,0.0,0.0,0.0,0.0,0.0,0.0,0.0,0,0,0,0,unknown
190005,818653,01/01/2023,12/31/2023,0.0,0.0,0.0,0.0,0.0,0.0,0.0,0,0,0,0,unknown
190013,818654,01/01/2023,12/31/2023,0.0,0.0,0.0,0.0,0.0,0.0,0.0,0,0,0,0,unknown
190064,818655,07/01/2023,06/30/2024,0.0,0.0,0.0,0.0,0.0,0.0,0.0,0,0,0,0,unknown
190065,818656,10/01/2022,09/30/2023,0.0,0.0,0.0,0.0,0.0,0.0,0.0,0,0,0,0,unknown
190125,818657,07/01/2023,06/30/2024,0.0,0.0,0.0,0.0,0.0,0.0,0.0,0,0,0,0,unknown
190312,818659,07/01/2023,06/30/2024,0.0,0.0,0.0,0.0,0.0,0.0,0.0,0,0,0,0,unknown
190316,818660,10/01/2022,09/30/2023,0.0,0.0,0.0,0.0,0.0,0.0,0.0,0,0,0,0,unknown
194116,818661,01/01/2023,12/31/2023,0.0,0.0,0.0,0.0,0.0,0.0,0.0,0,0,0,0,unknown
210039,818663,07/01/2023,06/30/2024,0.0,0.0,0.0,0.0,0.0,0.0,0.0,0,0,0,0,unknown
230165,818669,07/01/2023,06/30/2024,0.0,0.0,0.0,0.0,0.0,0.0,0.0,0,0,0,0,unknown
241363,818674,01/01/2023,12/31/2023,0.0,0.0,0.0,0.0,0.0,0.0,0.0,0,0,0,0,unknown
250009,818675,10/01/2022,09/30/2023,0.0,0.0,0.0,0.0,0.0,0.0,0.0,0,0,0,0,unknown
250036,818676,10/01/2022,09/30/2023,0.0,0.0,0.0,0.0,0.0,0.0,0.0,0,0,0,0,unknown
250048,818677,01/01/2023,12/31/2023,0.0,0.0,0.0,0.0,0.0,0.0,0.0,0,0,0,0,unknown
250069,818678,01/01/2023,12/31/2023,0.0,0.0,0.0,0.0,0.0,0.0,0.0,0,0,0,0,unknown
250168,818679,07/01/2023,06/30/2024,0.0,0.0,0.0,0.0,0.0,0.0,0.0,0,0,0,0,unknown
261309,818680,01/01/2023,12/31/2023,0.0,0.0,0.0,0.0,0.0,0.0,0.0,0,0,0,0,unknown
270003,818681,06/01/2023,05/31/2024,0.0,0.0,0.0,0.0,0.0,0.0,0.0,0,0,0,0,unknown
290008,818683,07/01/2023,06/30/2024,0.0,0.0,0.0,0.0,0.0,0.0,0.0,0,0,0,0,unknown
320074,818686,02/01/2023,01/31/2024,0.0,0.0,0.0,0.0,0.0,0.0,0.0,0,0,0,0,unknown
320086,818687,01/01/2023,12/31/2023,0.0,0.0,0.0,0.0,0.0,0.0,0.0,0,0,0,0,unknown
334045,818693,04/01/2023,03/31/2024,0.0,0.0,0.0,0.0,0.0,0.0,0.0,0,0,0,0,unknown
340020,818694,01/01/2023,12/31/2023,0.0,0.0,0.0,0.0,0.0,0.0,0.0,0,0,0,0,unknown
370004,818695,07/01/2023,06/30/2024,0.0,0.0,0.0,0.0,0.0,0.0,0.0,0,0,0,0,unknown
370016,818697,07/01/2023,06/30/2024,0.0,0.0,0.0,0.0,0.0,0.0,0.0,0,0,0,0,unknown
370022,818698,07/01/2023,06/30/2024,0.0,0.0,0.0,0.0,0.0,0.0,0.0,0,0,0,0,unknown
370037,818699,01/01/2023,12/31/2023,0.0,0.0,0.0,0.0,0.0,0.0,0.0,0,0,0,0,unknown
370047,818700,07/01/2023,06/30/2024,0.0,0.0,0.0,0.0,0.0,0.0,0.0,0,0,0,0,unknown
370089,818701,07/01/2023,06/30/2024,0.0,0.0,0.0,0.0,0.0,0.0,0.0,0,0,0,0,unknown
370227,818702,07/01/2023,06/30/2024,0.0,0.0,0.0,0.0,0.0,0.0,0.0,0,0,0,0,unknown
370235,818703,07/01/2023,06/30/2024,0.0,0.0,0.0,0.0,0.0,0.0,0.0,0,0,0,0,unknown
380004,818706,01/01/2023,12/31/2023,0.0,0.0,0.0,0.0,0.0,0.0,0.0,0,0,0,0,unknown
380018,818707,10/01/2022,09/30/2023,0.0,0.0,0.0,0.0,0.0,0.0,0.0,0,0,0,0,unknown
380050,818708,10/01/2022,09/30/2023,0.0,0.0,0.0,0.0,0.0,0.0,0.0,0,0,0,0,unknown
380056,818709,01/01/2023,12/31/2023,0.0,0.0,0.0,0.0,0.0,0.0,0.0,0,0,0,0,unknown
380060,818710,01/01/2023,12/31/2023,0.0,0.0,0.0,0.0,0.0,0.0,0.0,0,0,0,0,unknown
380090,818711,07/01/2023,06/30/2024,0.0,0.0,0.0,0.0,0.0,0.0,0.0,0,0,0,0,unknown
390001,818712,07/01/2023,06/30/2024,0.0,0.0,0.0,0.0,0.0,0.0,0.0,0,0,0,0,unknown
390003,818713,07/01/2023,06/30/2024,0.0,0.0,0.0,0.0,0.0,0.0,0.0,0,0,0,0,unknown
390048,818714,07/01/2023,06/30/2024,0.0,0.0,0.0,0.0,0.0,0.0,0.0,0,0,0,0,unknown
390270,818717,07/01/2023,06/30/2024,0.0,0.0,0.0,0.0,0.0,0.0,0.0,0,0,0,0,unknown
392037,818719,06/01/2023,05/31/2024,0.0,0.0,0.0,0.0,0.0,0.0,0.0,0,0,0,0,unknown
430027,818720,01/01/2023,12/31/2023,0.0,0.0,0.0,0.0,0.0,0.0,0.0,0,0,0,0,unknown
441314,818724,01/01/2023,12/31/2023,0.0,0.0,0.0,0.0,0.0,0.0,0.0,0,0,0,0,unknown
450064,818725,01/01/2023,12/31/2023,0.0,0.0,0.0,0.0,0.0,0.0,0.0,0,0,0,0,unknown
450083,818726,11/01/2022,10/31/2023,0.0,0.0,0.0,0.0,0.0,0.0,0.0,0,0,0,0,unknown
450135,818727,10/01/2022,09/30/2023,0.0,0.0,0.0,0.0,0.0,0.0,0.0,0,0,0,0,unknown
450154,818728,07/01/2023,06/30/2024,0.0,0.0,0.0,0.0,0.0,0.0,0.0,0,0,0,0,unknown
450346,818729,09/01/2023,08/31/2024,0.0,0.0,0.0,0.0,0.0,0.0,0.0,0,0,0,0,unknown
450372,818730,07/01/2023,06/30/2024,0.0,0.0,0.0,0.0,0.0,0.0,0.0,0,0,0,0,unknown
450389,818731,05/01/2023,04/30/2024,0.0,0.0,0.0,0.0,0.0,0.0,0.0,0,0,0,0,unknown
450451,818732,10/01/2022,09/30/2023,0.0,0.0,0.0,0.0,0.0,0.0,0.0,0,0,0,0,unknown
450573,818733,07/01/2023,06/30/2024,0.0,0.0,0.0,0.0,0.0,0.0,0.0,0,0,0,0,unknown
450658,818734,10/01/2022,09/30/2023,0.0,0.0,0.0,0.0,0.0,0.0,0.0,0,0,0,0,unknown
450675,818735,06/01/2023,05/31/2024,0.0,0.0,0.0,0.0,0.0,0.0,0.0,0,0,0,0,unknown
450730,818736,01/01/2023,12/31/2023,0.0,0.0,0.0,0.0,0.0,0.0,0.0,0,0,0,0,unknown
450742,818737,06/01/2023,05/31/2024,0.0,0.0,0.0,0.0,0.0,0.0,0.0,0,0,0,0,unknown
450779,818738,10/01/2022,09/30/2023,0.0,0.0,0.0,0.0,0.0,0.0,0.0,0,0,0,0,unknown
450831,818739,09/01/2023,08/31/2024,0.0,0.0,0.0,0.0,0.0,0.0,0.0,0,0,0,0,unknown
450840,818740,01/01/2023,12/31/2023,0.0,0.0,0.0,0.0,0.0,0.0,0.0,0,0,0,0,unknown
450880,818741,01/01/2023,12/31/2023,0.0,0.0,0.0,0.0,0.0,0.0,0.0,0,0,0,0,unknown
450883,818742,01/01/2023,12/31/2023,0.0,0.0,0.0,0.0,0.0,0.0,0.0,0,0,0,0,unknown
450888,818743,01/01/2023,12/31/2023,0.0,0.0,0.0,0.0,0.0,0.0,0.0,0,0,0,0,unknown
450891,818744,01/01/2023,12/31/2023,0.0,0.0,0.0,0.0,0.0,0.0,0.0,0,0,0,0,unknown
451313,818745,01/01/2023,12/31/2023,0.0,0.0,0.0,0.0,0.0,0.0,0.0,0,0,0,0,unknown
500005,818749,07/01/2023,06/30/2024,0.0,0.0,0.0,0.0,0.0,0.0,0.0,0,0,0,0,unknown
500007,818750,01/01/2023,12/31/2023,0.0,0.0,0.0,0.0,0.0,0.0,0.0,0,0,0,0,unknown
500108,818751,07/01/2023,06/30/2024,0.0,0.0,0.0,0.0,0.0,0.0,0.0,0,0,0,0,unknown
500129,818752,01/01/2023,12/31/2023,0.0,0.0,0.0,0.0,0.0,0.0,0.0,0,0,0,0,unknown
500151,818753,07/01/2023,06/30/2024,0.0,0.0,0.0,0.0,0.0,0.0,0.0,0,0,0,0,unknown
521303,818754,01/01/2023,12/31/2023,0.0,0.0,0.0,0.0,0.0,0.0,0.0,0,0,0,0,unknown
670025,818755,01/01/2023,12/31/2023,0.0,0.0,0.0,0.0,0.0,0.0,0.0,0,0,0,0,unknown
670049,818756,01/01/2023,12/31/2023,0.0,0.0,0.0,0.0,0.0,0.0,0.0,0,0,0,0,unknown
670080,818757,05/01/2023,04/30/2024,0.0,0.0,0.0,0.0,0.0,0.0,0.0,0,0,0,0,unknown
670085,818758,07/01/2023,06/30/2024,0.0,0.0,0.0,0.0,0.0,0.0,0.0,0,0,0,0,unknown
670088,818759,06/01/2023,05/31/2024,0.0,0.0,0.0,0.0,0.0,0.0,0.0,0,0,0,0,unknown
670116,818760,01/01/2023,11/30/2023,0.0,0.0,0.0,0.0,0.0,0.0,0.0,0,0,0,0,unknown
010021,818761,10/01/2022,09/30/2023,0.0,0.0,0.0,0.0,0.0,0.0,0.0,0,0,0,0,unknown
010087,818762,10/01/2022,09/30/2023,0.0,0.0,0.0,0.0,0.0,0.0,0.0,0,0,0,0,unknown
041302,818769,01/01/2023,12/31/2023,0.0,0.0,0.0,0.0,0.0,0.0,0.0,0,0,0,0,unknown
050017,818770,07/01/2023,06/30/2024,0.0,0.0,0.0,0.0,0.0,0.0,0.0,0,0,0,0,unknown
050054,818771,07/01/2023,06/30/2024,0.0,0.0,0.0,0.0,0.0,0.0,0.0,0,0,0,0,unknown
050309,818774,01/01/2023,12/31/2023,0.0,0.0,0.0,0.0,0.0,0.0,0.0,0,0,0,0,unknown
050313,818775,01/01/2023,12/31/2023,0.0,0.0,0.0,0.0,0.0,0.0,0.0,0,0,0,0,unknown
050417,818777,01/01/2023,12/31/2023,0.0,0.0,0.0,0.0,0.0,0.0,0.0,0,0,0,0,unknown
050523,818778,01/01/2023,12/31/2023,0.0,0.0,0.0,0.0,0.0,0.0,0.0,0,0,0,0,unknown
050714,818782,01/01/2023,12/31/2023,0.0,0.0,0.0,0.0,0.0,0.0,0.0,0,0,0,0,unknown
050748,818783,01/01/2023,12/31/2023,0.0,0.0,0.0,0.0,0.0,0.0,0.0,0,0,0,0,unknown
050760,818784,01/01/2023,12/31/2023,0.0,0.0,0.0,0.0,0.0,0.0,0.0,0,0,0,0,unknown
061309,818785,01/01/2023,12/31/2023,0.0,0.0,0.0,0.0,0.0,0.0,0.0,0,0,0,0,unknown
061318,818786,01/01/2023,12/31/2023,0.0,0.0,0.0,0.0,0.0,0.0,0.0,0,0,0,0,unknown
100226,818787,07/01/2023,06/30/2024,0.0,0.0,0.0,0.0,0.0,0.0,0.0,0,0,0,0,unknown
103301,818788,01/01/2023,12/31/2023,0.0,0.0,0.0,0.0,0.0,0.0,0.0,0,0,0,0,unknown
151311,818789,01/01/2023,12/31/2023,0.0,0.0,0.0,0.0,0.0,0.0,0.0,0,0,0,0,unknown
160029,818790,07/01/2023,01/30/2024,0.0,0.0,0.0,0.0,0.0,0.0,0.0,0,0,0,0,unknown
160147,818791,01/01/2023,12/31/2023,0.0,0.0,0.0,0.0,0.0,0.0,0.0,0,0,0,0,unknown
170009,818792,01/01/2023,12/31/2023,0.0,0.0,0.0,0.0,0.0,0.0,0.0,0,0,0,0,unknown
180009,818793,10/01/2022,09/30/2023,0.0,0.0,0.0,0.0,0.0,0.0,0.0,0,0,0,0,unknown
180012,818794,09/01/2023,08/31/2024,0.0,0.0,0.0,0.0,0.0,0.0,0.0,0,0,0,0,unknown
180013,818795,04/01/2023,03/31/2024,0.0,0.0,0.0,0.0,0.0,0.0,0.0,0,0,0,0,unknown
180018,818796,07/01/2023,06/30/2024,0.0,0.0,0.0,0.0,0.0,0.0,0.0,0,0,0,0,unknown
180103,818797,09/01/2023,08/31/2024,0.0,0.0,0.0,0.0,0.0,0.0,0.0,0,0,0,0,unknown
180104,818798,09/01/2023,08/31/2024,0.0,0.0,0.0,0.0,0.0,0.0,0.0,0,0,0,0,unknown
180130,818799,09/01/2023,08/31/2024,0.0,0.0,0.0,0.0,0.0,0.0,0.0,0,0,0,0,unknown
190111,818801,10/01/2022,09/30/2023,0.0,0.0,0.0,0.0,0.0,0.0,0.0,0,0,0,0,unknown
250096,818809,01/01/2023,12/31/2023,0.0,0.0,0.0,0.0,0.0,0.0,0.0,0,0,0,0,unknown
263030,818810,01/01/2023,12/31/2023,0.0,0.0,0.0,0.0,0.0,0.0,0.0,0,0,0,0,unknown
270049,818811,01/01/2023,12/31/2023,0.0,0.0,0.0,0.0,0.0,0.0,0.0,0,0,0,0,unknown
320006,818814,06/01/2023,05/31/2024,0.0,0.0,0.0,0.0,0.0,0.0,0.0,0,0,0,0,unknown
340016,818816,08/01/2023,07/31/2024,0.0,0.0,0.0,0.0,0.0,0.0,0.0,0,0,0,0,unknown
340017,818817,07/01/2023,06/30/2024,0.0,0.0,0.0,0.0,0.0,0.0,0.0,0,0,0,0,unknown
340087,818818,02/01/2023,01/31/2024,0.0,0.0,0.0,0.0,0.0,0.0,0.0,0,0,0,0,unknown
360131,818820,01/01/2023,12/31/2023,0.0,0.0,0.0,0.0,0.0,0.0,0.0,0,0,0,0,unknown
360134,818821,07/01/2023,06/30/2024,0.0,0.0,0.0,0.0,0.0,0.0,0.0,0,0,0,0,unknown
360155,818822,01/01/2023,12/31/2023,0.0,0.0,0.0,0.0,0.0,0.0,0.0,0,0,0,0,unknown
360156,818823,01/01/2023,12/31/2023,0.0,0.0,0.0,0.0,0.0,0.0,0.0,0,0,0,0,unknown
360179,818824,07/01/2023,06/30/2024,0.0,0.0,0.0,0.0,0.0,0.0,0.0,0,0,0,0,unknown
360197,818825,01/01/2023,12/31/2023,0.0,0.0,0.0,0.0,0.0,0.0,0.0,0,0,0,0,unknown
360218,818826,01/01/2023,12/31/2023,0.0,0.0,0.0,0.0,0.0,0.0,0.0,0,0,0,0,unknown
360234,818827,01/01/2023,12/31/2023,0.0,0.0,0.0,0.0,0.0,0.0,0.0,0,0,0,0,unknown
370019,818828,07/01/2023,06/30/2024,0.0,0.0,0.0,0.0,0.0,0.0,0.0,0,0,0,0,unknown
370236,818829,07/01/2023,06/30/2024,0.0,0.0,0.0,0.0,0.0,0.0,0.0,0,0,0,0,unknown
390328,818831,07/01/2023,06/30/2024,0.0,0.0,0.0,0.0,0.0,0.0,0.0,0,0,0,0,unknown
420030,818832,01/01/2023,12/31/2023,0.0,0.0,0.0,0.0,0.0,0.0,0.0,0,0,0,0,unknown
440034,818834,01/01/2023,12/31/2023,0.0,0.0,0.0,0.0,0.0,0.0,0.0,0,0,0,0,unknown
440104,818835,07/01/2023,06/30/2024,0.0,0.0,0.0,0.0,0.0,0.0,0.0,0,0,0,0,unknown
460001,818838,01/01/2023,12/31/2023,0.0,0.0,0.0,0.0,0.0,0.0,0.0,0,0,0,0,unknown
460004,818839,01/01/2023,12/31/2023,0.0,0.0,0.0,0.0,0.0,0.0,0.0,0,0,0,0,unknown
460006,818840,01/01/2023,12/31/2023,0.0,0.0,0.0,0.0,0.0,0.0,0.0,0,0,0,0,unknown
460061,818841,01/01/2023,12/31/2023,0.0,0.0,0.0,0.0,0.0,0.0,0.0,0,0,0,0,unknown
