Facility ID,Facility Name,Address,City/Town,State,ZIP Code,County/Parish,Telephone Number,Hospital Type,Hospital Ownership,Emergency Services,Meets criteria for birthing friendly designation,Hospital overall rating,Hospital overall rating footnote,MORT Group Measure Count,Count of Facility MORT Measures,Count of MORT Measures Better,Count of MORT Measures No Different,Count of MORT Measures Worse,MORT Group Footnote,Safety Group Measure Count,Count of Facility Safety Measures,Count of Safety Measures Better,Count of Safety Measures No Different,Count of Safety Measures Worse,Safety Group Footnote,READM Group Measure Count,Count of Facility READM Measures,Count of READM Measures Better,Count of READM Measures No Different,Count of READM Measures Worse,READM Group Footnote,Pt Exp Group Measure Count,Count of Facility Pt Exp Measures,Pt Exp Group Footnote,TE Group Measure Count,Count of Facility TE Measures,TE Group Footnote
011300,WASHINGTON COUNTY HOSPITAL,14600 ST. STEPHENS AVENUE,CHATOM,AL,36518,WASHINGTON,(251) 847-2223,Critical Access Hospitals,Government - Local,Yes,,Not Available,16,7,Not Available,Not Available,Not Available,Not Available,5.0,8,Not Available,Not Available,Not Available,Not Available,5,11,1,0,1,0,,8,Not Available,5.0,12,3,
011302,RED BAY HOSPITAL,211 HOSPITAL ROAD,RED BAY,AL,35582,FRANKLIN,(256) 356-9532,Critical Access Hospitals,Government - Hospital District or Authority,Yes,,Not Available,16,7,Not Available,Not Available,Not Available,Not Available,5.0,8,Not Available,Not Available,Not Available,Not Available,5,11,1,0,1,0,,8,Not Available,5.0,12,6,
011304,OCHSNER CHOCTAW GENERAL,"401 VANITY FAIR LANE, PO BOX 618",BUTLER,AL,36904,CHOCTAW,(205) 459-9100,Critical Access Hospitals,Voluntary non-profit - Private,Yes,,Not Available,16,7,Not Available,Not Available,Not Available,Not Available,5.0,8,Not Available,Not Available,Not Available,Not Available,5,11,Not Available,Not Available,Not Available,Not Available,5.0,8,Not Available,5.0,12,5,
011305,ST VINCENTS BLOUNT,150 GILBREATH DRIVE,ONEONTA,AL,35121,BLOUNT,(205) 274-3000,Critical Access Hospitals,Voluntary non-profit - Private,No,,Not Available,16,7,2,0,2,0,,8,2,0,2,0,,11,4,0,3,1,,8,Not Available,5.0,12,9,
011306,TANNER MEDICAL CENTER-EAST ALABAMA,1032 MAIN STREET SOUTH,WEDOWEE,AL,36278,RANDOLPH,(256) 357-2111,Critical Access Hospitals,Government - Hospital District or Authority,Yes,,Not Available,16,7,1,0,1,0,,8,Not Available,Not Available,Not Available,Not Available,5,11,3,0,3,0,,8,Not Available,5.0,12,6,
011307,MEDICAL CENTER BARBOUR,820 W WASHINGTON ST,EUFAULA,AL,36027,BARBOUR,(334) 688-7271,Critical Access Hospitals,Government - Hospital District or Authority,Yes,,Not Available,5,Not Available,Not Available,Not Available,Not Available,Not Available,5.0,Not Available,Not Available,Not Available,Not Available,Not Available,5,Not Available,Not Available,Not Available,Not Available,Not Available,5.0,Not Available,Not Available,5.0,Not Available,Not Available,5.0
011308,CRENSHAW COMMUNITY HOSPITAL,101 HOSPITAL CIRCLE,LUVERNE,AL,36049,CRENSHAW,(334) 335-3374,Critical Access Hospitals,Government - Hospital District or Authority,Yes,,Not Available,5,Not Available,Not Available,Not Available,Not Available,Not Available,5.0,Not Available,Not Available,Not Available,Not Available,Not Available,5,Not Available,Not Available,Not Available,Not Available,Not Available,5.0,Not Available,Not Available,5.0,Not Available,Not Available,5.0
011309,WIREGRASS MEDICAL CENTER,1200 W MAPLE AVENUE,GENEVA,AL,36340,GENEVA,(334) 684-3655,Critical Access Hospitals,Government - Hospital District or Authority,Yes,,Not Available,19,Not Available,Not Available,Not Available,Not Available,Not Available,19.0,Not Available,Not Available,Not Available,Not Available,Not Available,19,Not Available,Not Available,Not Available,Not Available,Not Available,19.0,Not Available,Not Available,19.0,Not Available,Not Available,19.0
021301,PROVIDENCE VALDEZ MEDICAL CENTER,PO BOX 550,VALDEZ,AK,99686,VALDEZ-CORDOVA,(907) 835-2249,Critical Access Hospitals,Government - Local,Yes,Y,Not Available,16,7,Not Available,Not Available,Not Available,Not Available,5.0,8,Not Available,Not Available,Not Available,Not Available,5,11,Not Available,Not Available,Not Available,Not Available,5.0,8,Not Available,5.0,12,3,
021302,PROVIDENCE SEWARD HOSPITAL,"417 FIRST AVENUE, PO BOX 365",SEWARD,AK,99664,KENAI PENINSULA,(907) 224-5205,Critical Access Hospitals,Government - Local,Yes,,Not Available,16,7,Not Available,Not Available,Not Available,Not Available,5.0,8,Not Available,Not Available,Not Available,Not Available,5,11,Not Available,Not Available,Not Available,Not Available,5.0,8,Not Available,5.0,12,4,
021304,PETERSBURG MEDICAL CENTER,PO BOX 589,PETERSBURG,AK,99833,PETERSBURG BOROUGH,(907) 772-4291,Critical Access Hospitals,Government - Local,Yes,,Not Available,16,7,Not Available,Not Available,Not Available,Not Available,5.0,8,Not Available,Not Available,Not Available,Not Available,5,11,1,0,1,0,,8,Not Available,5.0,12,2,
021305,SEARHC WRANGELL MEDICAL CENTER & LTC,232 WOOD STREET,WRANGELL,AK,99929,WRANGELL CITY AND BOROUGH,(907) 874-7000,Critical Access Hospitals,Tribal,Yes,,Not Available,16,7,Not Available,Not Available,Not Available,Not Available,5.0,8,Not Available,Not Available,Not Available,Not Available,5,11,1,0,1,0,,8,Not Available,5.0,12,3,
021306,PROVIDENCE KODIAK ISLAND MEDICAL CTR,1915 EAST REZANOF DRIVE,KODIAK,AK,99615,KODIAK ISLAND BOROUGH,(907) 486-3281,Critical Access Hospitals,Voluntary non-profit - Church,Yes,,Not Available,16,7,Not Available,Not Available,Not Available,Not Available,5.0,8,Not Available,Not Available,Not Available,Not Available,5,11,1,0,1,0,,8,Not Available,5.0,12,5,
021307,CORDOVA COMMUNITY MEDICAL CENTER,PO BOX 160 - 602 CHASE AVENUE,CORDOVA,AK,99574,VALDEZ-CORDOVA,(907) 424-8000,Critical Access Hospitals,Government - Local,Yes,,Not Available,16,7,Not Available,Not Available,Not Available,Not Available,5.0,8,Not Available,Not Available,Not Available,Not Available,5,11,Not Available,Not Available,Not Available,Not Available,5.0,8,Not Available,5.0,12,2,
021308,NORTON SOUND REGIONAL HOSPITAL,1000 GREG KRUSCHEK AVENUE (P O BOX 966),NOME,AK,99762,NOME,(907) 443-3311,Critical Access Hospitals,Tribal,Yes,Y,Not Available,16,7,1,0,1,0,,8,Not Available,Not Available,Not Available,Not Available,5,11,3,0,3,0,,8,Not Available,5.0,12,2,
021309,BRISTOL BAY DBA KANAKANAK HOSPITAL,P O BOX 130,DILLINGHAM,AK,99576,DILLINGHAM,(907) 842-5201,Critical Access Hospitals,Voluntary non-profit - Private,Yes,,Not Available,16,7,Not Available,Not Available,Not Available,Not Available,5.0,8,Not Available,Not Available,Not Available,Not Available,5,11,1,0,1,0,,8,Not Available,5.0,12,2,
021310,MANIILAQ HEALTH CENTER,PO BOX 43,KOTZEBUE,AK,99752,NORTHWEST ARTIC BOROUGH,(907) 442-3321,Critical Access Hospitals,Tribal,Yes,,Not Available,16,7,Not Available,Not Available,Not Available,Not Available,5.0,8,Not Available,Not Available,Not Available,Not Available,5,11,Not Available,Not Available,Not Available,Not Available,5.0,8,Not Available,5.0,12,2,
021311,PEACEHEALTH KETCHIKAN MEDICAL CENTER,3100 TONGASS AVENUE,KETCHIKAN,AK,99901,KETCHIKAN GATEWAY,(907) 225-5171,Critical Access Hospitals,Voluntary non-profit - Church,Yes,Y,Not Available,16,7,2,0,2,0,,8,2,0,2,0,,11,4,1,3,0,,8,Not Available,5.0,12,8,
021312,SAMUEL SIMMONDS MEMORIAL HOSPITAL,7000 UULA ST,BARROW,AK,99723,NORTH SLOPE BOROUH,(907) 852-4611,Critical Access Hospitals,Tribal,Yes,,Not Available,16,7,1,0,1,0,,8,Not Available,Not Available,Not Available,Not Available,5,11,3,0,3,0,,8,Not Available,5.0,12,2,
021313,SOUTH PENINSULA HOSPITAL,4300 BARTLETT ST,HOMER,AK,99603,KENAI PENINSULA,(907) 235-8101,Critical Access Hospitals,Voluntary non-profit - Private,Yes,Y,Not Available,16,7,1,0,1,0,,8,Not Available,Not Available,Not Available,Not Available,5,11,4,0,4,0,,8,Not Available,5.0,12,9,
021314,SOUTHEAST ALASKA REGIONAL HEALTH CONSORTIUM,222 TONGASS DR,SITKA,AK,99835,SITKA BOROUGH,(907) 966-2411,Critical Access Hospitals,Tribal,Yes,,3,,7,3,0,3,0,,8,Not Available,Not Available,Not Available,Not Available,5,11,4,0,4,0,,8,Not Available,5.0,12,3,
031300,WICKENBURG COMMUNITY HOSPITAL,520 ROSE LANE,WICKENBURG,AZ,85390,MARICOPA,(928) 684-5421,Critical Access Hospitals,Voluntary non-profit - Other,Yes,,Not Available,16,7,1,0,1,0,,8,Not Available,Not Available,Not Available,Not Available,5,11,2,0,2,0,,8,Not Available,5.0,12,4,
031301,BENSON HOSPITAL,450 SOUTH OCOTILLO AVENUE,BENSON,AZ,85602,COCHISE,(520) 586-2261,Critical Access Hospitals,Voluntary non-profit - Private,Yes,,Not Available,16,7,Not Available,Not Available,Not Available,Not Available,5.0,8,Not Available,Not Available,Not Available,Not Available,5,11,1,0,1,0,,8,Not Available,5.0,12,4,
031302,"NORTHERN COCHISE COMMUNITY HOSPITAL, INC.",901 WEST REX ALLEN DRIVE,WILLCOX,AZ,85643,COCHISE,(520) 384-3541,Critical Access Hospitals,Voluntary non-profit - Private,Yes,,Not Available,16,7,Not Available,Not Available,Not Available,Not Available,5.0,8,Not Available,Not Available,Not Available,Not Available,5,11,2,0,2,0,,8,Not Available,5.0,12,2,
031304,PAGE HOSPITAL,501 NORTH NAVAJO DRIVE,PAGE,AZ,86040,COCONINO,(928) 645-2424,Critical Access Hospitals,Government - Hospital District or Authority,Yes,Y,Not Available,16,7,Not Available,Not Available,Not Available,Not Available,5.0,8,Not Available,Not Available,Not Available,Not Available,5,11,1,0,1,0,,8,Not Available,5.0,12,8,
031305,HOPI HEALTH CARE CENTER,"HIGHWAY 264, MILEPOST 388",POLACCA,AZ,86042,NAVAJO,(928) 737-6000,Critical Access Hospitals,Tribal,No,,Not Available,16,7,Not Available,Not Available,Not Available,Not Available,5.0,8,Not Available,Not Available,Not Available,Not Available,5,11,1,0,1,0,,8,Not Available,5.0,12,1,
031307,PARKER INDIAN HEALTH CENTER,12033 AGENCY ROAD,PARKER,AZ,85344,LAPAZ,(928) 669-2137,Critical Access Hospitals,Government - Federal,Yes,,Not Available,16,7,Not Available,Not Available,Not Available,Not Available,5.0,8,Not Available,Not Available,Not Available,Not Available,5,11,Not Available,Not Available,Not Available,Not Available,5.0,8,Not Available,5.0,12,Not Available,5.0
031308,HUHU KAM MEMORIAL HOSPITAL,483 WEST SEED FARM ROAD,SACATON,AZ,85147,PINAL,(520) 562-3321,Critical Access Hospitals,Government - Federal,Yes,,Not Available,16,7,Not Available,Not Available,Not Available,Not Available,5.0,8,Not Available,Not Available,Not Available,Not Available,5,11,Not Available,Not Available,Not Available,Not Available,5.0,8,Not Available,5.0,12,2,
031309,SAGE MEMORIAL HOSPITAL,HIGHWAY 264 WEST AND 191 SOUTH,GANADO,AZ,86505,APACHE,(928) 755-4500,Critical Access Hospitals,Voluntary non-profit - Private,No,,Not Available,16,7,1,0,1,0,,8,Not Available,Not Available,Not Available,Not Available,5,11,2,0,2,0,,8,Not Available,5.0,12,3,
031311,LITTLE COLORADO MEDICAL CENTER,1501 NORTH WILLIAMSON AVENUE,WINSLOW,AZ,86047,NAVAJO,(928) 289-4691,Critical Access Hospitals,Voluntary non-profit - Private,Yes,,Not Available,16,7,1,0,1,0,,8,Not Available,Not Available,Not Available,Not Available,5,11,3,0,2,1,,8,8,,12,6,
031312,COPPER QUEEN COMMUNITY HOSPITAL,101 COLE AVENUE,BISBEE,AZ,85603,COCHISE,(520) 432-6401,Critical Access Hospitals,Voluntary non-profit - Private,Yes,,Not Available,16,7,Not Available,Not Available,Not Available,Not Available,5.0,8,Not Available,Not Available,Not Available,Not Available,5,11,1,0,1,0,,8,Not Available,5.0,12,4,
031313,HOLY CROSS HOSPITAL,1171 WEST TARGET RANGE ROAD,NOGALES,AZ,85621,SANTA CRUZ,(520) 285-3000,Critical Access Hospitals,Proprietary,Yes,Y,Not Available,16,7,Not Available,Not Available,Not Available,Not Available,5.0,8,Not Available,Not Available,Not Available,Not Available,5,11,Not Available,Not Available,Not Available,Not Available,5.0,8,Not Available,5.0,12,8,
031314,COBRE VALLEY REGIONAL MEDICAL CENTER,5880 SOUTH HOSPITAL DRIVE,GLOBE,AZ,85501,GILA,(928) 402-1122,Critical Access Hospitals,Voluntary non-profit - Private,Yes,,3,,7,4,0,4,0,,8,Not Available,Not Available,Not Available,Not Available,5,11,9,0,9,0,,8,8,,12,7,
031315,WHITE MOUNTAIN REGIONAL MEDICAL CENTER,118 SOUTH MOUNTAIN AVENUE,SPRINGERVILLE,AZ,85938,APACHE,(928) 333-4368,Critical Access Hospitals,Voluntary non-profit - Private,Yes,,Not Available,16,7,1,0,1,0,,8,Not Available,Not Available,Not Available,Not Available,5,11,3,0,3,0,,8,Not Available,5.0,12,3,
031317,LA PAZ REGIONAL HOSPITAL,1200 WEST MOHAVE ROAD,PARKER,AZ,85344,LAPAZ,(928) 669-9201,Critical Access Hospitals,Voluntary non-profit - Private,Yes,,Not Available,16,7,1,0,1,0,,8,Not Available,Not Available,Not Available,Not Available,5,11,2,0,2,0,,8,8,,12,2,
031318,BANNER PAYSON MEDICAL CENTER,807 SOUTH PONDEROSA DRIVE,PAYSON,AZ,85541,GILA,(928) 474-3222,Critical Access Hospitals,Voluntary non-profit - Other,No,Y,4,,7,4,0,4,0,,8,1,0,1,0,,11,6,0,6,0,,8,8,,12,9,
031319,MT. GRAHAM REGIONAL MEDICAL CENTER,1600 SOUTH 20TH AVENUE,SAFFORD,AZ,85546,GRAHAM,(928) 348-4000,Critical Access Hospitals,Government - Hospital District or Authority,Yes,Y,Not Available,16,7,Not Available,Not Available,Not Available,Not Available,5.0,8,Not Available,Not Available,Not Available,Not Available,5,11,3,0,3,0,,8,8,,12,7,
031320,SAN CARLOS APACHE HEALTHCARE CORPORATION,103 MEDICINE WAY ROAD,PERIDOT,AZ,85542,GILA,(928) 475-1200,Critical Access Hospitals,Tribal,Yes,,Not Available,16,7,Not Available,Not Available,Not Available,Not Available,5.0,8,Not Available,Not Available,Not Available,Not Available,5,11,Not Available,Not Available,Not Available,Not Available,5.0,8,Not Available,5.0,12,2,
041300,MERCY HOSPITAL PARIS,500 EAST ACADEMY,PARIS,AR,72855,LOGAN,(479) 963-6101,Critical Access Hospitals,Voluntary non-profit - Private,Yes,,Not Available,16,7,2,0,2,0,,8,Not Available,Not Available,Not Available,Not Available,5,11,3,0,3,0,,8,Not Available,5.0,12,6,
041302,DARDANELLE REGIONAL MEDICAL CENTER,200 NORTH THIRD STREET,DARDANELLE,AR,72834,YELL,(479) 229-4677,Critical Access Hospitals,Government - Local,Yes,,Not Available,16,7,1,0,1,0,,8,Not Available,Not Available,Not Available,Not Available,5,11,2,0,2,0,,8,Not Available,5.0,12,6,
041303,MERCY HOSPITAL OZARK,801 WEST RIVER STREET,OZARK,AR,72949,FRANKLIN,(479) 667-4138,Critical Access Hospitals,Voluntary non-profit - Private,Yes,,Not Available,16,7,Not Available,Not Available,Not Available,Not Available,5.0,8,Not Available,Not Available,Not Available,Not Available,5,11,1,0,1,0,,8,Not Available,5.0,12,6,
041305,MERCY HOSPITAL WALDRON,1341 WEST SIXTH STREET,WALDRON,AR,72958,SCOTT,(479) 637-4135,Critical Access Hospitals,Voluntary non-profit - Private,Yes,,Not Available,16,7,1,0,1,0,,8,Not Available,Not Available,Not Available,Not Available,5,11,2,0,2,0,,8,Not Available,5.0,12,6,
041306,IZARD REGIONAL HOSPITAL LLC,61 GRASSE STREET,CALICO ROCK,AR,72519,BAXTER,(870) 297-2400,Critical Access Hospitals,Voluntary non-profit - Private,Yes,,Not Available,16,7,Not Available,Not Available,Not Available,Not Available,5.0,8,Not Available,Not Available,Not Available,Not Available,5,11,2,0,2,0,,8,Not Available,5.0,12,3,
041307,CROSSRIDGE COMMUNITY HOSPITAL,310 SOUTH FALLS BOULEVARD,WYNNE,AR,72396,CROSS,(870) 238-3300,Critical Access Hospitals,Voluntary non-profit - Private,Yes,,3,,7,3,0,3,0,,8,Not Available,Not Available,Not Available,Not Available,5,11,5,0,4,1,,8,Not Available,5.0,12,5,
041308,MCGEHEE HOSPITAL,900 SOUTH THIRD STREET,MCGEHEE,AR,71654,DESHA,(870) 222-5600,Critical Access Hospitals,Voluntary non-profit - Private,Yes,,Not Available,16,7,Not Available,Not Available,Not Available,Not Available,5.0,8,Not Available,Not Available,Not Available,Not Available,5,11,1,0,1,0,,8,Not Available,5.0,12,3,
041309,LAWRENCE MEMORIAL HOSPITAL,1309 WEST MAIN STREET,WALNUT RIDGE,AR,72476,LAWRENCE,(870) 886-1200,Critical Access Hospitals,Voluntary non-profit - Private,Yes,,Not Available,16,7,Not Available,Not Available,Not Available,Not Available,5.0,8,Not Available,Not Available,Not Available,Not Available,5,11,1,0,1,0,,8,Not Available,5.0,12,5,
041310,STONE COUNTY MEDICAL CENTER,2106 EAST MAIN STREET,MOUNTAIN VIEW,AR,72560,STONE,(870) 269-4361,Critical Access Hospitals,Voluntary non-profit - Private,Yes,,Not Available,16,7,Not Available,Not Available,Not Available,Not Available,5.0,8,1,0,1,0,,11,4,0,4,0,,8,Not Available,5.0,12,8,
041311,HOWARD MEMORIAL HOSPITAL,130 MEDICAL CIRCLE,NASHVILLE,AR,71852,HOWARD,(870) 845-4400,Critical Access Hospitals,Voluntary non-profit - Private,Yes,,Not Available,16,7,2,0,2,0,,8,Not Available,Not Available,Not Available,Not Available,5,11,4,0,4,0,,8,8,,12,5,
041312,BAPTIST HEALTH MEDICAL CENTER HEBER SPRINGS,1800 BYPASS ROAD,HEBER SPRINGS,AR,72543,CLEBURNE,(501) 887-3000,Critical Access Hospitals,Voluntary non-profit - Private,Yes,,Not Available,16,7,2,0,2,0,,8,Not Available,Not Available,Not Available,Not Available,5,11,5,0,4,1,,8,Not Available,5.0,12,8,
041313,OZARK HEALTH,2500 HIGHWAY 65 SOUTH,CLINTON,AR,72031,VAN BUREN,(501) 745-7000,Critical Access Hospitals,Voluntary non-profit - Private,Yes,,Not Available,16,7,1,0,1,0,,8,Not Available,Not Available,Not Available,Not Available,5,11,4,0,4,0,,8,Not Available,5.0,12,6,
041317,DALLAS COUNTY MEDICAL CENTER,201 CLIFTON STREET,FORDYCE,AR,71742,DALLAS,(870) 352-6300,Critical Access Hospitals,Government - Local,Yes,,Not Available,16,7,Not Available,Not Available,Not Available,Not Available,5.0,8,Not Available,Not Available,Not Available,Not Available,5,11,1,0,1,0,,8,Not Available,5.0,12,3,
041318,MERCY HOSPITAL BOONEVILLE,880 WEST MAIN,BOONEVILLE,AR,72927,LOGAN,(479) 675-2800,Critical Access Hospitals,Voluntary non-profit - Private,Yes,,Not Available,16,7,2,0,2,0,,8,1,0,1,0,,11,3,0,3,0,,8,Not Available,5.0,12,7,
041320,LITTLE RIVER MEMORIAL HOSPITAL,451 WEST LOCKE STREET,ASHDOWN,AR,71822,LITTLE RIVER,(870) 898-5011,Critical Access Hospitals,Voluntary non-profit - Private,Yes,,Not Available,16,7,Not Available,Not Available,Not Available,Not Available,5.0,8,Not Available,Not Available,Not Available,Not Available,5,11,Not Available,Not Available,Not Available,Not Available,5.0,8,Not Available,5.0,12,3,
041321,BAPTIST HEALTH MEDICAL CENTER-ARKADELPHIA,3050 TWIN RIVERS DRIVE,ARKADELPHIA,AR,71923,CLARK,(870) 245-2622,Critical Access Hospitals,Voluntary non-profit - Private,Yes,Y,Not Available,16,7,1,0,1,0,,8,Not Available,Not Available,Not Available,Not Available,5,11,3,0,3,0,,8,Not Available,5.0,12,10,
041322,BAXTER HEALTH FULTON COUNTY HOSPITAL,679 NORTH MAIN STREET,SALEM,AR,72576,FULTON,(870) 895-2691,Critical Access Hospitals,Government - Local,Yes,,Not Available,16,7,2,0,2,0,,8,Not Available,Not Available,Not Available,Not Available,5,11,3,0,2,1,,8,Not Available,5.0,12,1,
041323,ASHLEY COUNTY MEDICAL CENTER,1015 UNITY ROAD,CROSSETT,AR,71635,ASHLEY,(870) 364-4111,Critical Access Hospitals,Voluntary non-profit - Private,Yes,,3,,7,3,0,3,0,,8,1,0,1,0,,11,4,0,3,1,,8,Not Available,5.0,12,4,
041324,CHI ST VINCENT MORRILTON,#4 HOSPITAL DRIVE,MORRILTON,AR,72110,CONWAY,(501) 977-2300,Critical Access Hospitals,Voluntary non-profit - Church,Yes,,Not Available,16,7,1,0,1,0,,8,Not Available,Not Available,Not Available,Not Available,5,11,3,0,3,0,,8,Not Available,5.0,12,8,
041326,DELTA MEMORIAL HOSPITAL,811 HIGHWAY 65 SOUTH,DUMAS,AR,71639,DESHA,(870) 382-4303,Critical Access Hospitals,Voluntary non-profit - Private,Yes,Y,Not Available,16,7,1,0,1,0,,8,Not Available,Not Available,Not Available,Not Available,5,11,2,0,2,0,,8,Not Available,5.0,12,3,
041327,BRADLEY COUNTY MEDICAL CENTER,404 SOUTH BRADLEY STREET,WARREN,AR,71671,BRADLEY,(870) 226-3731,Critical Access Hospitals,Voluntary non-profit - Private,Yes,,Not Available,16,7,1,0,1,0,,8,Not Available,Not Available,Not Available,Not Available,5,11,3,0,3,0,,8,Not Available,5.0,12,6,
041328,CHICOT MEMORIAL MEDICAL CENTER,2729 SOUTH HIGHWAY 65 & 82,LAKE VILLAGE,AR,71653,CHICOT,(870) 265-5351,Critical Access Hospitals,Voluntary non-profit - Private,Yes,,Not Available,16,7,1,0,1,0,,8,Not Available,Not Available,Not Available,Not Available,5,11,3,0,3,0,,8,Not Available,5.0,12,4,
041329,MERCY HOSPITAL BERRYVILLE,214 CARTER STREET,BERRYVILLE,AR,72616,CARROLL,(870) 423-3355,Critical Access Hospitals,Voluntary non-profit - Private,Yes,,Not Available,16,7,1,0,1,0,,8,Not Available,Not Available,Not Available,Not Available,5,11,3,0,3,0,,8,Not Available,5.0,12,7,
041330,PIGGOTT COMMUNITY HOSPITAL,1206 GORDON DUCKWORTH DRIVE,PIGGOTT,AR,72454,CLAY,(870) 598-3881,Critical Access Hospitals,Government - Local,Yes,,3,,7,3,0,3,0,,8,Not Available,Not Available,Not Available,Not Available,5,11,4,0,4,0,,8,8,,12,4,
041331,OZARKS COMMUNITY HOSPITAL OF GRAVETTE,1101 JACKSON STREET SW,GRAVETTE,AR,72736,BENTON,(479) 787-5291,Critical Access Hospitals,Voluntary non-profit - Private,Yes,,Not Available,16,7,Not Available,Not Available,Not Available,Not Available,5.0,8,Not Available,Not Available,Not Available,Not Available,5,11,1,0,1,0,,8,Not Available,5.0,12,2,
041332,UNITY HEALTH - NEWPORT,1205 MCLAIN STREET,NEWPORT,AR,72112,JACKSON,(870) 523-8911,Critical Access Hospitals,Voluntary non-profit - Private,Yes,,Not Available,16,7,1,0,1,0,,8,Not Available,Not Available,Not Available,Not Available,5,11,2,0,2,0,,8,8,,12,6,
041333,SEVIER COUNTY MEDICAL CENTER,960 HWY 71 N,DE QUEEN,AR,71832,SEVIER,(870) 642-6420,Critical Access Hospitals,Government - Local,Yes,,Not Available,19,Not Available,Not Available,Not Available,Not Available,Not Available,19.0,Not Available,Not Available,Not Available,Not Available,Not Available,19,Not Available,Not Available,Not Available,Not Available,Not Available,19.0,Not Available,Not Available,19.0,Not Available,Not Available,19.0
041334,MENA REGIONAL HEALTH SYSTEM,311 North Morrow Street,MENA,AR,71953,POLK,(479) 394-6100,Critical Access Hospitals,Voluntary non-profit - Other,Yes,,Not Available,5,Not Available,Not Available,Not Available,Not Available,Not Available,5.0,Not Available,Not Available,Not Available,Not Available,Not Available,5,Not Available,Not Available,Not Available,Not Available,Not Available,5.0,Not Available,Not Available,5.0,Not Available,Not Available,5.0
051300,EASTERN PLUMAS HOSPITAL - PORTOLA CAMPUS,500 FIRST AVENUE,PORTOLA,CA,96122,PLUMAS,(530) 832-6500,Critical Access Hospitals,Government - Hospital District or Authority,Yes,,Not Available,16,7,1,0,1,0,,8,Not Available,Not Available,Not Available,Not Available,5,11,2,0,2,0,,8,Not Available,5.0,12,3,
051301,ADVENTIST HEALTH TEHACHAPI VALLEY,1100 MAGELLAN,TEHACHAPI,CA,93561,KERN,(661) 868-6800,Critical Access Hospitals,Voluntary non-profit - Private,Yes,,Not Available,16,7,2,0,2,0,,8,1,0,1,0,,11,4,0,4,0,,8,8,,12,6,
051302,SOUTHERN INYO HOSPITAL,501 EAST LOCUST STREET,LONE PINE,CA,93545,INYO,(760) 876-5501,Critical Access Hospitals,Government - Hospital District or Authority,Yes,,Not Available,16,7,Not Available,Not Available,Not Available,Not Available,5.0,8,Not Available,Not Available,Not Available,Not Available,5,11,Not Available,Not Available,Not Available,Not Available,5.0,8,Not Available,5.0,12,2,
051303,MAMMOTH HOSPITAL,85 SIERRA PARK ROAD PO BOX 660,MAMMOTH LAKES,CA,93546,MONO,(760) 934-3311,Critical Access Hospitals,Government - Hospital District or Authority,Yes,,Not Available,16,7,Not Available,Not Available,Not Available,Not Available,5.0,8,1,0,1,0,,11,2,0,2,0,,8,Not Available,5.0,12,6,
051304,JOHN C FREMONT HEALTHCARE DISTRICT,5189 HOSPITAL ROAD,MARIPOSA,CA,95338,MARIPOSA,(209) 966-3631,Critical Access Hospitals,Government - Hospital District or Authority,Yes,,Not Available,16,7,2,0,2,0,,8,Not Available,Not Available,Not Available,Not Available,5,11,3,0,3,0,,8,Not Available,5.0,12,5,
051305,MAYERS MEMORIAL HOSPITAL,43563 HWY 299 EAST,FALL RIVER MILLS,CA,96028,SHASTA,(530) 336-5511,Critical Access Hospitals,Government - Hospital District or Authority,Yes,,Not Available,16,7,1,0,1,0,,8,Not Available,Not Available,Not Available,Not Available,5,11,2,0,2,0,,8,Not Available,5.0,12,3,
051306,GLENN MEDICAL CENTER,1133 W SYCAMORE ST,WILLOWS,CA,95988,GLENN,(530) 934-1818,Critical Access Hospitals,Proprietary,Yes,,Not Available,16,7,1,0,1,0,,8,1,0,1,0,,11,2,0,2,0,,8,Not Available,5.0,12,2,
051307,CATALINA ISLAND MEDICAL CENTER,100 FALLS CANYON ROAD,AVALON,CA,90704,LOS ANGELES,(310) 510-0700,Critical Access Hospitals,Voluntary non-profit - Private,Yes,,Not Available,16,7,Not Available,Not Available,Not Available,Not Available,5.0,8,Not Available,Not Available,Not Available,Not Available,5,11,Not Available,Not Available,Not Available,Not Available,5.0,8,Not Available,5.0,12,2,
051308,SURPRISE VALLEY COMMUNITY HOSPITAL,741 NORTH MAIN STREET,CEDARVILLE,CA,96104,MODOC,(530) 279-6111,Critical Access Hospitals,Government - Hospital District or Authority,Yes,,Not Available,16,7,Not Available,Not Available,Not Available,Not Available,5.0,8,Not Available,Not Available,Not Available,Not Available,5,11,Not Available,Not Available,Not Available,Not Available,5.0,8,Not Available,5.0,12,Not Available,5.0
051309,JEROLD PHELPS COMMUNITY HOSPITAL,733 CEDAR ST,GARBERVILLE,CA,95542,HUMBOLDT,(707) 923-3921,Critical Access Hospitals,Government - Hospital District or Authority,Yes,,Not Available,16,7,Not Available,Not Available,Not Available,Not Available,5.0,8,Not Available,Not Available,Not Available,Not Available,5,11,Not Available,Not Available,Not Available,Not Available,5.0,8,Not Available,5.0,12,1,
051310,ADVENTIST HEALTH HOWARD MEMORIAL,1 MARCELA DR,WILLITS,CA,95490,MENDOCINO,(707) 456-3031,Critical Access Hospitals,Voluntary non-profit - Private,No,,5,,7,3,0,3,0,,8,3,0,3,0,,11,7,1,5,1,,8,8,,12,7,
051311,ORCHARD HOSPITAL,240 SPRUCE STREET,GRIDLEY,CA,95948,BUTTE,(530) 846-5671,Critical Access Hospitals,Voluntary non-profit - Private,Yes,,Not Available,16,7,1,0,1,0,,8,Not Available,Not Available,Not Available,Not Available,5,11,3,0,3,0,,8,Not Available,5.0,12,5,
051312,MOUNTAINS COMMUNITY HOSPITAL,29101 HOSPITAL ROAD,LAKE ARROWHEAD,CA,92352,SAN BERNARDINO,(909) 336-3651,Critical Access Hospitals,Government - Hospital District or Authority,Yes,,Not Available,16,7,Not Available,Not Available,Not Available,Not Available,5.0,8,Not Available,Not Available,Not Available,Not Available,5,11,1,0,1,0,,8,Not Available,5.0,12,4,
051314,KERN VALLEY HEALTHCARE DISTRICT,6412 LAUREL AVE,LAKE ISABELLA,CA,93240,KERN,(760) 379-2681,Critical Access Hospitals,Government - Hospital District or Authority,Yes,,Not Available,16,7,2,0,2,0,,8,Not Available,Not Available,Not Available,Not Available,5,11,4,0,4,0,,8,Not Available,5.0,12,5,
051315,TRINITY HOSPITAL,60 EASTER AVENUE,WEAVERVILLE,CA,96093,TRINITY,(530) 623-5541,Critical Access Hospitals,Government - Hospital District or Authority,Yes,,Not Available,16,7,Not Available,Not Available,Not Available,Not Available,5.0,8,Not Available,Not Available,Not Available,Not Available,5,11,2,0,2,0,,8,Not Available,5.0,12,4,
051316,FAIRCHILD MEDICAL CENTER,444 BRUCE STREET,YREKA,CA,96097,SISKIYOU,(530) 842-4121,Critical Access Hospitals,Voluntary non-profit - Other,Yes,Y,1,,7,4,0,3,1,,8,3,0,3,0,,11,7,0,7,0,,8,8,,12,6,
051317,ADVENTIST HEALTH CLEARLAKE,15630 18TH AVE - HWY 53,CLEARLAKE,CA,95422,LAKE,(707) 994-6486,Critical Access Hospitals,Voluntary non-profit - Private,Yes,Y,1,,7,4,0,4,0,,8,1,0,1,0,,11,6,0,6,0,,8,8,,12,9,
051318,PROVIDENCE REDWOOD MEMORIAL HOSPITAL,3300 RENNER DRIVE,FORTUNA,CA,95540,HUMBOLDT,(707) 445-8121,Critical Access Hospitals,Voluntary non-profit - Private,Yes,,Not Available,16,7,2,0,2,0,,8,1,0,1,0,,11,5,0,5,0,,8,8,,12,6,
051319,MERCY MEDICAL CENTER OF MT SHASTA,914 PINE STREET,MOUNT SHASTA,CA,96067,SISKIYOU,(530) 926-6111,Critical Access Hospitals,Voluntary non-profit - Other,Yes,Y,3,,7,4,0,4,0,,8,Not Available,Not Available,Not Available,Not Available,5,11,5,1,4,0,,8,8,,12,10,
051320,BANNER LASSEN MEDICAL CENTER,1800 SPRING RIDGE DRIVE,SUSANVILLE,CA,96130,LASSEN,(530) 252-2000,Critical Access Hospitals,Voluntary non-profit - Private,Yes,Y,3,,7,3,0,3,0,,8,Not Available,Not Available,Not Available,Not Available,5,11,5,0,5,0,,8,8,,12,8,
051321,HEALDSBURG HOSPITAL,1375 UNIVERSITY AVENUE,HEALDSBURG,CA,95448,SONOMA,(707) 431-6500,Critical Access Hospitals,Voluntary non-profit - Private,Yes,,Not Available,16,7,1,0,1,0,,8,Not Available,Not Available,Not Available,Not Available,5,11,3,0,3,0,,8,Not Available,5.0,12,3,
051323,COLORADO RIVER MEDICAL CENTER,1401 BAILEY AVE,NEEDLES,CA,92363,SAN BERNARDINO,(760) 326-7162,Critical Access Hospitals,Voluntary non-profit - Private,Yes,,Not Available,16,7,Not Available,Not Available,Not Available,Not Available,5.0,8,Not Available,Not Available,Not Available,Not Available,5,11,1,0,1,0,,8,Not Available,5.0,12,4,
051324,NORTHERN INYO HOSPITAL,150 PIONEER LANE,BISHOP,CA,93514,INYO,(760) 873-5811,Critical Access Hospitals,Government - Hospital District or Authority,Yes,Y,Not Available,16,7,2,0,2,0,,8,Not Available,Not Available,Not Available,Not Available,5,11,3,1,1,1,,8,Not Available,5.0,12,9,
051325,ADVENTIST HEALTH MENDOCINO COAST,700 RIVER DRIVE,FORT BRAGG,CA,95437,MENDOCINO,(707) 961-1234,Critical Access Hospitals,Voluntary non-profit - Private,Yes,,1,,7,4,0,3,1,,8,1,0,1,0,,11,8,0,8,0,,8,8,,12,8,
051326,PLUMAS DISTRICT HOSPITAL,1065 BUCKS LAKE ROAD,QUINCY,CA,95971,PLUMAS,(530) 283-2121,Critical Access Hospitals,Government - Hospital District or Authority,Yes,,Not Available,16,7,Not Available,Not Available,Not Available,Not Available,5.0,8,Not Available,Not Available,Not Available,Not Available,5,11,2,0,2,0,,8,Not Available,5.0,12,7,
051327,SENECA DISTRICT HOSPITAL,130 BRENTWOOD DRIVE,CHESTER,CA,96020,PLUMAS,(530) 258-2151,Critical Access Hospitals,Government - Hospital District or Authority,Yes,,Not Available,16,7,Not Available,Not Available,Not Available,Not Available,5.0,8,Not Available,Not Available,Not Available,Not Available,5,11,1,0,1,0,,8,Not Available,5.0,12,3,
051328,TAHOE FOREST HOSPITAL,10121 PINE AVE,TRUCKEE,CA,96161,NEVADA,(530) 587-6011,Critical Access Hospitals,Government - Hospital District or Authority,Yes,Y,Not Available,16,7,2,0,2,0,,8,2,0,2,0,,11,8,0,8,0,,8,8,,12,10,
051329,SUTTER LAKESIDE HOSPITAL,5176 HILL ROAD EAST,LAKEPORT,CA,95453,LAKE,(707) 262-5000,Critical Access Hospitals,Voluntary non-profit - Private,Yes,Y,5,,7,3,0,3,0,,8,1,0,1,0,,11,6,1,5,0,,8,8,,12,10,
051330,MODOC MEDICAL CENTER,1111 N NAGLE STREET,ALTURAS,CA,96101,MODOC,(530) 233-5131,Critical Access Hospitals,Government - Hospital District or Authority,Yes,,Not Available,16,7,2,0,2,0,,8,Not Available,Not Available,Not Available,Not Available,5,11,3,0,3,0,,8,Not Available,5.0,12,2,
051331,SANTA YNEZ VALLEY COTTAGE HOSPITAL,2050 VIBORG RD,SOLVANG,CA,93463,SANTA BARBARA,(805) 688-6431,Critical Access Hospitals,Voluntary non-profit - Private,Yes,,Not Available,16,7,1,0,1,0,,8,Not Available,Not Available,Not Available,Not Available,5,11,2,0,2,0,,8,Not Available,5.0,12,7,
051332,MARK TWAIN MEDICAL CENTER,768 MOUNTAIN RANCH RD,SAN ANDREAS,CA,95249,CALAVERAS,(209) 754-3521,Critical Access Hospitals,Voluntary non-profit - Other,No,,3,,7,4,0,4,0,,8,1,0,1,0,,11,9,0,9,0,,8,8,,12,8,
051333,RIDGECREST REGIONAL HOSPITAL,1081 NORTH CHINA LAKE BLVD,RIDGECREST,CA,93555,KERN,(760) 446-3551,Critical Access Hospitals,Voluntary non-profit - Private,Yes,,Not Available,16,7,Not Available,Not Available,Not Available,Not Available,5.0,8,Not Available,Not Available,Not Available,Not Available,5,11,4,0,4,0,,8,Not Available,5.0,12,5,
051334,COMMUNITY MEMORIAL HOSPITAL - OJAI,1306 MARICOPA HWY,OJAI,CA,93023,VENTURA,(805) 646-1401,Critical Access Hospitals,Voluntary non-profit - Private,Yes,,Not Available,16,7,Not Available,Not Available,Not Available,Not Available,5.0,8,Not Available,Not Available,Not Available,Not Available,5,11,1,0,1,0,,8,Not Available,5.0,12,4,
051335,BEAR VALLEY COMMUNITY HOSPITAL,41870 GARSTIN DR,BIG BEAR LAKE,CA,92315,SAN BERNARDINO,(909) 866-6501,Critical Access Hospitals,Government - Hospital District or Authority,Yes,,Not Available,16,7,Not Available,Not Available,Not Available,Not Available,5.0,8,Not Available,Not Available,Not Available,Not Available,5,11,Not Available,Not Available,Not Available,Not Available,5.0,8,Not Available,5.0,12,3,
051336,SOUTHERN MONTEREY COUNTY MEMORIAL HOSPITAL,300 CANAL STREET,KING CITY,CA,93930,MONTEREY,(831) 385-6000,Critical Access Hospitals,Voluntary non-profit - Other,Yes,,Not Available,16,7,Not Available,Not Available,Not Available,Not Available,5.0,8,Not Available,Not Available,Not Available,Not Available,5,11,1,0,1,0,,8,Not Available,5.0,12,7,
051337,HAZEL HAWKINS MEMORIAL HOSPITAL,911 SUNSET DRIVE,HOLLISTER,CA,95032,SANTA CLARA,(831) 637-5711,Critical Access Hospitals,Government - Hospital District or Authority,Yes,,Not Available,16,7,Not Available,Not Available,Not Available,Not Available,5.0,8,Not Available,Not Available,Not Available,Not Available,5,11,2,0,2,0,,8,Not Available,5.0,12,2,
051338,COALINGA REGIONAL MEDICAL CENTER,1191 PHELPS AVENUE,COALINGA,CA,93210,FRESNO,(559) 821-6202,Critical Access Hospitals,Government - Hospital District or Authority,Yes,,Not Available,19,Not Available,Not Available,Not Available,Not Available,Not Available,19.0,Not Available,Not Available,Not Available,Not Available,Not Available,19,Not Available,Not Available,Not Available,Not Available,Not Available,19.0,Not Available,Not Available,19.0,Not Available,Not Available,19.0
051339,PALO VERDE HOSPITAL,250 NORTH FIRST STREET,BLYTHE,CA,92225,RIVERSIDE,(760) 922-4115,Critical Access Hospitals,Government - Hospital District or Authority,No,,Not Available,5,Not Available,Not Available,Not Available,Not Available,Not Available,5.0,Not Available,Not Available,Not Available,Not Available,Not Available,5,Not Available,Not Available,Not Available,Not Available,Not Available,5.0,Not Available,Not Available,5.0,Not Available,Not Available,5.0
061300,WEISBROD MEMORIAL COUNTY HOSPITAL,1208 LUTHER ST,EADS,CO,81036,KIOWA,(719) 438-5401,Critical Access Hospitals,Government - Hospital District or Authority,Yes,,Not Available,16,7,Not Available,Not Available,Not Available,Not Available,5.0,8,Not Available,Not Available,Not Available,Not Available,5,11,Not Available,Not Available,Not Available,Not Available,5.0,8,Not Available,5.0,12,2,
061301,RIO GRANDE HOSPITAL,310 COUNTY RD 14,DEL NORTE,CO,81132,RIO GRANDE,(719) 657-2510,Critical Access Hospitals,Proprietary,Yes,,5,,7,3,0,3,0,,8,Not Available,Not Available,Not Available,Not Available,5,11,4,0,4,0,,8,8,,12,5,
061302,FAMILY HEALTH WEST HOSPITAL,300 W OTTLEY AVE,FRUITA,CO,81521,MESA,(970) 858-9871,Critical Access Hospitals,Voluntary non-profit - Private,Yes,,Not Available,16,7,Not Available,Not Available,Not Available,Not Available,5.0,8,1,0,1,0,,11,1,0,1,0,,8,Not Available,5.0,12,5,
061303,EAST MORGAN COUNTY HOSPITAL,2400 W EDISON ST,BRUSH,CO,80723,MORGAN,(970) 842-6222,Critical Access Hospitals,Voluntary non-profit - Private,Yes,Y,Not Available,16,7,1,0,1,0,,8,Not Available,Not Available,Not Available,Not Available,5,11,3,1,2,0,,8,Not Available,5.0,12,8,
061304,HAXTUN HOSPITAL DISTRICT,235 W FLETCHER ST,HAXTUN,CO,80731,PHILLIPS,(970) 774-6123,Critical Access Hospitals,Government - Hospital District or Authority,Yes,,Not Available,16,7,Not Available,Not Available,Not Available,Not Available,5.0,8,1,0,1,0,,11,1,0,1,0,,8,Not Available,5.0,12,2,
061305,MELISSA MEMORIAL HOSPITAL,1001 E JOHNSON ST,HOLYOKE,CO,80734,PHILLIPS,(970) 854-2241,Critical Access Hospitals,Government - Hospital District or Authority,Yes,,Not Available,16,7,Not Available,Not Available,Not Available,Not Available,5.0,8,Not Available,Not Available,Not Available,Not Available,5,11,1,0,1,0,,8,Not Available,5.0,12,5,
061306,LINCOLN HEALTH HOSPITAL,111 6TH ST,HUGO,CO,80821,LINCOLN,(719) 743-2421,Critical Access Hospitals,Voluntary non-profit - Other,Yes,,Not Available,16,7,Not Available,Not Available,Not Available,Not Available,5.0,8,Not Available,Not Available,Not Available,Not Available,5,11,1,0,1,0,,8,Not Available,5.0,12,Not Available,5.0
061307,RANGELY DISTRICT HOSPITAL,225 EAGLE CREST ST,RANGELY,CO,81648,RIO BLANCO,(970) 675-5011,Critical Access Hospitals,Government - Hospital District or Authority,Yes,,Not Available,16,7,Not Available,Not Available,Not Available,Not Available,5.0,8,1,0,1,0,,11,Not Available,Not Available,Not Available,Not Available,5.0,8,Not Available,5.0,12,Not Available,5.0
061308,SAN LUIS VALLEY HEALTH CONEJOS COUNTY HOSPITAL,19021 US HIGHWAY 285,LA JARA,CO,81140,CONEJOS,(719) 274-5121,Critical Access Hospitals,Voluntary non-profit - Private,No,,Not Available,16,7,Not Available,Not Available,Not Available,Not Available,5.0,8,Not Available,Not Available,Not Available,Not Available,5,11,1,0,1,0,,8,Not Available,5.0,12,6,
061309,WRAY COMMUNITY DISTRICT HOSPITAL,1017 W 7TH ST,WRAY,CO,80758,YUMA,(970) 332-4811,Critical Access Hospitals,Government - Hospital District or Authority,Yes,Y,Not Available,16,7,Not Available,Not Available,Not Available,Not Available,5.0,8,1,0,1,0,,11,4,0,4,0,,8,Not Available,5.0,12,8,
061310,SEDGWICK COUNTY MEMORIAL HOSPITAL,900 CEDAR ST,JULESBURG,CO,80737,SEDGWICK,(970) 474-3323,Critical Access Hospitals,Government - Local,Yes,,Not Available,16,7,Not Available,Not Available,Not Available,Not Available,5.0,8,Not Available,Not Available,Not Available,Not Available,5,11,3,0,3,0,,8,Not Available,5.0,12,4,
061311,SOUTHEAST COLORADO HOSPITAL DISTRICT,373 E TENTH AVE,SPRINGFIELD,CO,81073,BACA,(719) 523-4501,Critical Access Hospitals,Government - Hospital District or Authority,Yes,,Not Available,16,7,1,0,1,0,,8,Not Available,Not Available,Not Available,Not Available,5,11,2,0,2,0,,8,Not Available,5.0,12,8,
061312,ESTES PARK MEDICAL CENTER,555 PROSPECT AVE,ESTES PARK,CO,80517,LARIMER,(970) 577-4470,Critical Access Hospitals,Government - Hospital District or Authority,Yes,,Not Available,16,7,1,0,1,0,,8,Not Available,Not Available,Not Available,Not Available,5,11,3,0,3,0,,8,Not Available,5.0,12,4,
061313,KIT CARSON COUNTY MEMORIAL HOSPITAL,286 16TH ST,BURLINGTON,CO,80807,KIT CARSON,(719) 346-4824,Critical Access Hospitals,Government - Hospital District or Authority,Yes,,Not Available,16,7,Not Available,Not Available,Not Available,Not Available,5.0,8,Not Available,Not Available,Not Available,Not Available,5,11,1,0,1,0,,8,Not Available,5.0,12,5,
061314,"MEMORIAL HOSPITAL, THE",750 HOSPITAL LOOP,CRAIG,CO,81625,MOFFAT,(970) 824-9411,Critical Access Hospitals,Government - Local,Yes,,Not Available,16,7,2,0,2,0,,8,1,0,1,0,,11,6,0,6,0,,8,Not Available,5.0,12,6,
061315,YUMA DISTRICT HOSPITAL,1000 W 8TH AVE,YUMA,CO,80759,YUMA,(970) 848-5405,Critical Access Hospitals,Government - Hospital District or Authority,Yes,,Not Available,16,7,Not Available,Not Available,Not Available,Not Available,5.0,8,Not Available,Not Available,Not Available,Not Available,5,11,1,0,1,0,,8,Not Available,5.0,12,3,
061316,SPANISH PEAKS REGIONAL HEALTH CENTER,23500 US HIGHWAY 160,WALSENBURG,CO,81089,HUERFANO,(719) 738-5100,Critical Access Hospitals,Government - Hospital District or Authority,Yes,,Not Available,16,7,Not Available,Not Available,Not Available,Not Available,5.0,8,1,0,1,0,,11,2,0,2,0,,8,Not Available,5.0,12,5,
061317,GRAND RIVER HOSPITAL DISTRICT,501 AIRPORT RD,RIFLE,CO,81650,GARFIELD,(970) 625-1510,Critical Access Hospitals,Government - Hospital District or Authority,Yes,,Not Available,16,7,Not Available,Not Available,Not Available,Not Available,5.0,8,1,0,1,0,,11,1,0,1,0,,8,8,,12,7,
061318,MIDDLE PARK MEDICAL CENTER,214 S 4TH ST,KREMMLING,CO,80459,GRAND,(970) 724-3442,Critical Access Hospitals,Government - Hospital District or Authority,Yes,,Not Available,16,7,Not Available,Not Available,Not Available,Not Available,5.0,8,1,0,1,0,,11,3,0,3,0,,8,Not Available,5.0,12,4,
061319,ST VINCENT GENERAL HOSPITAL DISTRICT,816 W 4TH ST,LEADVILLE,CO,80461,LAKE,(719) 486-0230,Critical Access Hospitals,Government - Hospital District or Authority,Yes,,Not Available,16,7,Not Available,Not Available,Not Available,Not Available,5.0,8,Not Available,Not Available,Not Available,Not Available,5,11,Not Available,Not Available,Not Available,Not Available,5.0,8,Not Available,5.0,12,1,
061320,GUNNISON VALLEY HOSPITAL,711 N TAYLOR ST,GUNNISON,CO,81230,GUNNISON,(970) 641-1456,Critical Access Hospitals,Government - Local,Yes,,Not Available,16,7,Not Available,Not Available,Not Available,Not Available,5.0,8,Not Available,Not Available,Not Available,Not Available,5,11,3,0,3,0,,8,Not Available,5.0,12,4,
061321,MT SAN RAFAEL HOSPITAL,410 BENEDICTA AVE,TRINIDAD,CO,81082,LAS ANIMAS,(719) 846-9213,Critical Access Hospitals,Voluntary non-profit - Private,Yes,,Not Available,16,7,1,0,1,0,,8,Not Available,Not Available,Not Available,Not Available,5,11,2,0,2,0,,8,Not Available,5.0,12,6,
061322,HEART OF THE ROCKIES REGIONAL MEDICAL CENTER,1000 RUSH DR,SALIDA,CO,81201,CHAFFEE,(719) 530-2200,Critical Access Hospitals,Government - Hospital District or Authority,Yes,,Not Available,16,7,2,0,2,0,,8,1,0,1,0,,11,7,0,7,0,,8,8,,12,4,
061323,PROWERS MEDICAL CENTER,401 KENDALL DR,LAMAR,CO,81052,PROWERS,(719) 336-4343,Critical Access Hospitals,Government - Hospital District or Authority,Yes,,Not Available,16,7,Not Available,Not Available,Not Available,Not Available,5.0,8,Not Available,Not Available,Not Available,Not Available,5,11,2,0,2,0,,8,Not Available,5.0,12,1,
061324,ASPEN VALLEY HOSPITAL,401 CASTLE CREEK RD,ASPEN,CO,81611,PITKIN,(970) 544-1261,Critical Access Hospitals,Government - Hospital District or Authority,Yes,Y,Not Available,16,7,Not Available,Not Available,Not Available,Not Available,5.0,8,Not Available,Not Available,Not Available,Not Available,5,11,4,0,4,0,,8,8,,12,6,
061325,EASTERN RIO BLANCO COUNTY HEALTH SERVICE DISTRICT,100 PIONEERS MEDICAL CENTER DR,MEEKER,CO,81641,RIO BLANCO,(970) 878-5047,Critical Access Hospitals,Government - Hospital District or Authority,Yes,,Not Available,16,7,1,0,1,0,,8,1,0,1,0,,11,3,0,3,0,,8,8,,12,5,
061326,UCHEALTH PIKES PEAK REGIONAL HOSPITAL,16420 W US HIGHWAY 24,WOODLAND PARK,CO,80863,TELLER,(719) 374-6060,Critical Access Hospitals,Voluntary non-profit - Private,Yes,,Not Available,16,7,1,0,1,0,,8,Not Available,Not Available,Not Available,Not Available,5,11,3,0,3,0,,8,Not Available,5.0,12,6,
061327,SOUTHWEST MEMORIAL HOSPITAL,1311 N MILDRED RD,CORTEZ,CO,81321,MONTEZUMA,(970) 565-6666,Critical Access Hospitals,Voluntary non-profit - Private,Yes,Y,Not Available,16,7,2,0,2,0,,8,1,0,1,0,,11,5,1,4,0,,8,8,,12,8,
061328,PAGOSA SPRINGS MEDICAL CENTER,95 S PAGOSA BLVD,PAGOSA SPRINGS,CO,81147,ARCHULETA,(970) 731-3700,Critical Access Hospitals,Government - Hospital District or Authority,Yes,,Not Available,16,7,Not Available,Not Available,Not Available,Not Available,5.0,8,Not Available,Not Available,Not Available,Not Available,5,11,2,0,2,0,,8,Not Available,5.0,12,5,
061336,ARKANSAS VALLEY REGIONAL MEDICAL CENTER,1100 CARSON AVENUE,LAJUNA,CO,81050,OTERO,(719) 363-1428,Critical Access Hospitals,Voluntary non-profit - Private,Yes,,Not Available,5,7,Not Available,Not Available,Not Available,Not Available,5.0,8,Not Available,Not Available,Not Available,Not Available,5,11,Not Available,Not Available,Not Available,Not Available,5.0,8,Not Available,5.0,12,2,
061343,KEEFE MEMORIAL HOSPITAL,602 N 6TH ST W,CHEYENNE WELLS,CO,80810,CHEYENNE,(719) 767-5661,Critical Access Hospitals,Government - Hospital District or Authority,Yes,,Not Available,16,7,Not Available,Not Available,Not Available,Not Available,5.0,8,Not Available,Not Available,Not Available,Not Available,5,11,Not Available,Not Available,Not Available,Not Available,5.0,8,Not Available,5.0,12,2,
061344,ST THOMAS MORE HOSPITAL,1338 PHAY AVE,CANON CITY,CO,81212,FREMONT,(719) 285-2000,Critical Access Hospitals,Voluntary non-profit - Private,Yes,Y,3,,7,3,0,3,0,,8,1,0,1,0,,11,6,1,5,0,,8,8,,12,10,
101300,ADVENTHEALTH WAUCHULA,735 S 5TH AVE,WAUCHULA,FL,33873,HARDEE,(863) 773-3101,Critical Access Hospitals,Voluntary non-profit - Private,Yes,,Not Available,16,7,Not Available,Not Available,Not Available,Not Available,5.0,8,1,0,1,0,,11,Not Available,Not Available,Not Available,Not Available,5.0,8,Not Available,5.0,12,5,
101303,LAKE BUTLER HOSPITAL,850 E MAIN ST,LAKE BUTLER,FL,32054,UNION,(386) 496-2323,Critical Access Hospitals,Proprietary,Yes,,Not Available,16,7,Not Available,Not Available,Not Available,Not Available,5.0,8,Not Available,Not Available,Not Available,Not Available,5,11,Not Available,Not Available,Not Available,Not Available,5.0,8,Not Available,5.0,12,4,
101304,CALHOUN-LIBERTY HOSPITAL,16257 STATE RD 71S,BLOUNTSTOWN,FL,32424,CALHOUN,(850) 674-5411,Critical Access Hospitals,Voluntary non-profit - Private,Yes,,Not Available,16,7,1,0,1,0,,8,Not Available,Not Available,Not Available,Not Available,5,11,2,0,2,0,,8,Not Available,5.0,12,6,
101305,GEORGE E WEEMS MEMORIAL HOSPITAL,135 AVE G,APALACHICOLA,FL,32320,FRANKLIN,(850) 653-8853,Critical Access Hospitals,Government - Local,Yes,,Not Available,16,7,Not Available,Not Available,Not Available,Not Available,5.0,8,Not Available,Not Available,Not Available,Not Available,5,11,Not Available,Not Available,Not Available,Not Available,5.0,8,Not Available,5.0,12,Not Available,5.0
101307,DOCTORS MEMORIAL HOSPITAL,2600 HOSPITAL DR,BONIFAY,FL,32425,HOLMES,(850) 547-1120,Critical Access Hospitals,Government - Hospital District or Authority,No,,Not Available,16,7,1,0,0,1,,8,Not Available,Not Available,Not Available,Not Available,5,11,5,0,5,0,,8,Not Available,5.0,12,5,
101308,NORTHWEST FLORIDA COMMUNITY HOSPITAL,1360 BRICKYARD RD,CHIPLEY,FL,32428,WASHINGTON,(850) 638-1610,Critical Access Hospitals,Voluntary non-profit - Private,Yes,,1,,7,3,0,2,1,,8,Not Available,Not Available,Not Available,Not Available,5,11,5,0,3,2,,8,Not Available,5.0,12,4,
101309,HENDRY REGIONAL MEDICAL CENTER,524 W SAGAMORE AVE,CLEWISTON,FL,33440,HENDRY,(863) 902-3033,Critical Access Hospitals,Voluntary non-profit - Other,Yes,,Not Available,16,7,2,0,2,0,,8,Not Available,Not Available,Not Available,Not Available,5,11,3,0,3,0,,8,Not Available,5.0,12,4,
101311,MADISON COUNTY MEMORIAL HOSPITAL,224 NW CRANE AVE,MADISON,FL,32340,MADISON,(850) 973-2271,Critical Access Hospitals,Government - Hospital District or Authority,Yes,,Not Available,16,7,Not Available,Not Available,Not Available,Not Available,5.0,8,Not Available,Not Available,Not Available,Not Available,5,11,1,0,1,0,,8,Not Available,5.0,12,4,
101312,FISHERMEN'S COMMUNITY HOSPITAL,3301 OVERSEAS HWY,MARATHON,FL,33050,MONROE,(305) 434-1000,Critical Access Hospitals,Voluntary non-profit - Private,Yes,,Not Available,16,7,Not Available,Not Available,Not Available,Not Available,5.0,8,Not Available,Not Available,Not Available,Not Available,5,11,3,0,3,0,,8,Not Available,5.0,12,5,
101313,MARINERS HOSPITAL,91500 OVERSEAS HIGHWAY,TAVERNIER,FL,33070,MONROE,(305) 434-3000,Critical Access Hospitals,Voluntary non-profit - Private,Yes,,Not Available,16,7,1,0,1,0,,8,Not Available,Not Available,Not Available,Not Available,5,11,7,0,7,0,,8,Not Available,5.0,12,9,
101314,DOCTORS MEMORIAL HOSPITAL INC,333 N BYRON BUTLER PKWY,PERRY,FL,32347,TAYLOR,(850) 584-0800,Critical Access Hospitals,Voluntary non-profit - Private,Yes,,Not Available,16,7,Not Available,Not Available,Not Available,Not Available,5.0,8,Not Available,Not Available,Not Available,Not Available,5,11,Not Available,Not Available,Not Available,Not Available,5.0,8,Not Available,5.0,12,Not Available,5.0
101315,JAY HOSPITAL,14114 ALABAMA ST,JAY,FL,32565,SANTA ROSA,(850) 675-4532,Critical Access Hospitals,Voluntary non-profit - Private,Yes,,Not Available,16,7,Not Available,Not Available,Not Available,Not Available,5.0,8,Not Available,Not Available,Not Available,Not Available,5,11,Not Available,Not Available,Not Available,Not Available,5.0,8,Not Available,5.0,12,Not Available,5.0
111302,BLECKLEY MEMORIAL HOSPITAL,145 PEACOCK STREET,COCHRAN,GA,31014,BLECKLEY,(478) 934-6211,Critical Access Hospitals,Government - Hospital District or Authority,Yes,,Not Available,16,7,Not Available,Not Available,Not Available,Not Available,5.0,8,1,0,1,0,,11,1,0,1,0,,8,Not Available,5.0,12,4,
111303,JASPER MEMORIAL HOSPITAL,898 COLLEGE STREET,MONTICELLO,GA,31064,JASPER,(706) 468-6411,Critical Access Hospitals,Government - Local,Yes,,Not Available,16,7,Not Available,Not Available,Not Available,Not Available,5.0,8,Not Available,Not Available,Not Available,Not Available,5,11,Not Available,Not Available,Not Available,Not Available,5.0,8,Not Available,5.0,12,4,
111304,MORGAN MEDICAL CENTER,1740 LIONS CLUB ROAD,MADISON,GA,30650,MORGAN,(706) 342-1667,Critical Access Hospitals,Government - Hospital District or Authority,Yes,,Not Available,16,7,Not Available,Not Available,Not Available,Not Available,5.0,8,1,0,1,0,,11,3,0,3,0,,8,8,,12,7,
111305,MILLER COUNTY HOSPITAL,209 N CUTHBERT STREET,COLQUITT,GA,39837,MILLER,(229) 758-4231,Critical Access Hospitals,Government - Hospital District or Authority,Yes,,Not Available,16,7,1,0,1,0,,8,1,0,1,0,,11,2,1,1,0,,8,Not Available,5.0,12,7,
111306,EFFINGHAM HEALTH SYSTEM,459 GA HIGHWAY 119 SOUTH,SPRINGFIELD,GA,31329,EFFINGHAM,(912) 754-0160,Critical Access Hospitals,Government - Hospital District or Authority,Yes,,Not Available,16,7,1,0,1,0,,8,Not Available,Not Available,Not Available,Not Available,5,11,6,0,6,0,,8,Not Available,5.0,12,9,
111308,CLINCH MEMORIAL HOSPITAL,1050 VALDOSTA HIGHWAY,HOMERVILLE,GA,31634,CLINCH,(912) 487-5211,Critical Access Hospitals,Government - Hospital District or Authority,Yes,,Not Available,16,7,Not Available,Not Available,Not Available,Not Available,5.0,8,Not Available,Not Available,Not Available,Not Available,5,11,Not Available,Not Available,Not Available,Not Available,5.0,8,Not Available,5.0,12,4,
111310,ATRIUM HEALTH NAVICENT PEACH,1960 HIGHWAY 247 CONNECTOR,BYRON,GA,31008,PEACH,(478) 654-2000,Critical Access Hospitals,Voluntary non-profit - Private,Yes,,3,,7,3,0,3,0,,8,1,0,1,0,,11,4,0,4,0,,8,8,,12,7,
111311,JENKINS COUNTY MEDICAL CENTER,931 EAST WINTHROPE AVENUE,MILLEN,GA,30442,JENKINS,(478) 982-4221,Critical Access Hospitals,Proprietary,Yes,,Not Available,16,7,Not Available,Not Available,Not Available,Not Available,5.0,8,Not Available,Not Available,Not Available,Not Available,5,11,Not Available,Not Available,Not Available,Not Available,5.0,8,Not Available,5.0,12,3,
111312,OPTIM MEDICAL CENTER - SCREVEN,215 MIMS ROAD,SYLVANIA,GA,30467,SCREVEN,(912) 564-7426,Critical Access Hospitals,Proprietary,Yes,,Not Available,16,7,Not Available,Not Available,Not Available,Not Available,5.0,8,Not Available,Not Available,Not Available,Not Available,5,11,2,0,2,0,,8,Not Available,5.0,12,7,
111313,PUTNAM GENERAL HOSPITAL,101 LAKE OCONEE PARKWAY,EATONTON,GA,31024,PUTNAM,(706) 485-2711,Critical Access Hospitals,Government - Hospital District or Authority,Yes,,Not Available,16,7,1,0,1,0,,8,Not Available,Not Available,Not Available,Not Available,5,11,4,0,4,0,,8,Not Available,5.0,12,6,
111314,LIFEBRITE COMMUNITY HOSPITAL OF EARLY,11740 COLUMBIA STREET,BLAKELY,GA,39823,EARLY,(229) 723-4241,Critical Access Hospitals,Voluntary non-profit - Private,Yes,,Not Available,16,7,Not Available,Not Available,Not Available,Not Available,5.0,8,Not Available,Not Available,Not Available,Not Available,5,11,1,0,1,0,,8,Not Available,5.0,12,2,
111316,WARM SPRINGS MEDICAL CENTER,5995 SPRING STREET,WARM SPRINGS,GA,31830,MERIWETHER,(706) 655-9351,Critical Access Hospitals,Voluntary non-profit - Other,No,,Not Available,16,7,Not Available,Not Available,Not Available,Not Available,5.0,8,Not Available,Not Available,Not Available,Not Available,5,11,Not Available,Not Available,Not Available,Not Available,5.0,8,Not Available,5.0,12,4,
111318,MONROE COUNTY HOSPITAL,88 MARTIN LUTHER KING JR DRIVE,FORSYTH,GA,31029,MONROE,(478) 994-2521,Critical Access Hospitals,Government - Hospital District or Authority,Yes,,Not Available,16,7,Not Available,Not Available,Not Available,Not Available,5.0,8,1,0,0,1,,11,1,0,1,0,,8,Not Available,5.0,12,5,
111319,WELLSTAR SYLVAN GROVE MEDICAL CENTER,1050 MCDONOUGH ROAD,JACKSON,GA,30233,BUTTS,(770) 775-7861,Critical Access Hospitals,Government - Hospital District or Authority,No,,Not Available,16,7,Not Available,Not Available,Not Available,Not Available,5.0,8,1,0,1,0,,11,Not Available,Not Available,Not Available,Not Available,5.0,8,Not Available,5.0,12,4,
111320,HIGGINS GENERAL HOSPITAL,200 ALLEN MEMORIAL DRIVE,BREMEN,GA,30110,HARALSON,(770) 812-2000,Critical Access Hospitals,Government - Hospital District or Authority,No,,Not Available,16,7,1,0,1,0,,8,1,0,1,0,,11,3,0,2,1,,8,Not Available,5.0,12,7,
111323,OPTIM MEDICAL CENTER - TATTNALL,247 S MAIN STREET,REIDSVILLE,GA,30453,TATTNALL,(912) 557-1000,Critical Access Hospitals,Proprietary,Yes,,Not Available,16,7,Not Available,Not Available,Not Available,Not Available,5.0,8,1,0,1,0,,11,3,0,3,0,,8,8,,12,6,
111324,CHATUGE REGIONAL HOSPITAL,110 S MAIN STREET,HIAWASSEE,GA,30546,TOWNS,(706) 896-2222,Critical Access Hospitals,Government - Hospital District or Authority,Yes,,Not Available,16,7,1,0,1,0,,8,Not Available,Not Available,Not Available,Not Available,5,11,3,0,3,0,,8,Not Available,5.0,12,5,
111325,WILLS MEMORIAL HOSPITAL,120 GORDON STREET,WASHINGTON,GA,30673,WILKES,(706) 678-9212,Critical Access Hospitals,Government - Hospital District or Authority,Yes,,Not Available,16,7,Not Available,Not Available,Not Available,Not Available,5.0,8,Not Available,Not Available,Not Available,Not Available,5,11,1,0,1,0,,8,Not Available,5.0,12,4,
111326,SGMC HEALTH LANIER,116 WEST THIGPEN AVENUE,LAKELAND,GA,31635,LANIER,(229) 482-8402,Critical Access Hospitals,Government - Hospital District or Authority,Yes,,Not Available,16,7,Not Available,Not Available,Not Available,Not Available,5.0,8,Not Available,Not Available,Not Available,Not Available,5,11,Not Available,Not Available,Not Available,Not Available,5.0,8,Not Available,5.0,12,6,
111327,BACON COUNTY HOSPITAL,302 SOUTH WAYNE STREET,ALMA,GA,31510,BACON,(912) 632-8961,Critical Access Hospitals,Voluntary non-profit - Other,No,,Not Available,16,7,1,0,1,0,,8,Not Available,Not Available,Not Available,Not Available,5,11,3,0,3,0,,8,8,,12,5,
111328,PHOEBE WORTH MEDICAL CENTER,807 SOUTH ISABELLA STREET,SYLVESTER,GA,31791,WORTH,(229) 777-3851,Critical Access Hospitals,Voluntary non-profit - Private,Yes,,Not Available,16,7,Not Available,Not Available,Not Available,Not Available,5.0,8,Not Available,Not Available,Not Available,Not Available,5,11,Not Available,Not Available,Not Available,Not Available,5.0,8,Not Available,5.0,12,5,
111329,ST MARYS GOOD SAMARITAN HOSPITAL,5401 LAKE OCONEE PARKWAY,GREENSBORO,GA,30642,GREENE,(706) 453-7331,Critical Access Hospitals,Proprietary,Yes,,3,,7,4,0,4,0,,8,2,0,2,0,,11,6,0,6,0,,8,8,,12,8,
111330,ATRIUM HEALTH FLOYD POLK MEDICAL CENTER,2360 ROCKMART HIGHWAY,CEDARTOWN,GA,30125,POLK,(770) 748-2500,Critical Access Hospitals,Voluntary non-profit - Private,Yes,,Not Available,16,7,Not Available,Not Available,Not Available,Not Available,5.0,8,1,0,1,0,,11,1,0,1,0,,8,Not Available,5.0,12,6,
111331,ARCHBOLD MITCHELL,90  E STEPHENS STREET,CAMILLA,GA,31730,MITCHELL,(229) 336-5284,Critical Access Hospitals,Government - Hospital District or Authority,Yes,,Not Available,16,7,Not Available,Not Available,Not Available,Not Available,5.0,8,1,0,1,0,,11,Not Available,Not Available,Not Available,Not Available,5.0,8,Not Available,5.0,12,4,
111332,ARCHBOLD BROOKS,903 N COURT STREET,QUITMAN,GA,31643,BROOKS,(912) 263-4171,Critical Access Hospitals,Government - Hospital District or Authority,Yes,,Not Available,16,7,Not Available,Not Available,Not Available,Not Available,5.0,8,Not Available,Not Available,Not Available,Not Available,5,11,Not Available,Not Available,Not Available,Not Available,5.0,8,Not Available,5.0,12,3,
111333,JEFF DAVIS HOSPITAL,163 SOUTH TALLAHASSEE STREET,HAZLEHURST,GA,31539,JEFF DAVIS,(912) 375-7781,Critical Access Hospitals,Government - Hospital District or Authority,Yes,,Not Available,16,7,1,0,1,0,,8,1,0,1,0,,11,3,0,3,0,,8,Not Available,5.0,12,8,
111334,CANDLER COUNTY HOSPITAL,400 CEDAR STREET,METTER,GA,30439,CANDLER,(912) 685-5741,Critical Access Hospitals,Proprietary,Yes,,Not Available,16,7,Not Available,Not Available,Not Available,Not Available,5.0,8,Not Available,Not Available,Not Available,Not Available,5,11,2,0,2,0,,8,Not Available,5.0,12,7,
111335,LIBERTY REGIONAL MEDICAL CENTER,462 E G MILES PARKWAY,HINESVILLE,GA,31313,LIBERTY,(912) 369-9400,Critical Access Hospitals,Government - Hospital District or Authority,Yes,,Not Available,16,7,1,0,1,0,,8,Not Available,Not Available,Not Available,Not Available,5,11,3,0,3,0,,8,Not Available,5.0,12,7,
111336,MOUNTAIN LAKES MEDICAL CENTER,162 LEGACY POINT,CLAYTON,GA,30525,RABUN,(706) 782-3100,Critical Access Hospitals,Proprietary,Yes,,Not Available,16,7,Not Available,Not Available,Not Available,Not Available,5.0,8,Not Available,Not Available,Not Available,Not Available,5,11,1,0,1,0,,8,Not Available,5.0,12,6,
111337,ELBERT MEMORIAL HOSPITAL,4 MEDICAL DRIVE,ELBERTON,GA,30635,ELBERT,(706) 213-2535,Critical Access Hospitals,Government - Hospital District or Authority,No,,Not Available,16,7,1,0,1,0,,8,1,0,1,0,,11,3,0,3,0,,8,8,,12,5,
121300,KAUAI VETERANS MEMORIAL HOSPITAL,4643 WAIMEA CANYON DRIVE,WAIMEA,HI,96796,KAUAI,(808) 338-9431,Critical Access Hospitals,Government - State,Yes,Y,Not Available,16,7,Not Available,Not Available,Not Available,Not Available,5.0,8,1,0,1,0,,11,2,0,2,0,,8,Not Available,5.0,12,9,
121301,KAU HOSPITAL,1 KAMANI STREET,PAHALA,HI,96777,HAWAII,(808) 932-4200,Critical Access Hospitals,Government - State,Yes,,Not Available,16,7,Not Available,Not Available,Not Available,Not Available,5.0,8,Not Available,Not Available,Not Available,Not Available,5,11,Not Available,Not Available,Not Available,Not Available,5.0,8,Not Available,5.0,12,3,
121302,KOHALA HOSPITAL,54-383 HOSPITAL ROAD,KAPAAU,HI,96755,HAWAII,(808) 889-6211,Critical Access Hospitals,Government - State,Yes,,Not Available,16,7,Not Available,Not Available,Not Available,Not Available,5.0,8,Not Available,Not Available,Not Available,Not Available,5,11,Not Available,Not Available,Not Available,Not Available,5.0,8,Not Available,5.0,12,4,
121303,MOLOKAI GENERAL HOSPITAL,280 HOME OLU PLACE,KAUNAKAKAI,HI,96748,MAUI,(808) 553-5331,Critical Access Hospitals,Voluntary non-profit - Private,Yes,,Not Available,16,7,Not Available,Not Available,Not Available,Not Available,5.0,8,Not Available,Not Available,Not Available,Not Available,5,11,Not Available,Not Available,Not Available,Not Available,5.0,8,Not Available,5.0,12,6,
121304,KAHUKU MEDICAL CENTER,56-117 PUALALEA STREET,KAHUKU,HI,96731,HONOLULU,(808) 293-6200,Critical Access Hospitals,Voluntary non-profit - Other,Yes,,Not Available,16,7,Not Available,Not Available,Not Available,Not Available,5.0,8,Not Available,Not Available,Not Available,Not Available,5,11,Not Available,Not Available,Not Available,Not Available,5.0,8,Not Available,5.0,12,2,
121305,LANAI COMMUNITY HOSPITAL,628 7TH STREET,LANAI CITY,HI,96763,MAUI,(808) 565-8450,Critical Access Hospitals,Voluntary non-profit - Private,Yes,,Not Available,16,7,Not Available,Not Available,Not Available,Not Available,5.0,8,Not Available,Not Available,Not Available,Not Available,5,11,Not Available,Not Available,Not Available,Not Available,5.0,8,Not Available,5.0,12,2,
121306,SAMUEL MAHELONA MEMORIAL HOSPITAL,4800 KAWAIHAU ROAD,KAPAA,HI,96746,KAUAI,(808) 822-4961,Critical Access Hospitals,Government - State,Yes,,Not Available,16,7,Not Available,Not Available,Not Available,Not Available,5.0,8,Not Available,Not Available,Not Available,Not Available,5,11,Not Available,Not Available,Not Available,Not Available,5.0,8,Not Available,5.0,12,4,
121307,HALE HO'OLA HAMAKUA,45-547 PLUMERIA STREET,HONOKAA,HI,96727,HAWAII,(808) 932-4000,Critical Access Hospitals,Government - State,Yes,,Not Available,16,7,Not Available,Not Available,Not Available,Not Available,5.0,8,Not Available,Not Available,Not Available,Not Available,5,11,Not Available,Not Available,Not Available,Not Available,5.0,8,Not Available,5.0,12,3,
121308,KULA HOSPITAL,100 KEOKEA PLACE,KULA,HI,96790,MAUI,(808) 878-1221,Critical Access Hospitals,Voluntary non-profit - Private,Yes,,Not Available,16,7,Not Available,Not Available,Not Available,Not Available,5.0,8,Not Available,Not Available,Not Available,Not Available,5,11,Not Available,Not Available,Not Available,Not Available,5.0,8,Not Available,5.0,12,3,
131301,BOUNDARY COMMUNITY HOSPITAL,6640 KANIKSU STREET,BONNERS FERRY,ID,83805,BOUNDARY,(208) 267-3141,Critical Access Hospitals,Voluntary non-profit - Other,Yes,,Not Available,16,7,Not Available,Not Available,Not Available,Not Available,5.0,8,Not Available,Not Available,Not Available,Not Available,5,11,2,0,2,0,,8,Not Available,5.0,12,4,
131302,NORTH CANYON MEDICAL CENTER,267 NORTH CANYON DR,GOODING,ID,83330,GOODING,(208) 934-4433,Critical Access Hospitals,Voluntary non-profit - Private,No,,Not Available,16,7,1,0,1,0,,8,Not Available,Not Available,Not Available,Not Available,5,11,2,1,1,0,,8,Not Available,5.0,12,6,
131303,NELL J REDFIELD MEMORIAL HOSPITAL,150 NORTH 200 WEST,MALAD CITY,ID,83252,ONEIDA,(208) 766-2231,Critical Access Hospitals,Government - Local,Yes,,Not Available,16,7,1,0,1,0,,8,Not Available,Not Available,Not Available,Not Available,5,11,2,0,2,0,,8,Not Available,5.0,12,5,
131304,POWER COUNTY HOSPITAL DISTRICT,510 ROOSEVELT STREET,AMERICAN FALLS,ID,83211,POWER,(208) 226-3200,Critical Access Hospitals,Government - Hospital District or Authority,Yes,,Not Available,16,7,Not Available,Not Available,Not Available,Not Available,5.0,8,Not Available,Not Available,Not Available,Not Available,5,11,Not Available,Not Available,Not Available,Not Available,5.0,8,Not Available,5.0,12,2,
131305,STEELE MEMORIAL MEDICAL CENTER,203 SOUTH DAISY STREET,SALMON,ID,83467,LEMHI,(208) 756-5600,Critical Access Hospitals,Government - Local,Yes,,Not Available,16,7,2,0,2,0,,8,1,0,1,0,,11,6,0,6,0,,8,Not Available,5.0,12,2,
131307,WEISER MEMORIAL HOSPITAL,645 EAST 5TH STREET,WEISER,ID,83672,WASHINGTON,(208) 549-0370,Critical Access Hospitals,Government - Hospital District or Authority,Yes,,Not Available,16,7,Not Available,Not Available,Not Available,Not Available,5.0,8,Not Available,Not Available,Not Available,Not Available,5,11,2,0,2,0,,8,Not Available,5.0,12,5,
131309,CARIBOU MEDICAL CENTER,300 SOUTH 3RD WEST,SODA SPRINGS,ID,83276,CARIBOU,(208) 547-3341,Critical Access Hospitals,Government - Local,Yes,,Not Available,16,7,Not Available,Not Available,Not Available,Not Available,5.0,8,Not Available,Not Available,Not Available,Not Available,5,11,1,0,1,0,,8,Not Available,5.0,12,4,
131310,ST LUKE'S JEROME,709 NORTH LINCOLN AVENUE,JEROME,ID,83338,JEROME,(208) 324-4301,Critical Access Hospitals,Voluntary non-profit - Private,Yes,,Not Available,16,7,Not Available,Not Available,Not Available,Not Available,5.0,8,Not Available,Not Available,Not Available,Not Available,5,11,1,0,1,0,,8,Not Available,5.0,12,5,
131311,ST LUKE'S ELMORE MEDICAL CENTER,895 NORTH 6TH EAST,MOUNTAIN HOME,ID,83647,ELMORE,(208) 587-8401,Critical Access Hospitals,Voluntary non-profit - Private,Yes,Y,Not Available,16,7,1,0,1,0,,8,Not Available,Not Available,Not Available,Not Available,5,11,4,0,4,0,,8,Not Available,5.0,12,6,
131312,ST LUKE'S MCCALL,1000 STATE STREET,MCCALL,ID,83638,VALLEY,(208) 630-2395,Critical Access Hospitals,Proprietary,Yes,Y,Not Available,16,7,Not Available,Not Available,Not Available,Not Available,5.0,8,Not Available,Not Available,Not Available,Not Available,5,11,4,0,4,0,,8,Not Available,5.0,12,6,
131313,TETON VALLEY HOSPITAL,120 EAST HOWARD AVE,DRIGGS,ID,83422,TETON,(208) 354-2383,Critical Access Hospitals,Voluntary non-profit - Private,Yes,,Not Available,16,7,Not Available,Not Available,Not Available,Not Available,5.0,8,Not Available,Not Available,Not Available,Not Available,5,11,1,0,1,0,,8,Not Available,5.0,12,3,
131314,SHOSHONE MEDICAL CENTER,25 JACOBS GULCH ROAD,KELLOGG,ID,83837,SHOSHONE,(208) 784-1221,Critical Access Hospitals,Government - Hospital District or Authority,Yes,,Not Available,16,7,1,0,1,0,,8,Not Available,Not Available,Not Available,Not Available,5,11,4,0,4,0,,8,Not Available,5.0,12,3,
131315,SYRINGA GENERAL HOSPITAL,607 W MAIN STREET,GRANGEVILLE,ID,83530,IDAHO,(208) 983-1700,Critical Access Hospitals,Voluntary non-profit - Private,Yes,,4,,7,3,0,3,0,,8,Not Available,Not Available,Not Available,Not Available,5,11,4,0,4,0,,8,Not Available,5.0,12,7,
131316,BEAR LAKE MEMORIAL HOSPITAL,164 SOUTH FIFTH STREET,MONTPELIER,ID,83254,BEAR LAKE,(208) 847-1630,Critical Access Hospitals,Government - Local,Yes,Y,Not Available,16,7,1,0,1,0,,8,Not Available,Not Available,Not Available,Not Available,5,11,3,0,3,0,,8,Not Available,5.0,12,3,
131317,BENEWAH COMMUNITY HOSPITAL,229 SOUTH 7TH STREET,SAINT MARIES,ID,83861,BENEWAH,(208) 245-5551,Critical Access Hospitals,Government - Local,Yes,,Not Available,16,7,Not Available,Not Available,Not Available,Not Available,5.0,8,Not Available,Not Available,Not Available,Not Available,5,11,1,0,1,0,,8,Not Available,5.0,12,4,
131318,VALOR HEALTH,1202 EAST LOCUST STREET,EMMETT,ID,83617,GEM,(208) 365-3561,Critical Access Hospitals,Government - Local,Yes,,Not Available,16,7,Not Available,Not Available,Not Available,Not Available,5.0,8,Not Available,Not Available,Not Available,Not Available,5,11,1,0,1,0,,8,Not Available,5.0,12,5,
131319,MINIDOKA MEMORIAL HOSPITAL,1224 8TH STREET,RUPERT,ID,83350,MINIDOKA,(208) 436-0481,Critical Access Hospitals,Government - Local,Yes,,Not Available,16,7,Not Available,Not Available,Not Available,Not Available,5.0,8,Not Available,Not Available,Not Available,Not Available,5,11,3,0,3,0,,8,Not Available,5.0,12,4,
131320,CLEARWATER VALLEY HOSPITAL & CLINICS,301 CEDAR STREET,OROFINO,ID,83544,CLEARWATER,(208) 476-4555,Critical Access Hospitals,Voluntary non-profit - Private,Yes,,3,,7,4,0,4,0,,8,Not Available,Not Available,Not Available,Not Available,5,11,4,1,3,0,,8,Not Available,5.0,12,4,
131321,ST MARY'S HOSPITAL,701 LEWISTON ST,COTTONWOOD,ID,83522,IDAHO,(208) 962-3251,Critical Access Hospitals,Voluntary non-profit - Private,Yes,,Not Available,16,7,1,0,1,0,,8,Not Available,Not Available,Not Available,Not Available,5,11,2,0,2,0,,8,Not Available,5.0,12,4,
131322,FRANKLIN COUNTY MEDICAL CENTER,44 NORTH FIRST EAST,PRESTON,ID,83263,FRANKLIN,(208) 852-0137,Critical Access Hospitals,Voluntary non-profit - Other,Yes,,Not Available,16,7,2,0,2,0,,8,Not Available,Not Available,Not Available,Not Available,5,11,5,0,5,0,,8,8,,12,6,
131323,ST LUKE'S WOOD RIVER MEDICAL CENTER,100 HOSPITAL DRIVE,KETCHUM,ID,83340,BLAINE,(208) 727-8800,Critical Access Hospitals,Voluntary non-profit - Private,Yes,Y,Not Available,16,7,2,0,2,0,,8,2,0,2,0,,11,8,0,8,0,,8,8,,12,8,
131324,LOST RIVERS MEDICAL CENTER,551 HIGHLAND DRIVE,ARCO,ID,83213,BUTTE,(208) 252-7654,Critical Access Hospitals,Government - Hospital District or Authority,Yes,,Not Available,16,7,Not Available,Not Available,Not Available,Not Available,5.0,8,Not Available,Not Available,Not Available,Not Available,5,11,Not Available,Not Available,Not Available,Not Available,5.0,8,Not Available,5.0,12,4,
131325,BINGHAM MEMORIAL HOSPITAL,98 POPLAR STREET,BLACKFOOT,ID,83221,BINGHAM,(208) 785-4100,Critical Access Hospitals,Voluntary non-profit - Private,Yes,,Not Available,16,7,2,0,2,0,,8,2,0,2,0,,11,7,0,7,0,,8,8,,12,5,
131326,CASSIA REGIONAL HOSPITAL,1501 HILAND AVENUE,BURLEY,ID,83318,CASSIA,(208) 678-4444,Critical Access Hospitals,Voluntary non-profit - Private,Yes,Y,Not Available,16,7,2,0,2,0,,8,Not Available,Not Available,Not Available,Not Available,5,11,4,1,3,0,,8,8,,12,9,
131327,GRITMAN MEDICAL CENTER,700 SOUTH MAIN STREET,MOSCOW,ID,83843,LATAH,(208) 882-4511,Critical Access Hospitals,Voluntary non-profit - Private,Yes,,3,,7,3,0,3,0,,8,1,0,1,0,,11,8,1,7,0,,8,8,,12,11,
131328,BONNER GENERAL HOSPITAL,520 NORTH THIRD AVENUE,SANDPOINT,ID,83864,BONNER,(208) 263-1441,Critical Access Hospitals,Voluntary non-profit - Private,Yes,,1,,7,2,0,2,0,,8,3,0,3,0,,11,5,1,4,0,,8,8,,12,7,
141300,THOMAS H BOYD MEMORIAL HOSPITAL,800 SCHOOL ST,CARROLLTON,IL,62016,GREENE,(217) 942-6946,Critical Access Hospitals,Government - Local,Yes,,Not Available,16,7,1,0,1,0,,8,Not Available,Not Available,Not Available,Not Available,5,11,2,0,2,0,,8,Not Available,5.0,12,2,
141301,KIRBY MEDICAL CENTER,1000 MEDICAL CENTER DRIVE,MONTICELLO,IL,61856,PIATT,(217) 762-2115,Critical Access Hospitals,Voluntary non-profit - Private,Yes,,Not Available,16,7,Not Available,Not Available,Not Available,Not Available,5.0,8,Not Available,Not Available,Not Available,Not Available,5,11,3,0,3,0,,8,Not Available,5.0,12,7,
141302,MIDWEST MEDICAL CENTER,1 MEDICAL CENTER DRIVE,GALENA,IL,61036,JO DAVIESS,(815) 777-1340,Critical Access Hospitals,Voluntary non-profit - Private,Yes,,Not Available,16,7,Not Available,Not Available,Not Available,Not Available,5.0,8,1,0,1,0,,11,2,0,2,0,,8,8,,12,2,
141303,WARNER HOSPITAL AND HEALTH SERVICES,422 W WHITE ST,CLINTON,IL,61727,DE WITT,(217) 935-9571,Critical Access Hospitals,Government - Local,Yes,,Not Available,16,7,Not Available,Not Available,Not Available,Not Available,5.0,8,Not Available,Not Available,Not Available,Not Available,5,11,2,0,2,0,,8,Not Available,5.0,12,2,
141304,"GENESIS MEDICAL CENTER, ALEDO",409 NW 9TH AVENUE,ALEDO,IL,61231,MERCER,(309) 582-9100,Critical Access Hospitals,Voluntary non-profit - Private,Yes,,Not Available,16,7,Not Available,Not Available,Not Available,Not Available,5.0,8,Not Available,Not Available,Not Available,Not Available,5,11,2,0,2,0,,8,Not Available,5.0,12,4,
141305,MEMORIAL HOSPITAL,1454 N COUNTY ROAD 2050 E,CARTHAGE,IL,62321,HANCOCK,(217) 357-8500,Critical Access Hospitals,Voluntary non-profit - Private,Yes,,Not Available,16,7,2,0,2,0,,8,1,0,1,0,,11,4,0,4,0,,8,8,,12,5,
141306,COMMUNITY HOSPITAL OF STAUNTON,400 N CALDWELL ST,STAUNTON,IL,62088,MACOUPIN,(618) 635-2200,Critical Access Hospitals,Voluntary non-profit - Private,Yes,,Not Available,16,7,Not Available,Not Available,Not Available,Not Available,5.0,8,Not Available,Not Available,Not Available,Not Available,5,11,1,0,1,0,,8,Not Available,5.0,12,2,
141307,PINCKNEYVILLE COMMUNITY HOSPITAL,5383 STATE ROUTE 154,PINCKNEYVILLE,IL,62274,PERRY,(618) 357-2187,Critical Access Hospitals,Government - Hospital District or Authority,Yes,,Not Available,16,7,1,0,1,0,,8,Not Available,Not Available,Not Available,Not Available,5,11,2,0,2,0,,8,Not Available,5.0,12,6,
141308,WASHINGTON COUNTY HOSPITAL,705 S GRAND AVE,NASHVILLE,IL,62263,WASHINGTON,(618) 327-8236,Critical Access Hospitals,Government - Hospital District or Authority,Yes,,Not Available,16,7,Not Available,Not Available,Not Available,Not Available,5.0,8,Not Available,Not Available,Not Available,Not Available,5,11,Not Available,Not Available,Not Available,Not Available,5.0,8,Not Available,5.0,12,4,
141309,CARLE EUREKA  HOSPITAL,101 S MAJOR ST,EUREKA,IL,61530,WOODFORD,(309) 467-2371,Critical Access Hospitals,Voluntary non-profit - Private,Yes,,Not Available,16,7,Not Available,Not Available,Not Available,Not Available,5.0,8,Not Available,Not Available,Not Available,Not Available,5,11,2,0,2,0,,8,Not Available,5.0,12,7,
141310,OSF SAINT PAUL MEDICAL CENTER,1401 E 12TH STREET,MENDOTA,IL,61342,LA SALLE,(815) 539-7461,Critical Access Hospitals,Voluntary non-profit - Church,Yes,,Not Available,16,7,2,0,1,1,,8,1,0,1,0,,11,5,0,5,0,,8,8,,12,5,
141311,FAIRFIELD MEMORIAL HOSPITAL 1,303 N W 11TH STREET,FAIRFIELD,IL,62837,WAYNE,(618) 842-2611,Critical Access Hospitals,Voluntary non-profit - Private,Yes,,3,,7,3,0,3,0,,8,Not Available,Not Available,Not Available,Not Available,5,11,6,1,5,0,,8,Not Available,5.0,12,9,
141312,ROCHELLE COMMUNITY HOSPITAL,900 N 2ND ST,ROCHELLE,IL,61068,OGLE,(815) 562-2181,Critical Access Hospitals,Voluntary non-profit - Private,Yes,,Not Available,16,7,1,0,1,0,,8,Not Available,Not Available,Not Available,Not Available,5,11,3,0,3,0,,8,Not Available,5.0,12,3,
141313,MASON DISTRICT HOSPITAL,"615 NORTH PROMENADE STREET,P O BOX 530",HAVANA,IL,62644,MASON,(309) 543-4431,Critical Access Hospitals,Government - Hospital District or Authority,Yes,,Not Available,16,7,Not Available,Not Available,Not Available,Not Available,5.0,8,Not Available,Not Available,Not Available,Not Available,5,11,2,0,2,0,,8,Not Available,5.0,12,6,
141315,ILLINI COMMUNITY HOSPITAL,640 W WASHINGTON,PITTSFIELD,IL,62363,PIKE,(217) 285-2113,Critical Access Hospitals,Voluntary non-profit - Private,Yes,,4,,7,3,0,3,0,,8,Not Available,Not Available,Not Available,Not Available,5,11,5,0,5,0,,8,8,,12,5,
141316,CARLE HOOPESTON REGIONAL HEALTH CENTER,701 EAST ORANGE STREET,HOOPESTON,IL,60942,VERMILION,(217) 283-5531,Critical Access Hospitals,Voluntary non-profit - Private,Yes,,Not Available,16,7,1,0,1,0,,8,Not Available,Not Available,Not Available,Not Available,5,11,3,0,3,0,,8,8,,12,3,
141317,GIBSON COMMUNITY HOSPITAL,1120 N MELVIN STREET,GIBSON CITY,IL,60936,FORD,(217) 784-4251,Critical Access Hospitals,Voluntary non-profit - Private,Yes,Y,4,,7,3,0,3,0,,8,2,0,2,0,,11,7,1,6,0,,8,8,,12,7,
141318,OSF HOLY FAMILY MEDICAL CENTER,1000 W HARLEM AVENUE,MONMOUTH,IL,61462,WARREN,(309) 734-3141,Critical Access Hospitals,Voluntary non-profit - Church,Yes,,Not Available,16,7,2,0,2,0,,8,Not Available,Not Available,Not Available,Not Available,5,11,4,0,4,0,,8,Not Available,5.0,12,9,
141319,HAMMOND HENRY HOSPITAL,600 N COLLEGE AVENUE,GENESEO,IL,61254,HENRY,(309) 944-6431,Critical Access Hospitals,Government - Hospital District or Authority,Yes,,Not Available,16,7,1,0,1,0,,8,Not Available,Not Available,Not Available,Not Available,5,11,3,0,3,0,,8,8,,12,4,
141320,PARIS COMMUNITY HOSPITAL,721 E COURT STREET,PARIS,IL,61944,EDGAR,(217) 465-4141,Critical Access Hospitals,Voluntary non-profit - Private,Yes,,2,,7,3,0,3,0,,8,Not Available,Not Available,Not Available,Not Available,5,11,5,0,5,0,,8,8,,12,8,
141321,FRANKLIN HOSPITAL,201 BAILEY LANE,BENTON,IL,62812,FRANKLIN,(618) 439-3161,Critical Access Hospitals,Government - Hospital District or Authority,Yes,,Not Available,16,7,2,0,2,0,,8,Not Available,Not Available,Not Available,Not Available,5,11,2,0,2,0,,8,Not Available,5.0,12,4,
141322,ABRAHAM LINCOLN MEMORIAL HOSPITAL,200 STAHLHUT DRIVE,LINCOLN,IL,62656,LOGAN,(217) 732-2161,Critical Access Hospitals,Voluntary non-profit - Private,Yes,,2,,7,3,0,3,0,,8,1,0,1,0,,11,6,0,6,0,,8,8,,12,6,
141323,MASSAC MEMORIAL HOSPITAL,"28 CHICK STREET, PO BOX 850",METROPOLIS,IL,62960,MASSAC,(618) 524-2176,Critical Access Hospitals,Government - Hospital District or Authority,Yes,,Not Available,16,7,2,0,2,0,,8,Not Available,Not Available,Not Available,Not Available,5,11,4,0,4,0,,8,Not Available,5.0,12,5,
141324,FERRELL HOSPITAL COMMUNITY FOUNDATIONS,1201 PINE STREET,ELDORADO,IL,62930,SALINE,(618) 273-3361,Critical Access Hospitals,Voluntary non-profit - Private,Yes,,2,,7,3,0,2,1,,8,2,0,2,0,,11,5,0,5,0,,8,Not Available,5.0,12,4,
141325,OSF SAINT LUKE MEDICAL CENTER,1051 WEST SOUTH STREET,KEWANEE,IL,61443,HENRY,(309) 853-3361,Critical Access Hospitals,Voluntary non-profit - Private,Yes,,5,,7,3,0,3,0,,8,Not Available,Not Available,Not Available,Not Available,5,11,5,0,5,0,,8,Not Available,5.0,12,7,
141326,HAMILTON MEMORIAL HOSPITAL,611 S MARSHALL AVENUE,MCLEANSBORO,IL,62859,HAMILTON,(618) 643-2361,Critical Access Hospitals,Government - Hospital District or Authority,Yes,,3,,7,3,0,3,0,,8,Not Available,Not Available,Not Available,Not Available,5,11,5,0,5,0,,8,Not Available,5.0,12,7,
141327,WABASH GENERAL HOSPITAL 1,1418 COLLEGE DRIVE,MOUNT CARMEL,IL,62863,WABASH,(618) 262-8621,Critical Access Hospitals,Government - Hospital District or Authority,Yes,,Not Available,5,7,Not Available,Not Available,Not Available,Not Available,5.0,8,Not Available,Not Available,Not Available,Not Available,5,11,Not Available,Not Available,Not Available,Not Available,5.0,8,Not Available,5.0,12,Not Available,5.0
141328,HARDIN COUNTY GENERAL HOSPITAL & CLINIC,FERRELL ROAD,ROSICLARE,IL,62982,HARDIN,(618) 285-6634,Critical Access Hospitals,Voluntary non-profit - Private,Yes,,2,,7,3,0,3,0,,8,Not Available,Not Available,Not Available,Not Available,5,11,4,0,4,0,,8,Not Available,5.0,12,4,
141329,MORRISON COMMUNITY HOSPITAL,303 N JACKSON STREET,MORRISON,IL,61270,WHITESIDE,(815) 772-4003,Critical Access Hospitals,Government - Hospital District or Authority,Yes,,Not Available,16,7,Not Available,Not Available,Not Available,Not Available,5.0,8,Not Available,Not Available,Not Available,Not Available,5,11,Not Available,Not Available,Not Available,Not Available,5.0,8,Not Available,5.0,12,3,
141330,HOPEDALE HOSPITAL,107 TREMONT STREET,HOPEDALE,IL,61747,TAZEWELL,(309) 449-3321,Critical Access Hospitals,Voluntary non-profit - Private,Yes,,Not Available,16,7,Not Available,Not Available,Not Available,Not Available,5.0,8,Not Available,Not Available,Not Available,Not Available,5,11,3,0,3,0,,8,Not Available,5.0,12,5,
141331,MARSHALL BROWNING HOSPITAL,900 NORTH WASHINGTON STREET,DU QUOIN,IL,62832,PERRY,(618) 542-2146,Critical Access Hospitals,Voluntary non-profit - Private,Yes,,Not Available,16,7,1,0,1,0,,8,Not Available,Not Available,Not Available,Not Available,5,11,3,0,3,0,,8,Not Available,5.0,12,3,
141332,HILLSBORO AREA HOSPITAL,1200 E TREMONT STREET,HILLSBORO,IL,62049,MONTGOMERY,(217) 532-6111,Critical Access Hospitals,Voluntary non-profit - Private,Yes,,Not Available,16,7,1,0,1,0,,8,Not Available,Not Available,Not Available,Not Available,5,11,3,0,3,0,,8,Not Available,5.0,12,4,
141333,SARAH D CULBERTSON MEMORIAL HOSPITAL,238 SOUTH CONGRESS STREET,RUSHVILLE,IL,62681,SCHUYLER,(217) 322-4321,Critical Access Hospitals,Government - Hospital District or Authority,Yes,,Not Available,16,7,Not Available,Not Available,Not Available,Not Available,5.0,8,Not Available,Not Available,Not Available,Not Available,5,11,Not Available,Not Available,Not Available,Not Available,5.0,8,Not Available,5.0,12,2,
141334,ST JOSEPH MEMORIAL HOSPITAL,2 SOUTH HOSPITAL DRIVE,MURPHYSBORO,IL,62966,JACKSON,(618) 684-3156,Critical Access Hospitals,Voluntary non-profit - Private,Yes,,Not Available,16,7,1,0,1,0,,8,Not Available,Not Available,Not Available,Not Available,5,11,4,0,4,0,,8,Not Available,5.0,12,8,
141335,MERCY HARVARD HOSPITAL,901 S GRANT STREET,HARVARD,IL,60033,MC HENRY,(815) 943-5431,Critical Access Hospitals,Voluntary non-profit - Private,Yes,,Not Available,16,7,Not Available,Not Available,Not Available,Not Available,5.0,8,Not Available,Not Available,Not Available,Not Available,5,11,2,0,2,0,,8,Not Available,5.0,12,8,
141336,ST JOSEPH'S HOSPITAL,12866 TROXLER AVENUE,HIGHLAND,IL,62249,MADISON,(618) 651-2600,Critical Access Hospitals,Voluntary non-profit - Church,Yes,,2,,7,3,0,3,0,,8,2,0,2,0,,11,6,0,6,0,,8,8,,12,6,
141337,OSF SAINT CLARE MEDICAL CENTER,530 PARK AVENUE EAST,PRINCETON,IL,61356,BUREAU,(815) 875-2811,Critical Access Hospitals,Voluntary non-profit - Church,Yes,,Not Available,16,7,2,0,2,0,,8,Not Available,Not Available,Not Available,Not Available,5,11,6,0,6,0,,8,8,,12,8,
141338,MEMORIAL HOSPITAL,1900 STATE ST,CHESTER,IL,62233,RANDOLPH,(618) 826-4581,Critical Access Hospitals,Government - Hospital District or Authority,Yes,,Not Available,16,7,1,0,1,0,,8,Not Available,Not Available,Not Available,Not Available,5,11,3,0,3,0,,8,Not Available,5.0,12,6,
141339,TAYLORVILLE MEMORIAL HOSPITAL,201 EAST PLEASANT STREET,TAYLORVILLE,IL,62568,CHRISTIAN,(217) 824-3331,Critical Access Hospitals,Voluntary non-profit - Private,Yes,,4,,7,3,0,3,0,,8,1,0,1,0,,11,6,0,6,0,,8,Not Available,5.0,12,6,
141340,VALLEY WEST COMMUNITY HOSPITAL,1301 NORTH MAIN STREET,SANDWICH,IL,60548,DE KALB,(815) 786-8484,Critical Access Hospitals,Voluntary non-profit - Private,Yes,,Not Available,16,7,1,0,1,0,,8,Not Available,Not Available,Not Available,Not Available,5,11,5,0,5,0,,8,Not Available,5.0,12,8,
141341,PANA COMMUNITY HOSPITAL,101 E NINTH STREET,PANA,IL,62557,CHRISTIAN,(217) 562-2131,Critical Access Hospitals,Voluntary non-profit - Private,Yes,,Not Available,16,7,2,0,2,0,,8,Not Available,Not Available,Not Available,Not Available,5,11,3,0,3,0,,8,Not Available,5.0,12,4,
141342,DEACONESS ILLINOIS UNION COUNTY,517 NORTH MAIN STREET,ANNA,IL,62906,UNION,(618) 833-4511,Critical Access Hospitals,Proprietary,Yes,,Not Available,16,7,1,0,1,0,,8,Not Available,Not Available,Not Available,Not Available,5,11,3,0,3,0,,8,Not Available,5.0,12,8,
141343,CRAWFORD MEMORIAL HOSPITAL,1000 NORTH ALLEN STREET,ROBINSON,IL,62454,CRAWFORD,(618) 544-3131,Critical Access Hospitals,Government - Hospital District or Authority,Yes,Y,5,,7,3,0,3,0,,8,Not Available,Not Available,Not Available,Not Available,5,11,4,0,4,0,,8,8,,12,8,
141344,LAWRENCE COUNTY MEMORIAL HOSPITAL,2200 STATE ST,LAWRENCEVILLE,IL,62439,LAWRENCE,(618) 943-1000,Critical Access Hospitals,Voluntary non-profit - Private,Yes,,Not Available,16,7,1,0,1,0,,8,Not Available,Not Available,Not Available,Not Available,5,11,2,1,1,0,,8,Not Available,5.0,12,2,
141345,SALEM TOWNSHIP HOSPITAL,1201 RICKER DRIVE,SALEM,IL,62881,MARION,(618) 548-3194,Critical Access Hospitals,Government - Local,Yes,,4,,7,3,0,3,0,,8,1,0,1,0,,11,6,1,5,0,,8,Not Available,5.0,12,7,
141346,FAYETTE COUNTY HOSPITAL,650 W TAYLOR ST,VANDALIA,IL,62471,FAYETTE,(618) 283-1231,Critical Access Hospitals,Voluntary non-profit - Other,Yes,,Not Available,16,7,2,0,2,0,,8,Not Available,Not Available,Not Available,Not Available,5,11,4,1,3,0,,8,Not Available,5.0,12,3,
141347,CARLINVILLE AREA HOSPITAL,20733 N BROAD STREET,CARLINVILLE,IL,62626,MACOUPIN,(217) 854-3141,Critical Access Hospitals,Voluntary non-profit - Private,Yes,,Not Available,16,7,2,0,2,0,,8,1,0,1,0,,11,3,1,2,0,,8,Not Available,5.0,12,4,
141348,RED BUD REGIONAL HOSPITAL,325 SPRING STREET,RED BUD,IL,62278,RANDOLPH,(618) 282-3831,Critical Access Hospitals,Proprietary,Yes,,Not Available,16,7,2,1,1,0,,8,2,0,2,0,,11,4,0,4,0,,8,8,,12,8,
141349,SPARTA COMMUNITY HOSPITAL,818 E BROADWAY,SPARTA,IL,62286,RANDOLPH,(618) 443-2177,Critical Access Hospitals,Government - Hospital District or Authority,Yes,,Not Available,16,7,2,0,2,0,,8,1,0,1,0,,11,4,0,4,0,,8,Not Available,5.0,12,4,
141350,ST FRANCIS HOSPITAL,1215 FRANCISCAN DR,LITCHFIELD,IL,62056,MONTGOMERY,(217) 324-2191,Critical Access Hospitals,Voluntary non-profit - Church,Yes,Y,3,,7,3,0,3,0,,8,1,0,1,0,,11,8,0,8,0,,8,8,,12,9,
141351,CLAY COUNTY HOSPITAL,911 STACY BURK DR,FLORA,IL,62839,CLAY,(618) 662-2131,Critical Access Hospitals,Government - Local,Yes,,4,,7,3,0,3,0,,8,Not Available,Not Available,Not Available,Not Available,5,11,6,0,6,0,,8,8,,12,6,
141352,JACKSONVILLE MEMORIAL HOSPITAL,1600 W WALNUT ST,JACKSONVILLE,IL,62650,MORGAN,(217) 245-9551,Critical Access Hospitals,Voluntary non-profit - Private,Yes,,Not Available,16,7,Not Available,Not Available,Not Available,Not Available,5.0,8,Not Available,Not Available,Not Available,Not Available,5,11,2,0,2,0,,8,Not Available,5.0,12,5,
141353,IROQUOIS MEMORIAL HOSPITAL,200 FAIRMAN STREET,WATSEKA,IL,60970,IROQUOIS,(815) 432-5201,Critical Access Hospitals,Voluntary non-profit - Private,Yes,,Not Available,16,7,Not Available,Not Available,Not Available,Not Available,5.0,8,Not Available,Not Available,Not Available,Not Available,5,11,Not Available,Not Available,Not Available,Not Available,5.0,8,Not Available,5.0,12,2,
141354,HSHS GOOD SHEPHERD HOSPITAL INC,200 S CEDAR ST,SHELBYVILLE,IL,62565,SHELBY,(217) 774-3961,Critical Access Hospitals,Voluntary non-profit - Private,Yes,,Not Available,16,7,Not Available,Not Available,Not Available,Not Available,5.0,8,Not Available,Not Available,Not Available,Not Available,5,11,Not Available,Not Available,Not Available,Not Available,5.0,8,Not Available,5.0,12,Not Available,5.0
141355,CARLE RICHLAND MEMORIAL HOSPITAL,800 EAST LOCUST STREET,OLNEY,IL,62450,RICHLAND,(618) 395-2131,Critical Access Hospitals,Voluntary non-profit - Private,Yes,Y,Not Available,5,Not Available,Not Available,Not Available,Not Available,Not Available,5.0,Not Available,Not Available,Not Available,Not Available,Not Available,5,Not Available,Not Available,Not Available,Not Available,Not Available,5.0,Not Available,Not Available,5.0,Not Available,Not Available,5.0
151300,COMMUNITY HOSPITAL OF BREMEN INC,1020 HIGH RD,BREMEN,IN,46506,MARSHALL,(574) 546-2211,Critical Access Hospitals,Voluntary non-profit - Private,Yes,Y,Not Available,16,7,Not Available,Not Available,Not Available,Not Available,5.0,8,Not Available,Not Available,Not Available,Not Available,5,11,2,0,2,0,,8,8,,12,3,
151301,ASCENSION ST VINCENT RANDOLPH,473 E GREENVILLE AVE,WINCHESTER,IN,47394,RANDOLPH,(765) 584-0004,Critical Access Hospitals,Voluntary non-profit - Private,Yes,Y,Not Available,16,7,Not Available,Not Available,Not Available,Not Available,5.0,8,Not Available,Not Available,Not Available,Not Available,5,11,2,0,2,0,,8,Not Available,5.0,12,7,
151303,ASCENSION ST VINCENT JENNINGS,301 HENRY ST,NORTH VERNON,IN,47265,JENNINGS,(812) 352-4228,Critical Access Hospitals,Voluntary non-profit - Church,Yes,,Not Available,16,7,Not Available,Not Available,Not Available,Not Available,5.0,8,Not Available,Not Available,Not Available,Not Available,5,11,3,1,2,0,,8,Not Available,5.0,12,6,
151304,RUSH MEMORIAL HOSPITAL,1300 N MAIN ST,RUSHVILLE,IN,46173,RUSH,(765) 932-4111,Critical Access Hospitals,Government - Local,Yes,,Not Available,16,7,2,0,2,0,,8,Not Available,Not Available,Not Available,Not Available,5,11,5,1,4,0,,8,Not Available,5.0,12,7,
151305,PULASKI MEMORIAL HOSPITAL,616 E 13TH ST,WINAMAC,IN,46996,PULASKI,(574) 946-2100,Critical Access Hospitals,Voluntary non-profit - Other,Yes,,Not Available,16,7,1,0,1,0,,8,Not Available,Not Available,Not Available,Not Available,5,11,2,0,2,0,,8,Not Available,5.0,12,8,
151306,INDIANA UNIVERSITY HEALTH PAOLI HOSPITAL,642 W HOSPITAL RD,PAOLI,IN,47454,ORANGE,(812) 723-2811,Critical Access Hospitals,Voluntary non-profit - Private,Yes,Y,Not Available,16,7,1,0,1,0,,8,Not Available,Not Available,Not Available,Not Available,5,11,3,0,3,0,,8,Not Available,5.0,12,7,
151307,ASCENSION ST VINCENT WILLIAMSPORT,412 N MONROE ST,WILLIAMSPORT,IN,47993,WARREN,(765) 762-4001,Critical Access Hospitals,Voluntary non-profit - Church,Yes,,3,,7,3,0,3,0,,8,Not Available,Not Available,Not Available,Not Available,5,11,5,0,5,0,,8,Not Available,5.0,12,6,
151308,ASCENSION ST VINCENT MERCY,1331 S A ST,ELWOOD,IN,46036,MADISON,(765) 552-4743,Critical Access Hospitals,Voluntary non-profit - Church,Yes,,Not Available,16,7,Not Available,Not Available,Not Available,Not Available,5.0,8,Not Available,Not Available,Not Available,Not Available,5,11,2,0,2,0,,8,Not Available,5.0,12,6,
151309,ASCENSION ST VINCENT CLAY,1206 E NATIONAL AVE,BRAZIL,IN,47834,CLAY,(812) 442-2500,Critical Access Hospitals,Voluntary non-profit - Private,Yes,,Not Available,16,7,Not Available,Not Available,Not Available,Not Available,5.0,8,Not Available,Not Available,Not Available,Not Available,5,11,2,0,2,0,,8,Not Available,5.0,12,6,
151310,"PARKVIEW WABASH HOSPITAL, INC",10 JOHN KISSINGER DRIVE,WABASH,IN,46992,WABASH,(260) 569-2160,Critical Access Hospitals,Voluntary non-profit - Private,Yes,,4,,7,3,0,3,0,,8,1,0,1,0,,11,6,0,6,0,,8,8,,12,9,
151311,INDIANA UNIVERSITY HEALTH TIPTON HOSPITAL INC,1000 S MAIN ST,TIPTON,IN,46072,TIPTON,(765) 675-8500,Critical Access Hospitals,Voluntary non-profit - Other,Yes,,Not Available,16,7,2,0,2,0,,8,1,0,1,0,,11,6,0,6,0,,8,Not Available,5.0,12,7,
151312,INDIANA UNIVERSITY HEALTH WHITE MEMORIAL HOSPITAL,720 SOUTH SIXTH ST,MONTICELLO,IN,47960,WHITE,(574) 583-7111,Critical Access Hospitals,Voluntary non-profit - Private,Yes,,5,,7,4,0,4,0,,8,1,0,1,0,,11,7,0,7,0,,8,Not Available,5.0,12,9,
151313,WOODLAWN HOSPITAL,1400 E 9TH ST,ROCHESTER,IN,46975,FULTON,(574) 223-3141,Critical Access Hospitals,Government - Local,Yes,,Not Available,16,7,1,0,1,0,,8,1,0,1,0,,11,4,0,4,0,,8,Not Available,5.0,12,4,
151314,ASCENSION ST VINCENT SALEM,911 N SHELBY ST,SALEM,IN,47167,WASHINGTON,(812) 883-5881,Critical Access Hospitals,Voluntary non-profit - Private,Yes,,Not Available,16,7,Not Available,Not Available,Not Available,Not Available,5.0,8,Not Available,Not Available,Not Available,Not Available,5,11,2,0,2,0,,8,Not Available,5.0,12,5,
151315,CAMERON MEMORIAL COMMUNITY HOSPITAL INC,416 E MAUMEE ST,ANGOLA,IN,46703,STEUBEN,(260) 665-2141,Critical Access Hospitals,Voluntary non-profit - Private,Yes,Y,3,,7,3,0,3,0,,8,2,0,2,0,,11,5,0,5,0,,8,8,,12,9,
151316,INDIANA UNIVERSITY HEALTH FRANKFORT INC,1300 S JACKSON ST,FRANKFORT,IN,46041,CLINTON,(765) 656-3000,Critical Access Hospitals,Voluntary non-profit - Private,Yes,,Not Available,16,7,2,0,2,0,,8,Not Available,Not Available,Not Available,Not Available,5,11,4,1,3,0,,8,Not Available,5.0,12,8,
151317,GREENE COUNTY GENERAL HOSPITAL,1185 N 1000 W,LINTON,IN,47441,GREENE,(812) 847-2281,Critical Access Hospitals,Government - Local,Yes,Y,3,,7,3,0,3,0,,8,Not Available,Not Available,Not Available,Not Available,5,11,6,0,6,0,,8,8,,12,4,
151318,DUKES MEMORIAL HOSPITAL,275 W 12TH ST,PERU,IN,46970,MIAMI,(765) 472-8000,Critical Access Hospitals,Proprietary,Yes,Y,3,,7,3,0,3,0,,8,1,0,1,0,,11,6,0,5,1,,8,8,,12,9,
151319,GIBSON GENERAL HOSPITAL,1808 SHERMAN DR,PRINCETON,IN,47670,GIBSON,(812) 385-3401,Critical Access Hospitals,Voluntary non-profit - Private,Yes,,Not Available,16,7,1,0,1,0,,8,Not Available,Not Available,Not Available,Not Available,5,11,2,0,2,0,,8,Not Available,5.0,12,5,
151320,"INDIANA UNIVERSITY HEALTH JAY, INC.",500 W VOTAW ST,PORTLAND,IN,47371,JAY,(260) 726-7131,Critical Access Hospitals,Government - Local,Yes,,Not Available,16,7,2,0,2,0,,8,Not Available,Not Available,Not Available,Not Available,5,11,4,1,3,0,,8,Not Available,5.0,12,8,
151322,PERRY COUNTY MEMORIAL HOSPITAL,8885 SR 237,TELL CITY,IN,47586,PERRY,(812) 547-7011,Critical Access Hospitals,Voluntary non-profit - Other,Yes,,3,,7,3,0,3,0,,8,Not Available,Not Available,Not Available,Not Available,5,11,5,1,4,0,,8,8,,12,6,
151323,PARKVIEW LAGRANGE HOSPITAL,207 N TOWNLINE RD,LAGRANGE,IN,46761,LAGRANGE,(260) 463-9000,Critical Access Hospitals,Voluntary non-profit - Private,Yes,,Not Available,16,7,2,0,2,0,,8,1,0,1,0,,11,5,0,5,0,,8,8,,12,8,
151324,"FRANCISCAN HEALTH RENSSELAER, INC",1104 E GRACE ST,RENSSELAER,IN,47978,JASPER,(219) 866-5141,Critical Access Hospitals,Voluntary non-profit - Private,Yes,,Not Available,16,7,2,0,2,0,,8,Not Available,Not Available,Not Available,Not Available,5,11,5,0,5,0,,8,Not Available,5.0,12,8,
151325,ASCENSION ST VINCENT WARRICK,1116 MILLIS AVE,BOONVILLE,IN,47601,WARRICK,(812) 897-4800,Critical Access Hospitals,Voluntary non-profit - Private,Yes,,Not Available,16,7,Not Available,Not Available,Not Available,Not Available,5.0,8,Not Available,Not Available,Not Available,Not Available,5,11,1,0,1,0,,8,Not Available,5.0,12,6,
151326,UNION HOSPITAL CLINTON,801 S MAIN ST,CLINTON,IN,47842,VERMILLION,(765) 832-1234,Critical Access Hospitals,Voluntary non-profit - Private,Yes,,3,,7,3,0,3,0,,8,Not Available,Not Available,Not Available,Not Available,5,11,4,0,4,0,,8,Not Available,5.0,12,7,
151327,SULLIVAN COUNTY COMMUNITY HOSPITAL,2200 N SECTION ST,SULLIVAN,IN,47882,SULLIVAN,(812) 268-4311,Critical Access Hospitals,Government - Local,Yes,Y,Not Available,16,7,2,0,2,0,,8,Not Available,Not Available,Not Available,Not Available,5,11,5,0,5,0,,8,Not Available,5.0,12,7,
151328,INDIANA UNIVERSITY HEALTH BEDFORD HOSPITAL,2900 W 16TH ST,BEDFORD,IN,47421,LAWRENCE,(812) 275-1200,Critical Access Hospitals,Voluntary non-profit - Private,Yes,,5,,7,4,0,4,0,,8,2,1,1,0,,11,8,1,7,0,,8,Not Available,5.0,12,9,
151329,MARGARET MARY COMMUNITY HOSPITAL INC,321 MITCHELL AVE,BATESVILLE,IN,47006,FRANKLIN,(812) 934-6624,Critical Access Hospitals,Voluntary non-profit - Private,Yes,Y,1,,7,3,0,3,0,,8,2,0,2,0,,11,8,0,7,1,,8,8,,12,10,
151330,ADAMS MEMORIAL HOSPITAL,1100 MERCER AVE,DECATUR,IN,46733,ADAMS,(260) 724-2145,Critical Access Hospitals,Government - Local,Yes,Y,Not Available,5,7,Not Available,Not Available,Not Available,Not Available,5.0,8,Not Available,Not Available,Not Available,Not Available,5,11,Not Available,Not Available,Not Available,Not Available,5.0,8,Not Available,5.0,12,Not Available,5.0
151331,HARRISON COUNTY HOSPITAL,245 ATWOOD STREET,CORYDON,IN,47112,HARRISON,(812) 738-4251,Critical Access Hospitals,Government - Local,Yes,Y,3,,7,3,0,3,0,,8,Not Available,Not Available,Not Available,Not Available,5,11,5,0,4,1,,8,8,,12,8,
151332,DECATUR COUNTY MEMORIAL HOSPITAL,720 NORTH LINCOLN STREET,GREENSBURG,IN,47240,DECATUR,(812) 663-4331,Critical Access Hospitals,Government - Local,Yes,Y,3,,7,3,0,3,0,,8,1,0,1,0,,11,8,1,7,0,,8,8,,12,9,
151333,PUTNAM COUNTY HOSPITAL,1542 S BLOOMINGTON ST,GREENCASTLE,IN,46135,PUTNAM,(765) 653-5121,Critical Access Hospitals,Government - Local,Yes,,5,,7,3,0,3,0,,8,Not Available,Not Available,Not Available,Not Available,5,11,5,0,5,0,,8,Not Available,5.0,12,7,
151334,NORTON SCOTT HOSPITAL,1451 N GARDNER ST,SCOTTSBURG,IN,47170,SCOTT,(812) 752-3456,Critical Access Hospitals,Proprietary,Yes,,4,,7,3,0,3,0,,8,Not Available,Not Available,Not Available,Not Available,5,11,5,1,4,0,,8,Not Available,5.0,12,7,
161301,IOWA SPECIALTY HOSPITAL - BELMOND,403 FIRST STREET SE,BELMOND,IA,50421,WRIGHT,(641) 444-3223,Critical Access Hospitals,Government - Local,Yes,,Not Available,16,7,1,0,1,0,,8,Not Available,Not Available,Not Available,Not Available,5,11,2,0,2,0,,8,8,,12,4,
161302,IOWA SPECIALTY HOSPITAL - CLARION,1316 SOUTH MAIN STREET,CLARION,IA,50525,WRIGHT,(515) 532-2811,Critical Access Hospitals,Government - Local,Yes,Y,Not Available,16,7,1,0,1,0,,8,2,0,2,0,,11,3,0,3,0,,8,8,,12,7,
161303,GRUNDY COUNTY MEMORIAL HOSPITAL,201 EAST J AVENUE,GRUNDY CENTER,IA,50638,GRUNDY,(319) 824-5421,Critical Access Hospitals,Voluntary non-profit - Other,Yes,,Not Available,16,7,1,0,1,0,,8,Not Available,Not Available,Not Available,Not Available,5,11,4,0,4,0,,8,Not Available,5.0,12,5,
161304,CHI HEALTH - MERCY CORNING,603 ROSARY DRIVE,CORNING,IA,50841,ADAMS,(641) 322-3121,Critical Access Hospitals,Voluntary non-profit - Church,Yes,,Not Available,16,7,2,0,2,0,,8,Not Available,Not Available,Not Available,Not Available,5,11,2,0,2,0,,8,Not Available,5.0,12,6,
161305,POCAHONTAS COMMUNITY HOSPITAL,606 N W 7TH STREET,POCAHONTAS,IA,50574,POCAHONTAS,(712) 335-3501,Critical Access Hospitals,Government - Local,Yes,,Not Available,16,7,Not Available,Not Available,Not Available,Not Available,5.0,8,Not Available,Not Available,Not Available,Not Available,5,11,1,0,1,0,,8,Not Available,5.0,12,3,
161306,JONES REGIONAL MEDICAL CENTER,1795 HIGHWAY 64 EAST,ANAMOSA,IA,52205,JONES,(319) 462-6131,Critical Access Hospitals,Voluntary non-profit - Private,Yes,,Not Available,16,7,2,0,2,0,,8,Not Available,Not Available,Not Available,Not Available,5,11,4,1,3,0,,8,8,,12,6,
161307,HANCOCK COUNTY HEALTH SYSTEM,532 1ST ST NW,BRITT,IA,50423,HANCOCK,(641) 843-5000,Critical Access Hospitals,Government - Local,Yes,,Not Available,16,7,1,0,1,0,,8,1,0,1,0,,11,4,1,3,0,,8,Not Available,5.0,12,6,
161308,FRANKLIN GENERAL HOSPITAL,1720 CENTRAL AVENUE EAST,HAMPTON,IA,50441,FRANKLIN,(641) 456-5000,Critical Access Hospitals,Government - Local,Yes,,Not Available,16,7,1,0,1,0,,8,Not Available,Not Available,Not Available,Not Available,5,11,3,0,3,0,,8,Not Available,5.0,12,7,
161309,CHI HEALTH MISSOURI VALLEY,631 N 8TH ST,MISSOURI VALLEY,IA,51555,HARRISON,(712) 642-2784,Critical Access Hospitals,Voluntary non-profit - Private,Yes,,Not Available,16,7,2,0,2,0,,8,Not Available,Not Available,Not Available,Not Available,5,11,3,0,3,0,,8,Not Available,5.0,12,7,
161310,ADAIR COUNTY MEMORIAL HOSPITAL,609 SE KENT,GREENFIELD,IA,50849,ADAIR,(641) 743-2123,Critical Access Hospitals,Government - Local,Yes,,Not Available,16,7,Not Available,Not Available,Not Available,Not Available,5.0,8,Not Available,Not Available,Not Available,Not Available,5,11,1,0,1,0,,8,Not Available,5.0,12,3,
161311,HAWARDEN REGIONAL HEALTHCARE,1111 11TH STREET,HAWARDEN,IA,51023,SIOUX,(712) 551-3100,Critical Access Hospitals,Government - Local,Yes,,Not Available,16,7,1,0,1,0,,8,Not Available,Not Available,Not Available,Not Available,5,11,3,0,3,0,,8,Not Available,5.0,12,5,
161312,GUTTENBERG MUNICIPAL HOSPITAL,200 MAIN STREET,GUTTENBERG,IA,52052,CLAYTON,(563) 252-1121,Critical Access Hospitals,Government - Local,Yes,,Not Available,16,7,Not Available,Not Available,Not Available,Not Available,5.0,8,Not Available,Not Available,Not Available,Not Available,5,11,1,0,1,0,,8,Not Available,5.0,12,6,
161313,GENESIS MEDICAL CENTER-DEWITT,1118 11TH STREET,DEWITT,IA,52742,CLINTON,(563) 659-4200,Critical Access Hospitals,Voluntary non-profit - Private,Yes,,Not Available,16,7,1,0,1,0,,8,Not Available,Not Available,Not Available,Not Available,5,11,3,0,3,0,,8,Not Available,5.0,12,6,
161314,GUTHRIE COUNTY HOSPITAL,710 NORTH 12TH STREET,GUTHRIE CENTER,IA,50115,GUTHRIE,(641) 747-2201,Critical Access Hospitals,Voluntary non-profit - Other,Yes,,Not Available,16,7,Not Available,Not Available,Not Available,Not Available,5.0,8,Not Available,Not Available,Not Available,Not Available,5,11,2,0,2,0,,8,Not Available,5.0,12,5,
161315,KEOKUK COUNTY HEALTH CENTER,23019 HIGHWAY 149,SIGOURNEY,IA,52591,KEOKUK,(641) 622-2720,Critical Access Hospitals,Government - Hospital District or Authority,Yes,,Not Available,16,7,Not Available,Not Available,Not Available,Not Available,5.0,8,Not Available,Not Available,Not Available,Not Available,5,11,Not Available,Not Available,Not Available,Not Available,5.0,8,Not Available,5.0,12,2,
161316,GUNDERSEN PALMER LUTHERAN HOSPITAL AND CLINICS,112 JEFFERSON STREET,WEST UNION,IA,52175,FAYETTE,(563) 422-3811,Critical Access Hospitals,Voluntary non-profit - Private,Yes,,Not Available,16,7,2,0,2,0,,8,Not Available,Not Available,Not Available,Not Available,5,11,3,0,3,0,,8,Not Available,5.0,12,6,
161317,COMPASS MEMORIAL HEALTHCARE,300 W MAY ST,MARENGO,IA,52301,IOWA,(319) 642-5543,Critical Access Hospitals,Government - Local,Yes,,Not Available,16,7,1,0,1,0,,8,Not Available,Not Available,Not Available,Not Available,5,11,4,0,4,0,,8,8,,12,5,
161318,VETERANS MEMORIAL HOSPITAL,40 1ST STREET SE,WAUKON,IA,52172,ALLAMAKEE,(563) 568-3411,Critical Access Hospitals,Government - Local,Yes,,Not Available,16,7,1,0,1,0,,8,1,0,1,0,,11,4,0,4,0,,8,Not Available,5.0,12,3,
161319,MERCYONE ELKADER MEDICAL CENTER,901 DAVIDSON STREET NW,ELKADER,IA,52043,CLAYTON,(563) 245-7000,Critical Access Hospitals,Voluntary non-profit - Private,Yes,,Not Available,16,7,Not Available,Not Available,Not Available,Not Available,5.0,8,Not Available,Not Available,Not Available,Not Available,5,11,1,0,1,0,,8,Not Available,5.0,12,4,
161320,COMMUNITY MEMORIAL HOSPITAL MEDICAL CENTER,909 WEST FIRST STREET,SUMNER,IA,50674,BREMER,(563) 578-3275,Critical Access Hospitals,Voluntary non-profit - Private,Yes,,Not Available,16,7,1,0,1,0,,8,Not Available,Not Available,Not Available,Not Available,5,11,3,0,3,0,,8,Not Available,5.0,12,3,
161321,AVERA MERRILL PIONEER HOSPITAL,1100 S 10TH AVE,ROCK RAPIDS,IA,51246,LYON,(712) 472-2591,Critical Access Hospitals,Voluntary non-profit - Private,Yes,,Not Available,16,7,Not Available,Not Available,Not Available,Not Available,5.0,8,Not Available,Not Available,Not Available,Not Available,5,11,2,0,2,0,,8,Not Available,5.0,12,2,
161322,DALLAS COUNTY HOSPITAL,610 TENTH STREET,PERRY,IA,50220,DALLAS,(515) 465-3547,Critical Access Hospitals,Government - Local,Yes,,Not Available,16,7,Not Available,Not Available,Not Available,Not Available,5.0,8,Not Available,Not Available,Not Available,Not Available,5,11,Not Available,Not Available,Not Available,Not Available,5.0,8,Not Available,5.0,12,4,
161323,MITCHELL COUNTY REGIONAL HEALTH,616 NORTH EIGHTH STREET,OSAGE,IA,50461,MITCHELL,(641) 732-6000,Critical Access Hospitals,Government - Federal,No,,Not Available,16,7,1,0,0,1,,8,Not Available,Not Available,Not Available,Not Available,5,11,2,0,2,0,,8,Not Available,5.0,12,5,
161324,GEORGE C GRAPE COMMUNITY HOSPITAL,2959 US HIGHWAY 275,HAMBURG,IA,51640,FREMONT,(712) 382-1515,Critical Access Hospitals,Voluntary non-profit - Private,Yes,,Not Available,16,7,Not Available,Not Available,Not Available,Not Available,5.0,8,Not Available,Not Available,Not Available,Not Available,5,11,2,0,2,0,,8,Not Available,5.0,12,3,
161325,GREENE COUNTY MEDICAL CENTER,1000 WEST LINCOLN WAY,JEFFERSON,IA,50129,GREENE,(515) 386-2114,Critical Access Hospitals,Government - Local,Yes,,Not Available,16,7,1,0,1,0,,8,Not Available,Not Available,Not Available,Not Available,5,11,3,0,3,0,,8,Not Available,5.0,12,5,
161326,MADISON COUNTY HEALTH CARE SYSTEM,300 WEST HUTCHINGS STREET,WINTERSET,IA,50273,MADISON,(515) 462-2373,Critical Access Hospitals,Government - Local,Yes,,Not Available,16,7,1,0,1,0,,8,Not Available,Not Available,Not Available,Not Available,5,11,3,0,3,0,,8,Not Available,5.0,12,5,
161327,DAVIS COUNTY HOSPITAL,509 NORTH MADISON STREET,BLOOMFIELD,IA,52537,DAVIS,(641) 664-2145,Critical Access Hospitals,Government - Local,Yes,,Not Available,16,7,Not Available,Not Available,Not Available,Not Available,5.0,8,Not Available,Not Available,Not Available,Not Available,5,11,1,0,1,0,,8,Not Available,5.0,12,6,
161328,REGIONAL HEALTH SERVICES OF HOWARD COUNTY,235 8TH AVENUE WEST,CRESCO,IA,52136,HOWARD,(563) 547-2101,Critical Access Hospitals,Government - Local,Yes,Y,Not Available,16,7,2,0,2,0,,8,Not Available,Not Available,Not Available,Not Available,5,11,5,2,3,0,,8,Not Available,5.0,12,5,
161329,JACKSON COUNTY REGIONAL HEALTH CENTER,700 W GROVE ST,MAQUOKETA,IA,52060,JACKSON,(563) 652-2474,Critical Access Hospitals,Government - Local,Yes,,Not Available,16,7,1,0,1,0,,8,Not Available,Not Available,Not Available,Not Available,5,11,2,0,2,0,,8,Not Available,5.0,12,5,
161330,AUDUBON COUNTY MEMORIAL HOSPITAL,515 PACIFIC AVENUE,AUDUBON,IA,50025,AUDUBON,(712) 563-2611,Critical Access Hospitals,Government - Local,Yes,,Not Available,16,7,Not Available,Not Available,Not Available,Not Available,5.0,8,Not Available,Not Available,Not Available,Not Available,5,11,1,0,1,0,,8,Not Available,5.0,12,4,
161331,MERCY MEDICAL CENTER-NEW HAMPTON,308 NORTH MAPLE AVENUE,NEW HAMPTON,IA,50659,CHICKASAW,(641) 394-4121,Critical Access Hospitals,Voluntary non-profit - Church,Yes,,Not Available,16,7,Not Available,Not Available,Not Available,Not Available,5.0,8,Not Available,Not Available,Not Available,Not Available,5,11,2,0,2,0,,8,Not Available,5.0,12,5,
161332,MANNING REGIONAL HEALTHCARE CENTER,1550 SIXTH STREET,MANNING,IA,51455,CARROLL,(712) 655-2072,Critical Access Hospitals,Voluntary non-profit - Private,No,,Not Available,16,7,1,0,1,0,,8,Not Available,Not Available,Not Available,Not Available,5,11,2,0,2,0,,8,Not Available,5.0,12,3,
161333,STORY COUNTY HOSPITAL,640 SOUTH 19TH STREET,NEVADA,IA,50201,STORY,(515) 382-2111,Critical Access Hospitals,Government - Local,Yes,,Not Available,16,7,Not Available,Not Available,Not Available,Not Available,5.0,8,Not Available,Not Available,Not Available,Not Available,5,11,2,0,2,0,,8,Not Available,5.0,12,6,
161334,HUMBOLDT COUNTY MEMORIAL HOSPITAL,1000 NORTH 15TH STREET,HUMBOLDT,IA,50548,HUMBOLDT,(515) 332-4200,Critical Access Hospitals,Voluntary non-profit - Other,Yes,,Not Available,16,7,1,0,1,0,,8,Not Available,Not Available,Not Available,Not Available,5,11,3,0,3,0,,8,Not Available,5.0,12,5,
161335,BUCHANAN COUNTY HEALTH CENTER,1600 FIRST ST EAST,INDEPENDENCE,IA,50644,BUCHANAN,(319) 332-0999,Critical Access Hospitals,Government - Local,Yes,,Not Available,16,7,1,0,1,0,,8,Not Available,Not Available,Not Available,Not Available,5,11,4,0,4,0,,8,Not Available,5.0,12,5,
161336,HEGG MEMORIAL HEALTH CENTER,1202 21ST AVENUE,ROCK VALLEY,IA,51247,SIOUX,(712) 476-8000,Critical Access Hospitals,Voluntary non-profit - Private,Yes,,Not Available,16,7,1,0,1,0,,8,Not Available,Not Available,Not Available,Not Available,5,11,2,0,2,0,,8,Not Available,5.0,12,5,
161337,VAN BUREN COUNTY HOSPITAL,304 FRANKLIN STREET,KEOSAUQUA,IA,52565,VAN BUREN,(319) 293-3171,Critical Access Hospitals,Government - Local,Yes,,Not Available,16,7,1,0,1,0,,8,Not Available,Not Available,Not Available,Not Available,5,11,2,0,2,0,,8,Not Available,5.0,12,5,
161338,MERCYONE OELWEIN MEDICAL CENTER,201 EIGHTH AVENUE SE,OELWEIN,IA,50662,FAYETTE,(319) 283-6000,Critical Access Hospitals,Voluntary non-profit - Private,Yes,,Not Available,16,7,1,0,1,0,,8,Not Available,Not Available,Not Available,Not Available,5,11,1,0,1,0,,8,Not Available,5.0,12,4,
161339,WAVERLY HEALTH CENTER,312  9TH STREET SW,WAVERLY,IA,50677,BREMER,(319) 352-4120,Critical Access Hospitals,Government - Local,Yes,Y,Not Available,16,7,2,0,2,0,,8,Not Available,Not Available,Not Available,Not Available,5,11,4,0,4,0,,8,8,,12,6,
161340,DECATUR COUNTY HOSPITAL,1405 NW CHURCH STREET,LEON,IA,50144,DECATUR,(641) 446-4871,Critical Access Hospitals,Government - Local,Yes,,Not Available,16,7,1,0,1,0,,8,Not Available,Not Available,Not Available,Not Available,5,11,2,0,2,0,,8,Not Available,5.0,12,3,
161341,LUCAS COUNTY HEALTH CENTER,1200 NORTH 7TH STREET,CHARITON,IA,50049,LUCAS,(641) 774-3000,Critical Access Hospitals,Voluntary non-profit - Other,Yes,,Not Available,16,7,1,0,1,0,,8,Not Available,Not Available,Not Available,Not Available,5,11,2,0,2,0,,8,Not Available,5.0,12,7,
161342,MONROE COUNTY HOSPITAL,6580 165TH STREET,ALBIA,IA,52531,MONROE,(641) 932-2134,Critical Access Hospitals,Government - Local,Yes,,Not Available,16,7,1,0,1,0,,8,Not Available,Not Available,Not Available,Not Available,5,11,2,0,1,1,,8,Not Available,5.0,12,6,
161343,REGIONAL MEDICAL CENTER,709 W MAIN STREET,MANCHESTER,IA,52057,DELAWARE,(563) 927-3232,Critical Access Hospitals,Government - Local,Yes,,Not Available,16,7,2,0,2,0,,8,1,0,1,0,,11,5,0,5,0,,8,8,,12,5,
161344,WASHINGTON COUNTY HOSPITAL AND CLINICS,400 EAST POLK STREET,WASHINGTON,IA,52353,WASHINGTON,(319) 653-5481,Critical Access Hospitals,Government - Local,Yes,,Not Available,16,7,2,0,2,0,,8,Not Available,Not Available,Not Available,Not Available,5,11,4,1,3,0,,8,Not Available,5.0,12,3,
161345,OSCEOLA COMMUNITY HOSPITAL,600 9TH AVENUE NORTH,SIBLEY,IA,51249,OSCEOLA,(712) 754-2574,Critical Access Hospitals,Voluntary non-profit - Private,Yes,,Not Available,16,7,Not Available,Not Available,Not Available,Not Available,5.0,8,Not Available,Not Available,Not Available,Not Available,5,11,2,0,2,0,,8,Not Available,5.0,12,4,
161346,SIOUX CENTER HEALTH,1101 9TH STREET SE,SIOUX CENTER,IA,51250,SIOUX,(712) 722-1271,Critical Access Hospitals,Voluntary non-profit - Private,Yes,,Not Available,16,7,1,0,1,0,,8,Not Available,Not Available,Not Available,Not Available,5,11,5,0,5,0,,8,8,,12,5,
161347,FLOYD COUNTY MEDICAL CENTER,800 11TH ST,CHARLES CITY,IA,50616,FLOYD,(641) 228-6830,Critical Access Hospitals,Government - Local,Yes,Y,3,,7,3,0,3,0,,8,Not Available,Not Available,Not Available,Not Available,5,11,4,0,4,0,,8,Not Available,5.0,12,7,
161348,CLARKE COUNTY HOSPITAL,800 S FILLMORE ST,OSCEOLA,IA,50213,CLARKE,(641) 342-2184,Critical Access Hospitals,Voluntary non-profit - Other,Yes,,Not Available,16,7,2,0,2,0,,8,Not Available,Not Available,Not Available,Not Available,5,11,5,0,5,0,,8,Not Available,5.0,12,6,
161349,VIRGINIA GAY HOSPITAL,502 NORTH 9TH AVENUE,VINTON,IA,52349,BENTON,(319) 472-6200,Critical Access Hospitals,Voluntary non-profit - Private,Yes,,Not Available,16,7,2,0,2,0,,8,Not Available,Not Available,Not Available,Not Available,5,11,4,0,4,0,,8,8,,12,6,
161350,STEWART MEMORIAL COMMUNITY HOSPITAL,1301 WEST MAIN STREET,LAKE CITY,IA,51449,CALHOUN,(712) 464-3171,Critical Access Hospitals,Voluntary non-profit - Private,Yes,Y,Not Available,16,7,1,0,1,0,,8,Not Available,Not Available,Not Available,Not Available,5,11,3,0,3,0,,8,Not Available,5.0,12,4,
161351,AVERA HOLY FAMILY HOSPITAL,826 NORTH 8TH STREET,ESTHERVILLE,IA,51334,EMMET,(712) 362-2631,Critical Access Hospitals,Voluntary non-profit - Private,Yes,,Not Available,16,7,2,0,2,0,,8,1,0,1,0,,11,5,0,5,0,,8,Not Available,5.0,12,5,
161352,CLARINDA REGIONAL HEALTH CENTER,220 ESSIE DAVISON DRIVE,CLARINDA,IA,51632,PAGE,(712) 542-2176,Critical Access Hospitals,Government - Local,Yes,,4,,7,3,0,3,0,,8,Not Available,Not Available,Not Available,Not Available,5,11,6,1,5,0,,8,Not Available,5.0,12,7,
161353,KOSSUTH REGIONAL HEALTH CENTER,1515 SOUTH PHILLIPS STREET,ALGONA,IA,50511,KOSSUTH,(515) 295-2451,Critical Access Hospitals,Government - Local,Yes,Y,2,,7,3,0,3,0,,8,Not Available,Not Available,Not Available,Not Available,5,11,4,0,4,0,,8,8,,12,8,
161354,HORN MEMORIAL HOSPITAL,701 E 2ND ST,IDA GROVE,IA,51445,IDA,(712) 364-3311,Critical Access Hospitals,Voluntary non-profit - Private,Yes,,Not Available,16,7,1,0,1,0,,8,Not Available,Not Available,Not Available,Not Available,5,11,3,0,3,0,,8,Not Available,5.0,12,5,
161355,KNOXVILLE HOSPITAL & CLINICS,1002 SOUTH LINCOLN STREET,KNOXVILLE,IA,50138,MARION,(641) 842-2151,Critical Access Hospitals,Voluntary non-profit - Private,Yes,,Not Available,16,7,1,0,1,0,,8,Not Available,Not Available,Not Available,Not Available,5,11,2,0,2,0,,8,Not Available,5.0,12,6,
161356,HENRY COUNTY HEALTH CENTER,407 S WHITE ST,MOUNT PLEASANT,IA,52641,HENRY,(319) 385-3141,Critical Access Hospitals,Physician,Yes,,Not Available,16,7,1,0,1,0,,8,1,0,1,0,,11,2,0,2,0,,8,Not Available,5.0,12,3,
161357,PALO ALTO COUNTY HOSPITAL,3201 1ST STREET,EMMETSBURG,IA,50536,PALO ALTO,(712) 852-5500,Critical Access Hospitals,Government - Local,Yes,Y,Not Available,16,7,1,0,1,0,,8,Not Available,Not Available,Not Available,Not Available,5,11,3,0,3,0,,8,Not Available,5.0,12,6,
161358,WAYNE COUNTY HOSPITAL,417 SOUTH EAST STREET,CORYDON,IA,50060,WAYNE,(641) 872-2260,Critical Access Hospitals,Government - Local,Yes,,Not Available,16,7,1,0,1,0,,8,1,0,1,0,,11,6,2,4,0,,8,Not Available,5.0,12,2,
161359,BURGESS HEALTH CENTER,1600 DIAMOND STREET,ONAWA,IA,51040,MONONA,(712) 423-2311,Critical Access Hospitals,Voluntary non-profit - Private,Yes,,Not Available,16,7,2,0,1,1,,8,Not Available,Not Available,Not Available,Not Available,5,11,4,0,4,0,,8,Not Available,5.0,12,5,
161360,ORANGE CITY AREA HEALTH SYSTEM,1000 LINCOLN CIRCLE SE,ORANGE CITY,IA,51041,SIOUX,(712) 737-2000,Critical Access Hospitals,Voluntary non-profit - Other,Yes,,Not Available,16,7,2,0,2,0,,8,1,0,1,0,,11,4,0,4,0,,8,8,,12,4,
161361,VAN DIEST MEDICAL CENTER,2350 HOSPITAL DRIVE,WEBSTER CITY,IA,50595,HAMILTON,(515) 832-9400,Critical Access Hospitals,Voluntary non-profit - Other,Yes,,Not Available,16,7,2,0,2,0,,8,Not Available,Not Available,Not Available,Not Available,5,11,4,1,3,0,,8,Not Available,5.0,12,5,
161362,CHEROKEE REGIONAL MEDICAL CENTER,300 SIOUX VALLEY DRIVE,CHEROKEE,IA,51012,CHEROKEE,(712) 225-5101,Critical Access Hospitals,Voluntary non-profit - Private,Yes,Y,Not Available,16,7,2,0,1,1,,8,Not Available,Not Available,Not Available,Not Available,5,11,5,0,5,0,,8,8,,12,6,
161363,MONTGOMERY COUNTY MEMORIAL HOSPITAL,2301 EASTERN AVENUE,RED OAK,IA,51566,MONTGOMERY,(712) 623-7000,Critical Access Hospitals,Government - Local,Yes,,3,,7,3,0,3,0,,8,Not Available,Not Available,Not Available,Not Available,5,11,8,0,8,0,,8,Not Available,5.0,12,5,
161364,JEFFERSON COUNTY HEALTH CENTER,2000 S MAIN,FAIRFIELD,IA,52556,JEFFERSON,(641) 472-4111,Critical Access Hospitals,Government - Local,Yes,,Not Available,16,7,2,0,2,0,,8,1,0,1,0,,11,6,0,5,1,,8,8,,12,7,
161365,GREATER REGIONAL MEDICAL CENTER,1700 WEST TOWNLINE STREET,CRESTON,IA,50801,UNION,(641) 782-7091,Critical Access Hospitals,Government - Local,Yes,Y,4,,7,4,0,4,0,,8,1,0,1,0,,11,6,0,6,0,,8,8,,12,8,
161366,SHENANDOAH MEDICAL CENTER,300 PERSHING AVENUE,SHENANDOAH,IA,51601,PAGE,(712) 246-1230,Critical Access Hospitals,Voluntary non-profit - Private,Yes,,Not Available,16,7,1,0,1,0,,8,Not Available,Not Available,Not Available,Not Available,5,11,5,0,5,0,,8,Not Available,5.0,12,6,
161367,PELLA REGIONAL HEALTH CENTER,404 JEFFERSON STREET,PELLA,IA,50219,MARION,(641) 628-3150,Critical Access Hospitals,Voluntary non-profit - Private,Yes,,4,,7,4,0,4,0,,8,2,0,2,0,,11,7,0,7,0,,8,8,,12,9,
161368,FLOYD VALLEY HEALTHCARE,714 LINCOLN ST NE,LE MARS,IA,51031,PLYMOUTH,(712) 546-7871,Critical Access Hospitals,Government - Local,Yes,Y,Not Available,16,7,2,0,2,0,,8,1,0,1,0,,11,5,0,5,0,,8,8,,12,5,
161369,CRAWFORD COUNTY MEMORIAL HOSPITAL,100 MEDICAL PARKWAY,DENISON,IA,51442,CRAWFORD,(712) 263-2500,Critical Access Hospitals,Government - Local,Yes,,2,,7,4,0,4,0,,8,Not Available,Not Available,Not Available,Not Available,5,11,5,1,4,0,,8,8,,12,4,
161370,LORING HOSPITAL,211 HIGHLAND AVENUE PO BOX 217,SAC CITY,IA,50583,SAC,(712) 662-7105,Critical Access Hospitals,Voluntary non-profit - Private,No,,Not Available,16,7,1,0,1,0,,8,Not Available,Not Available,Not Available,Not Available,5,11,4,0,4,0,,8,Not Available,5.0,12,5,
161371,WINNMED,901 MONTGOMERY STREET,DECORAH,IA,52101,WINNESHIEK,(563) 382-2911,Critical Access Hospitals,Government - Local,Yes,Y,2,,7,3,0,3,0,,8,1,0,1,0,,11,7,0,7,0,,8,8,,12,5,
161372,BOONE COUNTY HOSPITAL,1015 UNION STREET,BOONE,IA,50036,BOONE,(515) 432-3140,Critical Access Hospitals,Government - Local,Yes,,Not Available,16,7,2,0,2,0,,8,Not Available,Not Available,Not Available,Not Available,5,11,2,0,2,0,,8,Not Available,5.0,12,6,
161373,RINGGOLD COUNTY HOSPITAL,504 NORTH CLEVELAND STREET,MOUNT AYR,IA,50854,RINGGOLD,(641) 464-3226,Critical Access Hospitals,Government - State,Yes,,Not Available,16,7,1,0,1,0,,8,Not Available,Not Available,Not Available,Not Available,5,11,2,0,2,0,,8,Not Available,5.0,12,4,
161374,MYRTUE MEDICAL CENTER,1213 GARFIELD AVENUE,HARLAN,IA,51537,SHELBY,(712) 755-5161,Critical Access Hospitals,Voluntary non-profit - Other,Yes,Y,4,,7,3,0,3,0,,8,1,0,1,0,,11,4,1,3,0,,8,8,,12,9,
161375,BUENA VISTA REGIONAL MEDICAL CENTER,1525 WEST 5TH STREET,STORM LAKE,IA,50588,BUENA VISTA,(712) 732-4030,Critical Access Hospitals,Government - Local,Yes,,3,,7,3,0,3,0,,8,1,0,1,0,,11,7,0,7,0,,8,8,,12,5,
161376,CASS COUNTY MEMORIAL HOSPITAL,1501 EAST TENTH STREET,ATLANTIC,IA,50022,CASS,(712) 243-3250,Critical Access Hospitals,Government - Local,Yes,Y,4,,7,3,0,3,0,,8,3,0,3,0,,11,6,0,6,0,,8,8,,12,7,
161377,MERCYONE CENTERVILLE MEDICAL CENTER,ONE ST JOSEPH'S DRIVE,CENTERVILLE,IA,52544,APPANOOSE,(641) 437-4111,Critical Access Hospitals,Voluntary non-profit - Private,Yes,,Not Available,16,7,1,0,1,0,,8,Not Available,Not Available,Not Available,Not Available,5,11,4,0,4,0,,8,Not Available,5.0,12,6,
161378,MERCYONE DYERSVILLE MEDICAL CENTER,1111 3RD STREET SW,DYERSVILLE,IA,52040,DUBUQUE,(563) 875-2900,Critical Access Hospitals,Voluntary non-profit - Private,Yes,,Not Available,16,7,Not Available,Not Available,Not Available,Not Available,5.0,8,Not Available,Not Available,Not Available,Not Available,5,11,1,0,1,0,,8,Not Available,5.0,12,3,
161379,MAHASKA  HEALTH PARTNERSHIP,1229 C AVENUE EAST,OSKALOOSA,IA,52577,MAHASKA,(641) 672-3100,Critical Access Hospitals,Government - Local,Yes,Y,2,,7,4,0,4,0,,8,Not Available,Not Available,Not Available,Not Available,5,11,4,0,4,0,,8,8,,12,7,
161380,HANSEN FAMILY HOSPITAL,920 SOUTH OAK STREET,IOWA FALLS,IA,50126,HARDIN,(641) 648-4631,Critical Access Hospitals,Government - Local,Yes,,Not Available,16,7,2,0,2,0,,8,Not Available,Not Available,Not Available,Not Available,5,11,4,1,3,0,,8,Not Available,5.0,12,5,
161381,SANFORD SHELDON MEDICAL CENTER,"118 NORTH SEVENTH AVENUE, PO BOX 250",SHELDON,IA,51201,OBRIEN,(712) 324-5041,Critical Access Hospitals,Voluntary non-profit - Private,Yes,,Not Available,16,7,1,0,1,0,,8,Not Available,Not Available,Not Available,Not Available,5,11,2,0,2,0,,8,Not Available,5.0,12,5,
161382,ST ANTHONY REGIONAL HOSPITAL & NURSING HOME,311 SOUTH CLARK STREET,CARROLL,IA,51401,CARROLL,(712) 792-3581,Critical Access Hospitals,Voluntary non-profit - Private,Yes,,Not Available,5,Not Available,Not Available,Not Available,Not Available,Not Available,5.0,Not Available,Not Available,Not Available,Not Available,Not Available,5,Not Available,Not Available,Not Available,Not Available,Not Available,5.0,Not Available,Not Available,5.0,Not Available,Not Available,5.0
171300,GRISELL MEMORIAL HOSPITAL,210 SOUTH VERMONT AVENUE,RANSOM,KS,67572,NESS,(785) 731-2231,Critical Access Hospitals,Government - Hospital District or Authority,Yes,,Not Available,16,7,Not Available,Not Available,Not Available,Not Available,5.0,8,1,0,1,0,,11,Not Available,Not Available,Not Available,Not Available,5.0,8,Not Available,5.0,12,3,
171301,ELLINWOOD DISTRICT HOSPITAL,605 N MAIN STREET,ELLINWOOD,KS,67526,BARTON,(620) 564-2548,Critical Access Hospitals,Government - Hospital District or Authority,Yes,,Not Available,16,7,Not Available,Not Available,Not Available,Not Available,5.0,8,Not Available,Not Available,Not Available,Not Available,5,11,1,0,1,0,,8,Not Available,5.0,12,3,
171303,LANE COUNTY HOSPITAL,235 WEST VINE  PO BOX 969,DIGHTON,KS,67839,LANE,(620) 397-5321,Critical Access Hospitals,Government - Hospital District or Authority,Yes,,Not Available,16,7,Not Available,Not Available,Not Available,Not Available,5.0,8,Not Available,Not Available,Not Available,Not Available,5,11,Not Available,Not Available,Not Available,Not Available,5.0,8,Not Available,5.0,12,3,
171304,ASHLAND HEALTH CENTER,625 SOUTH KENTUCKY STREET,ASHLAND,KS,67831,CLARK,(620) 635-2241,Critical Access Hospitals,Voluntary non-profit - Other,Yes,,Not Available,16,7,Not Available,Not Available,Not Available,Not Available,5.0,8,Not Available,Not Available,Not Available,Not Available,5,11,1,0,1,0,,8,Not Available,5.0,12,3,
171306,WICHITA COUNTY HEALTH CENTER,211 E EARL STREET,LEOTI,KS,67861,WICHITA,(620) 375-2233,Critical Access Hospitals,Government - Local,Yes,,Not Available,16,7,Not Available,Not Available,Not Available,Not Available,5.0,8,Not Available,Not Available,Not Available,Not Available,5,11,1,0,1,0,,8,Not Available,5.0,12,4,
171307,RAWLINS COUNTY HEALTH CENTER,707 GRANT ST,ATWOOD,KS,67730,RAWLINS,(785) 626-3211,Critical Access Hospitals,Voluntary non-profit - Other,Yes,,Not Available,16,7,Not Available,Not Available,Not Available,Not Available,5.0,8,Not Available,Not Available,Not Available,Not Available,5,11,1,0,1,0,,8,Not Available,5.0,12,5,
171308,MERCY HOSPITAL COLUMBUS,220 N PENNSYLVANIA AVENUE,COLUMBUS,KS,66725,CHEROKEE,(620) 429-2545,Critical Access Hospitals,Voluntary non-profit - Church,Yes,,Not Available,16,7,Not Available,Not Available,Not Available,Not Available,5.0,8,Not Available,Not Available,Not Available,Not Available,5,11,Not Available,Not Available,Not Available,Not Available,5.0,8,Not Available,5.0,12,4,
171309,JEWELL COUNTY HOSPITAL,100 CRESTVUE AVE,MANKATO,KS,66956,JEWELL,(785) 378-3137,Critical Access Hospitals,Government - Local,Yes,,Not Available,16,7,Not Available,Not Available,Not Available,Not Available,5.0,8,1,0,1,0,,11,1,0,1,0,,8,Not Available,5.0,12,2,
171310,CHEYENNE COUNTY HOSPITAL,210 WEST 1ST STREET,ST FRANCIS,KS,67756,CHEYENNE,(785) 332-2104,Critical Access Hospitals,Voluntary non-profit - Private,Yes,,Not Available,16,7,1,0,1,0,,8,Not Available,Not Available,Not Available,Not Available,5,11,2,0,2,0,,8,Not Available,5.0,12,4,
171311,ROOKS COUNTY HEALTH CENTER,1210 NORTH WASHINGTON,PLAINVILLE,KS,67663,ROOKS,(785) 688-4401,Critical Access Hospitals,Government - Hospital District or Authority,Yes,,Not Available,16,7,1,0,1,0,,8,Not Available,Not Available,Not Available,Not Available,5,11,4,1,3,0,,8,Not Available,5.0,12,5,
171312,COMANCHE COUNTY HOSPITAL,202 S FRISCO STREET,COLDWATER,KS,67029,COMANCHE,(620) 582-2144,Critical Access Hospitals,Government - Local,Yes,,Not Available,16,7,Not Available,Not Available,Not Available,Not Available,5.0,8,Not Available,Not Available,Not Available,Not Available,5,11,1,0,1,0,,8,Not Available,5.0,12,2,
171313,KEARNY COUNTY HOSPITAL,500 THORPE STREET,LAKIN,KS,67860,KEARNY,(620) 355-7111,Critical Access Hospitals,Government - Local,Yes,Y,Not Available,16,7,1,0,1,0,,8,Not Available,Not Available,Not Available,Not Available,5,11,2,0,2,0,,8,Not Available,5.0,12,7,
171314,F W HUSTON MEDICAL CENTER,408 DELAWARE STREET,WINCHESTER,KS,66097,JEFFERSON,(913) 774-4340,Critical Access Hospitals,Voluntary non-profit - Private,Yes,,Not Available,16,7,Not Available,Not Available,Not Available,Not Available,5.0,8,Not Available,Not Available,Not Available,Not Available,5,11,Not Available,Not Available,Not Available,Not Available,5.0,8,Not Available,5.0,12,2,
171315,NEMAHA VALLEY COMMUNITY HOSPITAL,1600 COMMUNITY DR,SENECA,KS,66538,NEMAHA,(785) 336-6181,Critical Access Hospitals,Voluntary non-profit - Private,Yes,Y,Not Available,16,7,2,0,2,0,,8,Not Available,Not Available,Not Available,Not Available,5,11,4,1,3,0,,8,Not Available,5.0,12,7,
171316,ANDERSON COUNTY HOSPITAL,421 S MAPLE,GARNETT,KS,66032,ANDERSON,(785) 448-3131,Critical Access Hospitals,Voluntary non-profit - Private,Yes,,Not Available,16,7,Not Available,Not Available,Not Available,Not Available,5.0,8,Not Available,Not Available,Not Available,Not Available,5,11,2,0,2,0,,8,Not Available,5.0,12,5,
171317,EDWARDS COUNTY MEDICAL CENTER,620 WEST EIGHTH STREET,KINSLEY,KS,67547,EDWARDS,(620) 659-3621,Critical Access Hospitals,Government - Local,No,,Not Available,16,7,Not Available,Not Available,Not Available,Not Available,5.0,8,Not Available,Not Available,Not Available,Not Available,5,11,Not Available,Not Available,Not Available,Not Available,5.0,8,Not Available,5.0,12,4,
171318,SEDAN CITY HOSPITAL,300 W NORTH STREET,SEDAN,KS,67361,CHAUTAUQUA,(620) 725-3115,Critical Access Hospitals,Government - Local,Yes,,Not Available,16,7,1,0,1,0,,8,Not Available,Not Available,Not Available,Not Available,5,11,2,0,2,0,,8,Not Available,5.0,12,4,
171319,HOLTON COMMUNITY HOSPITAL,1110 COLUMBINE DRIVE,HOLTON,KS,66436,JACKSON,(785) 364-2116,Critical Access Hospitals,Voluntary non-profit - Private,Yes,,Not Available,16,7,1,0,1,0,,8,Not Available,Not Available,Not Available,Not Available,5,11,2,0,2,0,,8,Not Available,5.0,12,5,
171321,MEADE DISTRICT HOSPITAL,510 EAST CARTHAGE,MEADE,KS,67864,MEADE,(620) 873-2141,Critical Access Hospitals,Government - Hospital District or Authority,Yes,,Not Available,16,7,Not Available,Not Available,Not Available,Not Available,5.0,8,Not Available,Not Available,Not Available,Not Available,5,11,1,0,1,0,,8,Not Available,5.0,12,5,
171322,HAMILTON COUNTY HOSPITAL,700 NORTH HUSER STREET,SYRACUSE,KS,67878,HAMILTON,(620) 384-7461,Critical Access Hospitals,Government - Local,Yes,,Not Available,16,7,Not Available,Not Available,Not Available,Not Available,5.0,8,Not Available,Not Available,Not Available,Not Available,5,11,1,0,1,0,,8,Not Available,5.0,12,3,
171323,STAFFORD COUNTY HOSPITAL,502 S BUCKEYE,STAFFORD,KS,67578,STAFFORD,(620) 234-5221,Critical Access Hospitals,Government - Local,Yes,,Not Available,16,7,Not Available,Not Available,Not Available,Not Available,5.0,8,Not Available,Not Available,Not Available,Not Available,5,11,Not Available,Not Available,Not Available,Not Available,5.0,8,Not Available,5.0,12,3,
171324,"SATANTA DISTRICT HOSPITAL, CLINICS, & LTCU",401 CHEYENNE,SATANTA,KS,67870,HASKELL,(620) 682-8414,Critical Access Hospitals,Government - Hospital District or Authority,Yes,,Not Available,16,7,Not Available,Not Available,Not Available,Not Available,5.0,8,Not Available,Not Available,Not Available,Not Available,5,11,1,0,1,0,,8,Not Available,5.0,12,3,
171325,GRAHAM COUNTY HOSPITAL,304 WEST PROUT STREET,HILL CITY,KS,67642,GRAHAM,(785) 421-2121,Critical Access Hospitals,Government - Local,Yes,,Not Available,16,7,1,0,1,0,,8,Not Available,Not Available,Not Available,Not Available,5,11,3,0,3,0,,8,Not Available,5.0,12,5,
171326,LOGAN COUNTY HOSPITAL,211 CHERRY AVENUE,OAKLEY,KS,67748,LOGAN,(785) 672-3211,Critical Access Hospitals,Government - Local,Yes,,Not Available,16,7,1,0,1,0,,8,Not Available,Not Available,Not Available,Not Available,5,11,2,0,2,0,,8,Not Available,5.0,12,4,
171327,ELLSWORTH COUNTY MEDICAL CENTER,1604 AYLWARD AVENUE,ELLSWORTH,KS,67439,ELLSWORTH,(785) 472-3111,Critical Access Hospitals,Proprietary,Yes,,4,,7,3,0,3,0,,8,Not Available,Not Available,Not Available,Not Available,5,11,5,1,4,0,,8,Not Available,5.0,12,6,
171328,OTTAWA COUNTY HEALTH CENTER,215 E 8TH STREET,MINNEAPOLIS,KS,67467,OTTAWA,(785) 392-2122,Critical Access Hospitals,Voluntary non-profit - Other,Yes,,Not Available,16,7,Not Available,Not Available,Not Available,Not Available,5.0,8,1,0,1,0,,11,1,0,1,0,,8,Not Available,5.0,12,4,
171329,CALDWELL REGIONAL MEDICAL CENTER,761 W 175TH ST S,CALDWELL,KS,67022,SUMNER,(620) 845-6492,Critical Access Hospitals,Government - Hospital District or Authority,Yes,,Not Available,16,7,1,0,1,0,,8,Not Available,Not Available,Not Available,Not Available,5,11,2,0,2,0,,8,Not Available,5.0,12,3,
171330,HOSPITAL DISTRICT #1 OF RICE COUNTY,619 SOUTH CLARK AVENUE,LYONS,KS,67554,RICE,(620) 257-5173,Critical Access Hospitals,Government - Hospital District or Authority,Yes,Y,Not Available,16,7,1,0,1,0,,8,Not Available,Not Available,Not Available,Not Available,5,11,3,1,2,0,,8,Not Available,5.0,12,7,
171331,KIOWA DISTRICT HOSPITAL,1002 SOUTH 4TH STREET,KIOWA,KS,67070,BARBER,(620) 825-4131,Critical Access Hospitals,Government - Hospital District or Authority,Yes,,Not Available,16,7,2,0,2,0,,8,Not Available,Not Available,Not Available,Not Available,5,11,4,0,4,0,,8,Not Available,5.0,12,4,
171332,KIOWA COUNTY MEMORIAL HOSPITAL,721 WEST KANSAS AVE,GREENSBURG,KS,67054,KIOWA,(620) 723-3341,Critical Access Hospitals,Government - Local,Yes,,Not Available,16,7,Not Available,Not Available,Not Available,Not Available,5.0,8,Not Available,Not Available,Not Available,Not Available,5,11,1,0,1,0,,8,Not Available,5.0,12,5,
171333,CLARA BARTON HOSPITAL,250 W 9TH STREET,HOISINGTON,KS,67544,BARTON,(620) 653-2114,Critical Access Hospitals,Voluntary non-profit - Private,Yes,,Not Available,16,7,2,0,2,0,,8,Not Available,Not Available,Not Available,Not Available,5,11,3,0,3,0,,8,8,,12,6,
171334,MEDICINE LODGE MEMORIAL HOSPITAL,710 N WALNUT STREET,MEDICINE LODGE,KS,67104,BARBER,(620) 886-3771,Critical Access Hospitals,Government - Hospital District or Authority,Yes,,Not Available,16,7,1,0,1,0,,8,1,0,1,0,,11,2,0,2,0,,8,Not Available,5.0,12,5,
171335,STEVENS COUNTY HOSPITAL,1006 SOUTH JACKSON STREET,HUGOTON,KS,67951,STEVENS,(620) 544-8511,Critical Access Hospitals,Government - Local,Yes,,Not Available,16,7,1,0,1,0,,8,Not Available,Not Available,Not Available,Not Available,5,11,3,0,3,0,,8,Not Available,5.0,12,4,
171336,NESS COUNTY HOSPITAL DISTRICT #2,312 CUSTER STREET,NESS CITY,KS,67560,NESS,(785) 798-2291,Critical Access Hospitals,Government - Hospital District or Authority,Yes,,Not Available,16,7,1,0,0,1,,8,Not Available,Not Available,Not Available,Not Available,5,11,2,0,2,0,,8,Not Available,5.0,12,4,
171337,WAMEGO HEALTH CENTER,711 GENN DRIVE,WAMEGO,KS,66547,POTTAWATOMIE,(785) 456-2295,Critical Access Hospitals,Voluntary non-profit - Other,Yes,,Not Available,16,7,Not Available,Not Available,Not Available,Not Available,5.0,8,Not Available,Not Available,Not Available,Not Available,5,11,2,0,2,0,,8,Not Available,5.0,12,6,
171338,GREAT PLAINS OF SABETHA,603 S 14TH STREET,SABETHA,KS,66534,NEMAHA,(785) 284-2121,Critical Access Hospitals,Voluntary non-profit - Private,Yes,,Not Available,16,7,1,0,1,0,,8,Not Available,Not Available,Not Available,Not Available,5,11,3,0,3,0,,8,Not Available,5.0,12,5,
171339,GREENWOOD COUNTY HOSPITAL,100 W 16TH STREET,EUREKA,KS,67045,GREENWOOD,(620) 583-7451,Critical Access Hospitals,Government - Local,Yes,,Not Available,16,7,1,0,1,0,,8,Not Available,Not Available,Not Available,Not Available,5,11,2,0,1,1,,8,Not Available,5.0,12,5,
171341,HIAWATHA COMMUNITY HOSPITAL,300 UTAH STREET,HIAWATHA,KS,66434,BROWN,(785) 742-2131,Critical Access Hospitals,Voluntary non-profit - Private,Yes,Y,3,,7,3,0,3,0,,8,Not Available,Not Available,Not Available,Not Available,5,11,5,0,5,0,,8,Not Available,5.0,12,5,
171343,STANTON COUNTY HOSPITAL,404 N CHESTNUT,JOHNSON,KS,67855,STANTON,(620) 492-6250,Critical Access Hospitals,Government - Local,Yes,,Not Available,16,7,Not Available,Not Available,Not Available,Not Available,5.0,8,Not Available,Not Available,Not Available,Not Available,5,11,1,0,1,0,,8,Not Available,5.0,12,4,
171344,WILSON MEDICAL CENTER,2600 OTTAWA ROAD,NEODESHA,KS,66757,WILSON,(620) 325-2611,Critical Access Hospitals,Government - Local,Yes,,Not Available,16,7,1,0,1,0,,8,Not Available,Not Available,Not Available,Not Available,5,11,4,0,4,0,,8,Not Available,5.0,12,7,
171345,PAWNEE VALLEY COMMUNITY HOSPITAL,923 CARROLL AVENUE,LARNED,KS,67550,PAWNEE,(620) 285-3162,Critical Access Hospitals,Voluntary non-profit - Private,Yes,,Not Available,16,7,1,0,1,0,,8,Not Available,Not Available,Not Available,Not Available,5,11,2,0,2,0,,8,Not Available,5.0,12,6,
171346,HOSPITAL DISTRICT #6 PATTERSON HEALTH CENTER,485 N. KS HWY 2,ANTHONY,KS,67003,HARPER,(620) 914-1200,Critical Access Hospitals,Government - Hospital District or Authority,Yes,,Not Available,16,7,Not Available,Not Available,Not Available,Not Available,5.0,8,Not Available,Not Available,Not Available,Not Available,5,11,3,0,3,0,,8,Not Available,5.0,12,5,
171347,SHERIDAN COUNTY HOSPITAL,826  18TH STREET,HOXIE,KS,67740,SHERIDAN,(785) 675-3281,Critical Access Hospitals,Government - Local,Yes,,Not Available,16,7,1,0,1,0,,8,Not Available,Not Available,Not Available,Not Available,5,11,2,0,2,0,,8,Not Available,5.0,12,3,
171348,NORTON COUNTY HOSPITAL,102 E HOLME STREET,NORTON,KS,67654,NORTON,(785) 877-3351,Critical Access Hospitals,Government - Local,Yes,,Not Available,16,7,1,0,1,0,,8,Not Available,Not Available,Not Available,Not Available,5,11,2,0,2,0,,8,Not Available,5.0,12,3,
171349,CLOUD COUNTY HEALTH CENTER,155 WEST COLLEGE DRIVE,CONCORDIA,KS,66901,CLOUD,(785) 243-1234,Critical Access Hospitals,Voluntary non-profit - Private,Yes,,Not Available,16,7,1,0,1,0,,8,Not Available,Not Available,Not Available,Not Available,5,11,3,0,3,0,,8,Not Available,5.0,12,5,
171350,RUSSELL REGIONAL HOSPITAL,200 S MAIN STREET,RUSSELL,KS,67665,RUSSELL,(785) 483-3131,Critical Access Hospitals,Voluntary non-profit - Private,Yes,,Not Available,16,7,2,0,2,0,,8,Not Available,Not Available,Not Available,Not Available,5,11,4,0,4,0,,8,Not Available,5.0,12,4,
171351,WASHINGTON COUNTY HOSPITAL,304 E 3RD STREET,WASHINGTON,KS,66968,WASHINGTON,(785) 325-2211,Critical Access Hospitals,Government - Local,Yes,,Not Available,16,7,Not Available,Not Available,Not Available,Not Available,5.0,8,Not Available,Not Available,Not Available,Not Available,5,11,2,0,2,0,,8,Not Available,5.0,12,2,
171352,DECATUR HEALTH,810 W  COLUMBIA STREET,MONUMENT,KS,67747,LOGAN,(785) 475-2208,Critical Access Hospitals,Voluntary non-profit - Private,Yes,,Not Available,16,7,Not Available,Not Available,Not Available,Not Available,5.0,8,Not Available,Not Available,Not Available,Not Available,5,11,2,0,2,0,,8,Not Available,5.0,12,3,
171353,PHILLIPS COUNTY HOSPITAL,1150 STATE STREET,PHILLIPSBURG,KS,67661,PHILLIPS,(785) 543-5226,Critical Access Hospitals,Government - Local,Yes,,Not Available,16,7,1,0,1,0,,8,Not Available,Not Available,Not Available,Not Available,5,11,3,0,3,0,,8,Not Available,5.0,12,5,
171354,"COMMUNITY HOSPITAL, ONAGA AND ST MARYS CAMPUS",120 WEST 8TH STREET,ONAGA,KS,66521,POTTAWATOMIE,(785) 889-4272,Critical Access Hospitals,Government - Hospital District or Authority,Yes,Y,Not Available,16,7,1,0,1,0,,8,Not Available,Not Available,Not Available,Not Available,5,11,2,0,2,0,,8,Not Available,5.0,12,8,
171355,TREGO COUNTY LEMKE MEMORIAL HOSPITAL,320 N THIRTEENTH ST,WAKEENEY,KS,67672,TREGO,(785) 743-2182,Critical Access Hospitals,Government - Local,Yes,,Not Available,16,7,1,0,1,0,,8,Not Available,Not Available,Not Available,Not Available,5,11,3,0,3,0,,8,Not Available,5.0,12,4,
171356,ST LUKE HOSPITAL & LIVING CENTER,535 SOUTH FREEBORN,MARION,KS,66861,MARION,(620) 382-2177,Critical Access Hospitals,Government - Hospital District or Authority,Yes,,Not Available,16,7,Not Available,Not Available,Not Available,Not Available,5.0,8,Not Available,Not Available,Not Available,Not Available,5,11,1,0,1,0,,8,Not Available,5.0,12,5,
171357,HILLSBORO COMMUNITY HOSPITAL,101 INDUSTRIAL ROAD,HILLSBORO,KS,67063,MARION,(620) 947-3114,Critical Access Hospitals,Proprietary,No,,Not Available,16,7,1,0,1,0,,8,Not Available,Not Available,Not Available,Not Available,5,11,2,0,2,0,,8,Not Available,5.0,12,5,
171358,LINDSBORG COMMUNITY HOSPITAL,605 W LINCOLN STREET,LINDSBORG,KS,67456,MCPHERSON,(785) 227-3308,Critical Access Hospitals,Voluntary non-profit - Private,Yes,,Not Available,16,7,Not Available,Not Available,Not Available,Not Available,5.0,8,Not Available,Not Available,Not Available,Not Available,5,11,3,0,3,0,,8,Not Available,5.0,12,6,
171359,GREELEY COUNTY HEALTH SERVICES,506 3RD STREET,TRIBUNE,KS,67879,GREELEY,(620) 376-4221,Critical Access Hospitals,Government - Local,Yes,,Not Available,16,7,1,0,1,0,,8,Not Available,Not Available,Not Available,Not Available,5,11,3,0,3,0,,8,Not Available,5.0,12,2,
171360,LINCOLN COUNTY HOSPITAL,624 N SECOND,LINCOLN,KS,67455,LINCOLN,(785) 524-4403,Critical Access Hospitals,Government - Local,No,,Not Available,16,7,Not Available,Not Available,Not Available,Not Available,5.0,8,Not Available,Not Available,Not Available,Not Available,5,11,1,0,1,0,,8,Not Available,5.0,12,4,
171361,REPUBLIC COUNTY HOSPITAL,2420 G STREET,BELLEVILLE,KS,66935,REPUBLIC,(785) 527-2254,Critical Access Hospitals,Voluntary non-profit - Private,Yes,Y,Not Available,16,7,2,0,2,0,,8,1,0,1,0,,11,5,0,5,0,,8,8,,12,6,
171362,CITIZENS MEDICAL CENTER,100 E COLLEGE DRIVE,COLBY,KS,67701,THOMAS,(785) 462-7511,Critical Access Hospitals,Voluntary non-profit - Private,Yes,Y,3,,7,3,0,3,0,,8,Not Available,Not Available,Not Available,Not Available,5,11,6,0,6,0,,8,8,,12,6,
171363,"COMMUNITY MEMORIAL HEALTHCARE, INC.",708 N 18TH STREET,MARYSVILLE,KS,66508,MARSHALL,(785) 562-2311,Critical Access Hospitals,Voluntary non-profit - Private,Yes,,4,,7,3,0,3,0,,8,1,0,1,0,,11,5,0,5,0,,8,8,,12,6,
171364,OSBORNE COUNTY MEMORIAL HOSPITAL,237 W HARRISON STREET SUITE 100,OSBORNE,KS,67473,OSBORNE,(785) 346-2121,Critical Access Hospitals,Government - Local,Yes,,Not Available,16,7,1,0,1,0,,8,Not Available,Not Available,Not Available,Not Available,5,11,3,0,3,0,,8,Not Available,5.0,12,4,
171365,HANOVER HOSPITAL,205 S HANOVER STREET,HANOVER,KS,66945,WASHINGTON,(785) 337-2214,Critical Access Hospitals,Government - Hospital District or Authority,Yes,,Not Available,16,7,Not Available,Not Available,Not Available,Not Available,5.0,8,Not Available,Not Available,Not Available,Not Available,5,11,1,0,1,0,,8,Not Available,5.0,12,3,
171367,GOVE COUNTY MEDICAL CENTER,520 WEST 5TH STREET,QUINTER,KS,67752,GOVE,(785) 754-3341,Critical Access Hospitals,Voluntary non-profit - Other,Yes,Y,Not Available,16,7,1,0,1,0,,8,Not Available,Not Available,Not Available,Not Available,5,11,3,0,3,0,,8,Not Available,5.0,12,6,
171368,MINNEOLA DISTRICT HOSPITAL,212 MAIN,MINNEOLA,KS,67865,FORD,(620) 885-4264,Critical Access Hospitals,Government - Hospital District or Authority,Yes,,Not Available,16,7,1,0,1,0,,8,Not Available,Not Available,Not Available,Not Available,5,11,2,0,2,0,,8,Not Available,5.0,12,5,
171369,HODGEMAN COUNTY HEALTH CENTER,809 BRAMLEY,JETMORE,KS,67854,HODGEMAN,(620) 357-8361,Critical Access Hospitals,Government - Local,Yes,,Not Available,16,7,Not Available,Not Available,Not Available,Not Available,5.0,8,Not Available,Not Available,Not Available,Not Available,5,11,3,0,3,0,,8,Not Available,5.0,12,3,
171370,GOODLAND REGIONAL MEDICAL CENTER,220 WEST SECOND STREET,GOODLAND,KS,67735,SHERMAN,(785) 890-3625,Critical Access Hospitals,Government - Local,Yes,,4,,7,3,0,3,0,,8,Not Available,Not Available,Not Available,Not Available,5,11,5,0,5,0,,8,Not Available,5.0,12,6,
171371,CLAY COUNTY MEDICAL CENTER,617 LIBERTY,CLAY CENTER,KS,67432,CLAY,(785) 632-2144,Critical Access Hospitals,Government - Local,Yes,,4,,7,3,0,3,0,,8,Not Available,Not Available,Not Available,Not Available,5,11,6,0,6,0,,8,8,,12,8,
171372,SCOTT COUNTY HOSPITAL,201 ALBERT AVENUE,SCOTT CITY,KS,67871,SCOTT,(620) 872-5811,Critical Access Hospitals,Voluntary non-profit - Private,Yes,,4,,7,3,0,3,0,,8,Not Available,Not Available,Not Available,Not Available,5,11,4,0,4,0,,8,Not Available,5.0,12,5,
171373,ALLEN COUNTY REGIONAL HOSPITAL,3066 NORTH KENTUCKY STREET,IOLA,KS,66749,ALLEN,(620) 365-1021,Critical Access Hospitals,Government - Local,Yes,,Not Available,16,7,2,0,2,0,,8,Not Available,Not Available,Not Available,Not Available,5,11,4,0,4,0,,8,Not Available,5.0,12,8,
171374,FREDONIA REGIONAL HOSPITAL,1527 MADISON,FREDONIA,KS,66736,WILSON,(620) 378-2121,Critical Access Hospitals,Government - Local,Yes,,Not Available,16,7,1,0,1,0,,8,Not Available,Not Available,Not Available,Not Available,5,11,3,0,3,0,,8,Not Available,5.0,12,6,
171375,MITCHELL COUNTY HOSPITAL HEALTH SYSTEMS,"400 W 8TH STREET, P O BOX 399",BELOIT,KS,67420,MITCHELL,(785) 738-2266,Critical Access Hospitals,Government - Local,Yes,Y,Not Available,16,7,2,0,2,0,,8,2,1,1,0,,11,6,0,6,0,,8,8,,12,9,
171376,GIRARD MEDICAL CENTER,302 NORTH HOSPITAL DRIVE,GIRARD,KS,66743,CRAWFORD,(620) 724-8291,Critical Access Hospitals,Government - Hospital District or Authority,Yes,,Not Available,16,7,1,0,1,0,,8,Not Available,Not Available,Not Available,Not Available,5,11,3,0,3,0,,8,Not Available,5.0,12,6,
171377,SMITH COUNTY MEMORIAL HOSPITAL,921 E. HIGHWAY 36,SMITH CENTER,KS,66967,SMITH,(785) 282-6845,Critical Access Hospitals,Government - Local,Yes,,Not Available,16,7,2,0,2,0,,8,Not Available,Not Available,Not Available,Not Available,5,11,4,0,4,0,,8,8,,12,5,
171378,KINGMAN HEALTHCARE CENTER,750 W AVE D,KINGMAN,KS,67068,KINGMAN,(620) 532-3147,Critical Access Hospitals,Voluntary non-profit - Private,Yes,,Not Available,16,7,1,0,1,0,,8,Not Available,Not Available,Not Available,Not Available,5,11,2,0,2,0,,8,Not Available,5.0,12,5,
171379,MORRIS COUNTY HOSPITAL,600 N WASHINGTON ST,COUNCIL GROVE,KS,66846,MORRIS,(620) 767-6811,Critical Access Hospitals,Government - Local,No,Y,Not Available,16,7,2,0,2,0,,8,Not Available,Not Available,Not Available,Not Available,5,11,3,0,3,0,,8,Not Available,5.0,12,6,
171380,NEOSHO MEMORIAL REGIONAL MEDICAL CENTER,629 SOUTH PLUMMER AVE,CHANUTE,KS,66720,NEOSHO,(620) 431-4000,Critical Access Hospitals,Government - Local,Yes,Y,2,,7,3,0,3,0,,8,2,0,2,0,,11,6,0,6,0,,8,8,,12,10,
171381,MEMORIAL HOSPITAL,511 NE 10TH ST,ABILENE,KS,67410,DICKINSON,(785) 263-2100,Critical Access Hospitals,Government - Hospital District or Authority,Yes,,Not Available,16,7,2,0,1,1,,8,Not Available,Not Available,Not Available,Not Available,5,11,4,0,4,0,,8,Not Available,5.0,12,5,
171382,AMBERWELL ATCHISON ASSOCIATION,800 RAVEN HILL DRIVE,ATCHISON,KS,66002,ATCHISON,(913) 367-2131,Critical Access Hospitals,Voluntary non-profit - Private,Yes,Y,Not Available,16,7,2,0,2,0,,8,1,0,1,0,,11,4,0,4,0,,8,8,,12,7,
171383,WILLIAM NEWTON HOSPITAL,1300 EAST FIFTH AVENUE,WINFIELD,KS,67156,COWLEY,(620) 221-2300,Critical Access Hospitals,Government - Local,Yes,Y,2,,7,3,0,2,1,,8,1,0,1,0,,11,6,1,5,0,,8,8,,12,10,
171384,NEWMAN REGIONAL HEALTH,1201 WEST 12TH AVENUE,EMPORIA,KS,66801,LYON,(620) 343-6800,Critical Access Hospitals,Government - Local,Yes,Y,2,,7,4,0,3,1,,8,2,0,2,0,,11,6,1,5,0,,8,8,,12,10,
171385,COFFEY COUNTY HOSPITAL,801 NORTH 4TH STREET,BURLINGTON,KS,66839,COFFEY,(620) 364-2121,Critical Access Hospitals,Government - Local,Yes,,Not Available,16,7,2,0,2,0,,8,Not Available,Not Available,Not Available,Not Available,5,11,4,0,4,0,,8,Not Available,5.0,12,6,
171386,MORTON COUNTY HOSPITAL,445 HILLTOP STREET,ELKHART,KS,67950,MORTON,(620) 697-2141,Critical Access Hospitals,Government - Local,Yes,,Not Available,16,7,Not Available,Not Available,Not Available,Not Available,5.0,8,Not Available,Not Available,Not Available,Not Available,5,11,Not Available,Not Available,Not Available,Not Available,5.0,8,Not Available,5.0,12,Not Available,5.0
171388,BOB WILSON MEMORIAL HOSPITAL,415 N MAIN STREET,ULYSSES,KS,67880,GRANT,(620) 356-1266,Critical Access Hospitals,Voluntary non-profit - Church,Yes,,Not Available,5,Not Available,Not Available,Not Available,Not Available,Not Available,5.0,Not Available,Not Available,Not Available,Not Available,Not Available,5,Not Available,Not Available,Not Available,Not Available,Not Available,5.0,Not Available,Not Available,5.0,Not Available,Not Available,5.0
181301,MARCUM AND WALLACE MEMORIAL HOSPITAL,60 MERCY COURT,IRVINE,KY,40336,ESTILL,(606) 723-2115,Critical Access Hospitals,Voluntary non-profit - Private,Yes,,4,,7,3,0,3,0,,8,Not Available,Not Available,Not Available,Not Available,5,11,5,2,3,0,,8,Not Available,5.0,12,6,
181302,THE JAMES B. HAGGIN MEMORIAL HOSPITAL,464 LINDEN AVENUE,HARRODSBURG,KY,40330,MERCER,(859) 734-5441,Critical Access Hospitals,Voluntary non-profit - Other,Yes,Y,Not Available,16,7,1,0,1,0,,8,1,0,1,0,,11,3,0,3,0,,8,Not Available,5.0,12,7,
181304,TRIGG COUNTY HOSPITAL,254 MAIN STREET,CADIZ,KY,42211,TRIGG,(270) 522-3215,Critical Access Hospitals,Voluntary non-profit - Private,Yes,,Not Available,16,7,Not Available,Not Available,Not Available,Not Available,5.0,8,Not Available,Not Available,Not Available,Not Available,5,11,2,0,2,0,,8,Not Available,5.0,12,3,
181305,ARH OUR LADY OF THE WAY,11203 MAIN STREET,MARTIN,KY,41649,FLOYD,(606) 285-6400,Critical Access Hospitals,Voluntary non-profit - Private,Yes,,Not Available,16,7,Not Available,Not Available,Not Available,Not Available,5.0,8,1,0,1,0,,11,2,0,1,1,,8,Not Available,5.0,12,8,
181306,METHODIST HOSPITAL UNION COUNTY,4604 US HIGHWAY 60 WEST,MORGANFIELD,KY,42437,UNION,(270) 389-5000,Critical Access Hospitals,Voluntary non-profit - Church,Yes,,Not Available,16,7,1,0,1,0,,8,1,0,1,0,,11,3,0,3,0,,8,Not Available,5.0,12,5,
181307,MORGAN COUNTY ARH HOSPITAL,476 LIBERTY ROAD,WEST LIBERTY,KY,41472,MORGAN,(606) 743-3186,Critical Access Hospitals,Voluntary non-profit - Private,Yes,,Not Available,16,7,1,0,1,0,,8,Not Available,Not Available,Not Available,Not Available,5,11,2,0,2,0,,8,Not Available,5.0,12,6,
181308,BLUEGRASS COMMUNITY HOSPITAL,360 AMSDEN AVENUE,VERSAILLES,KY,40383,WOODFORD,(859) 873-3111,Critical Access Hospitals,Proprietary,Yes,,Not Available,16,7,Not Available,Not Available,Not Available,Not Available,5.0,8,Not Available,Not Available,Not Available,Not Available,5,11,2,0,2,0,,8,Not Available,5.0,12,6,
181309,CASEY COUNTY HOSPITAL,187 WOLFORD AVENUE,LIBERTY,KY,42539,CASEY,(606) 787-6275,Critical Access Hospitals,Government - Hospital District or Authority,Yes,,2,,7,3,0,3,0,,8,2,0,1,1,,11,4,0,4,0,,8,Not Available,5.0,12,5,
181310,CARROLL COUNTY MEMORIAL HOSPITAL,309 ELEVENTH STREET,CARROLLTON,KY,41008,CARROLL,(502) 732-4321,Critical Access Hospitals,Voluntary non-profit - Private,Yes,,Not Available,16,7,Not Available,Not Available,Not Available,Not Available,5.0,8,Not Available,Not Available,Not Available,Not Available,5,11,1,0,1,0,,8,Not Available,5.0,12,3,
181311,ST ELIZABETH GRANT,238 BARNES ROAD,WILLIAMSTOWN,KY,41097,GRANT,(859) 824-8105,Critical Access Hospitals,Voluntary non-profit - Church,Yes,,Not Available,16,7,Not Available,Not Available,Not Available,Not Available,5.0,8,Not Available,Not Available,Not Available,Not Available,5,11,1,0,1,0,,8,Not Available,5.0,12,7,
181314,CAVERNA MEMORIAL HOSPITAL,1501 SOUTH DIXIE STREET,HORSE CAVE,KY,42749,HART,(270) 786-2191,Critical Access Hospitals,Voluntary non-profit - Private,Yes,,Not Available,16,7,Not Available,Not Available,Not Available,Not Available,5.0,8,Not Available,Not Available,Not Available,Not Available,5,11,1,0,1,0,,8,Not Available,5.0,12,3,
181315,EPHRAIM MCDOWELL FORT LOGAN HOSPITAL,110 METKER TRAIL,STANFORD,KY,40484,LINCOLN,(606) 365-4600,Critical Access Hospitals,Voluntary non-profit - Private,Yes,Y,Not Available,16,7,1,0,1,0,,8,1,0,1,0,,11,2,0,2,0,,8,8,,12,7,
181316,MARY BRECKINRIDGE ARH HOSPITAL,130 KATE IRELAND DRIVE,HYDEN,KY,41749,LESLIE,(606) 672-2901,Critical Access Hospitals,Voluntary non-profit - Private,Yes,,Not Available,16,7,Not Available,Not Available,Not Available,Not Available,5.0,8,1,0,1,0,,11,1,0,1,0,,8,Not Available,5.0,12,5,
181317,CUMBERLAND COUNTY HOSPITAL,299 GLASGOW ROAD,BURKESVILLE,KY,42717,CUMBERLAND,(270) 864-2511,Critical Access Hospitals,Government - Local,Yes,,Not Available,16,7,1,0,1,0,,8,Not Available,Not Available,Not Available,Not Available,5,11,2,0,1,1,,8,Not Available,5.0,12,5,
181318,THE MEDICAL CENTER AT FRANKLIN,1100 BROOKHAVEN ROAD,FRANKLIN,KY,42135,SIMPSON,(270) 598-4800,Critical Access Hospitals,Voluntary non-profit - Private,Yes,,Not Available,16,7,1,0,1,0,,8,1,0,1,0,,11,7,0,7,0,,8,Not Available,5.0,12,3,
181319,BRECKINRIDGE MEMORIAL HOSPITAL,1011 OLD HIGHWAY 60,HARDINSBURG,KY,40143,BRECKINRIDGE,(270) 756-7000,Critical Access Hospitals,Government - Local,Yes,,2,,7,3,0,3,0,,8,Not Available,Not Available,Not Available,Not Available,5,11,4,0,4,0,,8,Not Available,5.0,12,6,
181320,"LIVINGSTON HOSPITAL AND HEALTHCARE SERVICES, INC",131 HOSPITAL DRIVE,SALEM,KY,42078,LIVINGSTON,(270) 988-2299,Critical Access Hospitals,Voluntary non-profit - Private,Yes,,Not Available,16,7,2,0,2,0,,8,Not Available,Not Available,Not Available,Not Available,5,11,4,0,4,0,,8,Not Available,5.0,12,6,
181321,WAYNE COUNTY HOSPITAL,166 HOSPITAL STREET,MONTICELLO,KY,42633,WAYNE,(606) 348-9343,Critical Access Hospitals,Voluntary non-profit - Private,Yes,,Not Available,16,7,1,0,1,0,,8,Not Available,Not Available,Not Available,Not Available,5,11,4,0,4,0,,8,Not Available,5.0,12,4,
181322,CALDWELL MEDICAL CENTER,100 MEDICAL CENTER DRIVE,PRINCETON,KY,42445,CALDWELL,(270) 365-0300,Critical Access Hospitals,Voluntary non-profit - Private,Yes,,Not Available,16,7,1,0,1,0,,8,Not Available,Not Available,Not Available,Not Available,5,11,1,0,1,0,,8,Not Available,5.0,12,4,
181323,OHIO COUNTY HOSPITAL,1211 OLD MAIN STREET,HARTFORD,KY,42347,OHIO,(270) 298-7411,Critical Access Hospitals,Proprietary,Yes,,Not Available,16,7,2,0,2,0,,8,Not Available,Not Available,Not Available,Not Available,5,11,5,0,5,0,,8,Not Available,5.0,12,5,
181324,THE MEDICAL CENTER AT SCOTTSVILLE,456 BURNLEY ROAD,SCOTTSVILLE,KY,42164,ALLEN,(270) 622-2800,Critical Access Hospitals,Voluntary non-profit - Private,Yes,,Not Available,16,7,Not Available,Not Available,Not Available,Not Available,5.0,8,2,0,2,0,,11,3,0,2,1,,8,Not Available,5.0,12,3,
181325,JANE TODD CRAWFORD HOSPITAL,290 INDUSTRIAL PARK ROAD,GREENSBURG,KY,42743,GREEN,(270) 932-4211,Critical Access Hospitals,Voluntary non-profit - Private,Yes,,Not Available,16,7,Not Available,Not Available,Not Available,Not Available,5.0,8,2,0,2,0,,11,1,0,1,0,,8,Not Available,5.0,12,5,
181327,MARSHALL COUNTY HOSPITAL,615 OLD SYMSONIA ROAD,BENTON,KY,42025,MARSHALL,(270) 527-4800,Critical Access Hospitals,Government - Hospital District or Authority,Yes,,Not Available,16,7,2,0,2,0,,8,Not Available,Not Available,Not Available,Not Available,5,11,5,1,4,0,,8,Not Available,5.0,12,6,
181328,KNOX COUNTY HOSPITAL,80 HOSPITAL DRIVE,BARBOURVILLE,KY,40906,KNOX,(606) 546-4175,Critical Access Hospitals,Government - Local,Yes,,Not Available,16,7,2,0,2,0,,8,2,0,2,0,,11,4,0,3,1,,8,Not Available,5.0,12,8,
181329,CHI SAINT JOSEPH BEREA NF,305 ESTILL STREET,BEREA,KY,40403,MADISON,(859) 986-3151,Critical Access Hospitals,Voluntary non-profit - Private,Yes,,Not Available,16,7,2,0,2,0,,8,1,0,1,0,,11,5,0,5,0,,8,Not Available,5.0,12,9,
181330,RUSSELL COUNTY HOSPITAL,153 DOWELL ROAD,RUSSELL SPRINGS,KY,42642,RUSSELL,(270) 866-4141,Critical Access Hospitals,Government - Local,Yes,,Not Available,16,7,1,0,1,0,,8,Not Available,Not Available,Not Available,Not Available,5,11,2,0,2,0,,8,Not Available,5.0,12,3,
181331,MCDOWELL ARH HOSPITAL,9879 KENTUCKY ROUTE 122,MC DOWELL,KY,41647,FLOYD,(606) 377-3400,Critical Access Hospitals,Voluntary non-profit - Private,Yes,,Not Available,16,7,Not Available,Not Available,Not Available,Not Available,5.0,8,Not Available,Not Available,Not Available,Not Available,5,11,1,0,1,0,,8,Not Available,5.0,12,6,
181333,THE MEDICAL CENTER AT ALBANY,723 BURKESVILLE ROAD,ALBANY,KY,42602,CLINTON,(606) 387-3651,Critical Access Hospitals,Voluntary non-profit - Private,Yes,,Not Available,5,Not Available,Not Available,Not Available,Not Available,Not Available,5.0,Not Available,Not Available,Not Available,Not Available,Not Available,5,Not Available,Not Available,Not Available,Not Available,Not Available,5.0,Not Available,Not Available,5.0,Not Available,Not Available,5.0
181334,KENTUCKY RIVER MEDICAL CENTER,540 JETT DRIVE,JACKSON,KY,41339,BREATHITT,(606) 666-6000,Critical Access Hospitals,Proprietary,Yes,,Not Available,5,Not Available,Not Available,Not Available,Not Available,Not Available,5.0,Not Available,Not Available,Not Available,Not Available,Not Available,5,Not Available,Not Available,Not Available,Not Available,Not Available,5.0,Not Available,Not Available,5.0,Not Available,Not Available,5.0
191300,ST HELENA PARISH HOSPITAL,16874 HIGHWAY 43,GREENSBURG,LA,70441,ST. HELENA,(225) 222-6111,Critical Access Hospitals,Government - Hospital District or Authority,Yes,,Not Available,16,7,Not Available,Not Available,Not Available,Not Available,5.0,8,Not Available,Not Available,Not Available,Not Available,5,11,Not Available,Not Available,Not Available,Not Available,5.0,8,Not Available,5.0,12,4,
191301,UNION GENERAL HOSPITAL,901 JAMES AVE,FARMERVILLE,LA,71241,UNION,(318) 368-9751,Critical Access Hospitals,Voluntary non-profit - Private,Yes,,Not Available,16,7,1,0,1,0,,8,Not Available,Not Available,Not Available,Not Available,5,11,2,0,2,0,,8,Not Available,5.0,12,7,
191302,OCHSNER ST MARTIN HOSPITAL,210 CHAMPAGNE BOULEVARD,BREAUX BRIDGE,LA,70517,ST. MARTIN,(337) 332-2178,Critical Access Hospitals,Voluntary non-profit - Private,Yes,,Not Available,16,7,1,0,1,0,,8,1,0,1,0,,11,3,1,1,1,,8,Not Available,5.0,12,8,
191304,NORTH CADDO MEDICAL CENTER,815 SOUTH PINE STREET,VIVIAN,LA,71082,CADDO,(318) 375-3235,Critical Access Hospitals,Government - Hospital District or Authority,Yes,,Not Available,16,7,2,0,2,0,,8,Not Available,Not Available,Not Available,Not Available,5,11,3,0,3,0,,8,Not Available,5.0,12,4,
191305,ST JAMES PARISH HOSPITAL,1645 LUTCHER AVENUE,LUTCHER,LA,70071,ST. JAMES,(225) 869-5512,Critical Access Hospitals,Government - Hospital District or Authority,Yes,,Not Available,16,7,Not Available,Not Available,Not Available,Not Available,5.0,8,Not Available,Not Available,Not Available,Not Available,5,11,2,0,2,0,,8,Not Available,5.0,12,7,
191306,WEST FELICIANA PARISH HOSPITAL,"5266 COMMERCE STREET, BUILDING B",SAINT FRANCISVILLE,LA,70775,WEST FELICIANA,(225) 635-3811,Critical Access Hospitals,Government - Hospital District or Authority,Yes,,Not Available,16,7,Not Available,Not Available,Not Available,Not Available,5.0,8,Not Available,Not Available,Not Available,Not Available,5,11,Not Available,Not Available,Not Available,Not Available,5.0,8,Not Available,5.0,12,3,
191307,DEQUINCY MEMORIAL HOSPITAL,110 WEST 4TH STREET,DEQUINCY,LA,70633,CALCASIEU,(337) 786-1200,Critical Access Hospitals,Proprietary,Yes,,Not Available,16,7,Not Available,Not Available,Not Available,Not Available,5.0,8,Not Available,Not Available,Not Available,Not Available,5,11,Not Available,Not Available,Not Available,Not Available,5.0,8,Not Available,5.0,12,3,
191308,PREVOST MEMORIAL HOSPITAL,301 MEMORIAL DR,DONALDSONVILLE,LA,70346,ASCENSION,(225) 473-7931,Critical Access Hospitals,Government - Hospital District or Authority,Yes,,Not Available,5,Not Available,Not Available,Not Available,Not Available,Not Available,5.0,Not Available,Not Available,Not Available,Not Available,Not Available,5,Not Available,Not Available,Not Available,Not Available,Not Available,5.0,Not Available,Not Available,5.0,Not Available,Not Available,5.0
191309,HOOD MEMORIAL HOSPITAL,301 W WALNUT STREET,AMITE,LA,70422,TANGIPAHOA,(985) 748-9485,Critical Access Hospitals,Government - Hospital District or Authority,Yes,,Not Available,16,7,Not Available,Not Available,Not Available,Not Available,5.0,8,Not Available,Not Available,Not Available,Not Available,5,11,Not Available,Not Available,Not Available,Not Available,5.0,8,Not Available,5.0,12,2,
191310,BAYOU BEND HEALTH SYSTEM,1097 NORTHWEST BLVD,FRANKLIN,LA,70538,ST. MARY,(337) 828-0760,Critical Access Hospitals,Government - Hospital District or Authority,Yes,Y,Not Available,16,7,1,0,1,0,,8,Not Available,Not Available,Not Available,Not Available,5,11,2,0,2,0,,8,Not Available,5.0,12,9,
191311,BUNKIE GENERAL HOSPITAL,427 EVERGREEN STREET,BUNKIE,LA,71322,AVOYELLES,(318) 346-6681,Critical Access Hospitals,Government - Hospital District or Authority,Yes,,Not Available,16,7,Not Available,Not Available,Not Available,Not Available,5.0,8,Not Available,Not Available,Not Available,Not Available,5,11,Not Available,Not Available,Not Available,Not Available,5.0,8,Not Available,5.0,12,4,
191312,CHRISTUS COUSHATTA HEALTH CARE CENTER,1635 MARVEL STREET,COUSHATTA,LA,71019,RED RIVER,(318) 932-2000,Critical Access Hospitals,Voluntary non-profit - Private,Yes,,4,,7,3,0,3,0,,8,Not Available,Not Available,Not Available,Not Available,5,11,4,0,4,0,,8,Not Available,5.0,12,4,
191313,RIVERSIDE MEDICAL CENTER,1900 SOUTH MAIN ST,FRANKLINTON,LA,70438,WASHINGTON,(985) 795-4431,Critical Access Hospitals,Government - Hospital District or Authority,Yes,,Not Available,16,7,1,0,1,0,,8,Not Available,Not Available,Not Available,Not Available,5,11,3,0,3,0,,8,Not Available,5.0,12,4,
191314,MADISON PARISH HOSPITAL,900 JOHNSON STREET,TALLULAH,LA,71282,MADISON,(318) 574-2374,Critical Access Hospitals,Government - Hospital District or Authority,Yes,,Not Available,5,Not Available,Not Available,Not Available,Not Available,Not Available,5.0,Not Available,Not Available,Not Available,Not Available,Not Available,5,Not Available,Not Available,Not Available,Not Available,Not Available,5.0,Not Available,Not Available,5.0,Not Available,Not Available,5.0
191315,HARDTNER MEDICAL CENTER,1102 N PINE ROAD,OLLA,LA,71465,LASALLE,(318) 495-3131,Critical Access Hospitals,Government - Hospital District or Authority,Yes,,Not Available,16,7,2,0,2,0,,8,Not Available,Not Available,Not Available,Not Available,5,11,4,0,3,1,,8,Not Available,5.0,12,7,
191316,POINTE COUPEE GENERAL HOSPITAL,2202 FALSE RIVER DRIVE,NEW ROADS,LA,70760,POINTE COUPEE,(225) 638-6331,Critical Access Hospitals,Government - Hospital District or Authority,Yes,,Not Available,16,7,Not Available,Not Available,Not Available,Not Available,5.0,8,Not Available,Not Available,Not Available,Not Available,5,11,2,0,2,0,,8,Not Available,5.0,12,5,
191317,JACKSON PARISH HOSPITAL,165 BEECH SPRINGS ROAD,JONESBORO,LA,71251,JACKSON,(318) 259-4435,Critical Access Hospitals,Government - Hospital District or Authority,Yes,,Not Available,16,7,1,0,1,0,,8,Not Available,Not Available,Not Available,Not Available,5,11,3,0,3,0,,8,Not Available,5.0,12,7,
191318,RIVERLAND MEDICAL CENTER,6569 HWY 84,FERRIDAY,LA,71334,CONCORDIA,(318) 757-6551,Critical Access Hospitals,Government - Hospital District or Authority,Yes,,Not Available,16,7,3,0,3,0,,8,Not Available,Not Available,Not Available,Not Available,5,11,4,0,3,1,,8,Not Available,5.0,12,1,
191319,ACADIA ST LANDRY,810 SOUTH BROADWAY STREET,CHURCH POINT,LA,70525,ACADIA,(337) 684-5435,Critical Access Hospitals,Government - Hospital District or Authority,Yes,,Not Available,16,7,Not Available,Not Available,Not Available,Not Available,5.0,8,Not Available,Not Available,Not Available,Not Available,5,11,Not Available,Not Available,Not Available,Not Available,5.0,8,Not Available,5.0,12,Not Available,5.0
191320,BIENVILLE MEDICAL CENTER,1175 PINE STREET,ARCADIA,LA,71001,BIENVILLE,(318) 263-4700,Critical Access Hospitals,Proprietary,Yes,,Not Available,16,7,Not Available,Not Available,Not Available,Not Available,5.0,8,Not Available,Not Available,Not Available,Not Available,5,11,Not Available,Not Available,Not Available,Not Available,5.0,8,Not Available,5.0,12,2,
191321,LALLIE KEMP MEDICAL CENTER,52579 HIGHWAY 51 SOUTH,INDEPENDENCE,LA,70443,TANGIPAHOA,(985) 878-1333,Critical Access Hospitals,Government - State,Yes,,Not Available,16,7,Not Available,Not Available,Not Available,Not Available,5.0,8,Not Available,Not Available,Not Available,Not Available,5,11,1,0,1,0,,8,Not Available,5.0,12,7,
191322,ABROM KAPLAN MEMORIAL HOSPITAL,1310 WEST SEVENTH STREET,KAPLAN,LA,70548,VERMILION,(337) 643-8300,Critical Access Hospitals,Voluntary non-profit - Private,Yes,,Not Available,16,7,1,0,1,0,,8,Not Available,Not Available,Not Available,Not Available,5,11,3,0,3,0,,8,Not Available,5.0,12,8,
191323,RICHLAND PARISH HOSPITAL-DELHI,407 CINCINNATI STREET,DELHI,LA,71232,RICHLAND,(318) 878-5171,Critical Access Hospitals,Government - Hospital District or Authority,Yes,,Not Available,16,7,1,0,1,0,,8,Not Available,Not Available,Not Available,Not Available,5,11,4,0,4,0,,8,Not Available,5.0,12,7,
191324,OCHSNER ST ANNE GENERAL HOSPITAL,4608 HIGHWAY 1,RACELAND,LA,70394,LAFOURCHE,(985) 537-6841,Critical Access Hospitals,Voluntary non-profit - Other,Yes,Y,Not Available,16,7,1,0,1,0,,8,1,0,1,0,,11,3,0,3,0,,8,8,,12,9,
191325,LADY OF THE SEA GENERAL HOSPITAL,200 WEST 134TH PLACE,CUT OFF,LA,70345,LAFOURCHE,(985) 632-6401,Critical Access Hospitals,Government - Hospital District or Authority,Yes,,Not Available,16,7,Not Available,Not Available,Not Available,Not Available,5.0,8,Not Available,Not Available,Not Available,Not Available,5,11,Not Available,Not Available,Not Available,Not Available,5.0,8,Not Available,5.0,12,4,
191326,REEVES MEMORIAL MEDICAL CENTER,409 FIRST STREET,BERNICE,LA,71222,UNION,(318) 285-9066,Critical Access Hospitals,Government - Hospital District or Authority,Yes,,Not Available,16,7,Not Available,Not Available,Not Available,Not Available,5.0,8,Not Available,Not Available,Not Available,Not Available,5,11,Not Available,Not Available,Not Available,Not Available,5.0,8,Not Available,5.0,12,2,
191327,WEST CARROLL MEMORIAL HOSPITAL,706 ROSS STREET,OAK GROVE,LA,71263,WEST CARROLL,(318) 428-3237,Critical Access Hospitals,Proprietary,Yes,,Not Available,16,7,Not Available,Not Available,Not Available,Not Available,5.0,8,Not Available,Not Available,Not Available,Not Available,5,11,Not Available,Not Available,Not Available,Not Available,5.0,8,Not Available,5.0,12,Not Available,5.0
201300,NORTHERN LIGHT BLUE HILL MEMORIAL HOSPITAL,57 WATER STREET,BLUE HILL,ME,4614,HANCOCK,(207) 374-2836,Critical Access Hospitals,Voluntary non-profit - Private,Yes,,Not Available,16,7,2,0,2,0,,8,1,0,1,0,,11,5,0,5,0,,8,Not Available,5.0,12,6,
201301,NORTHERN LIGHT C A DEAN HOSPITAL,364 PRITHAM AVE,GREENVILLE,ME,4441,PISCATAQUIS,(207) 695-5209,Critical Access Hospitals,Government - Hospital District or Authority,No,,Not Available,16,7,Not Available,Not Available,Not Available,Not Available,5.0,8,Not Available,Not Available,Not Available,Not Available,5,11,1,0,1,0,,8,Not Available,5.0,12,3,
201302,LINCOLNHEALTH,35 MILES STREET,DAMARISCOTTA,ME,4543,LINCOLN,(207) 563-1234,Critical Access Hospitals,Voluntary non-profit - Private,Yes,Y,4,,7,4,0,4,0,,8,1,0,1,0,,11,4,0,4,0,,8,8,,12,8,
201303,PENOBSCOT VALLEY HOSPITAL,"7 TRANSALPINE ROAD, PO BOX 368",LINCOLN,ME,4457,PENOBSCOT,(207) 794-3321,Critical Access Hospitals,Voluntary non-profit - Private,Yes,,Not Available,16,7,1,0,1,0,,8,Not Available,Not Available,Not Available,Not Available,5,11,2,0,2,0,,8,Not Available,5.0,12,5,
201304,MOUNT DESERT ISLAND HOSPITAL,10 WAYMAN LANE,BAR HARBOR,ME,4609,HANCOCK,(207) 288-5081,Critical Access Hospitals,Voluntary non-profit - Private,Yes,Y,Not Available,16,7,2,0,2,0,,8,1,0,1,0,,11,2,0,2,0,,8,8,,12,6,
201305,CALAIS COMMUNITY HOSPITAL,24 HOSPITAL LANE,CALAIS,ME,4619,WASHINGTON,(207) 454-7521,Critical Access Hospitals,Voluntary non-profit - Private,Yes,,Not Available,16,7,1,0,1,0,,8,Not Available,Not Available,Not Available,Not Available,5,11,2,0,2,0,,8,Not Available,5.0,12,4,
201306,RUMFORD  HOSPITAL,420 FRANKLIN STREET,RUMFORD,ME,4276,OXFORD,(207) 369-1000,Critical Access Hospitals,Proprietary,Yes,,Not Available,16,7,1,0,1,0,,8,1,0,1,0,,11,2,0,2,0,,8,Not Available,5.0,12,6,
201307,MILLINOCKET REGIONAL HOSPITAL,200 SOMERSET STREET,MILLINOCKET,ME,4462,PENOBSCOT,(207) 723-5161,Critical Access Hospitals,Voluntary non-profit - Private,Yes,,4,,7,3,0,3,0,,8,Not Available,Not Available,Not Available,Not Available,5,11,3,0,2,1,,8,8,,12,1,
201308,HOULTON REGIONAL HOSPITAL,20 HARTFORD STREET,HOULTON,ME,4730,AROOSTOOK,(207) 532-2900,Critical Access Hospitals,Voluntary non-profit - Private,Yes,,2,,7,3,0,2,1,,8,1,0,1,0,,11,4,1,3,0,,8,Not Available,5.0,12,5,
201309,NORTHERN LIGHT MAYO HOSPITAL,897 WEST MAIN STREET,DOVER FOXCROFT,ME,4426,PISCATAQUIS,(207) 564-4251,Critical Access Hospitals,Government - Hospital District or Authority,Yes,Y,2,,7,3,0,3,0,,8,1,0,1,0,,11,3,0,3,0,,8,8,,12,7,
201310,BRIDGTON HOSPITAL,10 HOSPITAL DRIVE,BRIDGTON,ME,4009,CUMBERLAND,(207) 647-6000,Critical Access Hospitals,Voluntary non-profit - Private,Yes,,Not Available,16,7,2,0,2,0,,8,1,0,1,0,,11,3,1,2,0,,8,8,,12,6,
201311,DOWN EAST COMMUNITY HOSPITAL,11 HOSPITAL DRIVE,MACHIAS,ME,4654,WASHINGTON,(207) 255-3356,Critical Access Hospitals,Voluntary non-profit - Private,Yes,,Not Available,16,7,2,0,2,0,,8,Not Available,Not Available,Not Available,Not Available,5,11,3,0,3,0,,8,Not Available,5.0,12,5,
201312,MAINEHEALTH WALDO HOSPITAL,118 NORTHPORT AVE,BELFAST,ME,4915,WALDO,(207) 338-2500,Critical Access Hospitals,Voluntary non-profit - Private,Yes,Y,2,,7,3,0,3,0,,8,2,1,1,0,,11,6,0,6,0,,8,8,,12,7,
201313,NORTHERN LIGHT SEBASTICOOK VALLEY HOSPITAL,447 NORTH MAIN STREET,PITTSFIELD,ME,4967,SOMERSET,(207) 487-5141,Critical Access Hospitals,Voluntary non-profit - Private,Yes,,Not Available,16,7,2,0,2,0,,8,2,0,2,0,,11,2,0,2,0,,8,8,,12,4,
201314,REDINGTON FAIRVIEW GENERAL HOSPITAL,46 FAIRVIEW AVE   PO BOX 468,SKOWHEGAN,ME,4976,SOMERSET,(207) 474-5121,Critical Access Hospitals,Proprietary,Yes,,4,,7,5,0,5,0,,8,1,0,1,0,,11,6,1,5,0,,8,8,,12,7,
201315,MAINEHEALTH STEPHENS HOSPITAL,181 MAIN STREET,NORWAY,ME,4268,OXFORD,(207) 743-5933,Critical Access Hospitals,Voluntary non-profit - Private,Yes,Y,4,,7,3,0,3,0,,8,1,0,1,0,,11,7,1,6,0,,8,8,,12,9,
201316,MAINEHEALTH FRANKLIN HOSPITAL,111 FRANKLIN HEALTH COMMONS,FARMINGTON,ME,4938,FRANKLIN,(207) 778-6031,Critical Access Hospitals,Voluntary non-profit - Private,Yes,Y,Not Available,5,Not Available,Not Available,Not Available,Not Available,Not Available,5.0,Not Available,Not Available,Not Available,Not Available,Not Available,5,Not Available,Not Available,Not Available,Not Available,Not Available,5.0,Not Available,Not Available,5.0,Not Available,Not Available,5.0
201317,NORTHERN MAINE MEDICAL CENTER,194 E MAIN STREET,FORT KENT,ME,4743,AROOSTOOK,(207) 834-3195,Critical Access Hospitals,Voluntary non-profit - Private,Yes,,Not Available,5,Not Available,Not Available,Not Available,Not Available,Not Available,5.0,Not Available,Not Available,Not Available,Not Available,Not Available,5,Not Available,Not Available,Not Available,Not Available,Not Available,5.0,Not Available,Not Available,5.0,Not Available,Not Available,5.0
221300,MARTHA'S VINEYARD HOSPITAL INC,"ONE HOSPITAL ROAD, FIRST FL, WING 5,  PO BOX 1477",OAK BLUFFS,MA,2557,DUKES,(508) 693-0410,Critical Access Hospitals,Voluntary non-profit - Private,Yes,Y,4,,7,3,0,3,0,,8,1,0,1,0,,11,7,0,7,0,,8,8,,12,8,
221302,FAIRVIEW HOSPITAL,29 LEWIS AVENUE,GREAT BARRINGTON,MA,1230,BERKSHIRE,(413) 528-0790,Critical Access Hospitals,Voluntary non-profit - Private,Yes,Y,3,,7,3,0,3,0,,8,1,0,1,0,,11,7,0,7,0,,8,8,,12,5,
221303,ATHOL MEMORIAL HOSPITAL,2033 MAIN STREET,ATHOL,MA,1331,WORCESTER,(978) 249-3511,Critical Access Hospitals,Voluntary non-profit - Private,Yes,,4,,7,3,0,3,0,,8,1,0,1,0,,11,5,0,5,0,,8,Not Available,5.0,12,7,
221304,NORTH ADAMS REGIONAL HOSPITAL CORPORATION,71 HOSPITAL AVENUE,NORTH ADAMS,MA,1247,BERKSHIRE,(413) 664-5000,Critical Access Hospitals,Government - Federal,Yes,,Not Available,5,Not Available,Not Available,Not Available,Not Available,Not Available,5.0,Not Available,Not Available,Not Available,Not Available,Not Available,5,Not Available,Not Available,Not Available,Not Available,Not Available,5.0,Not Available,Not Available,5.0,Not Available,Not Available,5.0
231300,PAUL OLIVER MEMORIAL HOSPITAL,224 PARK AVENUE,FRANKFORT,MI,49635,BENZIE,(231) 352-2200,Critical Access Hospitals,Government - Local,Yes,,Not Available,16,7,Not Available,Not Available,Not Available,Not Available,5.0,8,Not Available,Not Available,Not Available,Not Available,5,11,3,0,3,0,,8,Not Available,5.0,12,5,
231301,KALKASKA MEMORIAL HEALTH CENTER,419 S CORAL,KALKASKA,MI,49646,KALKASKA,(231) 258-7500,Critical Access Hospitals,Government - Hospital District or Authority,Yes,,Not Available,16,7,2,0,2,0,,8,Not Available,Not Available,Not Available,Not Available,5,11,6,0,6,0,,8,Not Available,5.0,12,4,
231303,SCHOOLCRAFT MEMORIAL HOSPITAL,7870W US HIGHWAY 2,MANISTIQUE,MI,49854,SCHOOLCRAFT,(906) 341-3200,Critical Access Hospitals,Government - Local,Yes,,Not Available,16,7,Not Available,Not Available,Not Available,Not Available,5.0,8,Not Available,Not Available,Not Available,Not Available,5,11,3,0,3,0,,8,Not Available,5.0,12,5,
231304,HELEN NEWBERRY JOY HOSPITAL,502 W HARRIE ST,NEWBERRY,MI,49868,LUCE,(906) 293-9222,Critical Access Hospitals,Government - Local,Yes,,Not Available,16,7,1,0,1,0,,8,Not Available,Not Available,Not Available,Not Available,5,11,2,0,2,0,,8,Not Available,5.0,12,5,
231305,SAINT MARY'S STANDISH COMMUNITY HOSPITAL,805 W CEDAR ST,STANDISH,MI,48658,ARENAC,(989) 846-3400,Critical Access Hospitals,Voluntary non-profit - Church,Yes,,Not Available,16,7,2,0,2,0,,8,Not Available,Not Available,Not Available,Not Available,5,11,4,0,4,0,,8,8,,12,6,
231306,MACKINAC STRAITS HOSPITAL AND HEALTH CENTER,1140 N STATE STREET,SAINT IGNACE,MI,49781,MACKINAC,(906) 643-8585,Critical Access Hospitals,Voluntary non-profit - Private,Yes,,Not Available,16,7,Not Available,Not Available,Not Available,Not Available,5.0,8,Not Available,Not Available,Not Available,Not Available,5,11,3,0,3,0,,8,Not Available,5.0,12,4,
231307,BARAGA COUNTY MEMORIAL HOSPITAL,18341 US HIGHWAY 41,L' ANSE,MI,49946,BARAGA,(906) 524-3300,Critical Access Hospitals,Government - Local,Yes,,Not Available,16,7,1,0,1,0,,8,Not Available,Not Available,Not Available,Not Available,5,11,2,0,2,0,,8,Not Available,5.0,12,4,
231308,MUNISING MEMORIAL HOSPITAL,1500 SAND POINT RD,MUNISING,MI,49862,ALGER,(906) 387-4110,Critical Access Hospitals,Voluntary non-profit - Private,Yes,,Not Available,16,7,Not Available,Not Available,Not Available,Not Available,5.0,8,Not Available,Not Available,Not Available,Not Available,5,11,2,0,2,0,,8,Not Available,5.0,12,4,
231310,SCHEURER HOSPITAL,170 N CASEVILLE RD,PIGEON,MI,48755,HURON,(989) 453-3223,Critical Access Hospitals,Voluntary non-profit - Other,Yes,,Not Available,16,7,1,0,1,0,,8,1,0,1,0,,11,6,0,6,0,,8,Not Available,5.0,12,8,
231311,DECKERVILLE COMMUNITY HOSPITAL,3559 PINE ST,DECKERVILLE,MI,48427,SANILAC,(810) 376-2835,Critical Access Hospitals,Voluntary non-profit - Private,Yes,,Not Available,16,7,Not Available,Not Available,Not Available,Not Available,5.0,8,Not Available,Not Available,Not Available,Not Available,5,11,1,0,1,0,,8,Not Available,5.0,12,4,
231312,SHERIDAN COMMUNITY HOSPITAL,301 N MAIN ST,SHERIDAN,MI,48884,MONTCALM,(989) 291-3261,Critical Access Hospitals,Voluntary non-profit - Private,Yes,,Not Available,16,7,Not Available,Not Available,Not Available,Not Available,5.0,8,Not Available,Not Available,Not Available,Not Available,5,11,1,0,1,0,,8,Not Available,5.0,12,3,
231313,HARBOR BEACH COMMUNITY HOSPITAL,210 S FIRST ST,HARBOR BEACH,MI,48441,HURON,(517) 479-3201,Critical Access Hospitals,Voluntary non-profit - Private,Yes,,Not Available,16,7,Not Available,Not Available,Not Available,Not Available,5.0,8,Not Available,Not Available,Not Available,Not Available,5,11,3,0,3,0,,8,Not Available,5.0,12,3,
231314,MCKENZIE HEALTH SYSTEM,120 N DELAWARE STREET,SANDUSKY,MI,48471,SANILAC,(810) 648-3770,Critical Access Hospitals,Voluntary non-profit - Private,Yes,,Not Available,16,7,Not Available,Not Available,Not Available,Not Available,5.0,8,Not Available,Not Available,Not Available,Not Available,5,11,2,0,2,0,,8,Not Available,5.0,12,4,
231315,ASCENSION BORGESS LEE HOSPITAL,420 W HIGH ST,DOWAGIAC,MI,49047,CASS,(269) 782-8681,Critical Access Hospitals,Voluntary non-profit - Church,Yes,,Not Available,16,7,2,0,2,0,,8,Not Available,Not Available,Not Available,Not Available,5,11,2,0,2,0,,8,Not Available,5.0,12,5,
231316,HILLS & DALES GENERAL HOSPITAL,4675 HILL STREET,CASS CITY,MI,48726,TUSCOLA,(989) 872-2121,Critical Access Hospitals,Voluntary non-profit - Private,Yes,,Not Available,16,7,1,0,1,0,,8,1,0,1,0,,11,2,0,2,0,,8,8,,12,6,
231318,"ASPIRUS IRON RIVER HOSPITAL & CLINICS, INC",1400 W ICE LAKE ROAD,IRON RIVER,MI,49935,IRON,(906) 265-6121,Critical Access Hospitals,Voluntary non-profit - Other,Yes,,Not Available,16,7,2,0,2,0,,8,Not Available,Not Available,Not Available,Not Available,5,11,3,1,2,0,,8,Not Available,5.0,12,6,
231319,ASPIRUS KEWEENAW HOSPITAL AND CLINICS,205 OSCEOLA,LAURIUM,MI,49913,HOUGHTON,(906) 337-6500,Critical Access Hospitals,Voluntary non-profit - Private,Yes,Y,Not Available,16,7,2,0,2,0,,8,Not Available,Not Available,Not Available,Not Available,5,11,5,0,5,0,,8,Not Available,5.0,12,7,
231320,MERCY HEALTH LAKESHORE CAMPUS,72 SOUTH STATE STREET,SHELBY,MI,49455,OCEANA,(231) 861-2156,Critical Access Hospitals,Voluntary non-profit - Private,Yes,,Not Available,16,7,1,0,1,0,,8,Not Available,Not Available,Not Available,Not Available,5,11,3,0,3,0,,8,8,,12,6,
231321,BELL HOSPITAL,901 LAKESHORE DRIVE,ISHPEMING,MI,49849,MARQUETTE,(906) 486-4431,Critical Access Hospitals,Proprietary,Yes,Y,Not Available,16,7,2,0,2,0,,8,2,0,2,0,,11,6,0,6,0,,8,8,,12,9,
231322,CHARLEVOIX AREA HOSPITAL,14700 LAKESHORE DRIVE,CHARLEVOIX,MI,49720,CHARLEVOIX,(231) 547-4024,Critical Access Hospitals,Voluntary non-profit - Other,Yes,Y,Not Available,16,7,1,0,1,0,,8,1,0,1,0,,11,6,0,6,0,,8,8,,12,7,
231323,COREWELL HEALTH REED CITY HOSPITAL,"300 N PATTERSON, PO BOX 75",REED CITY,MI,49677,OSCEOLA,(616) 225-6901,Critical Access Hospitals,Voluntary non-profit - Private,Yes,,Not Available,16,7,Not Available,Not Available,Not Available,Not Available,5.0,8,Not Available,Not Available,Not Available,Not Available,5,11,3,0,3,0,,8,Not Available,5.0,12,8,
231324,EATON RAPIDS MEDICAL CENTER,1500 S MAIN STREET,EATON RAPIDS,MI,48827,EATON,(517) 663-2671,Critical Access Hospitals,Voluntary non-profit - Private,Yes,,Not Available,16,7,Not Available,Not Available,Not Available,Not Available,5.0,8,Not Available,Not Available,Not Available,Not Available,5,11,3,0,3,0,,8,Not Available,5.0,12,6,
231325,MYMICHIGAN MEDICAL CENTER GLADWIN,515 QUARTER STREET,GLADWIN,MI,48624,GLADWIN,(989) 426-9286,Critical Access Hospitals,Voluntary non-profit - Private,Yes,,Not Available,16,7,2,0,2,0,,8,Not Available,Not Available,Not Available,Not Available,5,11,6,0,6,0,,8,8,,12,7,
231326,SPARROW CLINTON HOSPITAL,805 S OAKLAND,SAINT JOHNS,MI,48879,CLINTON,(989) 227-3400,Critical Access Hospitals,Proprietary,Yes,,3,,7,3,0,3,0,,8,1,0,1,0,,11,5,0,5,0,,8,8,,12,7,
231327,UNIVERSITY OF MICHIGAN HEALTH - SPARROW EATON,321 E HARRIS STREET,CHARLOTTE,MI,48813,EATON,(517) 543-1050,Critical Access Hospitals,Voluntary non-profit - Other,Yes,,Not Available,16,7,2,0,2,0,,8,1,0,1,0,,11,5,0,5,0,,8,8,,12,7,
231328,ASCENSION BORGESS ALLEGAN HOSPITAL,555 LINN STREET,ALLEGAN,MI,49010,ALLEGAN,(269) 686-4101,Critical Access Hospitals,Voluntary non-profit - Private,Yes,,Not Available,16,7,1,0,1,0,,8,Not Available,Not Available,Not Available,Not Available,5,11,3,0,3,0,,8,Not Available,5.0,12,4,
231329,MCLAREN CARO REGION,401 N HOOPER ST,CARO,MI,48723,TUSCOLA,(989) 673-3141,Critical Access Hospitals,Voluntary non-profit - Private,Yes,,Not Available,16,7,Not Available,Not Available,Not Available,Not Available,5.0,8,Not Available,Not Available,Not Available,Not Available,5,11,1,0,1,0,,8,Not Available,5.0,12,4,
231330,MARLETTE REGIONAL HOSPITAL,2770 MAIN STREET,MARLETTE,MI,48453,SANILAC,(989) 635-4000,Critical Access Hospitals,Voluntary non-profit - Private,Yes,,Not Available,16,7,Not Available,Not Available,Not Available,Not Available,5.0,8,Not Available,Not Available,Not Available,Not Available,5,11,2,0,2,0,,8,Not Available,5.0,12,6,
231331,SPARROW IONIA HOSPITAL,3565 S STATE ROAD,IONIA,MI,48846,IONIA,(616) 527-4200,Critical Access Hospitals,Voluntary non-profit - Private,Yes,,4,,7,3,0,3,0,,8,1,0,1,0,,11,4,0,4,0,,8,8,,12,6,
231332,BRONSON LAKEVIEW HOSPITAL,408 HAZEN STREET,PAW PAW,MI,49079,VAN BUREN,(269) 657-1400,Critical Access Hospitals,Voluntary non-profit - Private,Yes,,4,,7,3,0,3,0,,8,Not Available,Not Available,Not Available,Not Available,5,11,5,0,5,0,,8,8,,12,7,
231333,ASPIRUS IRONWOOD HOSPITAL,N10561 GRAND VIEW LANE,IRONWOOD,MI,49938,GOGEBIC,(906) 932-2525,Critical Access Hospitals,Voluntary non-profit - Private,Yes,Y,Not Available,16,7,2,0,2,0,,8,Not Available,Not Available,Not Available,Not Available,5,11,3,0,1,2,,8,8,,12,7,
231337,OSF ST FRANCIS HOSPITAL AND MEDICAL GROUP,3401 LUDINGTON ST,ESCANABA,MI,49829,DELTA,(906) 786-3311,Critical Access Hospitals,Voluntary non-profit - Church,Yes,Y,3,,7,3,0,3,0,,8,1,0,1,0,,11,8,0,8,0,,8,8,,12,8,
231338,COREWELL HEALTH GERBER HOSPITAL,212 S SULLIVAN ST,FREMONT,MI,49412,NEWAYGO,(231) 924-3300,Critical Access Hospitals,Voluntary non-profit - Private,Yes,Y,4,,7,3,0,3,0,,8,1,0,1,0,,11,8,0,8,0,,8,8,,12,11,
231339,COREWELL HEALTH PENNOCK HOSPITAL,1009 W GREEN ST,HASTINGS,MI,49058,BARRY,(269) 945-3451,Critical Access Hospitals,Voluntary non-profit - Other,Yes,Y,3,,7,3,0,3,0,,8,1,0,1,0,,11,8,0,8,0,,8,8,,12,11,
231340,MCLAREN THUMB REGION,1100 S VAN DYKE RD,BAD AXE,MI,48413,HURON,(989) 269-9521,Critical Access Hospitals,Voluntary non-profit - Private,Yes,,Not Available,16,7,Not Available,Not Available,Not Available,Not Available,5.0,8,Not Available,Not Available,Not Available,Not Available,5,11,2,0,2,0,,8,Not Available,5.0,12,3,
241301,LAKEWOOD HEALTH CENTER,600 MAIN AVE S,BAUDETTE,MN,56623,LAKE OF  WOODS,(218) 634-2120,Critical Access Hospitals,Voluntary non-profit - Church,Yes,,Not Available,16,7,Not Available,Not Available,Not Available,Not Available,5.0,8,Not Available,Not Available,Not Available,Not Available,5,11,Not Available,Not Available,Not Available,Not Available,5.0,8,Not Available,5.0,12,4,
241302,SANFORD WESTBROOK MEDICAL CENTER,920 BELL AVENUE PO BOX 188,WESTBROOK,MN,56183,COTTONWOOD,(507) 274-1119,Critical Access Hospitals,Voluntary non-profit - Private,Yes,,Not Available,16,7,Not Available,Not Available,Not Available,Not Available,5.0,8,Not Available,Not Available,Not Available,Not Available,5,11,1,0,1,0,,8,Not Available,5.0,12,3,
241303,SANFORD TRACY MEDICAL CENTER,251 FIFTH STREET EAST,TRACY,MN,56175,LYON,(507) 629-8400,Critical Access Hospitals,Voluntary non-profit - Private,Yes,,Not Available,16,7,Not Available,Not Available,Not Available,Not Available,5.0,8,Not Available,Not Available,Not Available,Not Available,5,11,2,0,2,0,,8,Not Available,5.0,12,4,
241304,SANFORD WHEATON MEDICAL CENTER,401 12TH STREET NORTH,WHEATON,MN,56296,TRAVERSE,(320) 563-8226,Critical Access Hospitals,Voluntary non-profit - Private,No,,Not Available,16,7,Not Available,Not Available,Not Available,Not Available,5.0,8,Not Available,Not Available,Not Available,Not Available,5,11,1,0,1,0,,8,Not Available,5.0,12,4,
241305,RIVERWOOD HEALTHCARE CENTER,200 BUNKER HILL DRIVE,AITKIN,MN,56431,AITKIN,(218) 927-5501,Critical Access Hospitals,Voluntary non-profit - Private,Yes,,Not Available,16,7,Not Available,Not Available,Not Available,Not Available,5.0,8,Not Available,Not Available,Not Available,Not Available,5,11,1,0,1,0,,8,8,,12,6,
241306,OLIVIA HOSPITAL & CLINIC,100 HEALTHY WAY,OLIVIA,MN,56277,RENVILLE,(320) 523-1261,Critical Access Hospitals,Voluntary non-profit - Private,Yes,,Not Available,16,7,1,0,1,0,,8,1,0,1,0,,11,3,0,3,0,,8,Not Available,5.0,12,7,
241308,LAKE VIEW MEMORIAL HOSPITAL,325 ELEVENTH AVE,TWO HARBORS,MN,55616,LAKE,(218) 834-7300,Critical Access Hospitals,Voluntary non-profit - Private,Yes,,Not Available,16,7,Not Available,Not Available,Not Available,Not Available,5.0,8,Not Available,Not Available,Not Available,Not Available,5,11,2,0,2,0,,8,Not Available,5.0,12,5,
241309,ESSENTIA HEALTH SANDSTONE,705 LUNDORFF DRIVE SOUTH,SANDSTONE,MN,55072,PINE,(218) 786-1367,Critical Access Hospitals,Voluntary non-profit - Private,Yes,,Not Available,16,7,Not Available,Not Available,Not Available,Not Available,5.0,8,Not Available,Not Available,Not Available,Not Available,5,11,1,0,1,0,,8,Not Available,5.0,12,7,
241311,RIDGEVIEW SIBLEY MEDICAL CENTER,601 WEST CHANDLER,ARLINGTON,MN,55307,SIBLEY,(507) 964-8415,Critical Access Hospitals,Voluntary non-profit - Private,Yes,,Not Available,16,7,Not Available,Not Available,Not Available,Not Available,5.0,8,Not Available,Not Available,Not Available,Not Available,5,11,Not Available,Not Available,Not Available,Not Available,5.0,8,Not Available,5.0,12,3,
241312,COOK HOSPITAL,10 SE FIFTH ST,COOK,MN,55723,ST. LOUIS,(218) 666-5945,Critical Access Hospitals,Government - Hospital District or Authority,Yes,,Not Available,16,7,Not Available,Not Available,Not Available,Not Available,5.0,8,Not Available,Not Available,Not Available,Not Available,5,11,Not Available,Not Available,Not Available,Not Available,5.0,8,Not Available,5.0,12,4,
241313,ESSENTIA HEALTH ADA,201 9TH STREET WEST,ADA,MN,56510,NORMAN,(218) 784-5000,Critical Access Hospitals,Voluntary non-profit - Private,Yes,,Not Available,16,7,Not Available,Not Available,Not Available,Not Available,5.0,8,Not Available,Not Available,Not Available,Not Available,5,11,Not Available,Not Available,Not Available,Not Available,5.0,8,Not Available,5.0,12,4,
241314,JOHNSON MEMORIAL HOSPITAL,1282 WALNUT STREET,DAWSON,MN,56232,LAC QUI PARLE,(320) 769-4323,Critical Access Hospitals,Government - Hospital District or Authority,Yes,,Not Available,16,7,Not Available,Not Available,Not Available,Not Available,5.0,8,Not Available,Not Available,Not Available,Not Available,5,11,1,0,1,0,,8,Not Available,5.0,12,5,
241315,SANFORD JACKSON MEDICAL CENTER,1430 NORTH HIGHWAY,JACKSON,MN,56143,JACKSON,(507) 847-2420,Critical Access Hospitals,Voluntary non-profit - Private,Yes,,Not Available,16,7,Not Available,Not Available,Not Available,Not Available,5.0,8,Not Available,Not Available,Not Available,Not Available,5,11,2,0,2,0,,8,Not Available,5.0,12,4,
241316,BIGFORK VALLEY HOSPITAL,258 PINE TREE DRIVE,BIGFORK,MN,56628,ITASCA,(218) 743-3177,Critical Access Hospitals,Government - Hospital District or Authority,Yes,,Not Available,16,7,Not Available,Not Available,Not Available,Not Available,5.0,8,Not Available,Not Available,Not Available,Not Available,5,11,Not Available,Not Available,Not Available,Not Available,5.0,8,Not Available,5.0,12,5,
241317,NORTH SHORE HEALTH,515 5TH AVE WEST,GRAND MARAIS,MN,55604,COOK,(218) 387-3040,Critical Access Hospitals,Government - Hospital District or Authority,Yes,,Not Available,16,7,Not Available,Not Available,Not Available,Not Available,5.0,8,Not Available,Not Available,Not Available,Not Available,5,11,Not Available,Not Available,Not Available,Not Available,5.0,8,Not Available,5.0,12,4,
241318,ELY - BLOOMENSON COMMUNITY HOSPITAL,328 WEST CONAN STREET,ELY,MN,55731,ST. LOUIS,(218) 365-3271,Critical Access Hospitals,Voluntary non-profit - Private,Yes,,Not Available,16,7,Not Available,Not Available,Not Available,Not Available,5.0,8,Not Available,Not Available,Not Available,Not Available,5,11,2,0,2,0,,8,Not Available,5.0,12,5,
241319,MURRAY COUNTY MEMORIAL HOSPITAL,2042 JUNIPER AVENUE,SLAYTON,MN,56172,MURRAY,(507) 836-6111,Critical Access Hospitals,Government - Local,Yes,,Not Available,16,7,Not Available,Not Available,Not Available,Not Available,5.0,8,Not Available,Not Available,Not Available,Not Available,5,11,1,0,1,0,,8,Not Available,5.0,12,4,
241320,RIVERVIEW HOSPITAL,323 SOUTH MINNESOTA,CROOKSTON,MN,56716,POLK,(218) 281-9200,Critical Access Hospitals,Voluntary non-profit - Private,Yes,,Not Available,16,7,1,0,1,0,,8,Not Available,Not Available,Not Available,Not Available,5,11,2,0,2,0,,8,8,,12,5,
241321,ESSENTIA HEALTH HOLY TRINITY HOSPITAL,"115  SECOND STREET WEST, BOX 157",GRACEVILLE,MN,56240,BIG STONE,(320) 748-7223,Critical Access Hospitals,Voluntary non-profit - Private,Yes,,Not Available,16,7,Not Available,Not Available,Not Available,Not Available,5.0,8,Not Available,Not Available,Not Available,Not Available,5,11,Not Available,Not Available,Not Available,Not Available,5.0,8,Not Available,5.0,12,5,
241322,RAINY LAKE MEDICAL CENTER,1400 HIGHWAY 71,INTERNATIONAL FALLS,MN,56649,KOOCHICHING,(218) 283-4481,Critical Access Hospitals,Voluntary non-profit - Private,Yes,,Not Available,16,7,Not Available,Not Available,Not Available,Not Available,5.0,8,2,1,1,0,,11,2,1,1,0,,8,Not Available,5.0,12,5,
241323,MADELIA HEALTH,121 DREW AVENUE SOUTHEAST,MADELIA,MN,56062,WATONWAN,(507) 642-3255,Critical Access Hospitals,Voluntary non-profit - Other,Yes,,Not Available,16,7,Not Available,Not Available,Not Available,Not Available,5.0,8,Not Available,Not Available,Not Available,Not Available,5,11,2,0,2,0,,8,Not Available,5.0,12,3,
241325,CHIPPEWA COUNTY HOSPITAL,824 NORTH 11TH STREET,MONTEVIDEO,MN,56265,CHIPPEWA,(320) 269-8877,Critical Access Hospitals,Government - Local,Yes,,Not Available,16,7,1,0,1,0,,8,Not Available,Not Available,Not Available,Not Available,5,11,4,0,4,0,,8,8,,12,6,
241326,CENTRACARE HEALTH SYSTEM - LONG PRAIRIE,50 CENTRACARE DRIVE,LONG PRAIRIE,MN,56347,TODD,(320) 732-2141,Critical Access Hospitals,Voluntary non-profit - Private,Yes,Y,Not Available,16,7,Not Available,Not Available,Not Available,Not Available,5.0,8,1,0,1,0,,11,4,0,4,0,,8,Not Available,5.0,12,9,
241327,SLEEPY EYE MEDICAL CENTER,400 FOURTH AVENUE NORTHWEST,SLEEPY EYE,MN,56085,BROWN,(507) 794-3571,Critical Access Hospitals,Government - Local,Yes,,Not Available,16,7,1,0,1,0,,8,Not Available,Not Available,Not Available,Not Available,5,11,3,0,3,0,,8,Not Available,5.0,12,3,
241328,SANFORD BAGLEY MEDICAL CENTER,203 4TH STREET NORTHWEST,BAGLEY,MN,56621,CLEARWATER,(218) 694-6501,Critical Access Hospitals,Voluntary non-profit - Private,Yes,,Not Available,16,7,Not Available,Not Available,Not Available,Not Available,5.0,8,Not Available,Not Available,Not Available,Not Available,5,11,2,0,2,0,,8,Not Available,5.0,12,5,
241329,LAKEWOOD HEALTH SYSTEM,49725 COUNTY ROAD 83,STAPLES,MN,56479,TODD,(218) 894-1515,Critical Access Hospitals,Voluntary non-profit - Other,Yes,,Not Available,16,7,1,0,1,0,,8,1,0,1,0,,11,4,0,4,0,,8,8,,12,7,
241330,CENTRACARE HEALTH SYSTEM - MELROSE HOSPITAL,525 WEST MAIN STREET,MELROSE,MN,56352,STEARNS,(320) 256-1805,Critical Access Hospitals,Voluntary non-profit - Private,No,Y,Not Available,16,7,1,0,1,0,,8,Not Available,Not Available,Not Available,Not Available,5,11,4,1,3,0,,8,Not Available,5.0,12,8,
241332,WINDOM AREA HEALTH,"2150 HOSPITAL DRIVE, PO BOX 339",WINDOM,MN,56101,COTTONWOOD,(507) 831-2400,Critical Access Hospitals,Government - Local,Yes,,Not Available,16,7,Not Available,Not Available,Not Available,Not Available,5.0,8,1,0,1,0,,11,3,0,3,0,,8,Not Available,5.0,12,6,
241333,MAYO CLINIC HEALTH SYSTEM ST. JAMES,1101 MOULTON AND PARSONS DRIVE,ST JAMES,MN,56081,WATONWAN,(507) 375-8602,Critical Access Hospitals,Voluntary non-profit - Private,Yes,,Not Available,16,7,Not Available,Not Available,Not Available,Not Available,5.0,8,1,0,1,0,,11,2,0,2,0,,8,Not Available,5.0,12,6,
241334,RIVER'S EDGE HOSPITAL & CLINIC,1900 NORTH SUNRISE DRIVE,ST PETER,MN,56082,NICOLLET,(507) 931-2200,Critical Access Hospitals,Government - Local,Yes,,Not Available,16,7,Not Available,Not Available,Not Available,Not Available,5.0,8,1,0,1,0,,11,3,0,3,0,,8,8,,12,6,
241335,ST ELIZABETH MEDICAL CENTER,1200 GRANT BLVD W,WABASHA,MN,55981,WABASHA,(651) 565-4531,Critical Access Hospitals,Proprietary,Yes,,Not Available,16,7,Not Available,Not Available,Not Available,Not Available,5.0,8,Not Available,Not Available,Not Available,Not Available,5,11,2,0,2,0,,8,Not Available,5.0,12,5,
241336,KITTSON HEALTHCARE,1010 SOUTH BIRCH AVENUE,HALLOCK,MN,56728,KITTSON,(218) 843-3612,Critical Access Hospitals,Voluntary non-profit - Private,Yes,,Not Available,16,7,Not Available,Not Available,Not Available,Not Available,5.0,8,Not Available,Not Available,Not Available,Not Available,5,11,2,0,2,0,,8,Not Available,5.0,12,2,
241337,NORTH VALLEY HEALTH CENTER,300 WEST GOOD SAMARITAN DRIVE,WARREN,MN,56762,MARSHALL,(218) 745-4211,Critical Access Hospitals,Voluntary non-profit - Private,Yes,,Not Available,16,7,Not Available,Not Available,Not Available,Not Available,5.0,8,Not Available,Not Available,Not Available,Not Available,5,11,1,0,1,0,,8,Not Available,5.0,12,4,
241338,MAYO CLINIC HEALTH SYSTEM - LAKE CITY,500 WEST GRANT STREET,LAKE CITY,MN,55041,WABASHA,(651) 345-5955,Critical Access Hospitals,Voluntary non-profit - Private,Yes,,Not Available,16,7,Not Available,Not Available,Not Available,Not Available,5.0,8,Not Available,Not Available,Not Available,Not Available,5,11,1,0,1,0,,8,Not Available,5.0,12,6,
241339,HENDRICKS COMMUNITY HOSPITAL,503 E LINCOLN STREET,HENDRICKS,MN,56136,LINCOLN,(507) 275-3134,Critical Access Hospitals,Voluntary non-profit - Private,Yes,,Not Available,16,7,Not Available,Not Available,Not Available,Not Available,5.0,8,Not Available,Not Available,Not Available,Not Available,5,11,2,0,2,0,,8,Not Available,5.0,12,2,
241340,ESSENTIA HEALTH NORTHERN PINES MEDICAL CENTER,5211 HIGHWAY 110,AURORA,MN,55705,ST. LOUIS,(218) 229-4222,Critical Access Hospitals,Voluntary non-profit - Private,Yes,,Not Available,16,7,Not Available,Not Available,Not Available,Not Available,5.0,8,Not Available,Not Available,Not Available,Not Available,5,11,1,0,1,0,,8,Not Available,5.0,12,7,
241341,APPLETON AREA HEALTH,30 S BEHL ST,APPLETON,MN,56208,SWIFT,(320) 289-1580,Critical Access Hospitals,Government - Local,Yes,,Not Available,16,7,Not Available,Not Available,Not Available,Not Available,5.0,8,Not Available,Not Available,Not Available,Not Available,5,11,Not Available,Not Available,Not Available,Not Available,5.0,8,Not Available,5.0,12,2,
241342,ORTONVILLE AREA HEALTH SERVICES,450 EASTVOLD AVE,ORTONVILLE,MN,56278,BIG STONE,(320) 839-2502,Critical Access Hospitals,Government - Local,Yes,Y,Not Available,16,7,1,0,1,0,,8,Not Available,Not Available,Not Available,Not Available,5,11,4,0,4,0,,8,Not Available,5.0,12,6,
241343,AVERA GRANITE FALLS,345 TENTH AVENUE,GRANITE FALLS,MN,56241,YELLOW MEDCINE,(320) 564-6201,Critical Access Hospitals,Government - Local,Yes,,Not Available,16,7,Not Available,Not Available,Not Available,Not Available,5.0,8,Not Available,Not Available,Not Available,Not Available,5,11,1,0,1,0,,8,Not Available,5.0,12,4,
241344,LIFECARE MEDICAL CENTER,715 DELMORE DRIVE,ROSEAU,MN,56751,ROSEAU,(218) 463-2500,Critical Access Hospitals,Voluntary non-profit - Private,Yes,,Not Available,16,7,1,0,1,0,,8,Not Available,Not Available,Not Available,Not Available,5,11,5,0,5,0,,8,Not Available,5.0,12,6,
241345,MAYO CLINIC HEALTH SYSTEM - WASECA,501 NORTH STATE STREET,WASECA,MN,56093,WASECA,(507) 835-1210,Critical Access Hospitals,Voluntary non-profit - Private,Yes,,Not Available,16,7,1,0,1,0,,8,1,0,1,0,,11,2,0,2,0,,8,Not Available,5.0,12,6,
241346,MAYO CLINIC HEALTH SYSTEM - CANNON FALLS,32021 COUNTY 24 BOULEVARD,CANNON FALLS,MN,55009,GOODHUE,(507) 263-6000,Critical Access Hospitals,Voluntary non-profit - Private,Yes,,Not Available,16,7,Not Available,Not Available,Not Available,Not Available,5.0,8,Not Available,Not Available,Not Available,Not Available,5,11,1,0,1,0,,8,Not Available,5.0,12,5,
241347,SANFORD CANBY MEDICAL CENTER,112 ST OLAF AVENUE SOUTH,CANBY,MN,56220,YELLOW MEDCINE,(507) 223-7277,Critical Access Hospitals,Government - Hospital District or Authority,Yes,,Not Available,16,7,1,0,1,0,,8,Not Available,Not Available,Not Available,Not Available,5,11,2,0,2,0,,8,Not Available,5.0,12,5,
241348,AVERA TYLER HOSPITAL,240 WILLOW STREET,TYLER,MN,56178,LINCOLN,(507) 247-5521,Critical Access Hospitals,Voluntary non-profit - Private,Yes,,Not Available,16,7,Not Available,Not Available,Not Available,Not Available,5.0,8,Not Available,Not Available,Not Available,Not Available,5,11,1,0,1,0,,8,Not Available,5.0,12,3,
241349,CENTRACARE HEALTH PAYNESVILLE LLC,200 1ST STREET WEST,PAYNESVILLE,MN,56362,STEARNS,(320) 243-3767,Critical Access Hospitals,Voluntary non-profit - Private,Yes,Y,Not Available,16,7,1,0,1,0,,8,Not Available,Not Available,Not Available,Not Available,5,11,2,0,2,0,,8,Not Available,5.0,12,8,
241350,ESSENTIA HEALTH MOOSE LAKE,4572 COUNTY ROAD 61,MOOSE LAKE,MN,55767,CARLTON,(218) 786-1367,Critical Access Hospitals,Government - Hospital District or Authority,Yes,Y,Not Available,16,7,Not Available,Not Available,Not Available,Not Available,5.0,8,Not Available,Not Available,Not Available,Not Available,5,11,2,0,2,0,,8,8,,12,8,
241351,CENTRACARE - REDWOOD,100 FALLWOOD ROAD,REDWOOD FALLS,MN,56283,REDWOOD,(507) 637-4500,Critical Access Hospitals,Government - Local,Yes,Y,Not Available,16,7,1,0,1,0,,8,1,0,1,0,,11,3,0,3,0,,8,Not Available,5.0,12,8,
241353,CUYUNA REGIONAL MEDICAL CENTER,320 EAST MAIN STREET,CROSBY,MN,56441,CROW WING,(218) 546-2300,Critical Access Hospitals,Government - Hospital District or Authority,Yes,Y,Not Available,16,7,1,0,1,0,,8,2,0,2,0,,11,6,0,6,0,,8,8,,12,7,
241354,ASTERA HEALTH,421 11TH STREET NW,WADENA,MN,56482,WADENA,(218) 631-7489,Critical Access Hospitals,Voluntary non-profit - Other,Yes,Y,Not Available,16,7,2,0,2,0,,8,2,0,2,0,,11,4,0,4,0,,8,8,,12,5,
241355,GLENCOE REGIONAL HEALTH,1805 HENNEPIN AVENUE NORTH,GLENCOE,MN,55336,MC LEOD,(320) 864-3121,Critical Access Hospitals,Voluntary non-profit - Other,Yes,Y,Not Available,16,7,Not Available,Not Available,Not Available,Not Available,5.0,8,Not Available,Not Available,Not Available,Not Available,5,11,2,0,2,0,,8,8,,12,6,
241356,MILLE LACS HEALTH SYSTEM,200 NORTH ELM STREET,ONAMIA,MN,56359,MILLE LACS,(320) 532-3154,Critical Access Hospitals,Voluntary non-profit - Other,Yes,,Not Available,16,7,Not Available,Not Available,Not Available,Not Available,5.0,8,Not Available,Not Available,Not Available,Not Available,5,11,1,0,1,0,,8,Not Available,5.0,12,7,
241357,ESSENTIA HEALTH FOSSTON,900 HILLIGOSS BOULEVARD SE,FOSSTON,MN,56542,POLK,(218) 435-1133,Critical Access Hospitals,Voluntary non-profit - Private,Yes,,Not Available,16,7,Not Available,Not Available,Not Available,Not Available,5.0,8,Not Available,Not Available,Not Available,Not Available,5,11,1,0,1,0,,8,Not Available,5.0,12,7,
241358,CASS LAKE INDIAN HEALTH SERVICES HOSPITAL,425 7TH STREET NW,CASS LAKE,MN,56633,CASS,(218) 335-3205,Critical Access Hospitals,Government - Federal,Yes,,Not Available,16,7,Not Available,Not Available,Not Available,Not Available,5.0,8,Not Available,Not Available,Not Available,Not Available,5,11,Not Available,Not Available,Not Available,Not Available,5.0,8,Not Available,5.0,12,4,
241359,AVERA MARSHALL REGIONAL MEDICAL CTR,300 SOUTH BRUCE STREET,MARSHALL,MN,56258,LYON,(507) 537-9661,Critical Access Hospitals,Voluntary non-profit - Private,Yes,Y,Not Available,16,7,1,0,1,0,,8,2,0,2,0,,11,5,1,4,0,,8,8,,12,6,
241360,ESSENTIA HEALTH DEER RIVER,115 10TH AVENUE NORTHEAST,DEER RIVER,MN,56636,ITASCA,(218) 246-4200,Critical Access Hospitals,Voluntary non-profit - Private,Yes,,Not Available,16,7,Not Available,Not Available,Not Available,Not Available,5.0,8,Not Available,Not Available,Not Available,Not Available,5,11,2,0,2,0,,8,Not Available,5.0,12,7,
241361,MAYO CLINIC HEALTH SYSTEM NEW PRAGUE,301 2ND STREET NORTHEAST,NEW PRAGUE,MN,56071,SCOTT,(952) 758-4431,Critical Access Hospitals,Voluntary non-profit - Private,Yes,,Not Available,16,7,2,0,2,0,,8,2,0,2,0,,11,5,0,4,1,,8,8,,12,7,
241362,CENTRACARE HEALTH - MONTICELLO,1013 HART BOULEVARD,MONTICELLO,MN,55362,WRIGHT,(763) 295-2945,Critical Access Hospitals,Voluntary non-profit - Private,Yes,Y,Not Available,16,7,Not Available,Not Available,Not Available,Not Available,5.0,8,1,0,1,0,,11,5,0,5,0,,8,8,,12,9,
241363,STEVENS COMMUNITY MEDICAL CENTER,400 EAST FIRST STREET,MORRIS,MN,56267,STEVENS,(320) 589-1313,Critical Access Hospitals,Voluntary non-profit - Private,Yes,Y,Not Available,16,7,1,0,1,0,,8,1,0,1,0,,11,3,1,2,0,,8,8,,12,4,
241364,COMMUNITY MEMORIAL HOSPITAL,512 SKYLINE BOULEVARD,CLOQUET,MN,55720,CARLTON,(218) 879-4641,Critical Access Hospitals,Voluntary non-profit - Private,Yes,,Not Available,16,7,1,0,1,0,,8,2,0,2,0,,11,3,0,3,0,,8,8,,12,6,
241365,CENTRACARE - BENSON,1815 WISCONSIN AVENUE,BENSON,MN,56215,SWIFT,(320) 843-4232,Critical Access Hospitals,Government - Hospital District or Authority,Yes,,Not Available,16,7,Not Available,Not Available,Not Available,Not Available,5.0,8,Not Available,Not Available,Not Available,Not Available,5,11,1,0,1,0,,8,Not Available,5.0,12,5,
241366,MEEKER MEMORIAL HOSPITAL,612 SOUTH SIBLEY AVENUE,LITCHFIELD,MN,55355,MEEKER,(320) 693-4500,Critical Access Hospitals,Government - Local,Yes,,Not Available,16,7,1,0,1,0,,8,Not Available,Not Available,Not Available,Not Available,5,11,2,0,2,0,,8,8,,12,5,
241367,WELIA HEALTH,301 SOUTH HIGHWAY 65,MORA,MN,55051,KANABEC,(320) 679-1212,Critical Access Hospitals,Government - Local,Yes,,Not Available,16,7,2,0,2,0,,8,2,0,2,0,,11,6,0,6,0,,8,8,,12,6,
241368,CENTRACARE HEALTH SYSTEM - SAUK CENTRE,425 NORTH ELM STREET,SAUK CENTRE,MN,56378,STEARNS,(320) 352-2221,Critical Access Hospitals,Voluntary non-profit - Private,Yes,Y,Not Available,16,7,Not Available,Not Available,Not Available,Not Available,5.0,8,Not Available,Not Available,Not Available,Not Available,5,11,3,0,3,0,,8,Not Available,5.0,12,8,
241369,UNITED HOSPITAL DISTRICT,515 SOUTH MOORE STREET,BLUE EARTH,MN,56013,FARIBAULT,(507) 526-3273,Critical Access Hospitals,Government - Hospital District or Authority,Yes,Y,Not Available,16,7,2,0,2,0,,8,1,0,1,0,,11,3,0,3,0,,8,8,,12,6,
241370,ST GABRIELS HOSPITAL,815 SOUTHEAST SECOND STREET,LITTLE FALLS,MN,56345,MORRISON,(320) 632-5441,Critical Access Hospitals,Voluntary non-profit - Private,Yes,Y,Not Available,16,7,1,0,1,0,,8,1,0,1,0,,11,4,0,4,0,,8,8,,12,8,
241371,SANFORD LUVERNE MEDICAL CENTER,1600 N KNISS AVENUE P O BOX 1019,LUVERNE,MN,56156,ROCK,(507) 283-2321,Critical Access Hospitals,Voluntary non-profit - Private,Yes,,Not Available,16,7,1,0,1,0,,8,Not Available,Not Available,Not Available,Not Available,5,11,2,0,1,1,,8,Not Available,5.0,12,5,
241372,MADISON HOSPITAL,820 THIRD AVENUE,MADISON,MN,56256,LAC QUI PARLE,(320) 598-7536,Critical Access Hospitals,Voluntary non-profit - Private,Yes,,Not Available,16,7,Not Available,Not Available,Not Available,Not Available,5.0,8,Not Available,Not Available,Not Available,Not Available,5,11,1,0,1,0,,8,Not Available,5.0,12,4,
241373,PERHAM HEALTH,1000 CONEY STREET WEST,PERHAM,MN,56573,OTTER TAIL,(218) 347-4500,Critical Access Hospitals,Government - Hospital District or Authority,Yes,,Not Available,16,7,2,0,2,0,,8,1,0,1,0,,11,5,0,5,0,,8,8,,12,8,
241374,PIPESTONE COUNTY  MEDICAL CENTER,916 4TH AVENUE SOUTHWEST,PIPESTONE,MN,56164,PIPESTONE,(507) 825-5811,Critical Access Hospitals,Government - Local,Yes,,Not Available,16,7,Not Available,Not Available,Not Available,Not Available,5.0,8,Not Available,Not Available,Not Available,Not Available,5,11,1,0,1,0,,8,Not Available,5.0,12,5,
241375,MINNESOTA VALLEY HEALTH CENTER  INC,621 SOUTH FOURTH STREET,LE SUEUR,MN,56058,LE SUEUR,(507) 665-3375,Critical Access Hospitals,Voluntary non-profit - Private,Yes,,Not Available,16,7,Not Available,Not Available,Not Available,Not Available,5.0,8,Not Available,Not Available,Not Available,Not Available,5,11,Not Available,Not Available,Not Available,Not Available,5.0,8,Not Available,5.0,12,3,
241376,GLACIAL RIDGE HOSPITAL,10 4TH AVENUE SOUTHEAST,GLENWOOD,MN,56334,POPE,(320) 634-4521,Critical Access Hospitals,Government - Hospital District or Authority,Yes,,Not Available,16,7,2,0,2,0,,8,Not Available,Not Available,Not Available,Not Available,5,11,4,0,4,0,,8,8,,12,6,
241377,ST FRANCIS MEDICAL CENTER,2400 ST FRANCIS DRIVE,BRECKENRIDGE,MN,56520,WILKIN,(218) 643-3000,Critical Access Hospitals,Voluntary non-profit - Church,Yes,,Not Available,16,7,2,0,2,0,,8,Not Available,Not Available,Not Available,Not Available,5,11,4,0,4,0,,8,Not Available,5.0,12,7,
241378,NEW ULM MEDICAL CENTER,1324 FIFTH NORTH STREET,NEW ULM,MN,56073,BROWN,(507) 217-5000,Critical Access Hospitals,Voluntary non-profit - Private,Yes,Y,Not Available,16,7,2,0,2,0,,8,2,0,2,0,,11,8,0,8,0,,8,8,,12,10,
241379,PRAIRIE RIDGE HOSPITAL AND HEALTH SERVICES,1411 HIGHWAY 79 E,ELBOW LAKE,MN,56531,GRANT,(218) 685-7300,Critical Access Hospitals,Voluntary non-profit - Private,Yes,,Not Available,16,7,Not Available,Not Available,Not Available,Not Available,5.0,8,Not Available,Not Available,Not Available,Not Available,5,11,Not Available,Not Available,Not Available,Not Available,5.0,8,Not Available,5.0,12,5,
241380,ST JOSEPHS AREA  HEALTH SERVICES,600 PLEASANT AVENUE,PARK RAPIDS,MN,56470,HUBBARD,(218) 732-3311,Critical Access Hospitals,Voluntary non-profit - Private,Yes,,Not Available,16,7,2,0,2,0,,8,Not Available,Not Available,Not Available,Not Available,5,11,5,1,4,0,,8,8,,12,8,
241381,SANFORD THIEF RIVER FALLS MEDICAL CENTER,3001 SANFORD PARKWAY,THIEF RIVER FALLS,MN,56701,PENNINGTON,(218) 683-2652,Critical Access Hospitals,Voluntary non-profit - Private,Yes,Y,Not Available,16,7,1,0,1,0,,8,1,0,1,0,,11,5,1,4,0,,8,8,,12,6,
251300,S E LACKEY MEMORIAL HOSPITAL,330 N BROAD STREET,FOREST,MS,39074,SCOTT,(601) 469-4151,Critical Access Hospitals,Voluntary non-profit - Private,Yes,,Not Available,16,7,Not Available,Not Available,Not Available,Not Available,5.0,8,1,0,1,0,,11,2,0,2,0,,8,Not Available,5.0,12,6,
251302,MONROE REGIONAL HOSPITAL,400 SOUTH CHESTNUT STREET,ABERDEEN,MS,39730,MONROE,(662) 369-2455,Critical Access Hospitals,Voluntary non-profit - Private,Yes,,Not Available,16,7,1,0,1,0,,8,Not Available,Not Available,Not Available,Not Available,5,11,2,1,1,0,,8,Not Available,5.0,12,4,
251304,TALLAHATCHIE GENERAL HOSPITAL-CAH,141 DR. T.T. LEWIS CIRCLE / PO BOX 230,CHARLESTON,MS,38921,TALLAHATCHIE,(662) 647-5535,Critical Access Hospitals,Government - Local,Yes,,Not Available,16,7,Not Available,Not Available,Not Available,Not Available,5.0,8,1,0,1,0,,11,1,0,1,0,,8,Not Available,5.0,12,3,
251305,LAWRENCE COUNTY HOSPITAL CAH,1065 EAST BROAD ST,MONTICELLO,MS,39654,LAWRENCE,(601) 587-4051,Critical Access Hospitals,Government - Local,Yes,,Not Available,16,7,1,0,1,0,,8,Not Available,Not Available,Not Available,Not Available,5,11,2,0,2,0,,8,Not Available,5.0,12,1,
251307,NOXUBEE GENERAL CRITICAL ACCESS HOSP,78 HOSPITAL ROAD,MACON,MS,39341,NOXUBEE,(662) 726-4231,Critical Access Hospitals,Government - State,Yes,,Not Available,19,Not Available,Not Available,Not Available,Not Available,Not Available,19.0,Not Available,Not Available,Not Available,Not Available,Not Available,19,Not Available,Not Available,Not Available,Not Available,Not Available,19.0,Not Available,Not Available,19.0,Not Available,Not Available,19.0
251308,PONTOTOC HEALTH SERVICE INC CAH,176 SOUTH MAIN STREET,PONTOTOC,MS,38863,PONTOTOC,(662) 489-5510,Critical Access Hospitals,Voluntary non-profit - Private,Yes,,Not Available,16,7,1,0,1,0,,8,1,0,1,0,,11,2,0,2,0,,8,Not Available,5.0,12,7,
251309,FIELD HEALTH SYSTEM,178 HIGHWAY 24,CENTREVILLE,MS,39631,WILKINSON,(601) 890-0500,Critical Access Hospitals,Government - Local,Yes,,Not Available,16,7,1,0,1,0,,8,Not Available,Not Available,Not Available,Not Available,5,11,2,0,2,0,,8,Not Available,5.0,12,2,
251312,TYLER HOLMES MEMORIAL HOSPITAL CAH,409 TYLER HOLMES DRIVE,WINONA,MS,38967,MONTGOMERY,(662) 283-6126,Critical Access Hospitals,Government - Local,Yes,,Not Available,16,7,2,0,2,0,,8,Not Available,Not Available,Not Available,Not Available,5,11,2,0,2,0,,8,Not Available,5.0,12,5,
251313,BAPTIST MEDICAL CENTER-YAZOO,823 GRAND AVENUE,YAZOO CITY,MS,39194,YAZOO,(662) 746-2261,Critical Access Hospitals,Voluntary non-profit - Private,Yes,,Not Available,16,7,1,0,1,0,,8,Not Available,Not Available,Not Available,Not Available,5,11,3,0,3,0,,8,Not Available,5.0,12,7,
251315,BAPTIST MEDICAL CENTER-LEAKE,1100 HIGHWAY 16 EAST,CARTHAGE,MS,39051,LEAKE,(601) 267-1422,Critical Access Hospitals,Voluntary non-profit - Private,Yes,,4,,7,3,0,3,0,,8,1,0,1,0,,11,5,0,5,0,,8,Not Available,5.0,12,5,
251316,OCHSNER WATKINS HOSPITAL,605 SOUTH ARCHUSA AVENUE,QUITMAN,MS,39355,CLARKE,(601) 776-6925,Critical Access Hospitals,Voluntary non-profit - Private,Yes,,Not Available,16,7,Not Available,Not Available,Not Available,Not Available,5.0,8,Not Available,Not Available,Not Available,Not Available,5,11,Not Available,Not Available,Not Available,Not Available,5.0,8,Not Available,5.0,12,4,
251317,SIMPSON GENERAL HOSPITAL CAH,1842 SIMPSON HIGHWAY 149,MENDENHALL,MS,39114,SIMPSON,(601) 847-2221,Critical Access Hospitals,Voluntary non-profit - Private,Yes,,Not Available,16,7,1,0,1,0,,8,Not Available,Not Available,Not Available,Not Available,5,11,2,0,2,0,,8,Not Available,5.0,12,5,
251318,NORTH SUNFLOWER MEDICAL CENTER CAH,840 NORTH OAK AVENUE,RULEVILLE,MS,38771,SUNFLOWER,(662) 756-2711,Critical Access Hospitals,Government - Local,Yes,,Not Available,16,7,2,0,2,0,,8,1,0,1,0,,11,4,0,3,1,,8,Not Available,5.0,12,3,
251319,HOLMES COUNTY HOSPITAL AND CLINICS,239 BOWLING GREEN ROAD,LEXINGTON,MS,39095,HOLMES,(662) 834-1321,Critical Access Hospitals,Government - State,Yes,,Not Available,16,7,1,0,1,0,,8,Not Available,Not Available,Not Available,Not Available,5,11,2,0,2,0,,8,Not Available,5.0,12,6,
251320,CLAIBORNE COUNTY HOSPITAL,123 MCCOMB AVENUE,PORT GIBSON,MS,39150,CLAIBORNE,(601) 437-5141,Critical Access Hospitals,Government - Local,Yes,,Not Available,16,7,3,0,3,0,,8,Not Available,Not Available,Not Available,Not Available,5,11,4,0,4,0,,8,Not Available,5.0,12,1,
251322,OCHSNER LAIRD HOSPITAL,25117 HIGHWAY 15,UNION,MS,39365,NESHOBA,(601) 774-8214,Critical Access Hospitals,Voluntary non-profit - Private,Yes,,Not Available,16,7,Not Available,Not Available,Not Available,Not Available,5.0,8,Not Available,Not Available,Not Available,Not Available,5,11,1,0,1,0,,8,Not Available,5.0,12,5,
251323,OCHSNER SCOTT REGIONAL,317 HIGHWAY 13 SOUTH,MORTON,MS,39117,SCOTT,(601) 732-6301,Critical Access Hospitals,Voluntary non-profit - Private,Yes,,Not Available,16,7,Not Available,Not Available,Not Available,Not Available,5.0,8,Not Available,Not Available,Not Available,Not Available,5,11,1,0,1,0,,8,Not Available,5.0,12,6,
251324,WALTHALL COUNTY GENERAL HOSPITAL CAH,100 HOSPITAL DRIVE,TYLERTOWN,MS,39667,WALTHALL,(601) 876-2122,Critical Access Hospitals,Government - Local,Yes,,Not Available,16,7,Not Available,Not Available,Not Available,Not Available,5.0,8,Not Available,Not Available,Not Available,Not Available,5,11,1,0,1,0,,8,Not Available,5.0,12,4,
251325,COVINGTON COUNTY HOSPITAL CAH,701 SOUTH HOLLY AVENUE,COLLINS,MS,39428,COVINGTON,(601) 765-6711,Critical Access Hospitals,Government - Local,Yes,,Not Available,16,7,1,0,1,0,,8,1,0,1,0,,11,2,0,2,0,,8,Not Available,5.0,12,5,
251326,JEFFERSON DAVIS COMMUNITY HOSPITAL CAH,1102 ROSE STREET,PRENTISS,MS,39474,JEFFERSON DAVIS,(601) 792-4276,Critical Access Hospitals,Government - State,Yes,,Not Available,16,7,Not Available,Not Available,Not Available,Not Available,5.0,8,Not Available,Not Available,Not Available,Not Available,5,11,Not Available,Not Available,Not Available,Not Available,5.0,8,Not Available,5.0,12,3,
251327,COPIAH COUNTY MEDICAL CENTER,21790 HIGHWAY 28,HAZLEHURST,MS,39083,COPIAH,(601) 894-4541,Critical Access Hospitals,Government - Local,Yes,,Not Available,16,7,1,0,1,0,,8,1,0,1,0,,11,3,0,3,0,,8,Not Available,5.0,12,3,
251330,FRANKLIN COUNTY MEMORIAL HOSPITAL,HWY 84 BOX 636,MEADVILLE,MS,39653,FRANKLIN,(601) 384-5801,Critical Access Hospitals,Government - Local,Yes,,Not Available,16,7,Not Available,Not Available,Not Available,Not Available,5.0,8,1,0,1,0,,11,1,0,1,0,,8,Not Available,5.0,12,3,
251331,BMH-CALHOUN,140 BURKE-CALHOUN CITY ROAD,CALHOUN CITY,MS,38916,CALHOUN,(662) 628-6611,Critical Access Hospitals,Voluntary non-profit - Private,Yes,,Not Available,16,7,1,0,1,0,,8,Not Available,Not Available,Not Available,Not Available,5,11,2,0,2,0,,8,Not Available,5.0,12,6,
251333,PEARL RIVER COUNTY HOSPITAL,305 WEST MOODY STREET,POPLARVILLE,MS,39470,PEARL RIVER,(601) 795-4543,Critical Access Hospitals,Government - Local,Yes,,Not Available,16,7,Not Available,Not Available,Not Available,Not Available,5.0,8,Not Available,Not Available,Not Available,Not Available,5,11,Not Available,Not Available,Not Available,Not Available,5.0,8,Not Available,5.0,12,3,
251334,CHOCTAW REGIONAL MEDICAL CENTER,8613 MS HWY 12,ACKERMAN,MS,39735,CHOCTAW,(662) 285-6235,Critical Access Hospitals,Government - Local,Yes,,Not Available,16,7,1,0,1,0,,8,Not Available,Not Available,Not Available,Not Available,5,11,2,0,1,1,,8,Not Available,5.0,12,2,
251335,OCHSNER STENNIS MEMORIAL HOSPITAL,14365 HIGHWAY 16 WEST,DE KALB,MS,39328,KEMPER,(769) 486-1000,Critical Access Hospitals,Voluntary non-profit - Private,Yes,,Not Available,16,7,Not Available,Not Available,Not Available,Not Available,5.0,8,Not Available,Not Available,Not Available,Not Available,5,11,1,0,1,0,,8,Not Available,5.0,12,5,
251336,BAPTIST MEDICAL CENTER ATTALA,220 HWY 12 WEST,KOSCIUSKO,MS,39090,ATTALA,(662) 289-4311,Critical Access Hospitals,Voluntary non-profit - Other,Yes,,Not Available,16,7,1,0,1,0,,8,Not Available,Not Available,Not Available,Not Available,5,11,3,0,3,0,,8,Not Available,5.0,12,7,
251337,TIPPAH COUNTY HOSPITAL,1005 CITY AVE NORTH,RIPLEY,MS,38663,TIPPAH,(662) 837-9221,Critical Access Hospitals,Government - Local,Yes,,5,,7,3,0,3,0,,8,1,0,1,0,,11,4,0,4,0,,8,Not Available,5.0,12,6,
251339,QUITMAN COMMUNITY HOSPITAL,340 GETWELL DRIVE,MARKS,MS,38646,QUITMAN,(662) 712-2370,Critical Access Hospitals,Government - Local,Yes,,Not Available,16,7,Not Available,Not Available,Not Available,Not Available,5.0,8,Not Available,Not Available,Not Available,Not Available,5,11,Not Available,Not Available,Not Available,Not Available,5.0,8,Not Available,5.0,12,Not Available,5.0
261301,ELLETT MEMORIAL HOSPITAL,610 N OHIO STREET,APPLETON CITY,MO,64724,ST. CLAIR,(660) 476-2111,Critical Access Hospitals,Government - Hospital District or Authority,Yes,,Not Available,16,7,Not Available,Not Available,Not Available,Not Available,5.0,8,Not Available,Not Available,Not Available,Not Available,5,11,Not Available,Not Available,Not Available,Not Available,5.0,8,Not Available,5.0,12,4,
261302,MADISON MEDICAL CENTER,611 W MAIN ST,FREDERICKTOWN,MO,63645,MADISON,(573) 781-3341,Critical Access Hospitals,Voluntary non-profit - Other,Yes,,Not Available,16,7,1,0,0,1,,8,Not Available,Not Available,Not Available,Not Available,5,11,3,0,3,0,,8,Not Available,5.0,12,4,
261303,COMMUNITY HOSPITAL ASSOCIATION,"26136 US HIGHWAY 59, PO BOX 107",FAIRFAX,MO,64446,ATCHISON,(660) 686-2211,Critical Access Hospitals,Voluntary non-profit - Private,Yes,,4,,7,3,0,3,0,,8,Not Available,Not Available,Not Available,Not Available,5,11,4,0,4,0,,8,Not Available,5.0,12,6,
261305,PUTNAM COUNTY MEMORIAL HOSPITAL,"1926 OAK STREET,  PO BOX 389",UNIONVILLE,MO,63565,PUTNAM,(660) 947-2411,Critical Access Hospitals,Government - Local,Yes,,Not Available,16,7,1,0,1,0,,8,Not Available,Not Available,Not Available,Not Available,5,11,2,0,2,0,,8,Not Available,5.0,12,4,
261306,SULLIVAN COUNTY MEMORIAL HOSPITAL,630 WEST THIRD STREET,MILAN,MO,63556,SULLIVAN,(660) 265-4212,Critical Access Hospitals,Government - Local,Yes,,Not Available,16,7,Not Available,Not Available,Not Available,Not Available,5.0,8,Not Available,Not Available,Not Available,Not Available,5,11,1,0,1,0,,8,Not Available,5.0,12,3,
261307,PERSHING MEMORIAL HOSPITAL,130 EAST LOCKLING,BROOKFIELD,MO,64628,LINN,(660) 258-2222,Critical Access Hospitals,Voluntary non-profit - Private,Yes,,Not Available,16,7,1,0,1,0,,8,Not Available,Not Available,Not Available,Not Available,5,11,3,0,3,0,,8,Not Available,5.0,12,6,
261308,WASHINGTON COUNTY MEMORIAL HOSPITAL,300 HEALTH WAY,POTOSI,MO,63664,WASHINGTON,(573) 438-5451,Critical Access Hospitals,Government - Local,Yes,,Not Available,16,7,2,0,2,0,,8,Not Available,Not Available,Not Available,Not Available,5,11,2,0,2,0,,8,Not Available,5.0,12,5,
261309,WRIGHT MEMORIAL HOSPITAL,191 IOWA BOULEVARD,TRENTON,MO,64683,GRUNDY,(660) 359-5621,Critical Access Hospitals,Voluntary non-profit - Private,Yes,,Not Available,16,7,2,0,2,0,,8,Not Available,Not Available,Not Available,Not Available,5,11,3,1,2,0,,8,Not Available,5.0,12,6,
261310,SCOTLAND COUNTY  HOSPITAL,450 E SIGLER AVENUE,MEMPHIS,MO,63555,SCOTLAND,(660) 465-8511,Critical Access Hospitals,Government - Hospital District or Authority,Yes,,Not Available,16,7,2,0,2,0,,8,Not Available,Not Available,Not Available,Not Available,5,11,4,0,4,0,,8,Not Available,5.0,12,3,
261311,MERCY HOSPITAL PERRY,434 NORTH WEST STREET,PERRYVILLE,MO,63775,PERRY,(573) 547-2536,Critical Access Hospitals,Voluntary non-profit - Private,Yes,,3,,7,3,0,2,1,,8,2,0,2,0,,11,9,0,9,0,,8,8,,12,7,
261312,HARRISON COUNTY COMMUNITY HOSPITAL,2600 MILLER STREET,BETHANY,MO,64424,HARRISON,(660) 425-2211,Critical Access Hospitals,Government - Hospital District or Authority,Yes,,Not Available,16,7,2,0,2,0,,8,Not Available,Not Available,Not Available,Not Available,5,11,3,0,3,0,,8,Not Available,5.0,12,5,
261313,MACON COUNTY SAMARITAN MEMORIAL HOSPITAL,1205 NORTH MISSOURI ST,MACON,MO,63552,MACON,(660) 385-8700,Critical Access Hospitals,Government - Local,Yes,,Not Available,16,7,1,0,1,0,,8,Not Available,Not Available,Not Available,Not Available,5,11,3,0,3,0,,8,Not Available,5.0,12,3,
261314,HERMANN AREA DISTRICT HOSPITAL,509 W 18TH ST,HERMANN,MO,65041,GASCONADE,(573) 486-2191,Critical Access Hospitals,Government - Hospital District or Authority,Yes,,Not Available,16,7,1,0,1,0,,8,Not Available,Not Available,Not Available,Not Available,5,11,3,0,3,0,,8,Not Available,5.0,12,3,
261316,MERCY HOSPITAL AURORA,500 PORTER AVENUE,AURORA,MO,65605,LAWRENCE,(417) 678-2122,Critical Access Hospitals,Voluntary non-profit - Church,Yes,Y,Not Available,16,7,1,0,0,1,,8,1,0,1,0,,11,3,0,3,0,,8,8,,12,8,
261317,MERCY HOSPITAL - CASSVILLE,94 MAIN STREET,CASSVILLE,MO,65625,BARRY,(417) 847-6065,Critical Access Hospitals,Voluntary non-profit - Church,Yes,,Not Available,16,7,1,0,1,0,,8,Not Available,Not Available,Not Available,Not Available,5,11,3,0,3,0,,8,Not Available,5.0,12,7,
261318,SALEM MEMORIAL DISTRICT HOSPITAL,PO BOX 774,SALEM,MO,65560,DENT,(573) 729-6626,Critical Access Hospitals,Government - Hospital District or Authority,Yes,,4,,7,3,0,3,0,,8,1,0,1,0,,11,6,0,6,0,,8,Not Available,5.0,12,5,
261319,MERCY HOSPITAL LINCOLN,1000 EAST CHERRY STREET,TROY,MO,63379,LINCOLN,(636) 528-8551,Critical Access Hospitals,Government - Local,Yes,,Not Available,16,7,1,0,1,0,,8,1,0,1,0,,11,3,0,3,0,,8,8,,12,8,
261320,LAFAYETTE REGIONAL HEALTH CENTER,1500 STATE STREET,LEXINGTON,MO,64067,LAFAYETTE,(660) 259-2203,Critical Access Hospitals,Proprietary,Yes,,Not Available,16,7,1,0,1,0,,8,Not Available,Not Available,Not Available,Not Available,5,11,4,0,4,0,,8,8,,12,8,
261321,HEDRICK MEDICAL CENTER,2799 NORTH WASHINGTON STREET,CHILLICOTHE,MO,64601,LIVINGSTON,(660) 646-1480,Critical Access Hospitals,Voluntary non-profit - Private,Yes,,5,,7,3,0,3,0,,8,1,0,1,0,,11,5,0,5,0,,8,8,,12,10,
261322,EXCELSIOR SPRINGS HOSPITAL,1700 RAINBOW BOULEVARD,EXCELSIOR SPRINGS,MO,64024,CLAY,(816) 630-6081,Critical Access Hospitals,Government - Local,Yes,,Not Available,16,7,Not Available,Not Available,Not Available,Not Available,5.0,8,Not Available,Not Available,Not Available,Not Available,5,11,2,0,2,0,,8,Not Available,5.0,12,5,
261323,CEDAR COUNTY MEMORIAL HOSPITAL,1401 SOUTH PARK STREET,EL DORADO SPRINGS,MO,64744,CEDAR,(417) 876-2511,Critical Access Hospitals,Government - Local,Yes,,Not Available,16,7,1,0,1,0,,8,Not Available,Not Available,Not Available,Not Available,5,11,2,0,2,0,,8,Not Available,5.0,12,5,
261324,CASS REGIONAL MEDICAL CENTER,2800 E ROCK HAVEN ROAD,HARRISONVILLE,MO,64701,CASS,(816) 380-5888,Critical Access Hospitals,Government - Local,Yes,,Not Available,16,7,2,0,2,0,,8,1,0,1,0,,11,7,0,7,0,,8,8,,12,7,
261325,COX BARTON COUNTY HOSPITAL,29 NW 1ST LANE,LAMAR,MO,64759,BARTON,(417) 682-6081,Critical Access Hospitals,Government - Local,Yes,,Not Available,16,7,2,0,2,0,,8,Not Available,Not Available,Not Available,Not Available,5,11,4,1,3,0,,8,8,,12,6,
261327,RAY COUNTY MEMORIAL HOSPITAL,904 WOLLARD BOULEVARD,RICHMOND,MO,64085,RAY,(816) 470-5432,Critical Access Hospitals,Government - Local,Yes,,Not Available,16,7,Not Available,Not Available,Not Available,Not Available,5.0,8,Not Available,Not Available,Not Available,Not Available,5,11,2,0,2,0,,8,Not Available,5.0,12,4,
261328,MOSAIC MEDICAL CENTER ALBANY,705 N COLLEGE STREET,ALBANY,MO,64402,GENTRY,(660) 726-3941,Critical Access Hospitals,Voluntary non-profit - Private,Yes,,Not Available,16,7,1,0,1,0,,8,Not Available,Not Available,Not Available,Not Available,5,11,2,0,2,0,,8,Not Available,5.0,12,4,
261329,COX MONETT HOSPITAL,1000 E US HIGHWAY 60,MONETT,MO,65708,BARRY,(417) 354-1400,Critical Access Hospitals,Voluntary non-profit - Private,Yes,,Not Available,16,7,2,0,2,0,,8,Not Available,Not Available,Not Available,Not Available,5,11,4,0,4,0,,8,8,,12,7,
261330,STE GENEVIEVE COUNTY MEMORIAL HOSPITAL,HWYS 61 & 32,SAINTE GENEVIEVE,MO,63670,STE. GENEVIEVE,(573) 883-2751,Critical Access Hospitals,Government - Hospital District or Authority,Yes,Y,Not Available,16,7,2,0,2,0,,8,Not Available,Not Available,Not Available,Not Available,5,11,7,0,7,0,,8,8,,12,6,
261331,FREEMAN NEOSHO HOSPITAL,113 WEST HICKORY STREET,NEOSHO,MO,64850,NEWTON,(417) 451-1234,Critical Access Hospitals,Voluntary non-profit - Private,Yes,,Not Available,16,7,2,0,2,0,,8,1,0,1,0,,11,4,0,4,0,,8,8,,12,8,
261332,CARROLL COUNTY MEMORIAL HOSPITAL,1502 NORTH JEFFERSON,CARROLLTON,MO,64633,CARROLL,(660) 542-1695,Critical Access Hospitals,Voluntary non-profit - Private,Yes,,Not Available,16,7,1,0,1,0,,8,Not Available,Not Available,Not Available,Not Available,5,11,4,0,4,0,,8,Not Available,5.0,12,8,
261333,PIKE COUNTY MEMORIAL HOSPITAL,2305 WEST GEORGIA STREET,LOUISIANA,MO,63353,PIKE,(573) 754-5531,Critical Access Hospitals,Government - Local,Yes,,Not Available,16,7,1,0,1,0,,8,Not Available,Not Available,Not Available,Not Available,5,11,3,0,3,0,,8,Not Available,5.0,12,8,
261335,MERCY ST FRANCIS HOSPITAL,"100 WEST HIGHWAY 60, PO BOX 82",MOUNTAIN VIEW,MO,65548,HOWELL,(417) 934-7000,Critical Access Hospitals,Voluntary non-profit - Private,Yes,,Not Available,16,7,Not Available,Not Available,Not Available,Not Available,5.0,8,Not Available,Not Available,Not Available,Not Available,5,11,2,0,2,0,,8,Not Available,5.0,12,6,
261336,IRON COUNTY MEDICAL CENTER,301 NORTH HIGHWAY 21,PILOT KNOB,MO,63663,IRON,(573) 546-1260,Critical Access Hospitals,Government - Hospital District or Authority,Yes,,Not Available,16,7,1,0,1,0,,8,Not Available,Not Available,Not Available,Not Available,5,11,2,0,2,0,,8,Not Available,5.0,12,4,
261337,MISSOURI BAPTIST SULLIVAN HOSPITAL,751 SAPPINGTON BRIDGE RD,SULLIVAN,MO,63080,FRANKLIN,(573) 468-4186,Critical Access Hospitals,Voluntary non-profit - Private,Yes,Y,2,,7,3,0,3,0,,8,1,0,1,0,,11,5,0,5,0,,8,8,,12,10,
261338,MERCY HOSPITAL CARTHAGE,3125 DR RUSSELL SMITH WAY,CARTHAGE,MO,64836,JASPER,(417) 358-8121,Critical Access Hospitals,Voluntary non-profit - Private,Yes,,Not Available,16,7,2,0,2,0,,8,2,0,2,0,,11,5,0,5,0,,8,8,,12,7,
261340,MOSAIC MEDICAL CENTER - MARYVILLE,2016 SOUTH MAIN ST,MARYVILLE,MO,64468,NODAWAY,(660) 562-2600,Critical Access Hospitals,Voluntary non-profit - Private,Yes,,Not Available,5,Not Available,Not Available,Not Available,Not Available,Not Available,5.0,Not Available,Not Available,Not Available,Not Available,Not Available,5,Not Available,Not Available,Not Available,Not Available,Not Available,5.0,Not Available,Not Available,5.0,Not Available,Not Available,5.0
271300,POPLAR COMMUNITY HOSPITAL,211 H ST E,POPLAR,MT,59255,ROOSEVELT,(406) 768-6100,Critical Access Hospitals,Voluntary non-profit - Private,Yes,,Not Available,16,7,Not Available,Not Available,Not Available,Not Available,5.0,8,Not Available,Not Available,Not Available,Not Available,5,11,Not Available,Not Available,Not Available,Not Available,5.0,8,Not Available,5.0,12,2,
271301,FALLON MEDICAL COMPLEX HOSPITAL,202 S 4TH ST W,BAKER,MT,59313,FALLON,(406) 778-3331,Critical Access Hospitals,Voluntary non-profit - Private,Yes,,Not Available,16,7,Not Available,Not Available,Not Available,Not Available,5.0,8,Not Available,Not Available,Not Available,Not Available,5,11,1,0,1,0,,8,Not Available,5.0,12,3,
271302,DAHL MEMORIAL HEALTHCARE ASSOCIATION INC,215 SANDY ST,EKALAKA,MT,59324,CARTER,(406) 775-8739,Critical Access Hospitals,Voluntary non-profit - Private,Yes,,Not Available,16,7,Not Available,Not Available,Not Available,Not Available,5.0,8,Not Available,Not Available,Not Available,Not Available,5,11,Not Available,Not Available,Not Available,Not Available,5.0,8,Not Available,5.0,12,1,
271303,GRANITE COUNTY MEDICAL CENTER,310 SANSOME ST,PHILIPSBURG,MT,59858,GRANITE,(406) 859-3271,Critical Access Hospitals,Government - Hospital District or Authority,Yes,,Not Available,16,7,Not Available,Not Available,Not Available,Not Available,5.0,8,Not Available,Not Available,Not Available,Not Available,5,11,Not Available,Not Available,Not Available,Not Available,5.0,8,Not Available,5.0,12,1,
271304,MISSOURI RIVER MEDICAL CENTER,1501 ST CHARLES ST,FORT BENTON,MT,59442,CHOUTEAU,(406) 622-3331,Critical Access Hospitals,Government - Hospital District or Authority,Yes,,Not Available,16,7,Not Available,Not Available,Not Available,Not Available,5.0,8,Not Available,Not Available,Not Available,Not Available,5,11,Not Available,Not Available,Not Available,Not Available,5.0,8,Not Available,5.0,12,Not Available,5.0
271305,MCCONE COUNTY HEALTH CENTER,605 SULLIVAN AVE,CIRCLE,MT,59215,MCCONE,(406) 485-3381,Critical Access Hospitals,Voluntary non-profit - Other,Yes,,Not Available,16,7,Not Available,Not Available,Not Available,Not Available,5.0,8,Not Available,Not Available,Not Available,Not Available,5,11,1,0,1,0,,8,Not Available,5.0,12,2,
271306,MOUNTAINVIEW MEDICAL CENTER,16 W MAIN ST,WHITE SULPHUR SPRING,MT,59645,MEAGHER,(406) 547-3321,Critical Access Hospitals,Voluntary non-profit - Private,Yes,,Not Available,16,7,Not Available,Not Available,Not Available,Not Available,5.0,8,Not Available,Not Available,Not Available,Not Available,5,11,Not Available,Not Available,Not Available,Not Available,5.0,8,Not Available,5.0,12,3,
271307,BENEFIS TETON MEDICAL CENTER,915 4TH ST NW,CHOTEAU,MT,59422,TETON,(406) 466-5763,Critical Access Hospitals,Voluntary non-profit - Private,Yes,,Not Available,16,7,Not Available,Not Available,Not Available,Not Available,5.0,8,Not Available,Not Available,Not Available,Not Available,5,11,Not Available,Not Available,Not Available,Not Available,5.0,8,Not Available,5.0,12,3,
271308,ROOSEVELT MEDICAL CENTER,818 2ND AVE E,CULBERTSON,MT,59218,ROOSEVELT,(406) 787-6401,Critical Access Hospitals,Voluntary non-profit - Private,Yes,,Not Available,16,7,Not Available,Not Available,Not Available,Not Available,5.0,8,Not Available,Not Available,Not Available,Not Available,5,11,Not Available,Not Available,Not Available,Not Available,5.0,8,Not Available,5.0,12,1,
271309,PRAIRIE COMMUNITY CAH,312 S ADAMS,TERRY,MT,59349,PRAIRIE,(406) 635-5511,Critical Access Hospitals,Government - Hospital District or Authority,Yes,,Not Available,16,7,Not Available,Not Available,Not Available,Not Available,5.0,8,Not Available,Not Available,Not Available,Not Available,5,11,Not Available,Not Available,Not Available,Not Available,5.0,8,Not Available,5.0,12,2,
271310,GARFIELD COUNTY HEALTH CENTER,332 LEAVITT AVE,JORDAN,MT,59337,GARFIELD,(406) 557-2500,Critical Access Hospitals,Government - Local,Yes,,Not Available,16,7,Not Available,Not Available,Not Available,Not Available,5.0,8,Not Available,Not Available,Not Available,Not Available,5,11,Not Available,Not Available,Not Available,Not Available,5.0,8,Not Available,5.0,12,1,
271311,BIG SANDY MEDICAL CENTER,166 MONTANA AVE E,BIG SANDY,MT,59520,CHOUTEAU,(406) 378-2188,Critical Access Hospitals,Voluntary non-profit - Private,Yes,,Not Available,16,7,Not Available,Not Available,Not Available,Not Available,5.0,8,Not Available,Not Available,Not Available,Not Available,5,11,Not Available,Not Available,Not Available,Not Available,5.0,8,Not Available,5.0,12,1,
271312,PHILLIPS COUNTY HOSPITAL - CAH,311 S 8TH AVE E,MALTA,MT,59538,PHILLIPS,(406) 654-1100,Critical Access Hospitals,Voluntary non-profit - Private,Yes,,Not Available,16,7,Not Available,Not Available,Not Available,Not Available,5.0,8,Not Available,Not Available,Not Available,Not Available,5,11,2,0,2,0,,8,Not Available,5.0,12,Not Available,5.0
271313,PIONEER MEDICAL CENTER,301 W 7TH AVE,BIG TIMBER,MT,59011,SWEET GRASS,(406) 932-4603,Critical Access Hospitals,Voluntary non-profit - Private,Yes,,Not Available,16,7,Not Available,Not Available,Not Available,Not Available,5.0,8,Not Available,Not Available,Not Available,Not Available,5,11,1,0,1,0,,8,Not Available,5.0,12,2,
271314,DEER LODGE MEDICAL CENTER,1100 HOLLENBACK LN,DEER LODGE,MT,59722,POWELL,(406) 846-2212,Critical Access Hospitals,Voluntary non-profit - Private,Yes,,Not Available,16,7,Not Available,Not Available,Not Available,Not Available,5.0,8,Not Available,Not Available,Not Available,Not Available,5,11,1,0,1,0,,8,Not Available,5.0,12,5,
271315,P H S INDIAN HOSPITAL-FT BELKNAP AT HARLEM - CAH,"456 GROS VENTRE AVE, RR 1",HARLEM,MT,59526,BLAINE,(406) 353-3100,Critical Access Hospitals,Government - Federal,Yes,,Not Available,19,Not Available,Not Available,Not Available,Not Available,Not Available,19.0,Not Available,Not Available,Not Available,Not Available,Not Available,19,Not Available,Not Available,Not Available,Not Available,Not Available,19.0,Not Available,Not Available,19.0,Not Available,Not Available,19.0
271316,FRANCES MAHON DEACONESS HOSPITAL,621 3RD ST S,GLASGOW,MT,59230,VALLEY,(406) 228-3500,Critical Access Hospitals,Voluntary non-profit - Private,Yes,,Not Available,16,7,1,0,1,0,,8,Not Available,Not Available,Not Available,Not Available,5,11,6,0,6,0,,8,Not Available,5.0,12,6,
271317,LIVINGSTON HEALTHCARE,320 ALPENGLOW LANE,LIVINGSTON,MT,59047,PARK,(406) 222-3541,Critical Access Hospitals,Physician,Yes,Y,1,,7,4,0,4,0,,8,1,0,1,0,,11,8,0,8,0,,8,8,,12,6,
271318,BARRETT HOSPITAL & HEALTHCARE,600 MT HWY 91 S,DILLON,MT,59725,BEAVERHEAD,(406) 683-3000,Critical Access Hospitals,Government - Hospital District or Authority,Yes,Y,Not Available,16,7,2,0,2,0,,8,1,0,1,0,,11,5,1,4,0,,8,Not Available,5.0,12,9,
271319,RUBY VALLEY MEDICAL CENTER,321 MADISON ST,SHERIDAN,MT,59749,MADISON,(406) 842-5453,Critical Access Hospitals,Government - Hospital District or Authority,Yes,,Not Available,16,7,Not Available,Not Available,Not Available,Not Available,5.0,8,Not Available,Not Available,Not Available,Not Available,5,11,Not Available,Not Available,Not Available,Not Available,5.0,8,Not Available,5.0,12,3,
271320,CABINET PEAKS MEDICAL CENTER,209 HEALTH PARK DR,LIBBY,MT,59923,LINCOLN,(406) 283-7000,Critical Access Hospitals,Voluntary non-profit - Private,Yes,,Not Available,16,7,2,0,2,0,,8,Not Available,Not Available,Not Available,Not Available,5,11,4,0,4,0,,8,8,,12,5,
271321,WHEATLAND MEMORIAL HOSPITAL,530 3RD ST NW,HARLOWTON,MT,59036,WHEATLAND,(406) 632-4351,Critical Access Hospitals,Voluntary non-profit - Private,Yes,,Not Available,16,7,Not Available,Not Available,Not Available,Not Available,5.0,8,Not Available,Not Available,Not Available,Not Available,5,11,Not Available,Not Available,Not Available,Not Available,5.0,8,Not Available,5.0,12,2,
271322,SHERIDAN MEMORIAL HOSPTIAL,440 W LAUREL AVE,PLENTYWOOD,MT,59254,SHERIDAN,(406) 765-3700,Critical Access Hospitals,Voluntary non-profit - Private,Yes,,Not Available,16,7,Not Available,Not Available,Not Available,Not Available,5.0,8,Not Available,Not Available,Not Available,Not Available,5,11,1,0,1,0,,8,Not Available,5.0,12,4,
271323,CLARK FORK VALLEY HOSPITAL,10 KRUGER RD,PLAINS,MT,59859,SANDERS,(406) 826-4800,Critical Access Hospitals,Voluntary non-profit - Private,Yes,,Not Available,16,7,Not Available,Not Available,Not Available,Not Available,5.0,8,1,0,1,0,,11,2,0,2,0,,8,Not Available,5.0,12,5,
271324,PONDERA MEDICAL CENTER,805 SUNSET BLVD,CONRAD,MT,59425,PONDERA,(406) 271-3211,Critical Access Hospitals,Voluntary non-profit - Private,Yes,,Not Available,16,7,Not Available,Not Available,Not Available,Not Available,5.0,8,Not Available,Not Available,Not Available,Not Available,5,11,1,0,1,0,,8,Not Available,5.0,12,3,
271325,ST LUKE COMMUNITY HOSPITAL,107 6TH AVE SW,RONAN,MT,59864,LAKE,(406) 676-4441,Critical Access Hospitals,Voluntary non-profit - Private,Yes,,Not Available,16,7,1,0,1,0,,8,1,0,1,0,,11,2,0,2,0,,8,Not Available,5.0,12,4,
271326,BEARTOOTH BILLINGS CLINIC,2525 N BROADWAY,RED LODGE,MT,59068,CARBON,(406) 446-2345,Critical Access Hospitals,Voluntary non-profit - Private,No,,Not Available,16,7,Not Available,Not Available,Not Available,Not Available,5.0,8,Not Available,Not Available,Not Available,Not Available,5,11,1,0,1,0,,8,Not Available,5.0,12,4,
271327,ROSEBUD HEALTH CARE CENTER,383 N 17TH AV,FORSYTH,MT,59327,ROSEBUD,(406) 346-2161,Critical Access Hospitals,Voluntary non-profit - Private,Yes,,Not Available,16,7,Not Available,Not Available,Not Available,Not Available,5.0,8,Not Available,Not Available,Not Available,Not Available,5,11,Not Available,Not Available,Not Available,Not Available,5.0,8,Not Available,5.0,12,2,
271328,LOGAN HEALTH - SHELBY,640 PARK AVE,SHELBY,MT,59474,TOOLE,(406) 434-3200,Critical Access Hospitals,Voluntary non-profit - Private,Yes,,Not Available,16,7,Not Available,Not Available,Not Available,Not Available,5.0,8,Not Available,Not Available,Not Available,Not Available,5,11,1,0,1,0,,8,Not Available,5.0,12,2,
271329,MADISON VALLEY MEDICAL CENTER,305 N MAIN,ENNIS,MT,59729,MADISON,(406) 682-4222,Critical Access Hospitals,Voluntary non-profit - Private,Yes,,Not Available,16,7,Not Available,Not Available,Not Available,Not Available,5.0,8,Not Available,Not Available,Not Available,Not Available,5,11,1,0,1,0,,8,Not Available,5.0,12,3,
271330,STILLWATER BILLINGS CLINIC,710 N 11TH ST,COLUMBUS,MT,59019,STILLWATER,(406) 322-5316,Critical Access Hospitals,Voluntary non-profit - Private,Yes,,Not Available,16,7,Not Available,Not Available,Not Available,Not Available,5.0,8,Not Available,Not Available,Not Available,Not Available,5,11,1,0,1,0,,8,Not Available,5.0,12,3,
271331,MINERAL COMMUNITY HOSPITAL,1208 6TH AVE E,SUPERIOR,MT,59872,MINERAL,(406) 822-4841,Critical Access Hospitals,Government - Hospital District or Authority,Yes,,Not Available,16,7,Not Available,Not Available,Not Available,Not Available,5.0,8,Not Available,Not Available,Not Available,Not Available,5,11,1,0,1,0,,8,Not Available,5.0,12,3,
271332,GLENDIVE MEDICAL CENTER,202 PROSPECT DR,GLENDIVE,MT,59330,DAWSON,(406) 345-3306,Critical Access Hospitals,Voluntary non-profit - Private,Yes,,Not Available,16,7,2,0,2,0,,8,1,0,1,0,,11,6,1,5,0,,8,Not Available,5.0,12,5,
271333,BILLINGS CLINIC BROADWATER,110 N OAK ST,TOWNSEND,MT,59644,BROADWATER,(406) 266-3186,Critical Access Hospitals,Voluntary non-profit - Private,Yes,,Not Available,16,7,Not Available,Not Available,Not Available,Not Available,5.0,8,Not Available,Not Available,Not Available,Not Available,5,11,Not Available,Not Available,Not Available,Not Available,5.0,8,Not Available,5.0,12,4,
271334,LOGAN HEALTH - CHESTER,315 W MADISON AVE,CHESTER,MT,59522,LIBERTY,(406) 759-5181,Critical Access Hospitals,Voluntary non-profit - Private,Yes,,Not Available,16,7,Not Available,Not Available,Not Available,Not Available,5.0,8,Not Available,Not Available,Not Available,Not Available,5,11,Not Available,Not Available,Not Available,Not Available,5.0,8,Not Available,5.0,12,3,
271335,COMMUNITY HOSPITAL OF ANACONDA,401 W PENNSYLVANIA,ANACONDA,MT,59711,DEER LODGE,(406) 563-8500,Critical Access Hospitals,Voluntary non-profit - Private,Yes,Y,3,,7,3,0,3,0,,8,2,0,2,0,,11,7,0,7,0,,8,8,,12,8,
271336,LOGAN HEALTH - WHITEFISH,1600 HOSPITAL WAY,WHITEFISH,MT,59937,FLATHEAD,(406) 863-3550,Critical Access Hospitals,Voluntary non-profit - Private,Yes,Y,4,,7,3,0,3,0,,8,2,0,2,0,,11,5,2,3,0,,8,8,,12,7,
271337,NORTHERN ROCKIES MEDICAL CENTER,802 2ND ST SE,CUT BANK,MT,59427,GLACIER,(406) 873-2251,Critical Access Hospitals,Voluntary non-profit - Private,No,,Not Available,16,7,Not Available,Not Available,Not Available,Not Available,5.0,8,Not Available,Not Available,Not Available,Not Available,5,11,Not Available,Not Available,Not Available,Not Available,5.0,8,Not Available,5.0,12,3,
271338,BIG HORN HOSPITAL,17 N MILES,HARDIN,MT,59034,BIG HORN,(406) 665-2310,Critical Access Hospitals,Voluntary non-profit - Private,Yes,,Not Available,16,7,Not Available,Not Available,Not Available,Not Available,5.0,8,Not Available,Not Available,Not Available,Not Available,5,11,Not Available,Not Available,Not Available,Not Available,5.0,8,Not Available,5.0,12,3,
271339,P H S INDIAN HOSPITAL CROW / NORTHERN CHEYENNE,"1010 SOUTH 7650 EAST, POST OFFICE BOX 9",CROW AGENCY,MT,59022,BIG HORN,(406) 638-2626,Critical Access Hospitals,Government - Federal,Yes,,Not Available,16,7,Not Available,Not Available,Not Available,Not Available,5.0,8,Not Available,Not Available,Not Available,Not Available,5,11,Not Available,Not Available,Not Available,Not Available,5.0,8,Not Available,5.0,12,Not Available,5.0
271340,BITTERROOT HEALTH - DALY HOSPITAL,1200 WESTWOOD DR,HAMILTON,MT,59840,RAVALLI,(406) 363-2211,Critical Access Hospitals,Voluntary non-profit - Private,Yes,,4,,7,3,0,3,0,,8,1,0,1,0,,11,8,2,6,0,,8,8,,12,4,
271341,TRINITY HOSPITAL,315 KNAPP ST,WOLF POINT,MT,59201,ROOSEVELT,(406) 653-2100,Critical Access Hospitals,Voluntary non-profit - Private,Yes,,Not Available,16,7,Not Available,Not Available,Not Available,Not Available,5.0,8,Not Available,Not Available,Not Available,Not Available,5,11,2,0,2,0,,8,Not Available,5.0,12,2,
271342,DANIELS MEMORIAL HOSPITAL,105 5TH AVE E,SCOBEY,MT,59263,DANIELS,(406) 487-2296,Critical Access Hospitals,Voluntary non-profit - Private,Yes,,Not Available,16,7,Not Available,Not Available,Not Available,Not Available,5.0,8,Not Available,Not Available,Not Available,Not Available,5,11,1,0,1,0,,8,Not Available,5.0,12,4,
271343,PROVIDENCE ST JOSEPH MEDICAL CENTER,6 13TH AVE E,POLSON,MT,59860,LAKE,(406) 883-5377,Critical Access Hospitals,Voluntary non-profit - Private,Yes,Y,Not Available,16,7,1,0,1,0,,8,Not Available,Not Available,Not Available,Not Available,5,11,2,0,2,0,,8,Not Available,5.0,12,9,
271344,SIDNEY HEALTH CENTER,216 14TH AVE SW,SIDNEY,MT,59270,RICHLAND,(406) 488-2100,Critical Access Hospitals,Voluntary non-profit - Private,Yes,Y,5,,7,3,0,3,0,,8,3,0,3,0,,11,7,1,6,0,,8,8,,12,9,
271345,CENTRAL MONTANA MEDICAL CENTER,408 WENDELL AVE,LEWISTOWN,MT,59457,FERGUS,(406) 535-7711,Critical Access Hospitals,Voluntary non-profit - Private,Yes,,Not Available,16,7,1,0,1,0,,8,Not Available,Not Available,Not Available,Not Available,5,11,2,0,2,0,,8,8,,12,5,
271346,ROUNDUP MEMORIAL HEALTHCARE,1202 3RD ST W,ROUNDUP,MT,59072,MUSSELSHELL,(406) 323-2301,Critical Access Hospitals,Voluntary non-profit - Private,Yes,,Not Available,16,7,Not Available,Not Available,Not Available,Not Available,5.0,8,Not Available,Not Available,Not Available,Not Available,5,11,Not Available,Not Available,Not Available,Not Available,5.0,8,Not Available,5.0,12,3,
271347,HOLY ROSARY HOSPITAL,2600 WILSON ST,MILES CITY,MT,59301,CUSTER,(406) 233-2600,Critical Access Hospitals,Voluntary non-profit - Private,Yes,Y,Not Available,16,7,2,0,2,0,,8,1,0,1,0,,11,5,0,5,0,,8,8,,12,10,
271348,NORTHERN MONTANA HOSPITAL,30 13TH ST,HAVRE,MT,59501,HILL,(406) 265-2211,Critical Access Hospitals,Voluntary non-profit - Private,Yes,,Not Available,16,7,Not Available,Not Available,Not Available,Not Available,5.0,8,Not Available,Not Available,Not Available,Not Available,5,11,Not Available,Not Available,Not Available,Not Available,5.0,8,Not Available,5.0,12,5,
271389,BOZEMAN HEALTH BIG SKY MEDICAL CENTER,334 TOWN CENTER AVE,BIG SKY,MT,59716,GALLATIN,(406) 995-6995,Critical Access Hospitals,Voluntary non-profit - Private,Yes,,Not Available,16,7,Not Available,Not Available,Not Available,Not Available,5.0,8,Not Available,Not Available,Not Available,Not Available,5,11,Not Available,Not Available,Not Available,Not Available,5.0,8,Not Available,5.0,12,5,
281300,HARLAN COUNTY HEALTH SYSTEM,717 BROWN ST,ALMA,NE,68920,HARLAN,(308) 928-2151,Critical Access Hospitals,Government - Local,No,,Not Available,16,7,Not Available,Not Available,Not Available,Not Available,5.0,8,Not Available,Not Available,Not Available,Not Available,5,11,1,0,1,0,,8,Not Available,5.0,12,5,
281301,FILLMORE COUNTY HOSPITAL,"P O BOX 193, 1900 F STREET",GENEVA,NE,68361,FILLMORE,(402) 759-3167,Critical Access Hospitals,Government - Local,Yes,,Not Available,16,7,1,0,1,0,,8,1,0,1,0,,11,4,0,4,0,,8,Not Available,5.0,12,6,
281302,PAWNEE COUNTY MEMORIAL HOSPITAL,600 I STREET,PAWNEE CITY,NE,68420,PAWNEE,(402) 852-2231,Critical Access Hospitals,Government - Local,Yes,,Not Available,16,7,Not Available,Not Available,Not Available,Not Available,5.0,8,Not Available,Not Available,Not Available,Not Available,5,11,1,0,1,0,,8,Not Available,5.0,12,4,
281303,NIOBRARA VALLEY HOSPITAL,"P O BOX 118, 401 SOUTH 5TH STREET",LYNCH,NE,68746,BOYD,(402) 569-2451,Critical Access Hospitals,Voluntary non-profit - Private,Yes,,Not Available,16,7,Not Available,Not Available,Not Available,Not Available,5.0,8,Not Available,Not Available,Not Available,Not Available,5,11,Not Available,Not Available,Not Available,Not Available,5.0,8,Not Available,5.0,12,1,
281304,THAYER COUNTY HEALTH SERVICES,120 PARK AVE,HEBRON,NE,68370,THAYER,(402) 768-6041,Critical Access Hospitals,Government - Local,Yes,Y,Not Available,16,7,2,0,2,0,,8,Not Available,Not Available,Not Available,Not Available,5,11,3,0,3,0,,8,8,,12,4,
281305,KIMBALL HEALTH SERVICES,255 W 4TH ST,KIMBALL,NE,69145,KIMBALL,(308) 235-1952,Critical Access Hospitals,Government - Local,Yes,,Not Available,16,7,1,0,1,0,,8,Not Available,Not Available,Not Available,Not Available,5,11,2,0,2,0,,8,Not Available,5.0,12,3,
281306,KEARNEY COUNTY HEALTH SERVICES HOSPITAL,727 EAST 1ST ST,MINDEN,NE,68959,KEARNEY,(308) 832-3400,Critical Access Hospitals,Government - Local,Yes,,Not Available,16,7,Not Available,Not Available,Not Available,Not Available,5.0,8,Not Available,Not Available,Not Available,Not Available,5,11,1,0,1,0,,8,Not Available,5.0,12,5,
281307,SAUNDERS MEDICAL CENTER,1760 COUNTY RD J,WAHOO,NE,68066,SAUNDERS,(402) 443-4191,Critical Access Hospitals,Government - Local,Yes,,Not Available,16,7,1,0,1,0,,8,Not Available,Not Available,Not Available,Not Available,5,11,3,0,2,1,,8,Not Available,5.0,12,6,
281308,HENDERSON COMMUNITY HOSPITAL,1621 FRONT STREET,HENDERSON,NE,68371,YORK,(402) 723-4512,Critical Access Hospitals,Voluntary non-profit - Private,Yes,,Not Available,16,7,Not Available,Not Available,Not Available,Not Available,5.0,8,Not Available,Not Available,Not Available,Not Available,5,11,1,0,1,0,,8,Not Available,5.0,12,3,
281309,SYRACUSE AREA HEALTH,2731 HEALTHCARE DR,SYRACUSE,NE,68446,OTOE,(402) 269-2011,Critical Access Hospitals,Government - Hospital District or Authority,No,,Not Available,16,7,1,0,1,0,,8,Not Available,Not Available,Not Available,Not Available,5,11,3,1,2,0,,8,Not Available,5.0,12,4,
281310,GARDEN COUNTY HEALTH SERVICES,1100 WEST 2ND ST,OSHKOSH,NE,69154,GARDEN,(308) 772-3283,Critical Access Hospitals,Voluntary non-profit - Private,Yes,,Not Available,16,7,Not Available,Not Available,Not Available,Not Available,5.0,8,Not Available,Not Available,Not Available,Not Available,5,11,1,0,1,0,,8,Not Available,5.0,12,3,
281311,FRANKLIN COUNTY MEMORIAL HOSPITAL,1406 Q ST,FRANKLIN,NE,68939,FRANKLIN,(308) 425-6221,Critical Access Hospitals,Government - Local,Yes,,Not Available,16,7,Not Available,Not Available,Not Available,Not Available,5.0,8,Not Available,Not Available,Not Available,Not Available,5,11,Not Available,Not Available,Not Available,Not Available,5.0,8,Not Available,5.0,12,4,
281312,GENOA COMMUNITY HOSPITAL,"P O BOX 310, 706 EWING AVE",GENOA,NE,68640,PLATTE,(402) 993-2283,Critical Access Hospitals,Government - Local,Yes,,Not Available,16,7,Not Available,Not Available,Not Available,Not Available,5.0,8,Not Available,Not Available,Not Available,Not Available,5,11,1,0,1,0,,8,Not Available,5.0,12,2,
281313,GOTHENBURG HEALTH,PO BOX 469 910 20TH ST,GOTHENBURG,NE,69138,DAWSON,(308) 537-3661,Critical Access Hospitals,Government - Hospital District or Authority,Yes,Y,Not Available,16,7,1,0,1,0,,8,Not Available,Not Available,Not Available,Not Available,5,11,2,0,2,0,,8,Not Available,5.0,12,5,
281314,ANNIE JEFFREY MEMORIAL COUNTY HEALTH CENTER,"P O BOX 428, 531 BEEBE ST",OSCEOLA,NE,68651,POLK,(402) 747-2031,Critical Access Hospitals,Government - Local,Yes,Y,Not Available,16,7,Not Available,Not Available,Not Available,Not Available,5.0,8,Not Available,Not Available,Not Available,Not Available,5,11,2,0,2,0,,8,Not Available,5.0,12,3,
281315,BRODSTONE HEALTHCARE,"P O BOX 187, 520 EAST 10TH ST",SUPERIOR,NE,68978,NUCKOLLS,(402) 879-3281,Critical Access Hospitals,Voluntary non-profit - Private,Yes,Y,Not Available,16,7,2,0,2,0,,8,1,0,1,0,,11,4,0,4,0,,8,Not Available,5.0,12,6,
281316,WEBSTER COUNTY COMMUNITY HOSPITAL,"P O BOX 465, 621 N FRANKLIN ST",RED CLOUD,NE,68970,WEBSTER,(402) 746-5600,Critical Access Hospitals,Government - Local,Yes,,Not Available,16,7,Not Available,Not Available,Not Available,Not Available,5.0,8,Not Available,Not Available,Not Available,Not Available,5,11,Not Available,Not Available,Not Available,Not Available,5.0,8,Not Available,5.0,12,3,
281318,MORRILL COUNTY COMMUNITY HOSPITAL,1313 S STREET,BRIDGEPORT,NE,69336,MORRILL,(308) 262-1616,Critical Access Hospitals,Government - Local,Yes,,Not Available,16,7,Not Available,Not Available,Not Available,Not Available,5.0,8,Not Available,Not Available,Not Available,Not Available,5,11,2,0,2,0,,8,Not Available,5.0,12,3,
281319,JEFFERSON COMMUNITY HEALTH & LIFE,"P O BOX 277, 2200 H ST",FAIRBURY,NE,68352,JEFFERSON,(402) 729-3351,Critical Access Hospitals,Voluntary non-profit - Private,Yes,,Not Available,16,7,1,0,1,0,,8,Not Available,Not Available,Not Available,Not Available,5,11,3,0,3,0,,8,Not Available,5.0,12,5,
281320,MEMORIAL HOSPITAL,1423 SEVENTH ST,AURORA,NE,68818,HAMILTON,(402) 694-3171,Critical Access Hospitals,Voluntary non-profit - Private,Yes,,Not Available,16,7,1,0,1,0,,8,Not Available,Not Available,Not Available,Not Available,5,11,3,0,3,0,,8,Not Available,5.0,12,4,
281322,ST FRANCIS MEMORIAL HOSPITAL,430 NORTH MONITOR ST,WEST POINT,NE,68788,CUMING,(402) 372-2404,Critical Access Hospitals,Voluntary non-profit - Private,Yes,Y,2,,7,3,0,3,0,,8,1,0,1,0,,11,4,0,4,0,,8,8,,12,7,
281323,CHI HEALTH SCHUYLER,104 WEST 17TH ST,SCHUYLER,NE,68661,COLFAX,(402) 352-2441,Critical Access Hospitals,Voluntary non-profit - Private,Yes,,Not Available,16,7,Not Available,Not Available,Not Available,Not Available,5.0,8,Not Available,Not Available,Not Available,Not Available,5,11,1,0,1,0,,8,Not Available,5.0,12,5,
281324,NEMAHA COUNTY HOSPITAL,2022 13TH STREET,AUBURN,NE,68305,NEMAHA,(402) 274-4366,Critical Access Hospitals,Government - Local,Yes,,Not Available,16,7,1,0,1,0,,8,Not Available,Not Available,Not Available,Not Available,5,11,3,0,3,0,,8,Not Available,5.0,12,4,
281325,BROWN COUNTY HOSPITAL,945 EAST ZERO ST,AINSWORTH,NE,69210,BROWN,(402) 387-2800,Critical Access Hospitals,Government - Local,Yes,,Not Available,16,7,Not Available,Not Available,Not Available,Not Available,5.0,8,Not Available,Not Available,Not Available,Not Available,5,11,2,0,2,0,,8,Not Available,5.0,12,3,
281326,ANTELOPE MEMORIAL HOSPITAL,"P O BOX 229, 102 WEST 9TH ST",NELIGH,NE,68756,ANTELOPE,(402) 887-4151,Critical Access Hospitals,Voluntary non-profit - Private,Yes,Y,Not Available,16,7,1,0,1,0,,8,Not Available,Not Available,Not Available,Not Available,5,11,3,0,3,0,,8,Not Available,5.0,12,4,
281327,COZAD COMMUNITY HOSPITAL,"P O BOX 108, 300 EAST 12TH ST",COZAD,NE,69130,DAWSON,(308) 784-2261,Critical Access Hospitals,Government - Hospital District or Authority,Yes,,Not Available,16,7,1,0,1,0,,8,Not Available,Not Available,Not Available,Not Available,5,11,3,1,2,0,,8,Not Available,5.0,12,3,
281328,MERRICK MEDICAL CENTER,1715  26TH ST,CENTRAL CITY,NE,68826,MERRICK,(308) 946-3015,Critical Access Hospitals,Voluntary non-profit - Private,Yes,,Not Available,16,7,1,0,1,0,,8,Not Available,Not Available,Not Available,Not Available,5,11,3,0,3,0,,8,Not Available,5.0,12,6,
281329,AVERA ST ANTHONY'S HOSPITAL,300 NORTH 2ND ST,O' NEILL,NE,68763,HOLT,(402) 336-2611,Critical Access Hospitals,Voluntary non-profit - Church,Yes,,Not Available,16,7,2,0,2,0,,8,2,0,2,0,,11,7,0,7,0,,8,8,,12,6,
281331,AVERA CREIGHTON HOSPITAL,"P O BOX 186, 1503 MAIN ST",CREIGHTON,NE,68729,KNOX,(402) 358-5700,Critical Access Hospitals,Voluntary non-profit - Private,Yes,,Not Available,16,7,Not Available,Not Available,Not Available,Not Available,5.0,8,Not Available,Not Available,Not Available,Not Available,5,11,2,0,2,0,,8,Not Available,5.0,12,4,
281332,BUTLER COUNTY HEALTH,372 SOUTH 9TH STREET,DAVID CITY,NE,68632,BUTLER,(402) 367-1200,Critical Access Hospitals,Government - Local,Yes,Y,Not Available,16,7,1,0,1,0,,8,Not Available,Not Available,Not Available,Not Available,5,11,3,0,3,0,,8,Not Available,5.0,12,4,
281333,ROCK COUNTY HOSPITAL,102 EAST SOUTH STREET,BASSETT,NE,68714,HOLT,(402) 684-3366,Critical Access Hospitals,Government - Local,Yes,,Not Available,16,7,Not Available,Not Available,Not Available,Not Available,5.0,8,Not Available,Not Available,Not Available,Not Available,5,11,1,0,1,0,,8,Not Available,5.0,12,2,
281334,BOONE COUNTY HEALTH CENTER,"P O BOX 151, 723 WEST FAIRVIEW ST",ALBION,NE,68620,BOONE,(402) 395-2191,Critical Access Hospitals,Government - Local,Yes,Y,3,,7,3,0,3,0,,8,Not Available,Not Available,Not Available,Not Available,5,11,6,0,6,0,,8,8,,12,5,
281335,CALLAWAY DISTRICT HOSPITAL,"P O BOX 100, 211 E KIMBALL",CALLAWAY,NE,68825,CUSTER,(308) 836-2228,Critical Access Hospitals,Government - Hospital District or Authority,Yes,,Not Available,16,7,1,0,1,0,,8,Not Available,Not Available,Not Available,Not Available,5,11,3,0,3,0,,8,Not Available,5.0,12,3,
281336,YORK GENERAL HEALTH CARE SERVICES,2222 LINCOLN AVE,YORK,NE,68467,YORK,(402) 362-6671,Critical Access Hospitals,Voluntary non-profit - Private,Yes,,4,,7,3,0,3,0,,8,Not Available,Not Available,Not Available,Not Available,5,11,8,0,8,0,,8,8,,12,5,
281338,HOWARD COUNTY MEDICAL CENTER,"P O BOX 406, 1113 SHERMAN ST",ST PAUL,NE,68873,HOWARD,(308) 754-4421,Critical Access Hospitals,Voluntary non-profit - Other,Yes,,Not Available,16,7,Not Available,Not Available,Not Available,Not Available,5.0,8,Not Available,Not Available,Not Available,Not Available,5,11,2,0,2,0,,8,Not Available,5.0,12,3,
281339,MEMORIAL HEALTH CARE SYSTEMS,300 NORTH COLUMBIA AVE,SEWARD,NE,68434,SEWARD,(402) 643-2971,Critical Access Hospitals,Voluntary non-profit - Private,Yes,Y,Not Available,16,7,2,0,2,0,,8,Not Available,Not Available,Not Available,Not Available,5,11,5,0,5,0,,8,Not Available,5.0,12,5,
281340,DUNDY COUNTY HOSPITAL,"P O BOX 626, 1313 NORTH CHEYENNE ST",BENKELMAN,NE,69021,DUNDY,(308) 423-2204,Critical Access Hospitals,Government - Local,Yes,,Not Available,16,7,1,0,1,0,,8,Not Available,Not Available,Not Available,Not Available,5,11,2,0,2,0,,8,Not Available,5.0,12,3,
281341,CHADRON COMMUNITY HOSPITAL AND HEALTH SERVICES,825 CENTENNIAL DRIVE,CHADRON,NE,69337,DAWES,(308) 432-5586,Critical Access Hospitals,Voluntary non-profit - Private,Yes,,Not Available,16,7,Not Available,Not Available,Not Available,Not Available,5.0,8,Not Available,Not Available,Not Available,Not Available,5,11,2,0,2,0,,8,8,,12,6,
281342,CHI HEALTH ST. MARYS,1301 GRUNDMAN BLVD,NEBRASKA CITY,NE,68410,OTOE,(402) 873-3321,Critical Access Hospitals,Voluntary non-profit - Church,Yes,Y,Not Available,16,7,1,0,1,0,,8,Not Available,Not Available,Not Available,Not Available,5,11,3,0,3,0,,8,Not Available,5.0,12,8,
281343,WEST HOLT MEMORIAL HOSPITAL,406 W NEELY ST,ATKINSON,NE,68713,HOLT,(402) 925-2811,Critical Access Hospitals,Voluntary non-profit - Private,Yes,,Not Available,16,7,Not Available,Not Available,Not Available,Not Available,5.0,8,Not Available,Not Available,Not Available,Not Available,5,11,3,0,3,0,,8,Not Available,5.0,12,4,
281344,CHERRY COUNTY HOSPITAL,510 NORTH GREEN ST,VALENTINE,NE,69201,CHERRY,(402) 376-2525,Critical Access Hospitals,Government - Local,Yes,,Not Available,16,7,1,0,1,0,,8,1,0,1,0,,11,3,0,3,0,,8,Not Available,5.0,12,2,
281345,PROVIDENCE MEDICAL CENTER,1200 PROVIDENCE RD,WAYNE,NE,68787,WAYNE,(402) 375-3800,Critical Access Hospitals,Voluntary non-profit - Private,Yes,Y,Not Available,16,7,2,0,1,1,,8,Not Available,Not Available,Not Available,Not Available,5,11,4,0,4,0,,8,Not Available,5.0,12,6,
281346,CHI HEALTH PLAINVIEW HOSPITAL,"P O BOX 489, 704 NORTH THIRD ST",PLAINVIEW,NE,68769,PIERCE,(402) 582-4245,Critical Access Hospitals,Voluntary non-profit - Church,Yes,,Not Available,16,7,Not Available,Not Available,Not Available,Not Available,5.0,8,Not Available,Not Available,Not Available,Not Available,5,11,1,0,1,0,,8,Not Available,5.0,12,5,
281347,OSMOND GENERAL HOSPITAL,402 NORTH MAPLE ST,OSMOND,NE,68765,PIERCE,(402) 748-3393,Critical Access Hospitals,Voluntary non-profit - Private,Yes,,Not Available,16,7,1,0,1,0,,8,Not Available,Not Available,Not Available,Not Available,5,11,3,0,3,0,,8,Not Available,5.0,12,4,
281348,TRI VALLEY HEALTH SYSTEM,1305 WEST HIGHWAY 6/34,CAMBRIDGE,NE,69022,FURNAS,(308) 697-3329,Critical Access Hospitals,Voluntary non-profit - Private,Yes,,Not Available,16,7,1,0,1,0,,8,Not Available,Not Available,Not Available,Not Available,5,11,2,0,2,0,,8,Not Available,5.0,12,3,
281349,PENDER COMMUNITY HOSPITAL,"100 HOSPITAL DRIVE, PO BOX 100",PENDER,NE,68047,THURSTON,(402) 385-3083,Critical Access Hospitals,Government - Local,Yes,,Not Available,16,7,1,0,1,0,,8,Not Available,Not Available,Not Available,Not Available,5,11,3,0,3,0,,8,Not Available,5.0,12,5,
281350,JOHNSON COUNTY HOSPITAL,202 HIGH ST,TECUMSEH,NE,68450,JOHNSON,(402) 335-3361,Critical Access Hospitals,Government - Local,Yes,,Not Available,16,7,2,0,2,0,,8,Not Available,Not Available,Not Available,Not Available,5,11,4,0,4,0,,8,Not Available,5.0,12,5,
281351,CHASE COUNTY COMMUNITY HOSPITAL,"P O BOX 819, 600 W 12TH ST",IMPERIAL,NE,69033,CHASE,(308) 882-7111,Critical Access Hospitals,Government - Local,Yes,,Not Available,16,7,1,0,1,0,,8,Not Available,Not Available,Not Available,Not Available,5,11,1,0,1,0,,8,Not Available,5.0,12,4,
281352,"COMMUNITY MEDICAL CENTER, INC","P O BOX 399, 3307 BILL SCHOCK BOULEVARD",FALLS CITY,NE,68355,RICHARDSON,(402) 245-2428,Critical Access Hospitals,Voluntary non-profit - Private,Yes,,4,,7,3,0,3,0,,8,Not Available,Not Available,Not Available,Not Available,5,11,5,0,5,0,,8,8,,12,6,
281353,VALLEY COUNTY HEALTH SYSTEM,2707 L STREET,ORD,NE,68862,VALLEY,(308) 728-4200,Critical Access Hospitals,Government - Local,Yes,,Not Available,16,7,1,0,1,0,,8,Not Available,Not Available,Not Available,Not Available,5,11,3,1,2,0,,8,Not Available,5.0,12,4,
281354,CRETE AREA MEDICAL CENTER,2910 BETTEN DR,CRETE,NE,68333,SALINE,(402) 826-2102,Critical Access Hospitals,Voluntary non-profit - Private,Yes,Y,Not Available,16,7,Not Available,Not Available,Not Available,Not Available,5.0,8,Not Available,Not Available,Not Available,Not Available,5,11,1,0,1,0,,8,Not Available,5.0,12,5,
281355,OGALLALA COMMUNITY HOSPITAL,2601 NORTH SPRUCE ST,OGALLALA,NE,69153,KEITH,(308) 284-4011,Critical Access Hospitals,Government - Hospital District or Authority,Yes,Y,Not Available,16,7,1,0,1,0,,8,Not Available,Not Available,Not Available,Not Available,5,11,3,0,3,0,,8,Not Available,5.0,12,7,
281356,PERKINS COUNTY HEALTH SERVICES,900 LINCOLN AVE,GRANT,NE,69140,PERKINS,(308) 352-7200,Critical Access Hospitals,Government - Hospital District or Authority,Yes,,Not Available,16,7,2,0,2,0,,8,Not Available,Not Available,Not Available,Not Available,5,11,3,0,3,0,,8,Not Available,5.0,12,5,
281357,SIDNEY REGIONAL MEDICAL CENTER,1000 POLE CREEK CROSSING,SIDNEY,NE,69162,CHEYENNE,(308) 254-5825,Critical Access Hospitals,Voluntary non-profit - Private,Yes,,Not Available,16,7,1,0,1,0,,8,Not Available,Not Available,Not Available,Not Available,5,11,4,0,4,0,,8,8,,12,2,
281358,GORDON MEMORIAL HOSPITAL DISTRICT,300 EAST 8TH ST,GORDON,NE,69343,SHERIDAN,(308) 282-0401,Critical Access Hospitals,Government - Hospital District or Authority,Yes,,Not Available,16,7,1,0,1,0,,8,Not Available,Not Available,Not Available,Not Available,5,11,3,0,3,0,,8,Not Available,5.0,12,5,
281359,MEMORIAL COMMUNITY HOSPITAL & HEALTH SYSTEM,810 NORTH 22ND ST,BLAIR,NE,68008,WASHINGTON,(402) 426-1502,Critical Access Hospitals,Voluntary non-profit - Private,Yes,Y,Not Available,16,7,Not Available,Not Available,Not Available,Not Available,5.0,8,Not Available,Not Available,Not Available,Not Available,5,11,2,0,2,0,,8,8,,12,8,
281360,BOX BUTTE GENERAL HOSPITAL,"P O BOX 810, 2101 BOX BUTTE AVE",ALLIANCE,NE,69301,BOX BUTTE,(308) 762-6660,Critical Access Hospitals,Government - Local,Yes,,Not Available,16,7,2,0,2,0,,8,1,0,1,0,,11,5,0,5,0,,8,Not Available,5.0,12,4,
281361,LEXINGTON REGIONAL HEALTH CENTER,"P O BOX 980, 1201 NORTH ERIE ST",LEXINGTON,NE,68850,DAWSON,(308) 324-5651,Critical Access Hospitals,Government - Hospital District or Authority,Yes,,Not Available,16,7,1,0,1,0,,8,Not Available,Not Available,Not Available,Not Available,5,11,3,0,2,1,,8,Not Available,5.0,12,6,
281362,PHELPS MEMORIAL HEALTH CENTER,1215 TIBBALS ST,HOLDREGE,NE,68949,PHELPS,(308) 995-2211,Critical Access Hospitals,Voluntary non-profit - Private,Yes,,Not Available,16,7,2,0,2,0,,8,1,0,1,0,,11,6,1,5,0,,8,8,,12,5,
281363,COMMUNITY HOSPITAL,"P O BOX 1328, 1301 EAST H ST",MCCOOK,NE,69001,RED WILLOW,(308) 344-2650,Critical Access Hospitals,Voluntary non-profit - Other,Yes,,3,,7,3,0,2,1,,8,Not Available,Not Available,Not Available,Not Available,5,11,8,0,8,0,,8,Not Available,5.0,12,6,
281364,"BEATRICE COMMUNITY HOSPITAL & HEALTH CENTER, INC","P O BOX 278, 4800 HOSPITAL PARKWAY",BEATRICE,NE,68310,GAGE,(402) 228-3344,Critical Access Hospitals,Voluntary non-profit - Private,Yes,,3,,7,3,0,3,0,,8,2,0,2,0,,11,7,0,7,0,,8,8,,12,7,
281365,JENNIE M MELHAM MEMORIAL MEDICAL CENTER,145 MEMORIAL DRIVE,BROKEN BOW,NE,68822,CUSTER,(308) 872-4100,Critical Access Hospitals,Voluntary non-profit - Private,Yes,,Not Available,16,7,2,0,2,0,,8,Not Available,Not Available,Not Available,Not Available,5,11,4,0,4,0,,8,Not Available,5.0,12,5,
291300,MOUNT GRANT GENERAL HOSPITAL,200 SOUTH A ST,HAWTHORNE,NV,89415,MINERAL,(702) 945-2461,Critical Access Hospitals,Government - Hospital District or Authority,Yes,,Not Available,16,7,Not Available,Not Available,Not Available,Not Available,5.0,8,Not Available,Not Available,Not Available,Not Available,5,11,1,0,1,0,,8,Not Available,5.0,12,4,
291301,INCLINE VILLAGE COMMUNITY HOSPITAL,880 ALDER STREET,INCLINE VILLAGE,NV,89451,WASHOE,(775) 833-4100,Critical Access Hospitals,Government - Hospital District or Authority,Yes,,Not Available,16,7,Not Available,Not Available,Not Available,Not Available,5.0,8,Not Available,Not Available,Not Available,Not Available,5,11,Not Available,Not Available,Not Available,Not Available,5.0,8,Not Available,5.0,12,5,
291302,WILLIAM BEE RIRIE HOSPITAL,1500 AVENUE H,ELY,NV,89301,WHITE PINE,(775) 289-3001,Critical Access Hospitals,Government - Hospital District or Authority,Yes,,Not Available,16,7,1,0,1,0,,8,Not Available,Not Available,Not Available,Not Available,5,11,2,0,2,0,,8,Not Available,5.0,12,4,
291303,BATTLE MOUNTAIN GENERAL HOSPITAL,535 SOUTH HUMBOLDT STREET,BATTE MTN,NV,89820,LANDER,(775) 635-2550,Critical Access Hospitals,Government - Hospital District or Authority,Yes,,Not Available,16,7,Not Available,Not Available,Not Available,Not Available,5.0,8,Not Available,Not Available,Not Available,Not Available,5,11,Not Available,Not Available,Not Available,Not Available,5.0,8,Not Available,5.0,12,3,
291304,PERSHING GENERAL HOSPITAL,855 6TH STREET/PO BOX 661,LOVELOCK,NV,89419,PERSHING,(775) 273-2621,Critical Access Hospitals,Government - Hospital District or Authority,Yes,,Not Available,16,7,Not Available,Not Available,Not Available,Not Available,5.0,8,Not Available,Not Available,Not Available,Not Available,5,11,Not Available,Not Available,Not Available,Not Available,5.0,8,Not Available,5.0,12,3,
291306,CARSON VALLEY HEALTH,1107 HIGHWAY 395,GARDNERVILLE,NV,89410,DOUGLAS,(775) 782-1500,Critical Access Hospitals,Voluntary non-profit - Private,Yes,,4,,7,4,0,4,0,,8,Not Available,Not Available,Not Available,Not Available,5,11,7,0,7,0,,8,8,,12,6,
291307,MESA VIEW REGIONAL HOSPITAL,1299 BERTHA HOWE AVENUE,MESQUITE,NV,89027,CLARK,(702) 345-4280,Critical Access Hospitals,Proprietary,Yes,,1,,7,3,0,3,0,,8,1,0,1,0,,11,6,0,6,0,,8,8,,12,8,
291308,HUMBOLDT GENERAL HOSPITAL,118 EAST HASKELL STREET,WINNEMUCCA,NV,89445,HUMBOLDT,(775) 623-5222,Critical Access Hospitals,Government - Hospital District or Authority,Yes,Y,3,,7,3,0,3,0,,8,Not Available,Not Available,Not Available,Not Available,5,11,5,0,5,0,,8,Not Available,5.0,12,8,
291309,BOULDER CITY HOSPITAL,901 ADAMS BLVD,BOULDER CITY,NV,89005,CLARK,(702) 293-4111,Critical Access Hospitals,Voluntary non-profit - Private,Yes,,Not Available,16,7,Not Available,Not Available,Not Available,Not Available,5.0,8,Not Available,Not Available,Not Available,Not Available,5,11,1,0,1,0,,8,Not Available,5.0,12,6,
291311,DESERT VIEW HOSPITAL,360 SOUTH LOLA LANE,PAHRUMP,NV,89048,NYE,(775) 751-7500,Critical Access Hospitals,Proprietary,Yes,,2,,7,3,0,3,0,,8,Not Available,Not Available,Not Available,Not Available,5,11,5,0,5,0,,8,8,,12,5,
291312,GROVER C DILS MEDICAL CENTER,"700 N SPRING ST, BOX 1010-C-ADM BLDG",CALIENTE,NV,89008,LINCOLN,(775) 726-3171,Critical Access Hospitals,Voluntary non-profit - Private,Yes,,Not Available,16,7,Not Available,Not Available,Not Available,Not Available,5.0,8,Not Available,Not Available,Not Available,Not Available,5,11,1,0,1,0,,8,Not Available,5.0,12,3,
291313,BANNER CHURCHILL COMMUNITY HOSPITAL,801 EAST WILLIAMS AVENUE,FALLON,NV,89406,CHURCHILL,(775) 423-3151,Critical Access Hospitals,Voluntary non-profit - Private,Yes,Y,2,,7,3,0,2,1,,8,1,0,1,0,,11,6,0,5,1,,8,8,,12,8,
291314,SOUTH LYON MEDICAL CENTER,213 S WHITACRE/PO BOX 940,YERINGTON,NV,89447,LYON,(775) 781-3761,Critical Access Hospitals,Voluntary non-profit - Private,Yes,,Not Available,16,7,Not Available,Not Available,Not Available,Not Available,5.0,8,Not Available,Not Available,Not Available,Not Available,5,11,1,0,1,0,,8,Not Available,5.0,12,4,
301300,UPPER CONNECTICUT VALLEY HOSPITAL,181 CORLISS LANE,COLEBROOK,NH,3576,COOS,(603) 237-4971,Critical Access Hospitals,Voluntary non-profit - Private,Yes,,Not Available,16,7,Not Available,Not Available,Not Available,Not Available,5.0,8,Not Available,Not Available,Not Available,Not Available,5,11,1,0,1,0,,8,Not Available,5.0,12,4,
301301,COTTAGE HOSPITAL,90 SWIFTWATER RD,WOODSVILLE,NH,3785,GRAFTON,(603) 747-9000,Critical Access Hospitals,Voluntary non-profit - Private,Yes,,Not Available,16,7,2,0,2,0,,8,1,0,1,0,,11,3,1,2,0,,8,8,,12,5,
301302,LITTLETON REGIONAL HEALTHCARE,600 ST JOHNSBURY ROAD,LITTLETON,NH,3561,GRAFTON,(603) 444-9000,Critical Access Hospitals,Voluntary non-profit - Private,Yes,,2,,7,3,0,3,0,,8,2,0,1,1,,11,8,0,8,0,,8,8,,12,9,
301303,WEEKS MEDICAL CENTER,173 MIDDLE STREET,LANCASTER,NH,3584,COOS,(603) 788-4911,Critical Access Hospitals,Voluntary non-profit - Private,Yes,,Not Available,16,7,1,0,1,0,,8,Not Available,Not Available,Not Available,Not Available,5,11,4,0,4,0,,8,Not Available,5.0,12,4,
301304,NEW LONDON HOSPITAL,273 COUNTY ROAD,NEW LONDON,NH,3257,MERRIMACK,(603) 526-2911,Critical Access Hospitals,Voluntary non-profit - Private,Yes,,Not Available,16,7,2,0,2,0,,8,2,0,2,0,,11,7,0,7,0,,8,8,,12,6,
301305,ALICE PECK DAY MEMORIAL HOSPITAL,10 ALICE PECK DAY DRIVE,LEBANON,NH,3766,GRAFTON,(603) 448-3121,Critical Access Hospitals,Voluntary non-profit - Private,Yes,,Not Available,16,7,2,0,2,0,,8,1,0,1,0,,11,5,0,5,0,,8,8,,12,6,
301306,CONCORD HOSPITAL- FRANKLIN,15 AIKEN AVENUE,FRANKLIN,NH,3235,MERRIMACK,(603) 934-2060,Critical Access Hospitals,Voluntary non-profit - Private,Yes,,Not Available,16,7,1,0,1,0,,8,1,0,1,0,,11,2,0,2,0,,8,Not Available,5.0,12,8,
301307,"MEMORIAL HOSPITAL, THE",3073 WHITE MOUNTAIN HIGHWAY,NORTH CONWAY,NH,3860,CARROLL,(603) 356-5461,Critical Access Hospitals,Voluntary non-profit - Private,Yes,Y,3,,7,4,0,4,0,,8,1,0,1,0,,11,5,0,5,0,,8,8,,12,9,
301308,VALLEY REGIONAL HOSPITAL,243 ELM STREET,CLAREMONT,NH,3743,SULLIVAN,(603) 542-7771,Critical Access Hospitals,Voluntary non-profit - Private,Yes,,4,,7,3,0,3,0,,8,2,0,2,0,,11,4,1,3,0,,8,Not Available,5.0,12,5,
301309,MONADNOCK COMMUNITY HOSPITAL,452 OLD STREET ROAD,PETERBOROUGH,NH,3458,HILLSBOROUGH,(603) 924-7191,Critical Access Hospitals,Voluntary non-profit - Private,Yes,Y,2,,7,4,0,4,0,,8,2,0,2,0,,11,9,0,9,0,,8,8,,12,6,
301310,ANDROSCOGGIN VALLEY HOSPITAL,59 PAGE HILL ROAD,BERLIN,NH,3570,COOS,(603) 752-2200,Critical Access Hospitals,Voluntary non-profit - Private,Yes,,4,,7,3,0,3,0,,8,2,1,1,0,,11,4,0,4,0,,8,Not Available,5.0,12,8,
301311,SPEARE MEMORIAL HOSPITAL,16 HOSPITAL ROAD,PLYMOUTH,NH,3264,GRAFTON,(603) 536-1120,Critical Access Hospitals,Voluntary non-profit - Private,Yes,Y,3,,7,4,0,4,0,,8,2,0,2,0,,11,4,0,4,0,,8,8,,12,8,
301312,HUGGINS HOSPITAL,240 SOUTH MAIN STREET,WOLFEBORO,NH,3894,CARROLL,(603) 569-7500,Critical Access Hospitals,Voluntary non-profit - Private,Yes,,3,,7,4,0,4,0,,8,2,0,2,0,,11,5,0,5,0,,8,8,,12,5,
321300,SIERRA VISTA HOSPITAL,800 EAST 9TH AVENUE,T OR C,NM,87901,SIERRA,(575) 894-2111,Critical Access Hospitals,Government - Local,No,,Not Available,16,7,1,0,1,0,,8,Not Available,Not Available,Not Available,Not Available,5,11,1,0,1,0,,8,Not Available,5.0,12,6,
321301,SOCORRO GENERAL HOSPITAL,1202 HIGHWAY 60 WEST,SOCORRO,NM,87801,SOCORRO,(575) 835-1140,Critical Access Hospitals,Voluntary non-profit - Private,Yes,Y,Not Available,16,7,1,0,1,0,,8,Not Available,Not Available,Not Available,Not Available,5,11,2,0,2,0,,8,Not Available,5.0,12,7,
321302,DR DAN C TRIGG MEMORIAL HOSPITAL,301 EAST MIEL DE LUNA AVENUE,TUCUMCARI,NM,88401,QUAY,(575) 461-7007,Critical Access Hospitals,Voluntary non-profit - Private,Yes,,Not Available,16,7,Not Available,Not Available,Not Available,Not Available,5.0,8,Not Available,Not Available,Not Available,Not Available,5,11,1,0,1,0,,8,Not Available,5.0,12,5,
321304,UNION COUNTY GENERAL HOSPITAL,300 WILSON STREET,CLAYTON,NM,88415,UNION,(575) 374-7001,Critical Access Hospitals,Government - Local,Yes,,Not Available,16,7,Not Available,Not Available,Not Available,Not Available,5.0,8,Not Available,Not Available,Not Available,Not Available,5,11,1,0,1,0,,8,Not Available,5.0,12,1,
321305,NOR-LEA HOSPITAL DISTRICT,1600 NORTH MAIN AVE,LOVINGTON,NM,88260,LEA,(575) 396-6611,Critical Access Hospitals,Government - Hospital District or Authority,Yes,,Not Available,16,7,1,0,1,0,,8,Not Available,Not Available,Not Available,Not Available,5,11,4,1,3,0,,8,8,,12,5,
321306,LINCOLN COUNTY MEDICAL CENTER,211 SUDDERTH DRIVE,RUIDOSO,NM,88345,LINCOLN,(575) 257-2800,Critical Access Hospitals,Voluntary non-profit - Private,Yes,Y,2,,7,3,0,3,0,,8,1,0,1,0,,11,4,0,3,1,,8,8,,12,8,
321307,MINERS' COLFAX MEDICAL CENTER,203 HOSPITAL DRIVE,RATON,NM,87740,COLFAX,(575) 445-3661,Critical Access Hospitals,Government - State,Yes,,Not Available,16,7,1,0,1,0,,8,Not Available,Not Available,Not Available,Not Available,5,11,2,0,2,0,,8,Not Available,5.0,12,5,
321308,CIBOLA GENERAL HOSPITAL,1016 E ROOSEVELT AVENUE,GRANTS,NM,87020,CIBOLA,(505) 287-5300,Critical Access Hospitals,Voluntary non-profit - Private,Yes,,Not Available,16,7,1,0,1,0,,8,Not Available,Not Available,Not Available,Not Available,5,11,3,1,2,0,,8,Not Available,5.0,12,7,
321309,MIMBRES VALLEY MEDICAL CENTER,900 W Ash Street,DEMING,NM,88031,LUNA,(575) 546-5803,Critical Access Hospitals,Proprietary,Yes,,Not Available,16,7,2,0,2,0,,8,2,0,2,0,,11,3,0,3,0,,8,Not Available,5.0,12,10,
321310,HOLY CROSS HOSPITAL A DIV OF TAOS HEALTH SYSTEMS,1397 WEIMER ROAD,TAOS,NM,87571,TAOS,(575) 758-8883,Critical Access Hospitals,Voluntary non-profit - Private,Yes,Y,3,,7,3,0,3,0,,8,1,0,1,0,,11,5,0,5,0,,8,8,,12,11,
321311,GILA REGIONAL MEDICAL CENTER,1313 E 32ND ST,SILVER CITY,NM,88061,GRANT,(575) 538-4100,Critical Access Hospitals,Government - Local,Yes,Y,2,,7,2,0,2,0,,8,3,0,3,0,,11,8,1,7,0,,8,8,,12,11,
321312,ALTA VISTA REGIONAL HOSPITAL,104 LEGION DRIVE,LAS VEGAS,NM,87701,SAN MIGUEL,(505) 426-3930,Critical Access Hospitals,Proprietary,Yes,,Not Available,16,7,Not Available,Not Available,Not Available,Not Available,5.0,8,Not Available,Not Available,Not Available,Not Available,5,11,Not Available,Not Available,Not Available,Not Available,5.0,8,Not Available,5.0,12,1,
321313,REHOBOTH MCKINLEY CHRISTIAN HEALTH CARE SERVICES,1901 RED ROCK DRIVE,GALLUP,NM,87301,MCKINLEY,(505) 863-7000,Critical Access Hospitals,Voluntary non-profit - Private,Yes,,Not Available,16,7,Not Available,Not Available,Not Available,Not Available,5.0,8,Not Available,Not Available,Not Available,Not Available,5,11,Not Available,Not Available,Not Available,Not Available,5.0,8,Not Available,5.0,12,1,
331301,"CUBA MEMORIAL HOSPITAL, INC",140 WEST MAIN STREET,CUBA,NY,14727,ALLEGANY,(585) 961-2000,Critical Access Hospitals,Voluntary non-profit - Private,No,,Not Available,16,7,Not Available,Not Available,Not Available,Not Available,5.0,8,Not Available,Not Available,Not Available,Not Available,5,11,Not Available,Not Available,Not Available,Not Available,5.0,8,Not Available,5.0,12,3,
331302,ELIZABETHTOWN COMMUNITY HOSPITAL,75 PARK STREET,ELIZABETHTOWN,NY,12932,ESSEX,(518) 873-6377,Critical Access Hospitals,Voluntary non-profit - Private,Yes,Y,Not Available,16,7,1,0,1,0,,8,1,0,1,0,,11,2,0,2,0,,8,Not Available,5.0,12,8,
331303,GARNET HEALTH MEDICAL CENTER CATSKILLS,8081 STATE ROUTE 97,CALLICOON,NY,12723,SULLIVAN,(845) 887-5530,Critical Access Hospitals,Voluntary non-profit - Private,Yes,,Not Available,16,7,Not Available,Not Available,Not Available,Not Available,5.0,8,Not Available,Not Available,Not Available,Not Available,5,11,Not Available,Not Available,Not Available,Not Available,5.0,8,Not Available,5.0,12,6,
331304,MARGARETVILLE MEMORIAL HOSPITAL,42084 STATE HIGHWAY 28,MARGARETVILLE,NY,12455,DELAWARE,(845) 586-2631,Critical Access Hospitals,Voluntary non-profit - Private,Yes,,Not Available,16,7,Not Available,Not Available,Not Available,Not Available,5.0,8,Not Available,Not Available,Not Available,Not Available,5,11,2,0,2,0,,8,Not Available,5.0,12,2,
331305,O'CONNOR HOSPITAL,460 ANDES ROAD,DELHI,NY,13753,DELAWARE,(607) 746-0300,Critical Access Hospitals,Voluntary non-profit - Private,Yes,,Not Available,16,7,Not Available,Not Available,Not Available,Not Available,5.0,8,Not Available,Not Available,Not Available,Not Available,5,11,2,0,2,0,,8,Not Available,5.0,12,6,
331309,RIVER HOSPITAL CLINICS,4 FULLER STREET,ALEXANDRIA BAY,NY,13607,JEFFERSON,(315) 482-2511,Critical Access Hospitals,Voluntary non-profit - Private,Yes,,Not Available,16,7,Not Available,Not Available,Not Available,Not Available,5.0,8,Not Available,Not Available,Not Available,Not Available,5,11,1,0,1,0,,8,Not Available,5.0,12,4,
331310,ELLENVILLE REGIONAL HOSPITAL,10 HEALTHY WAY,ELLENVILLE,NY,12428,ULSTER,(845) 647-6400,Critical Access Hospitals,Voluntary non-profit - Private,Yes,,Not Available,16,7,1,0,1,0,,8,Not Available,Not Available,Not Available,Not Available,5,11,3,0,3,0,,8,Not Available,5.0,12,4,
331311,LITTLE FALLS HOSPITAL,140 BURWELL STREET,LITTLE FALLS,NY,13365,HERKIMER,(315) 823-5261,Critical Access Hospitals,Voluntary non-profit - Private,Yes,,Not Available,16,7,2,0,2,0,,8,1,0,1,0,,11,4,0,4,0,,8,8,,12,7,
331312,"DELAWARE VALLEY HOSPITAL, INC",1 TITUS PLACE,WALTON,NY,13856,DELAWARE,(607) 865-2188,Critical Access Hospitals,Voluntary non-profit - Private,Yes,,Not Available,16,7,Not Available,Not Available,Not Available,Not Available,5.0,8,Not Available,Not Available,Not Available,Not Available,5,11,1,0,1,0,,8,Not Available,5.0,12,6,
331313,SCHUYLER HOSPITAL,220 STEUBEN STREET,MONTOUR FALLS,NY,14865,SCHUYLER,(607) 530-7121,Critical Access Hospitals,Voluntary non-profit - Private,Yes,Y,Not Available,16,7,1,0,1,0,,8,Not Available,Not Available,Not Available,Not Available,5,11,2,0,2,0,,8,Not Available,5.0,12,3,
331314,SOLDIERS AND SAILORS MEMORIAL HOSPITAL OF YATES,418 NORTH MAIN STREET,PENN YAN,NY,14527,YATES,(315) 787-4175,Critical Access Hospitals,Voluntary non-profit - Private,Yes,,Not Available,16,7,1,0,1,0,,8,Not Available,Not Available,Not Available,Not Available,5,11,2,0,2,0,,8,Not Available,5.0,12,7,
331315,GOUVERNEUR HOSPITAL,77 WEST BARNEY STREET,GOUVERNEUR,NY,13642,ST. LAWRENCE,(315) 287-1000,Critical Access Hospitals,Voluntary non-profit - Private,Yes,,Not Available,16,7,1,0,1,0,,8,1,0,1,0,,11,1,0,1,0,,8,Not Available,5.0,12,5,
331316,"COMMUNITY MEMORIAL HOSPITAL, INC",150 BROAD STREET,HAMILTON,NY,13346,MADISON,(315) 824-1100,Critical Access Hospitals,Voluntary non-profit - Private,Yes,,3,,7,3,0,3,0,,8,1,0,1,0,,11,7,0,7,0,,8,8,,12,5,
331317,LEWIS COUNTY GENERAL HOSPITAL,7785 NORTH STATE STREET,LOWVILLE,NY,13367,LEWIS,(315) 376-5200,Critical Access Hospitals,Government - Local,Yes,,Not Available,16,7,Not Available,Not Available,Not Available,Not Available,5.0,8,Not Available,Not Available,Not Available,Not Available,5,11,2,0,2,0,,8,Not Available,5.0,12,4,
331318,"CARTHAGE AREA HOSPITAL, INC",1001 WEST STREET,CARTHAGE,NY,13619,JEFFERSON,(315) 493-1000,Critical Access Hospitals,Voluntary non-profit - Private,Yes,,Not Available,19,Not Available,Not Available,Not Available,Not Available,Not Available,19.0,Not Available,Not Available,Not Available,Not Available,Not Available,19,Not Available,Not Available,Not Available,Not Available,Not Available,19.0,Not Available,Not Available,19.0,Not Available,Not Available,19.0
331319,MEDINA MEMORIAL HOSPITAL,200 OHIO STREET,MEDINA,NY,14103,ORLEANS,(585) 798-8111,Critical Access Hospitals,Voluntary non-profit - Private,Yes,,Not Available,16,7,Not Available,Not Available,Not Available,Not Available,5.0,8,Not Available,Not Available,Not Available,Not Available,5,11,2,0,2,0,,8,Not Available,5.0,12,6,
331320,COBLESKILL REGIONAL HOSPITAL,178 GRANDVIEW DRIVE,COBLESKILL,NY,12043,SCHOHARIE,(518) 254-3456,Critical Access Hospitals,Voluntary non-profit - Private,Yes,,3,,7,3,0,3,0,,8,1,0,1,0,,11,5,0,5,0,,8,8,,12,8,
331321,THE UNIVERSITY OF VERMONT HEALTH NETWORK-ALICE HY,"133 PARK STREET, PO BOX 729",MALONE,NY,12953,FRANKLIN,(518) 481-2458,Critical Access Hospitals,Voluntary non-profit - Private,Yes,,1,,7,3,0,3,0,,8,1,0,1,0,,11,4,0,3,1,,8,8,,12,10,
331322,"SLHS MASSENA, INC",1 HOSPITAL DRIVE,MASSENA,NY,13662,ST. LAWRENCE,(315) 769-4234,Critical Access Hospitals,Voluntary non-profit - Private,Yes,,Not Available,16,7,Not Available,Not Available,Not Available,Not Available,5.0,8,Not Available,Not Available,Not Available,Not Available,5,11,Not Available,Not Available,Not Available,Not Available,5.0,8,Not Available,5.0,12,Not Available,5.0
331323,WYOMING COUNTY,400 NORTH MAIN STREET,WARSAW,NY,14569,WYOMING,(585) 786-8940,Critical Access Hospitals,Government - Local,Yes,,Not Available,5,Not Available,Not Available,Not Available,Not Available,Not Available,5.0,Not Available,Not Available,Not Available,Not Available,Not Available,5,Not Available,Not Available,Not Available,Not Available,Not Available,5.0,Not Available,Not Available,5.0,Not Available,Not Available,5.0
341303,FIRSTHEALTH MONTGOMERY MEMORIAL HOSP,520 ALLEN STREET,TROY,NC,27371,MONTGOMERY,(910) 571-5000,Critical Access Hospitals,Voluntary non-profit - Private,Yes,,Not Available,16,7,Not Available,Not Available,Not Available,Not Available,5.0,8,Not Available,Not Available,Not Available,Not Available,5,11,2,0,2,0,,8,Not Available,5.0,12,6,
341304,ECU HEALTH BERTIE HOSPITAL,1403 S KING ST,WINDSOR,NC,27983,BERTIE,(252) 794-6600,Critical Access Hospitals,Voluntary non-profit - Private,Yes,,5,,7,3,0,3,0,,8,Not Available,Not Available,Not Available,Not Available,5,11,4,2,2,0,,8,Not Available,5.0,12,7,
341305,DLP SWAIN COUNTY HOSPITAL LLC,45 PLATEAU STREET,BRYSON CITY,NC,28713,SWAIN,(828) 488-2155,Critical Access Hospitals,Voluntary non-profit - Private,Yes,,Not Available,16,7,Not Available,Not Available,Not Available,Not Available,5.0,8,Not Available,Not Available,Not Available,Not Available,5,11,Not Available,Not Available,Not Available,Not Available,5.0,8,Not Available,5.0,12,5,
341307,PENDER MEMORIAL HOSPITAL,507 E FREMONT ST,BURGAW,NC,28425,PENDER,(910) 300-4004,Critical Access Hospitals,Government - Local,Yes,,Not Available,16,7,Not Available,Not Available,Not Available,Not Available,5.0,8,Not Available,Not Available,Not Available,Not Available,5,11,1,0,1,0,,8,Not Available,5.0,12,4,
341311,CHATHAM HOSPITAL INC,475 PROGRESS BLVD,SILER CITY,NC,27344,CHATHAM,(919) 799-4000,Critical Access Hospitals,Voluntary non-profit - Private,Yes,Y,Not Available,16,7,1,0,1,0,,8,Not Available,Not Available,Not Available,Not Available,5,11,3,0,3,0,,8,8,,12,6,
341314,WASHINGTON COUNTY HOSP INC,958 US HWY 64 EAST,PLYMOUTH,NC,27962,WASHINGTON,(252) 793-4135,Critical Access Hospitals,Proprietary,Yes,,Not Available,16,7,1,0,1,0,,8,Not Available,Not Available,Not Available,Not Available,5,11,3,0,3,0,,8,Not Available,5.0,12,1,
341315,CAPE FEAR VALLEY-BLADEN COUNTY HOSPITAL,501 SOUTH POPLAR STREET,ELIZABETHTOWN,NC,28337,BLADEN,(910) 862-5100,Critical Access Hospitals,Voluntary non-profit - Private,Yes,,Not Available,16,7,1,0,1,0,,8,1,0,1,0,,11,3,0,3,0,,8,Not Available,5.0,12,9,
341316,HIGHLANDS CASHIERS HOSPITAL,190 HOSPITAL DRIVE,HIGHLANDS,NC,28741,MACON,(828) 526-1200,Critical Access Hospitals,Voluntary non-profit - Private,Yes,,Not Available,16,7,1,0,1,0,,8,1,0,1,0,,11,2,0,2,0,,8,Not Available,5.0,12,7,
341317,LIFEBRITE COMMUNITY HOSPITAL OF STOKES,1570 NC 8 & 89 HWY NORTH,DANBURY,NC,27016,STOKES,(336) 593-2831,Critical Access Hospitals,Proprietary,Yes,,Not Available,16,7,Not Available,Not Available,Not Available,Not Available,5.0,8,Not Available,Not Available,Not Available,Not Available,5,11,1,0,1,0,,8,Not Available,5.0,12,Not Available,5.0
341318,VIDANT CHOWAN HOSPITAL,211 VIRGINIA RD,EDENTON,NC,27932,CHOWAN,(252) 482-8451,Critical Access Hospitals,Government - Local,Yes,Y,2,,7,4,0,4,0,,8,2,0,2,0,,11,8,0,8,0,,8,8,,12,9,
341319,"TRANSYLVANIA REGIONAL HOSPITAL, INC",90 HOSPITAL DRIVE PO BOX 1116,BREVARD,NC,28712,TRANSYLVANIA,(828) 883-5302,Critical Access Hospitals,Voluntary non-profit - Private,Yes,,1,,7,3,0,3,0,,8,2,0,2,0,,11,7,0,5,2,,8,8,,12,7,
341320,ALLEGHANY  MEMORIAL HOSPITAL,233 DOCTORS STREET,SPARTA,NC,28675,ALLEGHANY,(336) 372-5511,Critical Access Hospitals,Voluntary non-profit - Private,Yes,,Not Available,16,7,1,0,1,0,,8,Not Available,Not Available,Not Available,Not Available,5,11,3,0,3,0,,8,Not Available,5.0,12,2,
341322,ST LUKES HOSPITAL,101 HOSPITAL DRIVE,COLUMBUS,NC,28722,POLK,(828) 894-3311,Critical Access Hospitals,Voluntary non-profit - Private,Yes,,Not Available,16,7,2,0,2,0,,8,Not Available,Not Available,Not Available,Not Available,5,11,5,1,4,0,,8,8,,12,6,
341323,CHARLES A CANNON JR MEMORIAL HOSPITAL,434 HOSPITAL DRIVE,LINVILLE,NC,28646,AVERY,(828) 737-7000,Critical Access Hospitals,Voluntary non-profit - Private,Yes,,Not Available,16,7,1,0,1,0,,8,Not Available,Not Available,Not Available,Not Available,5,11,3,1,2,0,,8,Not Available,5.0,12,6,
341324,"THE OUTER BANKS HOSPITAL, INC",4800 SOUTH CROATAN HIGHWAY,NAGS HEAD,NC,27959,DARE,(252) 449-4500,Critical Access Hospitals,Voluntary non-profit - Private,Yes,Y,4,,7,3,0,3,0,,8,1,0,1,0,,11,8,1,7,0,,8,8,,12,10,
341325,ASHE MEMORIAL HOSPITAL,200 HOSPITAL AVE,JEFFERSON,NC,28640,ASHE,(336) 246-7101,Critical Access Hospitals,Voluntary non-profit - Private,Yes,,3,,7,4,0,4,0,,8,Not Available,Not Available,Not Available,Not Available,5,11,8,1,7,0,,8,8,,12,4,
341326,ANGEL MEDICAL CENTER,124 CENTER COURT PO BOX 1209,FRANKLIN,NC,28734,MACON,(828) 524-8411,Critical Access Hospitals,Voluntary non-profit - Private,Yes,,2,,7,4,0,4,0,,8,2,0,2,0,,11,6,0,6,0,,8,8,,12,10,
341327,J ARTHUR DOSHER MEMORIAL HOSPITAL,924 HOWE ST,SOUTHPORT,NC,28461,BRUNSWICK,(910) 457-3800,Critical Access Hospitals,Voluntary non-profit - Other,Yes,,Not Available,16,7,2,0,2,0,,8,1,0,1,0,,11,6,0,6,0,,8,8,,12,6,
341328,ERLANGER MURPHY MEDICAL CENTER,3990 EAST US HIGHWAY 64 ALT,MURPHY,NC,28906,CHEROKEE,(828) 837-8161,Critical Access Hospitals,Voluntary non-profit - Private,Yes,,1,,7,4,0,4,0,,8,2,0,1,1,,11,8,1,7,0,,8,8,,12,9,
341329,BLUE RIDGE REGIONAL HOSPITAL,125 HOSPITAL DRIVE,SPRUCE PINE,NC,28777,MITCHELL,(828) 765-4201,Critical Access Hospitals,Voluntary non-profit - Private,Yes,,3,,7,3,0,3,0,,8,1,0,1,0,,11,6,1,5,0,,8,8,,12,10,
351300,TIOGA MEDICAL CENTER,810 N WELO ST,TIOGA,ND,58852,WILLIAMS,(701) 664-3305,Critical Access Hospitals,Voluntary non-profit - Private,Yes,,Not Available,16,7,Not Available,Not Available,Not Available,Not Available,5.0,8,Not Available,Not Available,Not Available,Not Available,5,11,1,0,1,0,,8,Not Available,5.0,12,5,
351301,MOUNTRAIL COUNTY MEDICAL CENTER INC,615 6TH ST SE,STANLEY,ND,58784,MOUNTRAIL,(701) 628-2424,Critical Access Hospitals,Voluntary non-profit - Private,Yes,,Not Available,16,7,Not Available,Not Available,Not Available,Not Available,5.0,8,Not Available,Not Available,Not Available,Not Available,5,11,Not Available,Not Available,Not Available,Not Available,5.0,8,Not Available,5.0,12,3,
351302,MCKENZIE COUNTY HEALTHCARE SYSTEMS INC,709 4TH AVE NE,WATFORD CITY,ND,58854,MCKENZIE,(701) 842-3000,Critical Access Hospitals,Voluntary non-profit - Private,Yes,,Not Available,16,7,Not Available,Not Available,Not Available,Not Available,5.0,8,1,0,1,0,,11,2,0,2,0,,8,Not Available,5.0,12,5,
351303,GARRISON MEMORIAL HOSPITAL,407 3RD AVE SE,GARRISON,ND,58540,MCLEAN,(701) 463-2275,Critical Access Hospitals,Voluntary non-profit - Church,Yes,,Not Available,16,7,1,0,1,0,,8,Not Available,Not Available,Not Available,Not Available,5,11,Not Available,Not Available,Not Available,Not Available,5.0,8,Not Available,5.0,12,6,
351304,CHI ST ALEXIUS HEALTH TURTLE LAKE,220 5TH AVE W,TURTLE LAKE,ND,58575,MCLEAN,(701) 448-2331,Critical Access Hospitals,Voluntary non-profit - Church,Yes,,Not Available,16,7,Not Available,Not Available,Not Available,Not Available,5.0,8,Not Available,Not Available,Not Available,Not Available,5,11,Not Available,Not Available,Not Available,Not Available,5.0,8,Not Available,5.0,12,4,
351305,TRINITY KENMARE COMMUNITY HOSPITAL,PO BOX 697,KENMARE,ND,58746,WARD,(701) 385-4296,Critical Access Hospitals,Voluntary non-profit - Private,Yes,,Not Available,16,7,Not Available,Not Available,Not Available,Not Available,5.0,8,Not Available,Not Available,Not Available,Not Available,5,11,Not Available,Not Available,Not Available,Not Available,5.0,8,Not Available,5.0,12,3,
351306,COOPERSTOWN MEDICAL CENTER,1200 ROBERTS AVE NE,COOPERSTOWN,ND,58425,GRIGGS,(701) 797-2221,Critical Access Hospitals,Voluntary non-profit - Private,Yes,,Not Available,16,7,Not Available,Not Available,Not Available,Not Available,5.0,8,Not Available,Not Available,Not Available,Not Available,5,11,Not Available,Not Available,Not Available,Not Available,5.0,8,Not Available,5.0,12,3,
351307,ST ANDREW'S HOSPITAL,316 OHMER STREET,BOTTINEAU,ND,58318,BOTTINEAU,(701) 228-9300,Critical Access Hospitals,Voluntary non-profit - Church,Yes,,Not Available,16,7,1,0,1,0,,8,Not Available,Not Available,Not Available,Not Available,5,11,3,0,3,0,,8,Not Available,5.0,12,4,
351308,NELSON COUNTY HEALTH SYSTEM,200 N MAIN ST,MCVILLE,ND,58254,NELSON,(701) 322-4328,Critical Access Hospitals,Voluntary non-profit - Private,Yes,,Not Available,16,7,Not Available,Not Available,Not Available,Not Available,5.0,8,Not Available,Not Available,Not Available,Not Available,5,11,1,0,1,0,,8,Not Available,5.0,12,3,
351309,SANFORD MAYVILLE,42 6TH AVENUE SE,MAYVILLE,ND,58257,TRAILL,(701) 788-3800,Critical Access Hospitals,Voluntary non-profit - Private,Yes,,Not Available,16,7,1,0,1,0,,8,Not Available,Not Available,Not Available,Not Available,5,11,3,0,3,0,,8,Not Available,5.0,12,5,
351310,SAKAKAWEA MEDICAL CENTER - CAH,510 8TH AVENUE NE,HAZEN,ND,58545,MERCER,(701) 748-2225,Critical Access Hospitals,Voluntary non-profit - Private,Yes,,Not Available,16,7,1,0,1,0,,8,Not Available,Not Available,Not Available,Not Available,5,11,2,1,1,0,,8,Not Available,5.0,12,4,
351311,LISBON AREA HEALTH SERVICES,905 MAIN ST,LISBON,ND,58054,RANSOM,(701) 683-6400,Critical Access Hospitals,Voluntary non-profit - Private,Yes,,Not Available,16,7,Not Available,Not Available,Not Available,Not Available,5.0,8,Not Available,Not Available,Not Available,Not Available,5,11,2,0,2,0,,8,Not Available,5.0,12,5,
351312,NORTHWOOD DEACONESS HEALTH CENTER,PO BOX 190,NORTHWOOD,ND,58267,GRAND FORKS,(701) 587-6060,Critical Access Hospitals,Voluntary non-profit - Church,Yes,,Not Available,16,7,Not Available,Not Available,Not Available,Not Available,5.0,8,Not Available,Not Available,Not Available,Not Available,5,11,1,0,1,0,,8,Not Available,5.0,12,5,
351313,SOUTHWEST HEALTHCARE SERVICES,802 2ND ST NW,BOWMAN,ND,58623,BOWMAN,(701) 523-6555,Critical Access Hospitals,Voluntary non-profit - Private,Yes,,Not Available,16,7,Not Available,Not Available,Not Available,Not Available,5.0,8,Not Available,Not Available,Not Available,Not Available,5,11,1,0,1,0,,8,Not Available,5.0,12,2,
351314,JACOBSON MEMORIAL HOSPITAL CARE CENTER,601 EAST ST N,ELGIN,ND,58533,GRANT,(701) 584-2792,Critical Access Hospitals,Voluntary non-profit - Private,Yes,,Not Available,16,7,1,0,1,0,,8,Not Available,Not Available,Not Available,Not Available,5,11,2,0,2,0,,8,Not Available,5.0,12,2,
351315,CHI OAKES HOSPITAL,1200 N 7TH ST,OAKES,ND,58474,DICKEY,(701) 742-3291,Critical Access Hospitals,Voluntary non-profit - Church,Yes,,Not Available,16,7,1,0,1,0,,8,Not Available,Not Available,Not Available,Not Available,5,11,3,0,3,0,,8,Not Available,5.0,12,6,
351316,PRESENTATION MEDICAL CENTER,213 SECOND AVE NE,ROLLA,ND,58367,ROLETTE,(701) 477-3161,Critical Access Hospitals,Voluntary non-profit - Private,Yes,,Not Available,16,7,1,0,1,0,,8,Not Available,Not Available,Not Available,Not Available,5,11,2,0,1,1,,8,Not Available,5.0,12,3,
351318,CARRINGTON HEALTH CENTER,PO BOX 461,CARRINGTON,ND,58421,FOSTER,(701) 652-3141,Critical Access Hospitals,Voluntary non-profit - Private,Yes,,Not Available,16,7,1,0,1,0,,8,Not Available,Not Available,Not Available,Not Available,5,11,2,0,2,0,,8,Not Available,5.0,12,7,
351319,PEMBINA COUNTY MEMORIAL HOSPITAL,BOX 380,CAVALIER,ND,58220,PEMBINA,(701) 265-8461,Critical Access Hospitals,Voluntary non-profit - Private,Yes,,Not Available,16,7,Not Available,Not Available,Not Available,Not Available,5.0,8,Not Available,Not Available,Not Available,Not Available,5,11,2,0,2,0,,8,Not Available,5.0,12,5,
351320,UNITY MEDICAL CENTER,164 W 13TH STREET,GRAFTON,ND,58237,WALSH,(701) 352-1620,Critical Access Hospitals,Voluntary non-profit - Private,Yes,,Not Available,16,7,1,0,1,0,,8,Not Available,Not Available,Not Available,Not Available,5,11,1,0,1,0,,8,Not Available,5.0,12,5,
351321,SOUTH CENTRAL HEALTH,1007 4TH AVE S,WISHEK,ND,58495,MCINTOSH,(701) 452-2326,Critical Access Hospitals,Government - Local,Yes,,Not Available,16,7,1,0,1,0,,8,Not Available,Not Available,Not Available,Not Available,5,11,2,0,2,0,,8,Not Available,5.0,12,5,
351322,ASHLEY MEDICAL CENTER,612 CENTER AVENUE N,ASHLEY,ND,58413,MCINTOSH,(701) 288-3433,Critical Access Hospitals,Voluntary non-profit - Private,Yes,,Not Available,16,7,Not Available,Not Available,Not Available,Not Available,5.0,8,Not Available,Not Available,Not Available,Not Available,5,11,1,0,1,0,,8,Not Available,5.0,12,4,
351323,CAVALIER COUNTY MEMORIAL HOSPITAL ASSOCIATION,909 2ND ST,LANGDON,ND,58249,CAVALIER,(701) 256-6100,Critical Access Hospitals,Voluntary non-profit - Private,Yes,,Not Available,16,7,1,0,1,0,,8,Not Available,Not Available,Not Available,Not Available,5,11,3,0,3,0,,8,Not Available,5.0,12,5,
351324,CHI MERCY HEALTH,570 CHAUTAUQUA BLVD,VALLEY CITY,ND,58072,BARNES,(701) 845-6400,Critical Access Hospitals,Voluntary non-profit - Church,Yes,,Not Available,16,7,2,0,2,0,,8,Not Available,Not Available,Not Available,Not Available,5,11,4,0,4,0,,8,Not Available,5.0,12,7,
351325,ST LUKE'S HOSPITAL,702 1ST ST SW,CROSBY,ND,58730,DIVIDE,(701) 965-6384,Critical Access Hospitals,Voluntary non-profit - Private,Yes,,Not Available,16,7,Not Available,Not Available,Not Available,Not Available,5.0,8,Not Available,Not Available,Not Available,Not Available,5,11,1,0,1,0,,8,Not Available,5.0,12,3,
351326,FIRST CARE HEALTH CENTER,115 VIVIAN ST,PARK RIVER,ND,58270,WALSH,(701) 284-7500,Critical Access Hospitals,Voluntary non-profit - Private,Yes,,Not Available,16,7,1,0,1,0,,8,Not Available,Not Available,Not Available,Not Available,5,11,3,0,3,0,,8,Not Available,5.0,12,5,
351327,SMP HEALTH ST ALOISIUS,325 E BREWSTER ST,HARVEY,ND,58341,WELLS,(701) 324-4651,Critical Access Hospitals,Voluntary non-profit - Private,Yes,,Not Available,16,7,2,0,2,0,,8,Not Available,Not Available,Not Available,Not Available,5,11,3,0,1,2,,8,Not Available,5.0,12,4,
351328,LINTON HOSPITAL - CAH,111 ELM AVE W,LINTON,ND,58552,EMMONS,(701) 254-4511,Critical Access Hospitals,Voluntary non-profit - Private,Yes,,Not Available,16,7,Not Available,Not Available,Not Available,Not Available,5.0,8,Not Available,Not Available,Not Available,Not Available,5,11,1,0,1,0,,8,Not Available,5.0,12,5,
351329,SANFORD HILLSBORO,12 THIRD STREET SE,HILLSBORO,ND,58045,TRAILL,(701) 636-3200,Critical Access Hospitals,Voluntary non-profit - Private,Yes,,Not Available,16,7,Not Available,Not Available,Not Available,Not Available,5.0,8,Not Available,Not Available,Not Available,Not Available,5,11,1,0,1,0,,8,Not Available,5.0,12,4,
351330,WEST RIVER REGIONAL MEDICAL CENTER,1000 HIGHWAY 12,HETTINGER,ND,58639,ADAMS,(701) 567-4561,Critical Access Hospitals,Voluntary non-profit - Private,Yes,Y,4,,7,3,0,3,0,,8,Not Available,Not Available,Not Available,Not Available,5,11,4,0,4,0,,8,Not Available,5.0,12,4,
351331,TOWNER COUNTY MEDICAL CENTER,7448 HWY 281 N,CANDO,ND,58324,TOWNER,(701) 968-4411,Critical Access Hospitals,Voluntary non-profit - Private,Yes,,Not Available,16,7,1,0,1,0,,8,Not Available,Not Available,Not Available,Not Available,5,11,2,0,2,0,,8,Not Available,5.0,12,3,
351332,HEART OF AMERICA MEDICAL CENTER,800 S MAIN AVE,RUGBY,ND,58368,PIERCE,(701) 776-5261,Critical Access Hospitals,Voluntary non-profit - Private,Yes,,Not Available,16,7,1,0,1,0,,8,Not Available,Not Available,Not Available,Not Available,5,11,2,0,2,0,,8,Not Available,5.0,12,7,
351333,CHI ST ALEXIUS HEALTH DEVILS LAKE,1031 7TH ST NE,DEVILS LAKE,ND,58301,RAMSEY,(701) 662-2131,Critical Access Hospitals,Voluntary non-profit - Private,Yes,Y,Not Available,16,7,2,0,2,0,,8,Not Available,Not Available,Not Available,Not Available,5,11,4,1,3,0,,8,Not Available,5.0,12,8,
351334,CHI ST ALEXIUS HEALTH WILLISTON,1301 15TH AVE W,WILLISTON,ND,58801,WILLIAMS,(701) 774-7400,Critical Access Hospitals,Voluntary non-profit - Church,Yes,Y,Not Available,16,7,2,0,2,0,,8,1,0,1,0,,11,5,1,4,0,,8,8,,12,10,
351335,JAMESTOWN REGIONAL MEDICAL CENTER,2422 20TH ST SW,JAMESTOWN,ND,58401,STUTSMAN,(701) 252-1050,Critical Access Hospitals,Voluntary non-profit - Private,Yes,Y,3,,7,3,0,3,0,,8,1,0,1,0,,11,8,0,8,0,,8,8,,12,8,
351336,CHI ST ALEXIUS HEALTH DICKINSON,2500 FAIRWAY STREET,DICKINSON,ND,58601,STARK,(701) 456-4000,Critical Access Hospitals,Voluntary non-profit - Church,Yes,Y,Not Available,16,7,2,0,2,0,,8,1,0,1,0,,11,5,0,5,0,,8,8,,12,10,
351364,STANDING ROCK SERVICE UNIT,10 NORTH RIVER ROAD,"FORT YATES,",ND,58538,SIOUX,(701) 854-3831,Critical Access Hospitals,Government - Federal,Yes,,Not Available,16,7,Not Available,Not Available,Not Available,Not Available,5.0,8,Not Available,Not Available,Not Available,Not Available,5,11,Not Available,Not Available,Not Available,Not Available,5.0,8,Not Available,5.0,12,2,
361300,PAULDING COUNTY HOSPITAL,1035 WEST WAYNE ST.,PAULDING,OH,45879,PAULDING,(419) 399-4080,Critical Access Hospitals,Government - Local,Yes,,Not Available,16,7,1,0,1,0,,8,Not Available,Not Available,Not Available,Not Available,5,11,3,0,3,0,,8,Not Available,5.0,12,4,
361302,TWIN CITY MEDICAL CENTER,819 NORTH FIRST STREET,DENNISON,OH,44621,TUSCARAWAS,(740) 922-2800,Critical Access Hospitals,Voluntary non-profit - Church,Yes,,Not Available,16,7,Not Available,Not Available,Not Available,Not Available,5.0,8,Not Available,Not Available,Not Available,Not Available,5,11,Not Available,Not Available,Not Available,Not Available,5.0,8,Not Available,5.0,12,5,
361303,LODI COMMUNITY HOSPITAL,225 ELYRIA STREET,LODI,OH,44254,MEDINA,(330) 948-1222,Critical Access Hospitals,Voluntary non-profit - Private,Yes,,Not Available,16,7,Not Available,Not Available,Not Available,Not Available,5.0,8,Not Available,Not Available,Not Available,Not Available,5,11,Not Available,Not Available,Not Available,Not Available,5.0,8,8,,12,7,
361304,GREENFIELD AREA MEDICAL CENTER,550 MIRABEAU STREET,GREENFIELD,OH,45123,HIGHLAND,(937) 981-9400,Critical Access Hospitals,Voluntary non-profit - Private,Yes,,Not Available,16,7,Not Available,Not Available,Not Available,Not Available,5.0,8,Not Available,Not Available,Not Available,Not Available,5,11,1,0,1,0,,8,Not Available,5.0,12,6,
361306,MERCY ALLEN HOSPITAL,200 WEST LORAIN STREET,OBERLIN,OH,44074,LORAIN,(440) 334-7039,Critical Access Hospitals,Voluntary non-profit - Private,Yes,,5,,7,3,0,3,0,,8,1,0,1,0,,11,3,0,3,0,,8,8,,12,6,
361307,UHHS MEMORIAL HOSPITAL OF GENEVA,870 WEST MAIN STREET,GENEVA,OH,44041,ASHTABULA,(440) 415-0151,Critical Access Hospitals,Voluntary non-profit - Private,Yes,,3,,7,3,0,3,0,,8,1,0,1,0,,11,8,0,7,1,,8,8,,12,9,
361308,UNIVERSITY HOSPITALS CONNEAUT MEDICAL CENTER,158 WEST MAIN ROAD,CONNEAUT,OH,44030,ASHTABULA,(440) 593-1131,Critical Access Hospitals,Voluntary non-profit - Other,Yes,,Not Available,16,7,2,0,2,0,,8,Not Available,Not Available,Not Available,Not Available,5,11,5,0,5,0,,8,Not Available,5.0,12,7,
361309,"HENRY COUNTY HOSPITAL, INC",1600 EAST RIVERVIEW AVENUE,NAPOLEON,OH,43545,HENRY,(419) 592-4015,Critical Access Hospitals,Voluntary non-profit - Private,Yes,,3,,7,3,0,3,0,,8,Not Available,Not Available,Not Available,Not Available,5,11,5,0,5,0,,8,Not Available,5.0,12,10,
361310,MERCY HEALTH - WILLARD HOSPITAL,1100 NEAL ZICK ROAD,WILLARD,OH,44890,HURON,(419) 964-5000,Critical Access Hospitals,Voluntary non-profit - Private,Yes,,Not Available,16,7,1,0,1,0,,8,Not Available,Not Available,Not Available,Not Available,5,11,5,0,5,0,,8,Not Available,5.0,12,8,
361311,HARRISON COMMUNITY HOSPITAL,951 EAST MARKET STREET,CADIZ,OH,43907,HARRISON,(740) 942-8625,Critical Access Hospitals,Voluntary non-profit - Private,Yes,,Not Available,16,7,Not Available,Not Available,Not Available,Not Available,5.0,8,Not Available,Not Available,Not Available,Not Available,5,11,1,0,1,0,,8,Not Available,5.0,12,5,
361312,MERCY HEALTH - URBANA HOSPITAL,904 SCIOTO STREET,URBANA,OH,43078,CHAMPAIGN,(937) 653-5231,Critical Access Hospitals,Voluntary non-profit - Private,Yes,,5,,7,3,0,3,0,,8,1,0,1,0,,11,4,0,4,0,,8,Not Available,5.0,12,8,
361313,OHIOHEALTH MORROW COUNTY HOSPITAL,651 WEST MARION ROAD,MOUNT GILEAD,OH,43338,MORROW,(419) 946-5015,Critical Access Hospitals,Government - Local,Yes,,Not Available,16,7,Not Available,Not Available,Not Available,Not Available,5.0,8,Not Available,Not Available,Not Available,Not Available,5,11,3,0,3,0,,8,Not Available,5.0,12,2,
361314,MAGRUDER HOSPITAL,615 FULTON ST,PORT CLINTON,OH,43452,OTTAWA,(419) 734-3131,Critical Access Hospitals,Voluntary non-profit - Private,Yes,,Not Available,16,7,2,0,2,0,,8,Not Available,Not Available,Not Available,Not Available,5,11,7,0,6,1,,8,Not Available,5.0,12,5,
361315,HARDIN MEMORIAL HOSPITAL,921 EAST FRANKLIN STREET,KENTON,OH,43326,HARDIN,(419) 673-0761,Critical Access Hospitals,Voluntary non-profit - Private,Yes,,Not Available,16,7,2,0,2,0,,8,Not Available,Not Available,Not Available,Not Available,5,11,4,0,4,0,,8,Not Available,5.0,12,6,
361316,BUCYRUS COMMUNITY HOSPITAL,629 NORTH SANDUSKY AVENUE,BUCYRUS,OH,44820,CRAWFORD,(419) 563-9376,Critical Access Hospitals,Voluntary non-profit - Other,Yes,,Not Available,16,7,1,0,1,0,,8,2,0,1,1,,11,4,0,4,0,,8,Not Available,5.0,12,7,
361318,FOSTORIA COMMUNITY HOSPITAL,501 VAN BUREN STREET,FOSTORIA,OH,44830,SENECA,(419) 435-7734,Critical Access Hospitals,Voluntary non-profit - Private,No,,3,,7,3,0,3,0,,8,Not Available,Not Available,Not Available,Not Available,5,11,6,0,6,0,,8,8,,12,6,
361319,SELBY GENERAL HOSPITAL,1106 COLEGATE DRIVE,MARIETTA,OH,45750,WASHINGTON,(740) 568-2000,Critical Access Hospitals,Voluntary non-profit - Private,Yes,,Not Available,16,7,Not Available,Not Available,Not Available,Not Available,5.0,8,1,0,1,0,,11,3,0,3,0,,8,8,,12,6,
361320,HOLZER MEDICAL CENTER JACKSON,500 BURLINGTON ROAD,JACKSON,OH,45640,JACKSON,(740) 395-8500,Critical Access Hospitals,Voluntary non-profit - Private,Yes,,5,,7,3,0,3,0,,8,1,0,1,0,,11,4,0,4,0,,8,Not Available,5.0,12,8,
361321,"BARNESVILLE HOSPITAL ASSOCIATION, INC",639 WEST MAIN STREET,BARNESVILLE,OH,43713,BELMONT,(740) 425-3941,Critical Access Hospitals,Voluntary non-profit - Private,Yes,,Not Available,16,7,Not Available,Not Available,Not Available,Not Available,5.0,8,Not Available,Not Available,Not Available,Not Available,5,11,3,0,3,0,,8,Not Available,5.0,12,6,
361322,BLUFFTON HOSPITAL,139 GARAU STREET,BLUFFTON,OH,45817,ALLEN,(419) 358-9010,Critical Access Hospitals,Voluntary non-profit - Private,Yes,,Not Available,16,7,Not Available,Not Available,Not Available,Not Available,5.0,8,Not Available,Not Available,Not Available,Not Available,5,11,2,0,2,0,,8,Not Available,5.0,12,6,
361323,AULTMAN ORRVILLE HOSPITAL,832 SOUTH MAIN STREET,ORRVILLE,OH,44667,WAYNE,(330) 682-3010,Critical Access Hospitals,Voluntary non-profit - Private,Yes,Y,Not Available,16,7,1,0,1,0,,8,1,0,1,0,,11,5,0,5,0,,8,8,,12,9,
361324,OHIOHEALTH SHELBY HOSPITAL,199 WEST MAIN STREET,SHELBY,OH,44875,RICHLAND,(419) 342-5015,Critical Access Hospitals,Voluntary non-profit - Private,Yes,,Not Available,16,7,2,0,2,0,,8,1,0,1,0,,11,5,1,4,0,,8,Not Available,5.0,12,6,
361325,GALION COMMUNITY HOSPITAL,269 PORTLAND WAY SOUTH,GALION,OH,44833,CRAWFORD,(419) 468-4841,Critical Access Hospitals,Voluntary non-profit - Church,No,Y,Not Available,5,7,Not Available,Not Available,Not Available,Not Available,5.0,8,Not Available,Not Available,Not Available,Not Available,5,11,Not Available,Not Available,Not Available,Not Available,5.0,8,Not Available,5.0,12,Not Available,5.0
361326,ADAMS COUNTY REGIONAL MEDICAL CENTER,230 MEDICAL CENTER DRIVE,SEAMAN,OH,45679,ADAMS,(937) 386-3400,Critical Access Hospitals,Government - Local,Yes,,2,,7,3,0,3,0,,8,1,0,1,0,,11,6,0,6,0,,8,Not Available,5.0,12,4,
361327,COMMUNITY HOSPITALS AND WELLNESS CENTERS,909 EAST SNYDER AVENUE,MONTPELIER,OH,43543,WILLIAMS,(419) 636-1131,Critical Access Hospitals,Voluntary non-profit - Private,Yes,,Not Available,16,7,Not Available,Not Available,Not Available,Not Available,5.0,8,Not Available,Not Available,Not Available,Not Available,5,11,Not Available,Not Available,Not Available,Not Available,5.0,8,Not Available,5.0,12,4,
361328,PROMEDICA DEFIANCE REGIONAL HOSPITAL,1200 RALSTON AVENUE,DEFIANCE,OH,43512,DEFIANCE,(419) 783-6955,Critical Access Hospitals,Voluntary non-profit - Private,Yes,Y,4,,7,3,0,3,0,,8,1,0,1,0,,11,8,0,8,0,,8,8,,12,8,
361329,WYANDOT MEMORIAL HOSPITAL,885 NORTH SANDUSKY AVENUE,UPPER SANDUSKY,OH,43351,WYANDOT,(419) 294-4991,Critical Access Hospitals,Government - Hospital District or Authority,Yes,,4,,7,3,0,3,0,,8,1,0,1,0,,11,9,0,9,0,,8,8,,12,3,
361330,HOCKING VALLEY COMMUNITY HOSPITAL,601 STATE ROUTE 664N,LOGAN,OH,43138,HOCKING,(740) 380-8000,Critical Access Hospitals,Voluntary non-profit - Other,Yes,,Not Available,16,7,1,0,1,0,,8,Not Available,Not Available,Not Available,Not Available,5,11,2,0,2,0,,8,Not Available,5.0,12,3,
361331,ADENA FAYETTE MEDICAL CENTER,1430 COLUMBUS AVENUE,WASHINGTON CH,OH,43160,FAYETTE,(740) 335-1210,Critical Access Hospitals,Government - Local,Yes,,3,,7,3,0,3,0,,8,1,0,1,0,,11,7,1,6,0,,8,Not Available,5.0,12,9,
361332,HIGHLAND DISTRICT HOSPITAL,1275 NORTH HIGH STREET,HILLSBORO,OH,45133,HIGHLAND,(937) 393-6100,Critical Access Hospitals,Government - Hospital District or Authority,Yes,,3,,7,3,0,3,0,,8,1,0,1,0,,11,8,0,8,0,,8,8,,12,6,
361333,FULTON COUNTY HEALTH CENTER,725 SOUTH SHOOP AVENUE,WAUSEON,OH,43567,FULTON,(419) 335-2015,Critical Access Hospitals,Voluntary non-profit - Private,Yes,,3,,7,3,0,3,0,,8,1,0,1,0,,11,8,0,8,0,,8,8,,12,10,
361334,ADENA PIKE MEDICAL CENTER,100 DAWN LANE,WAVERLY,OH,45690,PIKE,(740) 947-2186,Critical Access Hospitals,Voluntary non-profit - Private,Yes,,Not Available,16,7,1,0,1,0,,8,1,0,1,0,,11,3,0,3,0,,8,Not Available,5.0,12,7,
361335,WAYNE HOSPITAL,835 SWEITZER ST,GREENVILLE,OH,45331,DARKE,(937) 548-1141,Critical Access Hospitals,Voluntary non-profit - Private,Yes,Y,Not Available,5,Not Available,Not Available,Not Available,Not Available,Not Available,5.0,Not Available,Not Available,Not Available,Not Available,Not Available,5,Not Available,Not Available,Not Available,Not Available,Not Available,5.0,Not Available,Not Available,5.0,Not Available,Not Available,5.0
371300,ATOKA COUNTY MEDICAL CENTER,1590 WEST LIBERTY ROAD,ATOKA,OK,74525,ATOKA,(580) 889-3333,Critical Access Hospitals,Government - Local,Yes,,Not Available,16,7,3,0,3,0,,8,Not Available,Not Available,Not Available,Not Available,5,11,4,0,4,0,,8,Not Available,5.0,12,2,
371301,PRAGUE REGIONAL MEMORIAL HOSPITAL,1322 KLABZUBA AVENUE,PRAGUE,OK,74864,LINCOLN,(405) 567-4922,Critical Access Hospitals,Government - Local,Yes,,Not Available,16,7,Not Available,Not Available,Not Available,Not Available,5.0,8,Not Available,Not Available,Not Available,Not Available,5,11,Not Available,Not Available,Not Available,Not Available,5.0,8,Not Available,5.0,12,4,
371302,"MERCY HOSPITAL WATONGA, INC",500 NORTH CLARENCE NASH BOULEVARD,WATONGA,OK,73772,BLAINE,(580) 623-7211,Critical Access Hospitals,Proprietary,Yes,,Not Available,16,7,Not Available,Not Available,Not Available,Not Available,5.0,8,Not Available,Not Available,Not Available,Not Available,5,11,1,0,1,0,,8,Not Available,5.0,12,5,
371303,ROGER MILLS MEMORIAL HOSPITAL,501 SOUTH L L MALES AVENUE,CHEYENNE,OK,73628,ROGER MILLS,(580) 497-3336,Critical Access Hospitals,Voluntary non-profit - Private,Yes,,Not Available,16,7,1,0,1,0,,8,Not Available,Not Available,Not Available,Not Available,5,11,2,0,2,0,,8,Not Available,5.0,12,4,
371304,MERCY HOSPITAL TISHOMINGO INC,1000 SOUTH BYRD ST,TISHOMINGO,OK,73460,JOHNSTON,(580) 371-2327,Critical Access Hospitals,Voluntary non-profit - Church,Yes,,Not Available,16,7,Not Available,Not Available,Not Available,Not Available,5.0,8,Not Available,Not Available,Not Available,Not Available,5,11,Not Available,Not Available,Not Available,Not Available,5.0,8,Not Available,5.0,12,4,
371305,ASCENSION ST JOHN NOWATA,237 SOUTH LOCUST STREET,NOWATA,OK,74048,NOWATA,(918) 273-3102,Critical Access Hospitals,Voluntary non-profit - Private,Yes,,Not Available,16,7,Not Available,Not Available,Not Available,Not Available,5.0,8,Not Available,Not Available,Not Available,Not Available,5,11,1,0,1,0,,8,Not Available,5.0,12,3,
371306,MERCY HOSPITAL MARIETTA,300 WANDA STREET,MARIETTA,OK,73448,LOVE,(580) 276-3347,Critical Access Hospitals,Government - Local,Yes,,Not Available,16,7,Not Available,Not Available,Not Available,Not Available,5.0,8,Not Available,Not Available,Not Available,Not Available,5,11,1,0,1,0,,8,Not Available,5.0,12,5,
371307,CIMARRON MEMORIAL HOSPITAL,100 SOUTH ELLIS,BOISE CITY,OK,73933,CIMARRON,(580) 544-2501,Critical Access Hospitals,Government - Hospital District or Authority,Yes,,Not Available,16,7,Not Available,Not Available,Not Available,Not Available,5.0,8,Not Available,Not Available,Not Available,Not Available,5,11,1,0,1,0,,8,Not Available,5.0,12,Not Available,5.0
371309,"PAWHUSKA HOSPITAL, INC",1101 EAST 15TH STREET,PAWHUSKA,OK,74056,OSAGE,(918) 287-3232,Critical Access Hospitals,Voluntary non-profit - Private,Yes,,Not Available,16,7,Not Available,Not Available,Not Available,Not Available,5.0,8,Not Available,Not Available,Not Available,Not Available,5,11,1,0,1,0,,8,Not Available,5.0,12,5,
371310,"MERCY HOSPITAL HEALDTON, INC.",3462 HOSPITAL RD,HEALDTON,OK,73438,CARTER,(580) 229-0701,Critical Access Hospitals,Voluntary non-profit - Private,Yes,,Not Available,16,7,Not Available,Not Available,Not Available,Not Available,5.0,8,Not Available,Not Available,Not Available,Not Available,5,11,1,0,1,0,,8,Not Available,5.0,12,5,
371311,JEFFERSON COUNTY HOSPITAL,INTERSECTION HYWS 81 & 70,WAURIKA,OK,73573,JEFFERSON,(580) 228-2344,Critical Access Hospitals,Voluntary non-profit - Private,Yes,,Not Available,16,7,Not Available,Not Available,Not Available,Not Available,5.0,8,Not Available,Not Available,Not Available,Not Available,5,11,2,0,2,0,,8,Not Available,5.0,12,5,
371312,ASCENSION ST JOHN SAPULPA,1004 EAST BRYAN,SAPULPA,OK,74066,CREEK,(918) 224-4280,Critical Access Hospitals,Voluntary non-profit - Private,Yes,,Not Available,16,7,1,0,1,0,,8,Not Available,Not Available,Not Available,Not Available,5,11,2,0,2,0,,8,Not Available,5.0,12,7,
371313,"MERCY HOSPITAL KINGFISHER, INC",1000 HOSPITAL DRIVE,KINGFISHER,OK,73750,KINGFISHER,(405) 375-3141,Critical Access Hospitals,Voluntary non-profit - Private,Yes,,Not Available,16,7,1,0,1,0,,8,1,0,1,0,,11,2,0,2,0,,8,Not Available,5.0,12,6,
371314,THE PHYSICIANS' HOSPITAL IN ANADARKO,1002 E CENTRAL BLVD,ANADARKO,OK,73005,CADDO,(405) 247-8236,Critical Access Hospitals,Proprietary,Yes,,Not Available,16,7,Not Available,Not Available,Not Available,Not Available,5.0,8,Not Available,Not Available,Not Available,Not Available,5,11,2,0,2,0,,8,Not Available,5.0,12,2,
371316,RURAL WELLNESS STROUD HOSPITAL,2308 HIGHWAY 66 WEST,STROUD,OK,74079,LINCOLN,(918) 968-3571,Critical Access Hospitals,Proprietary,Yes,,Not Available,16,7,Not Available,Not Available,Not Available,Not Available,5.0,8,Not Available,Not Available,Not Available,Not Available,5,11,Not Available,Not Available,Not Available,Not Available,5.0,8,Not Available,5.0,12,2,
371317,MERCY HOSPITAL LOGAN COUNTY,200 S ACADEMY RD,GUTHRIE,OK,73044,LOGAN,(405) 282-6700,Critical Access Hospitals,Voluntary non-profit - Private,Yes,,Not Available,16,7,Not Available,Not Available,Not Available,Not Available,5.0,8,2,0,2,0,,11,2,0,2,0,,8,Not Available,5.0,12,6,
371318,RURAL WELLNESS FAIRFAX HOSPITAL,40 HOSPITAL ROAD,FAIRFAX,OK,74637,OSAGE,(918) 642-3291,Critical Access Hospitals,Proprietary,Yes,,Not Available,16,7,Not Available,Not Available,Not Available,Not Available,5.0,8,Not Available,Not Available,Not Available,Not Available,5,11,1,0,1,0,,8,Not Available,5.0,12,3,
371319,"COAL COUNTY GENERAL HOSPITAL, INC.",6 NORTH COVINGTON,COALGATE,OK,74538,COAL,(580) 927-2327,Critical Access Hospitals,Voluntary non-profit - Private,Yes,,Not Available,16,7,2,0,2,0,,8,Not Available,Not Available,Not Available,Not Available,5,11,3,0,3,0,,8,Not Available,5.0,12,4,
371320,CLEVELAND AREA HOSPITAL,1401 WEST PAWNEE,CLEVELAND,OK,74020,PAWNEE,(918) 358-2501,Critical Access Hospitals,Government - Hospital District or Authority,Yes,,Not Available,16,7,Not Available,Not Available,Not Available,Not Available,5.0,8,Not Available,Not Available,Not Available,Not Available,5,11,Not Available,Not Available,Not Available,Not Available,5.0,8,Not Available,5.0,12,5,
371321,HOLDENVILLE GENERAL HOSPITAL,100 MCDOUGAL DRIVE,HOLDENVILLE,OK,74848,HUGHES,(405) 379-4200,Critical Access Hospitals,Government - Hospital District or Authority,Yes,,Not Available,16,7,1,0,1,0,,8,Not Available,Not Available,Not Available,Not Available,5,11,3,1,2,0,,8,Not Available,5.0,12,5,
371322,BEAVER COUNTY MEMORIAL HOSPITAL,212 EAST 8TH STREET,BEAVER,OK,73932,BEAVER,(580) 625-4551,Critical Access Hospitals,Government - Hospital District or Authority,Yes,,Not Available,16,7,Not Available,Not Available,Not Available,Not Available,5.0,8,Not Available,Not Available,Not Available,Not Available,5,11,1,0,1,0,,8,Not Available,5.0,12,3,
371323,"WEATHERFORD REGIONAL HOSPITAL, INC OF WEATHERFORD",3701 E MAIN,WEATHERFORD,OK,73096,CUSTER,(580) 772-5551,Critical Access Hospitals,Government - Hospital District or Authority,Yes,,Not Available,16,7,1,0,1,0,,8,Not Available,Not Available,Not Available,Not Available,5,11,3,0,3,0,,8,Not Available,5.0,12,4,
371325,CORDELL MEMORIAL HOSPITAL,1220 NORTH GLENN ENGLISH STREET,CORDELL,OK,73632,WASHITA,(580) 832-3339,Critical Access Hospitals,Government - Hospital District or Authority,Yes,,Not Available,16,7,Not Available,Not Available,Not Available,Not Available,5.0,8,Not Available,Not Available,Not Available,Not Available,5,11,1,0,1,0,,8,Not Available,5.0,12,5,
371326,ALLIANCEHEALTH MADILL,901 S 5TH AVE,MADILL,OK,73446,MARSHALL,(580) 795-3384,Critical Access Hospitals,Voluntary non-profit - Other,Yes,,Not Available,16,7,1,0,1,0,,8,Not Available,Not Available,Not Available,Not Available,5,11,3,0,3,0,,8,Not Available,5.0,12,7,
371327,OKEENE MUNICIPAL HOSPITAL,207 EAST F STREET,OKEENE,OK,73763,BLAINE,(580) 822-4417,Critical Access Hospitals,Government - Local,Yes,,Not Available,16,7,Not Available,Not Available,Not Available,Not Available,5.0,8,Not Available,Not Available,Not Available,Not Available,5,11,2,0,2,0,,8,Not Available,5.0,12,3,
371328,ARBUCKLE MEMORIAL HOSPITAL,2011 WEST BROADWAY,SULPHUR,OK,73086,MURRAY,(580) 622-2161,Critical Access Hospitals,Government - Local,Yes,,Not Available,16,7,2,0,2,0,,8,Not Available,Not Available,Not Available,Not Available,5,11,3,0,3,0,,8,Not Available,5.0,12,4,
371329,FAIRVIEW REGIONAL MEDICAL CENTER AUTHORITY,523 EAST STATE ROAD,FAIRVIEW,OK,73737,MAJOR,(580) 227-3721,Critical Access Hospitals,Government - Hospital District or Authority,Yes,,Not Available,16,7,1,0,1,0,,8,Not Available,Not Available,Not Available,Not Available,5,11,2,1,1,0,,8,Not Available,5.0,12,5,
371330,MANGUM REGIONAL MEDICAL CENTER,1 WICKERSHAM DRIVE,MANGUM,OK,73554,GREER,(580) 782-3353,Critical Access Hospitals,Government - Hospital District or Authority,Yes,,Not Available,16,7,1,0,1,0,,8,Not Available,Not Available,Not Available,Not Available,5,11,2,0,2,0,,8,Not Available,5.0,12,3,
371331,DRUMRIGHT REGIONAL HOSPITAL,610 WEST BYPASS,DRUMRIGHT,OK,74030,CREEK,(918) 382-2300,Critical Access Hospitals,Government - Local,Yes,,Not Available,16,7,Not Available,Not Available,Not Available,Not Available,5.0,8,Not Available,Not Available,Not Available,Not Available,5,11,1,0,1,0,,8,Not Available,5.0,12,2,
371332,SEILING MUNICIPAL HOSPITAL,809 NE HIGHWAY 60,SEILING,OK,73663,DEWEY,(580) 922-7361,Critical Access Hospitals,Government - Hospital District or Authority,Yes,,Not Available,16,7,1,0,1,0,,8,Not Available,Not Available,Not Available,Not Available,5,11,2,0,2,0,,8,Not Available,5.0,12,3,
371333,CREEK NATION COMMUNITY HOSPITAL,1800 E COPLIN,OKEMAH,OK,74859,OKFUSKEE,(918) 623-1424,Critical Access Hospitals,Tribal,Yes,,Not Available,16,7,1,0,1,0,,8,Not Available,Not Available,Not Available,Not Available,5,11,2,0,2,0,,8,Not Available,5.0,12,3,
371334,CARNEGIE TRI-COUNTY MUNICIPAL HOSPITAL,102 NORTH BROADWAY,CARNEGIE,OK,73015,CADDO,(580) 654-1050,Critical Access Hospitals,Government - Hospital District or Authority,Yes,,Not Available,16,7,1,0,1,0,,8,Not Available,Not Available,Not Available,Not Available,5,11,2,0,2,0,,8,Not Available,5.0,12,4,
371335,"HASKELL REGIONAL HOSPITAL, INC",401 NORTHWEST H STREET,STIGLER,OK,74462,HASKELL,(918) 967-4682,Critical Access Hospitals,Voluntary non-profit - Private,Yes,,Not Available,16,7,1,0,1,0,,8,Not Available,Not Available,Not Available,Not Available,5,11,2,1,1,0,,8,Not Available,5.0,12,2,
371336,NEWMAN MEMORIAL HOSPITAL,905 SOUTH MAIN STREET,SHATTUCK,OK,73858,ELLIS,(580) 938-2551,Critical Access Hospitals,Government - Hospital District or Authority,Yes,,Not Available,16,7,1,0,1,0,,8,Not Available,Not Available,Not Available,Not Available,5,11,3,0,3,0,,8,Not Available,5.0,12,4,
371337,EASTERN OKLAHOMA MEDICAL CENTER,105 WALL STREET,POTEAU,OK,74953,LE FLORE,(918) 647-8161,Critical Access Hospitals,Government - Local,Yes,,Not Available,16,7,2,0,2,0,,8,Not Available,Not Available,Not Available,Not Available,5,11,3,1,2,0,,8,Not Available,5.0,12,4,
371338,HARMON MEMORIAL HOSPITAL,400 EAST CHESTNUT STREET,HOLLIS,OK,73550,HARMON,(580) 688-3363,Critical Access Hospitals,Voluntary non-profit - Other,Yes,,Not Available,16,7,1,0,1,0,,8,Not Available,Not Available,Not Available,Not Available,5,11,2,0,2,0,,8,Not Available,5.0,12,4,
371340,MEMORIAL HOSPITAL OF TEXAS COUNTY AUTHORITY,520 MEDICAL DRIVE,GUYMON,OK,73942,TEXAS,(580) 338-6515,Critical Access Hospitals,Government - Hospital District or Authority,Yes,,Not Available,16,7,1,0,1,0,,8,Not Available,Not Available,Not Available,Not Available,5,11,3,0,2,1,,8,Not Available,5.0,12,6,
371341,SHARE MEDICAL CENTER,800 SHARE DRIVE,ALVA,OK,73717,WOODS,(580) 430-3355,Critical Access Hospitals,Government - Hospital District or Authority,Yes,,Not Available,16,7,1,0,1,0,,8,Not Available,Not Available,Not Available,Not Available,5,11,3,0,3,0,,8,Not Available,5.0,12,3,
371342,MCCURTAIN MEMORIAL HOSPITAL,1301 LINCOLN ROAD,IDABEL,OK,74745,MCCURTAIN,(580) 286-7623,Critical Access Hospitals,Voluntary non-profit - Private,Yes,,2,,7,3,0,3,0,,8,2,0,2,0,,11,4,0,3,1,,8,Not Available,5.0,12,5,
381301,PEACEHEALTH COTTAGE GROVE COMMUNITY MEDICAL CENTER,1515 VILLAGE DRIVE,COTTAGE GROVE,OR,97424,LANE,(541) 942-0511,Critical Access Hospitals,Voluntary non-profit - Church,Yes,,Not Available,16,7,Not Available,Not Available,Not Available,Not Available,5.0,8,Not Available,Not Available,Not Available,Not Available,5,11,1,0,1,0,,8,Not Available,5.0,12,7,
381302,SAMARITAN NORTH LINCOLN HOSPITAL,3043 NE 28TH STREET,LINCOLN CITY,OR,97367,LINCOLN,(541) 994-3661,Critical Access Hospitals,Voluntary non-profit - Private,Yes,Y,3,,7,3,0,3,0,,8,Not Available,Not Available,Not Available,Not Available,5,11,7,0,7,0,,8,8,,12,8,
381303,PROVIDENCE SEASIDE HOSPITAL,725 S WAHANNA ROAD,SEASIDE,OR,97138,CLATSOP,(503) 717-7000,Critical Access Hospitals,Voluntary non-profit - Church,Yes,Y,Not Available,16,7,2,0,2,0,,8,1,0,1,0,,11,5,0,4,1,,8,8,,12,9,
381304,SOUTHERN COOS HOSPITAL & HEALTH CENTER,900 11TH STREET SE,BANDON,OR,97411,COOS,(541) 347-2426,Critical Access Hospitals,Government - Hospital District or Authority,Yes,,Not Available,16,7,1,0,1,0,,8,Not Available,Not Available,Not Available,Not Available,5,11,3,1,2,0,,8,Not Available,5.0,12,5,
381305,BLUE MOUNTAIN HOSPITAL,170 FORD ROAD,JOHN DAY,OR,97845,GRANT,(541) 575-1311,Critical Access Hospitals,Government - Hospital District or Authority,Yes,,Not Available,16,7,1,0,1,0,,8,Not Available,Not Available,Not Available,Not Available,5,11,2,0,2,0,,8,Not Available,5.0,12,6,
381306,WALLOWA MEMORIAL HOSPITAL,601 MEDICAL PARKWAY,ENTERPRISE,OR,97828,WALLOWA,(541) 426-3111,Critical Access Hospitals,Government - Hospital District or Authority,Yes,Y,Not Available,16,7,2,0,2,0,,8,Not Available,Not Available,Not Available,Not Available,5,11,3,0,3,0,,8,Not Available,5.0,12,7,
381307,HARNEY DISTRICT HOSPITAL,557 W WASHINGTON STREET,BURNS,OR,97720,HARNEY,(541) 573-7281,Critical Access Hospitals,Government - Hospital District or Authority,Yes,Y,Not Available,16,7,1,0,1,0,,8,Not Available,Not Available,Not Available,Not Available,5,11,3,0,3,0,,8,Not Available,5.0,12,7,
381308,SALEM HEALTH WEST VALLEY HOSPITAL,525 SE WASHINGTON STREET,DALLAS,OR,97338,POLK,(503) 623-8301,Critical Access Hospitals,Voluntary non-profit - Private,Yes,,Not Available,16,7,Not Available,Not Available,Not Available,Not Available,5.0,8,1,0,1,0,,11,1,0,1,0,,8,Not Available,5.0,12,4,
381309,LAKE DISTRICT HOSPITAL,700 SOUTH J STREET,LAKEVIEW,OR,97630,LAKE,(541) 947-2114,Critical Access Hospitals,Government - Hospital District or Authority,Yes,,Not Available,16,7,1,0,1,0,,8,1,0,1,0,,11,2,0,2,0,,8,Not Available,5.0,12,6,
381310,PIONEER MEMORIAL HOSPITAL (HEPPNER),564 E PIONEER DRIVE,HEPPNER,OR,97836,MORROW,(541) 676-9133,Critical Access Hospitals,Government - Hospital District or Authority,Yes,,Not Available,16,7,Not Available,Not Available,Not Available,Not Available,5.0,8,Not Available,Not Available,Not Available,Not Available,5,11,Not Available,Not Available,Not Available,Not Available,5.0,8,Not Available,5.0,12,3,
381311,LOWER UMPQUA HOSPITAL DISTRICT,600 RANCH ROAD,REEDSPORT,OR,97467,DOUGLAS,(541) 271-2171,Critical Access Hospitals,Government - Hospital District or Authority,Yes,,Not Available,16,7,Not Available,Not Available,Not Available,Not Available,5.0,8,Not Available,Not Available,Not Available,Not Available,5,11,1,0,1,0,,8,Not Available,5.0,12,3,
381312,COQUILLE VALLEY HOSPITAL,940 EAST 5TH STREET,COQUILLE,OR,97423,COOS,(541) 396-3101,Critical Access Hospitals,Government - Hospital District or Authority,Yes,,Not Available,16,7,1,0,1,0,,8,1,0,1,0,,11,4,0,4,0,,8,Not Available,5.0,12,4,
381313,ST CHARLES MEDICAL CENTER PRINEVILLE,384 SE COMBS FLAT ROAD,PRINEVILLE,OR,97754,CROOK,(541) 447-6254,Critical Access Hospitals,Voluntary non-profit - Private,Yes,,Not Available,16,7,2,0,2,0,,8,1,0,1,0,,11,4,1,3,0,,8,8,,12,9,
381314,SAMARITAN PACIFIC COMMUNITY HOSPITAL,930 SW ABBEY STREET,NEWPORT,OR,97365,LINCOLN,(541) 265-2244,Critical Access Hospitals,Voluntary non-profit - Private,Yes,Y,2,,7,3,0,3,0,,8,1,0,1,0,,11,7,0,7,0,,8,8,,12,11,
381315,ST. ALPHONSUS MEDICAL CENTER - BAKER CITY,3325 POCAHONTAS ROAD,BAKER CITY,OR,97814,BAKER,(541) 523-6461,Critical Access Hospitals,Voluntary non-profit - Church,Yes,,Not Available,5,7,Not Available,Not Available,Not Available,Not Available,5.0,8,Not Available,Not Available,Not Available,Not Available,5,11,Not Available,Not Available,Not Available,Not Available,5.0,8,Not Available,5.0,12,Not Available,5.0
381316,PEACE HARBOR MEDICAL CENTER,400 9TH STREET,FLORENCE,OR,97439,LANE,(541) 997-8412,Critical Access Hospitals,Voluntary non-profit - Church,Yes,Y,Not Available,16,7,2,0,2,0,,8,Not Available,Not Available,Not Available,Not Available,5,11,4,0,4,0,,8,8,,12,10,
381317,ADVENTIST HEALTH TILLAMOOK,1000 THIRD STREET,TILLAMOOK,OR,97141,TILLAMOOK,(503) 815-2260,Critical Access Hospitals,Voluntary non-profit - Church,Yes,,4,,7,3,0,3,0,,8,2,0,2,0,,11,6,0,6,0,,8,8,,12,5,
381318,PROVIDENCE HOOD RIVER MEMORIAL HOSPITAL,810 12TH STREET,HOOD RIVER,OR,97031,HOOD RIVER,(541) 386-3911,Critical Access Hospitals,Voluntary non-profit - Church,Yes,Y,4,,7,4,0,4,0,,8,2,0,2,0,,11,7,0,7,0,,8,8,,12,12,
381319,ST ANTHONY HOSPITAL,2801 ST ANTHONY WAY,PENDLETON,OR,97801,UMATILLA,(541) 276-5121,Critical Access Hospitals,Voluntary non-profit - Church,Yes,Y,3,,7,4,0,3,1,,8,2,0,2,0,,11,8,0,7,1,,8,8,,12,10,
381320,COLUMBIA MEMORIAL HOSPITAL,2111 EXCHANGE STREET,ASTORIA,OR,97103,CLATSOP,(503) 325-4321,Critical Access Hospitals,Proprietary,Yes,,Not Available,5,7,Not Available,Not Available,Not Available,Not Available,5.0,8,Not Available,Not Available,Not Available,Not Available,5,11,Not Available,Not Available,Not Available,Not Available,5.0,8,8,,12,Not Available,5.0
381321,GRANDE RONDE HOSPITAL,900 SUNSET DRIVE,LA GRANDE,OR,97850,UNION,(541) 963-8421,Critical Access Hospitals,Voluntary non-profit - Private,Yes,Y,3,,7,4,0,4,0,,8,3,0,3,0,,11,7,2,5,0,,8,8,,12,10,
381322,CURRY GENERAL HOSPITAL,94220 FOURTH STREET,GOLD BEACH,OR,97444,CURRY,(541) 247-3000,Critical Access Hospitals,Government - Hospital District or Authority,Yes,,2,,7,4,0,4,0,,8,1,0,1,0,,11,4,0,4,0,,8,Not Available,5.0,12,10,
381323,SAMARITAN LEBANON COMMUNITY HOSPITAL,525 N SANTIAM HIGHWAY,LEBANON,OR,97355,LINN,(541) 258-2101,Critical Access Hospitals,Voluntary non-profit - Church,Yes,Y,1,,7,3,0,3,0,,8,2,0,2,0,,11,8,0,7,1,,8,8,,12,8,
381324,ST CHARLES MADRAS,470 NE A STREET,MADRAS,OR,97741,JEFFERSON,(541) 475-3882,Critical Access Hospitals,Voluntary non-profit - Private,Yes,Y,Not Available,16,7,1,0,1,0,,8,Not Available,Not Available,Not Available,Not Available,5,11,4,0,4,0,,8,Not Available,5.0,12,9,
381325,GOOD SHEPHERD MEDICAL CENTER,610 NW 11TH STREET,HERMISTON,OR,97838,UMATILLA,(541) 667-3400,Critical Access Hospitals,Voluntary non-profit - Private,Yes,Y,Not Available,5,7,Not Available,Not Available,Not Available,Not Available,5.0,8,Not Available,Not Available,Not Available,Not Available,5,11,Not Available,Not Available,Not Available,Not Available,5.0,8,Not Available,5.0,12,Not Available,5.0
391300,GEISINGER JERSEY SHORE HOSPITAL,1020 THOMPSON STREET,JERSEY SHORE,PA,17740,LYCOMING,(570) 398-3101,Critical Access Hospitals,Voluntary non-profit - Private,Yes,,4,,7,4,0,4,0,,8,1,0,1,0,,11,5,0,5,0,,8,8,,12,8,
391301,UPMC MUNCY,215 EAST WATER STREET,MUNCY,PA,17756,LYCOMING,(570) 546-8282,Critical Access Hospitals,Voluntary non-profit - Private,Yes,,Not Available,16,7,2,0,2,0,,8,Not Available,Not Available,Not Available,Not Available,5,11,5,0,5,0,,8,8,,12,6,
391302,CONEMAUGH MEYERSDALE MEDICAL CENTER,200 HOSPITAL DRIVE,MEYERSDALE,PA,15552,SOMERSET,(814) 634-5911,Critical Access Hospitals,Proprietary,Yes,,Not Available,16,7,Not Available,Not Available,Not Available,Not Available,5.0,8,Not Available,Not Available,Not Available,Not Available,5,11,2,0,2,0,,8,Not Available,5.0,12,6,
391303,FULTON COUNTY MEDICAL CENTER,214 PEACH ORCHARD ROAD,MCCONNELLSBURG,PA,17233,FULTON,(717) 485-3155,Critical Access Hospitals,Voluntary non-profit - Private,Yes,,3,,7,3,0,3,0,,8,Not Available,Not Available,Not Available,Not Available,5,11,5,0,5,0,,8,Not Available,5.0,12,5,
391304,BUCKTAIL MEDICAL CENTER,1001 PINE STREET,RENOVO,PA,17764,CLINTON,(570) 923-1000,Critical Access Hospitals,Voluntary non-profit - Private,Yes,,Not Available,16,7,Not Available,Not Available,Not Available,Not Available,5.0,8,Not Available,Not Available,Not Available,Not Available,5,11,Not Available,Not Available,Not Available,Not Available,5.0,8,Not Available,5.0,12,2,
391305,TROY COMMUNITY HOSPITAL,275 GUTHRIE DRIVE,TROY,PA,16947,BRADFORD,(570) 297-2121,Critical Access Hospitals,Voluntary non-profit - Private,Yes,,3,,7,3,0,3,0,,8,1,0,1,0,,11,5,0,5,0,,8,8,,12,8,
391306,ENDLESS MOUNTAINS HEALTH SYSTEMS,100 HOSPITAL DRIVE,MONTROSE,PA,18801,SUSQUEHANNA,(570) 278-3801,Critical Access Hospitals,Voluntary non-profit - Private,Yes,,3,,7,3,0,3,0,,8,Not Available,Not Available,Not Available,Not Available,5,11,5,0,5,0,,8,Not Available,5.0,12,3,
391307,PENN HIGHLANDS TYRONE,187 HOSPITAL DRIVE,TYRONE,PA,16686,BLAIR,(814) 684-1255,Critical Access Hospitals,Voluntary non-profit - Private,Yes,,Not Available,16,7,Not Available,Not Available,Not Available,Not Available,5.0,8,Not Available,Not Available,Not Available,Not Available,5,11,3,0,3,0,,8,Not Available,5.0,12,6,
391308,LECOM HEALTH CORRY MEMORIAL HOSPITAL,965 SHAMROCK LANE,CORRY,PA,16407,ERIE,(814) 664-4641,Critical Access Hospitals,Government - Hospital District or Authority,Yes,,Not Available,16,7,2,0,2,0,,8,Not Available,Not Available,Not Available,Not Available,5,11,3,0,3,0,,8,Not Available,5.0,12,8,
391309,BARNES-KASSON COUNTY HOSPITAL,2872 TURNPIKE STREET,SUSQUEHANNA,PA,18847,SUSQUEHANNA,(570) 853-3135,Critical Access Hospitals,Voluntary non-profit - Private,Yes,,Not Available,16,7,1,0,1,0,,8,Not Available,Not Available,Not Available,Not Available,5,11,3,0,3,0,,8,Not Available,5.0,12,4,
391312,PENN HIGHLANDS BROOKVILLE,100 HOSPITAL ROAD,BROOKVILLE,PA,15825,JEFFERSON,(814) 849-2312,Critical Access Hospitals,Voluntary non-profit - Private,Yes,,Not Available,16,7,1,0,1,0,,8,Not Available,Not Available,Not Available,Not Available,5,11,6,1,5,0,,8,Not Available,5.0,12,7,
391313,UPMC COLE,1001 EAST SECOND STREET,COUDERSPORT,PA,16915,POTTER,(814) 274-9301,Critical Access Hospitals,Voluntary non-profit - Private,Yes,Y,4,,7,3,0,3,0,,8,2,0,2,0,,11,7,0,7,0,,8,8,,12,7,
391314,TITUSVILLE AREA HOSPITAL,406 WEST OAK STREET,TITUSVILLE,PA,16354,CRAWFORD,(814) 827-1851,Critical Access Hospitals,Voluntary non-profit - Private,Yes,,Not Available,16,7,2,0,2,0,,8,1,0,1,0,,11,3,0,3,0,,8,8,,12,6,
391315,PENN HIGHLANDS ELK,763 JOHNSONBURG ROAD,SAINT MARYS,PA,15857,ELK,(814) 788-8000,Critical Access Hospitals,Voluntary non-profit - Private,Yes,,3,,7,4,0,4,0,,8,1,0,1,0,,11,7,1,6,0,,8,8,,12,8,
391316,UPMC WELLSBORO,32-36 CENTRAL AVENUE,WELLSBORO,PA,16901,TIOGA,(570) 723-7764,Critical Access Hospitals,Voluntary non-profit - Private,Yes,Y,3,,7,4,0,4,0,,8,2,0,2,0,,11,9,0,9,0,,8,8,,12,8,
391317,CONEMAUGH MINERS MEDICAL CENTER,290 HAIDA AVENUE,HASTINGS,PA,16646,CAMBRIA,(814) 247-3101,Critical Access Hospitals,Proprietary,Yes,,Not Available,16,7,Not Available,Not Available,Not Available,Not Available,5.0,8,Not Available,Not Available,Not Available,Not Available,5,11,2,0,2,0,,8,8,,12,7,
391318,UPMC KANE,4372 ROUTE 6,KANE,PA,16735,MC KEAN,(814) 837-8585,Critical Access Hospitals,Voluntary non-profit - Private,Yes,,Not Available,5,Not Available,Not Available,Not Available,Not Available,Not Available,5.0,Not Available,Not Available,Not Available,Not Available,Not Available,5,Not Available,Not Available,Not Available,Not Available,Not Available,5.0,Not Available,Not Available,5.0,Not Available,Not Available,5.0
421300,ALLENDALE COUNTY HOSPITAL,1787 ALLENDALE FAIRFAX RD,FAIRFAX,SC,29827,ALLENDALE,(803) 632-3311,Critical Access Hospitals,Government - Local,Yes,,Not Available,16,7,Not Available,Not Available,Not Available,Not Available,5.0,8,Not Available,Not Available,Not Available,Not Available,5,11,Not Available,Not Available,Not Available,Not Available,5.0,8,Not Available,5.0,12,1,
421301,ABBEVILLE AREA MEDICAL CENTER,420 THOMSON CIRCLE,ABBEVILLE,SC,29620,ABBEVILLE,(864) 366-5011,Critical Access Hospitals,Voluntary non-profit - Other,Yes,,Not Available,16,7,1,0,1,0,,8,Not Available,Not Available,Not Available,Not Available,5,11,3,0,2,1,,8,Not Available,5.0,12,7,
421304,EDGEFIELD COUNTY HEALTHCARE AN AFFILIATE OF SELF R,300 RIDGE MEDICAL PLAZA,EDGEFIELD,SC,29384,LAURENS,(803) 637-3174,Critical Access Hospitals,Voluntary non-profit - Private,Yes,,Not Available,16,7,Not Available,Not Available,Not Available,Not Available,5.0,8,Not Available,Not Available,Not Available,Not Available,5,11,1,0,1,0,,8,Not Available,5.0,12,5,
431300,MADISON REGIONAL HEALTH SYSTEM,323 SW 10TH ST,MADISON,SD,57042,LAKE,(605) 256-6551,Critical Access Hospitals,Voluntary non-profit - Private,Yes,,Not Available,16,7,2,0,2,0,,8,Not Available,Not Available,Not Available,Not Available,5,11,2,0,2,0,,8,8,,12,6,
431301,FAULKTON AREA MEDICAL CENTER,1300 OAK STREET  POST OFFICE BOX 100,FAULKTON,SD,57438,FAULK,(605) 598-6262,Critical Access Hospitals,Voluntary non-profit - Private,Yes,,Not Available,16,7,1,0,1,0,,8,Not Available,Not Available,Not Available,Not Available,5,11,2,1,1,0,,8,Not Available,5.0,12,2,
431302,AVERA MISSOURI RIVER HEALTH CENTER,606 EAST GARFIELD,GETTYSBURG,SD,57442,POTTER,(605) 765-2488,Critical Access Hospitals,Voluntary non-profit - Private,Yes,,Not Available,16,7,1,0,1,0,,8,Not Available,Not Available,Not Available,Not Available,5,11,1,0,1,0,,8,Not Available,5.0,12,4,
431305,DOUGLAS COUNTY MEMORIAL HOSPITAL-CAH,708 8TH ST,ARMOUR,SD,57313,DOUGLAS,(605) 724-2159,Critical Access Hospitals,Voluntary non-profit - Private,Yes,,Not Available,16,7,Not Available,Not Available,Not Available,Not Available,5.0,8,Not Available,Not Available,Not Available,Not Available,5,11,1,0,1,0,,8,Not Available,5.0,12,3,
431306,PLATTE HEALTH CENTER,601 E 7TH ST  POST OFFICE BOX 200,PLATTE,SD,57369,CHARLES MIX,(605) 337-3364,Critical Access Hospitals,Voluntary non-profit - Private,Yes,,Not Available,16,7,1,0,1,0,,8,Not Available,Not Available,Not Available,Not Available,5,11,3,0,3,0,,8,Not Available,5.0,12,4,
431307,SANFORD CLEAR LAKE MEDICAL CENTER,701 THIRD AVENUE SOUTH,CLEAR LAKE,SD,57226,DEUEL,(605) 874-2141,Critical Access Hospitals,Voluntary non-profit - Private,Yes,,Not Available,16,7,Not Available,Not Available,Not Available,Not Available,5.0,8,Not Available,Not Available,Not Available,Not Available,5,11,Not Available,Not Available,Not Available,Not Available,5.0,8,Not Available,5.0,12,3,
431308,EUREKA COMMUNITY HEALTH SERVICES - CAH,200 J AVE POST OFFICE BOX 517,EUREKA,SD,57437,MC PHERSON,(605) 284-2661,Critical Access Hospitals,Voluntary non-profit - Other,Yes,,Not Available,16,7,Not Available,Not Available,Not Available,Not Available,5.0,8,Not Available,Not Available,Not Available,Not Available,5,11,2,0,2,0,,8,Not Available,5.0,12,3,
431309,COMMUNITY MEMORIAL HOSPITAL,809 JACKSON,BURKE,SD,57523,GREGORY,(605) 775-2621,Critical Access Hospitals,Voluntary non-profit - Private,Yes,,Not Available,16,7,Not Available,Not Available,Not Available,Not Available,5.0,8,Not Available,Not Available,Not Available,Not Available,5,11,1,0,1,0,,8,Not Available,5.0,12,2,
431310,AVERA FLANDREAU HOSPITAL - CAH,214 NORTH PRAIRIE STREET,FLANDREAU,SD,57028,MOODY,(605) 997-2433,Critical Access Hospitals,Voluntary non-profit - Private,Yes,,Not Available,16,7,Not Available,Not Available,Not Available,Not Available,5.0,8,Not Available,Not Available,Not Available,Not Available,5,11,3,1,2,0,,8,Not Available,5.0,12,3,
431311,SANFORD HOSPITAL WEBSTER - CAH,1401 W FIRST ST POST OFFICE BOX 489,WEBSTER,SD,57274,DAY,(605) 345-3336,Critical Access Hospitals,Voluntary non-profit - Private,Yes,,Not Available,16,7,Not Available,Not Available,Not Available,Not Available,5.0,8,Not Available,Not Available,Not Available,Not Available,5,11,2,0,2,0,,8,Not Available,5.0,12,4,
431312,MARSHALL COUNTY HEALTHCARE CENTER - CAH,413 9TH STREET,BRITTON,SD,57430,MARSHALL,(605) 448-2253,Critical Access Hospitals,Voluntary non-profit - Private,Yes,,Not Available,16,7,Not Available,Not Available,Not Available,Not Available,5.0,8,Not Available,Not Available,Not Available,Not Available,5,11,2,0,2,0,,8,Not Available,5.0,12,5,
431313,FREEMAN MEDICAL CENTER - CAH,510 E 8TH ST  POST OFFICE BOX 370,FREEMAN,SD,57029,HUTCHINSON,(605) 925-4000,Critical Access Hospitals,Voluntary non-profit - Private,Yes,,Not Available,16,7,Not Available,Not Available,Not Available,Not Available,5.0,8,Not Available,Not Available,Not Available,Not Available,5,11,1,0,1,0,,8,Not Available,5.0,12,4,
431314,BENNETT COUNTY HOSPITAL AND NURSING HOME - CAH,102 MAJOR ALLEN   POST OFFICE BOX 70D,MARTIN,SD,57551,BENNETT,(605) 685-6622,Critical Access Hospitals,Voluntary non-profit - Private,Yes,,Not Available,16,7,Not Available,Not Available,Not Available,Not Available,5.0,8,Not Available,Not Available,Not Available,Not Available,5,11,Not Available,Not Available,Not Available,Not Available,5.0,8,Not Available,5.0,12,2,
431315,WAGNER COMMUNITY MEMORIAL HOSPITAL - CAH,513 3RD ST SW,WAGNER,SD,57380,CHARLES MIX,(605) 384-3611,Critical Access Hospitals,Voluntary non-profit - Private,Yes,,Not Available,16,7,Not Available,Not Available,Not Available,Not Available,5.0,8,Not Available,Not Available,Not Available,Not Available,5,11,1,0,1,0,,8,Not Available,5.0,12,4,
431316,COMMUNITY MEMORIAL HOSPITAL,111 W 10TH AVE  POST OFFICE BOX 420,REDFIELD,SD,57469,SPINK,(605) 472-1110,Critical Access Hospitals,Government - Local,Yes,,Not Available,16,7,2,0,2,0,,8,Not Available,Not Available,Not Available,Not Available,5,11,4,0,4,0,,8,Not Available,5.0,12,5,
431317,LANDMANN-JUNGMAN MEMORIAL HOSPITAL - CAH,600 BILLARS ST,SCOTLAND,SD,57059,BON HOMME,(605) 583-2226,Critical Access Hospitals,Voluntary non-profit - Private,Yes,,Not Available,16,7,Not Available,Not Available,Not Available,Not Available,5.0,8,Not Available,Not Available,Not Available,Not Available,5,11,Not Available,Not Available,Not Available,Not Available,5.0,8,Not Available,5.0,12,3,
431318,BOWDLE HOSPITAL - CAH,8001 W 5TH  POST OFFICE BOX 556,BOWDLE,SD,57428,EDMUNDS,(605) 285-6146,Critical Access Hospitals,Government - Local,Yes,,Not Available,16,7,Not Available,Not Available,Not Available,Not Available,5.0,8,Not Available,Not Available,Not Available,Not Available,5,11,Not Available,Not Available,Not Available,Not Available,5.0,8,Not Available,5.0,12,2,
431319,HANS P PETERSON MEMORIAL HOSPITAL - CAH,503 W PINE  POST OFFICE BOX 790,PHILIP,SD,57567,HAAKON,(605) 859-2511,Critical Access Hospitals,Voluntary non-profit - Private,Yes,,Not Available,16,7,1,0,1,0,,8,1,0,1,0,,11,2,0,2,0,,8,Not Available,5.0,12,5,
431320,MONUMENT HEALTH LEAD-DEADWOOD HOSPITAL,61 CHARLES STREET,DEADWOOD,SD,57732,LAWRENCE,(605) 717-6000,Critical Access Hospitals,Voluntary non-profit - Private,Yes,,Not Available,16,7,Not Available,Not Available,Not Available,Not Available,5.0,8,Not Available,Not Available,Not Available,Not Available,5,11,1,0,1,0,,8,Not Available,5.0,12,5,
431321,MONUMENT HEALTH STURGIS HOSPITAL,2140 JUNCTION AVE,STURGIS,SD,57785,MEADE,(605) 720-2400,Critical Access Hospitals,Voluntary non-profit - Other,Yes,,Not Available,16,7,1,0,1,0,,8,1,0,1,0,,11,4,1,3,0,,8,Not Available,5.0,12,6,
431322,FALL RIVER HOSPITAL - CAH,1201 HIGHWAY 71 SOUTH,HOT SPRINGS,SD,57747,FALL RIVER,(605) 745-8910,Critical Access Hospitals,Government - Local,Yes,,Not Available,16,7,1,0,1,0,,8,Not Available,Not Available,Not Available,Not Available,5,11,2,0,2,0,,8,Not Available,5.0,12,6,
431323,MONUMENT HEALTH CUSTER HOSPITAL,1220 MONTGOMERY STREET,CUSTER,SD,57730,CUSTER,(605) 673-9400,Critical Access Hospitals,Voluntary non-profit - Private,Yes,,Not Available,16,7,1,0,1,0,,8,Not Available,Not Available,Not Available,Not Available,5,11,2,0,2,0,,8,Not Available,5.0,12,6,
431324,AVERA WESKOTA MEMORIAL MEDICAL CENTER - CAH,604 1ST ST NE,WESSINGTON SPRINGS,SD,57382,JERAULD,(605) 539-1201,Critical Access Hospitals,Voluntary non-profit - Private,Yes,,Not Available,16,7,Not Available,Not Available,Not Available,Not Available,5.0,8,Not Available,Not Available,Not Available,Not Available,5,11,1,0,1,0,,8,Not Available,5.0,12,3,
431325,MOBRIDGE REGIONAL HOSPITAL - CAH,1401 10TH AVE WEST,MOBRIDGE,SD,57601,WALWORTH,(605) 845-3692,Critical Access Hospitals,Voluntary non-profit - Private,Yes,,Not Available,16,7,1,0,1,0,,8,Not Available,Not Available,Not Available,Not Available,5,11,2,0,2,0,,8,Not Available,5.0,12,5,
431326,MILBANK AREA HOSPITAL/AVERA HEALTH,301 FLYNN DRIVE,MILBANK,SD,57252,GRANT,(605) 432-4538,Critical Access Hospitals,Voluntary non-profit - Private,Yes,,Not Available,16,7,Not Available,Not Available,Not Available,Not Available,5.0,8,Not Available,Not Available,Not Available,Not Available,5,11,2,0,2,0,,8,Not Available,5.0,12,4,
431327,ST MICHAEL'S HOSPITAL - CAH,410 W 16TH AVE,TYNDALL,SD,57066,BON HOMME,(605) 589-2100,Critical Access Hospitals,Government - Local,Yes,,Not Available,16,7,Not Available,Not Available,Not Available,Not Available,5.0,8,Not Available,Not Available,Not Available,Not Available,5,11,2,0,2,0,,8,Not Available,5.0,12,3,
431328,PIONEER MEMORIAL HOSPITAL - CAH,315 N WASHINGTON AVE  POST OFFICE BOX 368,VIBORG,SD,57070,TURNER,(605) 326-5161,Critical Access Hospitals,Voluntary non-profit - Private,Yes,,Not Available,16,7,Not Available,Not Available,Not Available,Not Available,5.0,8,Not Available,Not Available,Not Available,Not Available,5,11,Not Available,Not Available,Not Available,Not Available,5.0,8,Not Available,5.0,12,3,
431329,SANFORD CHAMBERLAIN MEDICAL CENTER,300 S BYRON,CHAMBERLAIN,SD,57325,BRULE,(605) 234-5511,Critical Access Hospitals,Voluntary non-profit - Private,Yes,,Not Available,16,7,1,0,1,0,,8,Not Available,Not Available,Not Available,Not Available,5,11,2,0,2,0,,8,Not Available,5.0,12,5,
431330,AVERA ST BENEDICT HEALTH CENTER - CAH,401 WEST GLYNN DRIVE,PARKSTON,SD,57366,HUTCHINSON,(605) 928-3311,Critical Access Hospitals,Voluntary non-profit - Private,No,,Not Available,16,7,1,0,1,0,,8,1,0,1,0,,11,3,0,3,0,,8,Not Available,5.0,12,6,
431331,AVERA DELLS AREA HOSPITAL  - CAH,909 N IOWA AVE,DELL RAPIDS,SD,57022,MINNEHAHA,(605) 428-5431,Critical Access Hospitals,Voluntary non-profit - Private,Yes,,Not Available,16,7,Not Available,Not Available,Not Available,Not Available,5.0,8,Not Available,Not Available,Not Available,Not Available,5,11,2,0,2,0,,8,Not Available,5.0,12,3,
431332,AVERA DE SMET MEMORIAL HOSPITAL - CAH,306 PRAIRIE AVENUE SW  POST OFFICE BOX 160,DE SMET,SD,57231,KINGSBURY,(605) 854-3329,Critical Access Hospitals,Voluntary non-profit - Private,Yes,,Not Available,16,7,Not Available,Not Available,Not Available,Not Available,5.0,8,Not Available,Not Available,Not Available,Not Available,5,11,Not Available,Not Available,Not Available,Not Available,5.0,8,Not Available,5.0,12,3,
431333,SANFORD CANTON-INWOOD MEDICAL CENTER - CAH,440 NORTH HIAWATHA DRIVE,CANTON,SD,57013,LINCOLN,(605) 764-1500,Critical Access Hospitals,Voluntary non-profit - Private,Yes,,Not Available,16,7,Not Available,Not Available,Not Available,Not Available,5.0,8,Not Available,Not Available,Not Available,Not Available,5,11,1,0,1,0,,8,Not Available,5.0,12,3,
431334,WINNER REGIONAL HEALTHCARE CENTER - CAH,745 EAST 8TH STREET,WINNER,SD,57580,TRIPP,(605) 842-7100,Critical Access Hospitals,Voluntary non-profit - Private,Yes,,Not Available,16,7,1,0,1,0,,8,Not Available,Not Available,Not Available,Not Available,5,11,3,0,3,0,,8,Not Available,5.0,12,5,
431335,HURON REGIONAL MEDICAL CENTER,172 FOURTH STREET SE,HURON,SD,57350,BEADLE,(605) 353-6200,Critical Access Hospitals,Voluntary non-profit - Private,Yes,,Not Available,16,7,2,0,2,0,,8,Not Available,Not Available,Not Available,Not Available,5,11,4,0,4,0,,8,8,,12,7,
431336,SANFORD VERMILLION MEDICAL CENTER,20 SOUTH PLUM STREET,VERMILLION,SD,57069,CLAY,(605) 624-2611,Critical Access Hospitals,Voluntary non-profit - Private,Yes,,Not Available,16,7,Not Available,Not Available,Not Available,Not Available,5.0,8,Not Available,Not Available,Not Available,Not Available,5,11,2,0,2,0,,8,Not Available,5.0,12,5,
431337,AVERA HAND COUNTY MEMORIAL HOSPITAL AND CLINIC,300 W 5TH ST,MILLER,SD,57362,HAND,(605) 853-2421,Critical Access Hospitals,Voluntary non-profit - Private,Yes,,Not Available,16,7,2,0,2,0,,8,Not Available,Not Available,Not Available,Not Available,5,11,4,0,4,0,,8,Not Available,5.0,12,5,
431338,AVERA GREGORY HOSPITAL,110 S LOGAN AVE,GREGORY,SD,57533,GREGORY,(605) 835-8394,Critical Access Hospitals,Voluntary non-profit - Private,Yes,,Not Available,16,7,2,0,2,0,,8,Not Available,Not Available,Not Available,Not Available,5,11,4,0,4,0,,8,Not Available,5.0,12,5,
431339,COTEAU DES PRAIRIES HEALTH CARE SYSTEM,205 ORCHARD DR,SISSETON,SD,57262,ROBERTS,(605) 698-7647,Critical Access Hospitals,Voluntary non-profit - Private,Yes,,Not Available,16,7,2,0,2,0,,8,Not Available,Not Available,Not Available,Not Available,5,11,3,1,2,0,,8,Not Available,5.0,12,6,
431340,AVERA QUEEN OF PEACE,525 NORTH FOSTER STREET,MITCHELL,SD,57301,DAVISON,(605) 995-2000,Critical Access Hospitals,Voluntary non-profit - Private,Yes,Y,Not Available,16,7,Not Available,Not Available,Not Available,Not Available,5.0,8,Not Available,Not Available,Not Available,Not Available,5,11,1,0,1,0,,8,8,,12,9,
431383,EAGLE BUTTE INDIAN HEALTH SERVICE HOSPITAL,24276 166TH AIRPORT ROAD,EAGLE BUTTE,SD,57625,DEWEY,(605) 964-3005,Critical Access Hospitals,Government - Federal,Yes,,Not Available,16,7,Not Available,Not Available,Not Available,Not Available,5.0,8,Not Available,Not Available,Not Available,Not Available,5,11,Not Available,Not Available,Not Available,Not Available,5.0,8,Not Available,5.0,12,2,
441300,SAINT THOMAS HICKMAN HOSPITAL,135 EAST SWAN STREET,CENTERVILLE,TN,37033,HICKMAN,(931) 729-4271,Critical Access Hospitals,Voluntary non-profit - Private,No,,Not Available,16,7,Not Available,Not Available,Not Available,Not Available,5.0,8,Not Available,Not Available,Not Available,Not Available,5,11,Not Available,Not Available,Not Available,Not Available,5.0,8,Not Available,5.0,12,5,
441301,HIGHPOINT HEALTH-TROUSDALE WITH ASCENSION SAINT,500 CHURCH STREET,HARTSVILLE,TN,37074,TROUSDALE,(615) 374-2221,Critical Access Hospitals,Voluntary non-profit - Other,Yes,,Not Available,16,7,Not Available,Not Available,Not Available,Not Available,5.0,8,Not Available,Not Available,Not Available,Not Available,5,11,Not Available,Not Available,Not Available,Not Available,5.0,8,Not Available,5.0,12,5,
441303,ASCENSION SAINT THOMAS THREE RIVERS,451 HIGHWAY 13 SOUTH,WAVERLY,TN,37185,HUMPHREYS,(931) 296-4203,Critical Access Hospitals,Voluntary non-profit - Private,Yes,,Not Available,16,7,1,0,1,0,,8,Not Available,Not Available,Not Available,Not Available,5,11,2,0,2,0,,8,Not Available,5.0,12,6,
441304,JOHNSON COUNTY COMMUNITY HOSPITAL,1901 S SHADY ST,MOUNTAIN CITY,TN,37683,JOHNSON,(423) 727-1110,Critical Access Hospitals,Voluntary non-profit - Private,Yes,,Not Available,16,7,Not Available,Not Available,Not Available,Not Available,5.0,8,Not Available,Not Available,Not Available,Not Available,5,11,Not Available,Not Available,Not Available,Not Available,5.0,8,Not Available,5.0,12,3,
441305,MACON COMMUNITY HOSPITAL,204 MEDICAL DRIVE,LAFAYETTE,TN,37083,MACON,(615) 666-2147,Critical Access Hospitals,Voluntary non-profit - Private,Yes,,3,,7,3,0,3,0,,8,Not Available,Not Available,Not Available,Not Available,5,11,5,0,5,0,,8,8,,12,6,
441306,ERLANGER BLEDSOE HOSPITAL,71 WHEELERTOWN AVENUE,PIKEVILLE,TN,37367,BLEDSOE,(423) 447-2112,Critical Access Hospitals,Government - Hospital District or Authority,Yes,,Not Available,16,7,1,0,1,0,,8,Not Available,Not Available,Not Available,Not Available,5,11,2,1,1,0,,8,Not Available,5.0,12,6,
441307,HIGHPOINT HEALTH-RIVERVIEW WITH ASCENSION SAINT TH,158 HOSPITAL DRIVE,CARTHAGE,TN,37030,SMITH,(615) 735-9815,Critical Access Hospitals,Proprietary,Yes,Y,3,,7,3,0,3,0,,8,1,0,1,0,,11,5,0,5,0,,8,8,,12,9,
441309,MARSHALL MEDICAL CENTER,1080 NORTH ELLINGTON PARKWAY,LEWISBURG,TN,37091,MARSHALL,(931) 359-6276,Critical Access Hospitals,Government - Hospital District or Authority,Yes,,Not Available,16,7,Not Available,Not Available,Not Available,Not Available,5.0,8,Not Available,Not Available,Not Available,Not Available,5,11,4,1,3,0,,8,Not Available,5.0,12,7,
441310,RHEA MEDICAL CENTER,9400 RHEA COUNTY HIGHWAY,DAYTON,TN,37321,RHEA,(423) 775-1121,Critical Access Hospitals,Government - Local,Yes,,3,,7,3,0,3,0,,8,1,0,1,0,,11,3,1,2,0,,8,Not Available,5.0,12,5,
441313,HANCOCK COUNTY HOSPITAL,1519 MAIN STREET HWY 33,SNEEDVILLE,TN,37869,HANCOCK,(423) 733-5001,Critical Access Hospitals,Voluntary non-profit - Other,Yes,,Not Available,16,7,Not Available,Not Available,Not Available,Not Available,5.0,8,Not Available,Not Available,Not Available,Not Available,5,11,Not Available,Not Available,Not Available,Not Available,5.0,8,Not Available,5.0,12,5,
441314,LAUDERDALE COMMUNITY HOSPITAL,340 ASBURY AVENUE,RIPLEY,TN,38063,LAUDERDALE,(731) 221-2200,Critical Access Hospitals,Proprietary,Yes,,Not Available,16,7,Not Available,Not Available,Not Available,Not Available,5.0,8,Not Available,Not Available,Not Available,Not Available,5,11,1,0,1,0,,8,Not Available,5.0,12,5,
441316,WEST TENNESSEE HEALTHCARE CAMDEN HOSPITAL,175 HOSPITAL DRIVE,CAMDEN,TN,38320,BENTON,(731) 593-6300,Critical Access Hospitals,Government - Hospital District or Authority,Yes,,Not Available,16,7,1,0,1,0,,8,Not Available,Not Available,Not Available,Not Available,5,11,2,0,2,0,,8,Not Available,5.0,12,6,
441320,WEST TENNESSEE HEALTHCARE BOLIVAR HOSPITAL,650 NUCKOLLS ROAD,BOLIVAR,TN,38008,HARDEMAN,(731) 658-3100,Critical Access Hospitals,Government - Hospital District or Authority,Yes,,Not Available,16,7,Not Available,Not Available,Not Available,Not Available,5.0,8,Not Available,Not Available,Not Available,Not Available,5,11,Not Available,Not Available,Not Available,Not Available,5.0,8,Not Available,5.0,12,5,
441322,HOUSTON COUNTY COMMUNITY HOSPITAL,5001 EAST MAIN STREET,ERIN,TN,37061,HOUSTON,(931) 289-4211,Critical Access Hospitals,Government - Local,Yes,,Not Available,16,7,Not Available,Not Available,Not Available,Not Available,5.0,8,1,0,0,1,,11,1,0,1,0,,8,Not Available,5.0,12,4,
441323,BIG SOUTH FORK MEDICAL CENTER,18797 ALBERTA STREET,ONEIDA,TN,37841,SCOTT,(423) 286-5300,Critical Access Hospitals,Proprietary,Yes,,Not Available,16,7,Not Available,Not Available,Not Available,Not Available,5.0,8,Not Available,Not Available,Not Available,Not Available,5,11,Not Available,Not Available,Not Available,Not Available,5.0,8,Not Available,5.0,12,2,
451300,PARMER COUNTY COMMUNITY HOSPITAL,1307 CLEVELAND STREET,FRIONA,TX,79035,PARMER,(806) 250-2754,Critical Access Hospitals,Voluntary non-profit - Private,Yes,,Not Available,16,7,1,0,1,0,,8,Not Available,Not Available,Not Available,Not Available,5,11,2,0,2,0,,8,Not Available,5.0,12,3,
451301,REAGAN MEMORIAL HOSPITAL,1300 N MAIN AVENUE,BIG LAKE,TX,76932,REAGAN,(325) 844-2561,Critical Access Hospitals,Government - Hospital District or Authority,Yes,,Not Available,16,7,Not Available,Not Available,Not Available,Not Available,5.0,8,Not Available,Not Available,Not Available,Not Available,5,11,Not Available,Not Available,Not Available,Not Available,5.0,8,Not Available,5.0,12,2,
451303,LIMESTONE MEDICAL CENTER,701 MCCLINTIC DRIVE,GROESBECK,TX,76642,LIMESTONE,(254) 729-3281,Critical Access Hospitals,Government - Hospital District or Authority,Yes,,Not Available,16,7,1,0,1,0,,8,Not Available,Not Available,Not Available,Not Available,5,11,1,0,1,0,,8,Not Available,5.0,12,3,
451304,SCHLEICHER COUNTY MEDICAL CENTER,102 NORTH US HIGHWAY 277,ELDORADO,TX,76936,SCHLEICHER,(325) 853-2507,Critical Access Hospitals,Proprietary,Yes,,Not Available,16,7,Not Available,Not Available,Not Available,Not Available,5.0,8,Not Available,Not Available,Not Available,Not Available,5,11,Not Available,Not Available,Not Available,Not Available,5.0,8,Not Available,5.0,12,2,
451305,BURLESON ST JOSEPH HEALTH CENTER,1101 WOODSON DRIVE,CALDWELL,TX,77836,BURLESON,(979) 567-3245,Critical Access Hospitals,Voluntary non-profit - Private,Yes,,Not Available,16,7,Not Available,Not Available,Not Available,Not Available,5.0,8,Not Available,Not Available,Not Available,Not Available,5,11,Not Available,Not Available,Not Available,Not Available,5.0,8,Not Available,5.0,12,5,
451306,KIMBLE HOSPITAL,349 REID ROAD,JUNCTION,TX,76849,KIMBLE,(325) 446-3321,Critical Access Hospitals,Proprietary,Yes,,Not Available,16,7,Not Available,Not Available,Not Available,Not Available,5.0,8,Not Available,Not Available,Not Available,Not Available,5,11,1,0,1,0,,8,Not Available,5.0,12,3,
451307,IRAAN GENERAL HOSPITAL,600 HIGHWAY 349 NORTH,IRAAN,TX,79744,PECOS,(432) 639-2575,Critical Access Hospitals,Government - Hospital District or Authority,Yes,,Not Available,16,7,Not Available,Not Available,Not Available,Not Available,5.0,8,Not Available,Not Available,Not Available,Not Available,5,11,Not Available,Not Available,Not Available,Not Available,5.0,8,Not Available,5.0,12,2,
451308,YOAKUM COUNTY HOSPITAL,412 MUSTANG AVENUE,DENVER CITY,TX,79323,YOAKUM,(806) 592-2121,Critical Access Hospitals,Voluntary non-profit - Other,Yes,,Not Available,16,7,Not Available,Not Available,Not Available,Not Available,5.0,8,Not Available,Not Available,Not Available,Not Available,5,11,1,0,1,0,,8,Not Available,5.0,12,2,
451309,MC CAMEY HOSPITAL,2500 HWY 305 SOUTH,MCCAMEY,TX,79752,UPTON,(432) 652-8626,Critical Access Hospitals,Government - Hospital District or Authority,Yes,,Not Available,16,7,Not Available,Not Available,Not Available,Not Available,5.0,8,Not Available,Not Available,Not Available,Not Available,5,11,Not Available,Not Available,Not Available,Not Available,5.0,8,Not Available,5.0,12,Not Available,5.0
451310,BALLINGER MEMORIAL HOSPITAL,608 AVENUE B,BALLINGER,TX,76821,RUNNELS,(325) 365-2531,Critical Access Hospitals,Government - Hospital District or Authority,Yes,,Not Available,16,7,Not Available,Not Available,Not Available,Not Available,5.0,8,Not Available,Not Available,Not Available,Not Available,5,11,1,0,1,0,,8,Not Available,5.0,12,1,
451311,SWEENY COMMUNITY HOSPITAL,305 NORTH MCKINNEY,SWEENY,TX,77480,BRAZORIA,(979) 548-3311,Critical Access Hospitals,Government - Hospital District or Authority,Yes,,Not Available,16,7,Not Available,Not Available,Not Available,Not Available,5.0,8,Not Available,Not Available,Not Available,Not Available,5,11,Not Available,Not Available,Not Available,Not Available,5.0,8,Not Available,5.0,12,4,
451312,RICE MEDICAL CENTER,600 SOUTH AUSTIN ROAD,EAGLE LAKE,TX,77434,COLORADO,(979) 234-5571,Critical Access Hospitals,Proprietary,Yes,,Not Available,16,7,Not Available,Not Available,Not Available,Not Available,5.0,8,Not Available,Not Available,Not Available,Not Available,5,11,1,0,1,0,,8,Not Available,5.0,12,1,
451313,FISHER COUNTY HOSPITAL DISTRICT,774 STATE HIGHWAY 70 N,ROTAN,TX,79546,FISHER,(325) 735-2256,Critical Access Hospitals,Government - Hospital District or Authority,Yes,,Not Available,16,7,Not Available,Not Available,Not Available,Not Available,5.0,8,Not Available,Not Available,Not Available,Not Available,5,11,Not Available,Not Available,Not Available,Not Available,5.0,8,Not Available,5.0,12,3,
451314,WINKLER COUNTY MEMORIAL HOSPITAL,821 JEFFEE DRIVE,KERMIT,TX,79745,WINKLER,(432) 586-5865,Critical Access Hospitals,Government - Local,Yes,,Not Available,16,7,Not Available,Not Available,Not Available,Not Available,5.0,8,Not Available,Not Available,Not Available,Not Available,5,11,Not Available,Not Available,Not Available,Not Available,5.0,8,Not Available,5.0,12,1,
451315,NORTH RUNNELS HOSPITAL,7821 EAST HIGHWAY 153,WINTERS,TX,79567,RUNNELS,(375) 754-4553,Critical Access Hospitals,Government - Hospital District or Authority,Yes,,Not Available,16,7,1,0,1,0,,8,Not Available,Not Available,Not Available,Not Available,5,11,2,1,1,0,,8,Not Available,5.0,12,2,
451316,MADISON ST JOSEPH HEALTH CENTER,100 WEST CROSS STREET,MADISONVILLE,TX,77864,MADISON,(936) 348-2631,Critical Access Hospitals,Voluntary non-profit - Private,Yes,,Not Available,16,7,Not Available,Not Available,Not Available,Not Available,5.0,8,Not Available,Not Available,Not Available,Not Available,5,11,Not Available,Not Available,Not Available,Not Available,5.0,8,Not Available,5.0,12,4,
451317,REFUGIO COUNTY MEMORIAL HOSPITAL,107 SWIFT STREET,REFUGIO,TX,78377,REFUGIO,(361) 526-2321,Critical Access Hospitals,Government - Hospital District or Authority,Yes,,Not Available,16,7,Not Available,Not Available,Not Available,Not Available,5.0,8,Not Available,Not Available,Not Available,Not Available,5,11,Not Available,Not Available,Not Available,Not Available,5.0,8,Not Available,5.0,12,2,
451318,STONEWALL MEMORIAL HOSPITAL DISTRICT,821 NORTH BROADWAY,ASPERMONT,TX,79502,STONEWALL,(940) 989-3551,Critical Access Hospitals,Government - Hospital District or Authority,Yes,,Not Available,16,7,Not Available,Not Available,Not Available,Not Available,5.0,8,Not Available,Not Available,Not Available,Not Available,5,11,Not Available,Not Available,Not Available,Not Available,5.0,8,Not Available,5.0,12,1,
451319,CHRISTUS MOTHER FRANCES HOSPITAL- JACKSONVILLE,2026 S JACKSON STREET,JACKSONVILLE,TX,75766,CHEROKEE,(903) 541-4500,Critical Access Hospitals,Voluntary non-profit - Private,Yes,,Not Available,16,7,1,0,1,0,,8,2,0,2,0,,11,4,0,4,0,,8,8,,12,8,
451320,BAYSIDE COMMUNITY HOSPITAL,200 HOSPITAL DRIVE,ANAHUAC,TX,77514,CHAMBERS,(409) 267-3143,Critical Access Hospitals,Government - Hospital District or Authority,Yes,,Not Available,16,7,Not Available,Not Available,Not Available,Not Available,5.0,8,Not Available,Not Available,Not Available,Not Available,5,11,Not Available,Not Available,Not Available,Not Available,5.0,8,Not Available,5.0,12,5,
451322,GRIMES ST JOSEPH HEALTH CENTER,210 JUDSON ST,NAVASOTA,TX,77868,GRIMES,(936) 825-6585,Critical Access Hospitals,Voluntary non-profit - Private,Yes,,Not Available,16,7,Not Available,Not Available,Not Available,Not Available,5.0,8,Not Available,Not Available,Not Available,Not Available,5,11,Not Available,Not Available,Not Available,Not Available,5.0,8,Not Available,5.0,12,4,
451323,ADVENTHEALTH ROLLINS BROOK,608 NORTH KEY AVENUE,LAMPASAS,TX,76550,LAMPASAS,(512) 556-3682,Critical Access Hospitals,Voluntary non-profit - Church,Yes,,Not Available,16,7,2,0,2,0,,8,Not Available,Not Available,Not Available,Not Available,5,11,4,1,3,0,,8,Not Available,5.0,12,8,
451324,LILLIAN M HUDSPETH MEMORIAL HOSPITAL,308 HUDSPETH,SONORA,TX,76950,SUTTON,(325) 387-2521,Critical Access Hospitals,Government - Hospital District or Authority,Yes,,Not Available,16,7,Not Available,Not Available,Not Available,Not Available,5.0,8,Not Available,Not Available,Not Available,Not Available,5,11,Not Available,Not Available,Not Available,Not Available,5.0,8,Not Available,5.0,12,2,
451325,CONCHO COUNTY HOSPITAL,614 EAKER STREET,EDEN,TX,76837,CONCHO,(915) 869-5911,Critical Access Hospitals,Government - Local,Yes,,Not Available,16,7,Not Available,Not Available,Not Available,Not Available,5.0,8,Not Available,Not Available,Not Available,Not Available,5,11,Not Available,Not Available,Not Available,Not Available,5.0,8,Not Available,5.0,12,Not Available,5.0
451328,RICELAND MEDICAL CENTER,538 BROADWAY,WINNIE,TX,77665,CHAMBERS,(409) 296-6000,Critical Access Hospitals,Proprietary,Yes,,Not Available,16,7,Not Available,Not Available,Not Available,Not Available,5.0,8,Not Available,Not Available,Not Available,Not Available,5,11,Not Available,Not Available,Not Available,Not Available,5.0,8,Not Available,5.0,12,Not Available,5.0
451329,RANKIN HOSPITAL MEDICAL CLINIC,1611 SPUR 576,RANKIN,TX,79778,UPTON,(432) 693-2443,Critical Access Hospitals,Government - Hospital District or Authority,Yes,,Not Available,16,7,Not Available,Not Available,Not Available,Not Available,5.0,8,Not Available,Not Available,Not Available,Not Available,5,11,Not Available,Not Available,Not Available,Not Available,5.0,8,Not Available,5.0,12,1,
451330,MEDINA REGIONAL HOSPITAL,3100 AVENUE E,HONDO,TX,78861,MEDINA,(830) 426-7700,Critical Access Hospitals,Government - Hospital District or Authority,Yes,Y,Not Available,16,7,1,0,1,0,,8,Not Available,Not Available,Not Available,Not Available,5,11,2,0,2,0,,8,Not Available,5.0,12,3,
451331,COON MEMORIAL HOSPITAL,1411 DENVER AVENUE,DALHART,TX,79022,DALLAM,(806) 244-4571,Critical Access Hospitals,Government - Hospital District or Authority,Yes,,Not Available,16,7,1,0,1,0,,8,Not Available,Not Available,Not Available,Not Available,5,11,2,1,1,0,,8,Not Available,5.0,12,3,
451332,PALACIOS COMMUNITY MEDICAL CENTER,311 GREEN AVENUE,PALACIOS,TX,77465,MATAGORDA,(361) 972-2511,Critical Access Hospitals,Voluntary non-profit - Private,Yes,,Not Available,16,7,Not Available,Not Available,Not Available,Not Available,5.0,8,Not Available,Not Available,Not Available,Not Available,5,11,Not Available,Not Available,Not Available,Not Available,5.0,8,Not Available,5.0,12,4,
451333,MARTIN COUNTY HOSPITAL DISTRICT,600 E INTERSTATE 20     PO BOX 640,STANTON,TX,79782,MARTIN,(432) 756-3345,Critical Access Hospitals,Government - Hospital District or Authority,Yes,,Not Available,16,7,Not Available,Not Available,Not Available,Not Available,5.0,8,Not Available,Not Available,Not Available,Not Available,5,11,1,0,1,0,,8,Not Available,5.0,12,4,
451334,PARKVIEW HOSPITAL,901 S. SWEETWATER,WHEELER,TX,79096,WHEELER,(806) 826-5581,Critical Access Hospitals,Government - Hospital District or Authority,Yes,,Not Available,16,7,Not Available,Not Available,Not Available,Not Available,5.0,8,Not Available,Not Available,Not Available,Not Available,5,11,Not Available,Not Available,Not Available,Not Available,5.0,8,Not Available,5.0,12,2,
451335,MUENSTER MEMORIAL HOSPITAL,605 N MAPLE STREET,MUENSTER,TX,76252,COOKE,(940) 759-2271,Critical Access Hospitals,Government - Hospital District or Authority,Yes,,Not Available,19,Not Available,Not Available,Not Available,Not Available,Not Available,19.0,Not Available,Not Available,Not Available,Not Available,Not Available,19,Not Available,Not Available,Not Available,Not Available,Not Available,19.0,Not Available,Not Available,19.0,Not Available,Not Available,19.0
451337,W J MANGOLD MEMORIAL HOSPITAL,320 NORTH MAIN,LOCKNEY,TX,79241,FLOYD,(806) 652-3373,Critical Access Hospitals,Government - Hospital District or Authority,Yes,,Not Available,16,7,1,0,1,0,,8,Not Available,Not Available,Not Available,Not Available,5,11,2,0,2,0,,8,Not Available,5.0,12,2,
451338,CULBERSON HOSPITAL,EISENHOWER ROAD AND FM 2185,VAN HORN,TX,79855,CULBERSON,(432) 283-2760,Critical Access Hospitals,Voluntary non-profit - Other,Yes,,Not Available,16,7,Not Available,Not Available,Not Available,Not Available,5.0,8,Not Available,Not Available,Not Available,Not Available,5,11,Not Available,Not Available,Not Available,Not Available,5.0,8,Not Available,5.0,12,3,
451339,THROCKMORTON COUNTY MEMORIAL HOSPITAL,802 N MINTER AVENUE,THROCKMORTON,TX,76483,THROCKMORTON,(940) 849-2151,Critical Access Hospitals,Government - Local,Yes,,Not Available,19,Not Available,Not Available,Not Available,Not Available,Not Available,19.0,Not Available,Not Available,Not Available,Not Available,Not Available,19,Not Available,Not Available,Not Available,Not Available,Not Available,19.0,Not Available,Not Available,19.0,Not Available,Not Available,19.0
451340,SHAMROCK GENERAL HOSPITAL,1000 SOUTH MAIN STREET,SHAMROCK,TX,79079,WHEELER,(806) 256-2114,Critical Access Hospitals,Government - Hospital District or Authority,Yes,,Not Available,16,7,Not Available,Not Available,Not Available,Not Available,5.0,8,Not Available,Not Available,Not Available,Not Available,5,11,Not Available,Not Available,Not Available,Not Available,5.0,8,Not Available,5.0,12,3,
451341,HASKELL MEMORIAL HOSPITAL,1 NORTH AVENUE N  PO BOX 1117,HASKELL,TX,79521,HASKELL,(940) 864-2621,Critical Access Hospitals,Government - Hospital District or Authority,Yes,,Not Available,16,7,1,0,1,0,,8,Not Available,Not Available,Not Available,Not Available,5,11,1,0,1,0,,8,Not Available,5.0,12,3,
451342,MITCHELL COUNTY HOSPITAL DISTRICT,997 WEST I-20,COLORADO CITY,TX,79512,MITCHELL,(325) 728-3431,Critical Access Hospitals,Government - Hospital District or Authority,Yes,,Not Available,16,7,Not Available,Not Available,Not Available,Not Available,5.0,8,Not Available,Not Available,Not Available,Not Available,5,11,1,0,1,0,,8,Not Available,5.0,12,3,
451343,ELECTRA MEMORIAL HOSPITAL,1207 S BAILEY STREET,ELECTRA,TX,76360,WICHITA,(940) 495-3981,Critical Access Hospitals,Government - Hospital District or Authority,Yes,,Not Available,16,7,2,0,2,0,,8,Not Available,Not Available,Not Available,Not Available,5,11,3,0,3,0,,8,Not Available,5.0,12,6,
451344,HANSFORD COUNTY HOSPITAL,707 ROLAND ST,SPEARMAN,TX,79081,HANSFORD,(806) 659-2535,Critical Access Hospitals,Government - Local,Yes,,Not Available,16,7,1,0,1,0,,8,Not Available,Not Available,Not Available,Not Available,5,11,2,0,2,0,,8,Not Available,5.0,12,3,
451346,YOAKUM COMMUNITY HOSPITAL,1200 CARL RAMERT DRIVE,YOAKUM,TX,77995,LAVACA,(361) 293-2321,Critical Access Hospitals,Voluntary non-profit - Private,Yes,,Not Available,16,7,2,0,1,1,,8,Not Available,Not Available,Not Available,Not Available,5,11,4,0,4,0,,8,Not Available,5.0,12,6,
451347,COLEMAN COUNTY MEDICAL CENTER COMPANY,310 SOUTH PECOS STREET,COLEMAN,TX,76834,COLEMAN,(325) 625-2135,Critical Access Hospitals,Proprietary,Yes,,Not Available,16,7,1,0,1,0,,8,Not Available,Not Available,Not Available,Not Available,5,11,3,0,3,0,,8,Not Available,5.0,12,3,
451348,HEART OF TEXAS MEMORIAL HOSPITAL,2008 NINE ROAD,BRADY,TX,76825,MC CULLOCH,(325) 597-2901,Critical Access Hospitals,Voluntary non-profit - Private,Yes,,Not Available,19,Not Available,Not Available,Not Available,Not Available,Not Available,19.0,Not Available,Not Available,Not Available,Not Available,Not Available,19,Not Available,Not Available,Not Available,Not Available,Not Available,19.0,Not Available,Not Available,19.0,Not Available,Not Available,19.0
451349,SWISHER MEMORIAL HOSPITAL,539 SOUTHEAST 2ND,TULIA,TX,79088,SWISHER,(806) 995-3581,Critical Access Hospitals,Voluntary non-profit - Private,Yes,,Not Available,16,7,Not Available,Not Available,Not Available,Not Available,5.0,8,Not Available,Not Available,Not Available,Not Available,5,11,1,0,1,0,,8,Not Available,5.0,12,1,
451350,PLAINS MEMORIAL HOSPITAL,310 WEST HALSELL STREET,DIMMITT,TX,79027,CASTRO,(806) 647-2191,Critical Access Hospitals,Government - Local,No,,Not Available,16,7,1,0,1,0,,8,Not Available,Not Available,Not Available,Not Available,5,11,1,0,1,0,,8,Not Available,5.0,12,2,
451351,LYNN COUNTY HOSPITAL DISTRICT,2600 LOCKWOOD STREET,TAHOKA,TX,79373,LYNN,(806) 998-4533,Critical Access Hospitals,Government - Hospital District or Authority,Yes,,Not Available,16,7,Not Available,Not Available,Not Available,Not Available,5.0,8,Not Available,Not Available,Not Available,Not Available,5,11,1,0,1,0,,8,Not Available,5.0,12,3,
451352,HARDEMAN COUNTY MEMORIAL HOSPITAL,402 MERCER ST,QUANAH,TX,79252,HARDEMAN,(940) 663-2795,Critical Access Hospitals,Government - Hospital District or Authority,Yes,,Not Available,16,7,Not Available,Not Available,Not Available,Not Available,5.0,8,Not Available,Not Available,Not Available,Not Available,5,11,Not Available,Not Available,Not Available,Not Available,5.0,8,Not Available,5.0,12,3,
451353,CRANE COUNTY HOSPITAL DISTRICT,1310 S ALFORD ST,CRANE,TX,79731,CRANE,(432) 558-3555,Critical Access Hospitals,Government - Hospital District or Authority,Yes,,Not Available,16,7,Not Available,Not Available,Not Available,Not Available,5.0,8,Not Available,Not Available,Not Available,Not Available,5,11,Not Available,Not Available,Not Available,Not Available,5.0,8,Not Available,5.0,12,2,
451354,HAMILTON HOSPITAL,901 WEST HAMILTON,OLNEY,TX,76374,YOUNG,(940) 564-5521,Critical Access Hospitals,Government - Hospital District or Authority,Yes,,Not Available,16,7,1,0,1,0,,8,Not Available,Not Available,Not Available,Not Available,5,11,2,0,2,0,,8,Not Available,5.0,12,5,
451355,COLLINGSWORTH GENERAL HOSPITAL,1013 15TH ST,WELLINGTON,TX,79095,COLLINGSWORTH,(806) 447-2521,Critical Access Hospitals,Proprietary,Yes,,Not Available,16,7,Not Available,Not Available,Not Available,Not Available,5.0,8,Not Available,Not Available,Not Available,Not Available,5,11,1,0,1,0,,8,Not Available,5.0,12,4,
451356,MEMORIAL MEDICAL CENTER,701 N VIRGINIA ST,PORT LAVACA,TX,77979,CALHOUN,(361) 552-6713,Critical Access Hospitals,Government - Local,Yes,,Not Available,16,7,2,0,2,0,,8,Not Available,Not Available,Not Available,Not Available,5,11,4,0,4,0,,8,Not Available,5.0,12,3,
451358,MEMORIAL HOSPITAL,209 NORTHWEST 8TH STREET,SEMINOLE,TX,79360,GAINES,(432) 758-5811,Critical Access Hospitals,Government - Hospital District or Authority,Yes,,Not Available,19,Not Available,Not Available,Not Available,Not Available,Not Available,19.0,Not Available,Not Available,Not Available,Not Available,Not Available,19,Not Available,Not Available,Not Available,Not Available,Not Available,19.0,Not Available,Not Available,19.0,Not Available,Not Available,19.0
451359,OCHILTREE GENERAL HOSPITAL,3101 GARRETT DRIVE,PERRYTON,TX,79070,OCHILTREE,(806) 435-3606,Critical Access Hospitals,Government - Hospital District or Authority,Yes,Y,Not Available,16,7,1,0,1,0,,8,Not Available,Not Available,Not Available,Not Available,5,11,2,0,2,0,,8,Not Available,5.0,12,6,
451361,SABINE COUNTY HOSPITAL,"PO BOX 750, 2301 HWY 83 W",HEMPHILL,TX,75948,SABINE,(409) 787-3300,Critical Access Hospitals,Proprietary,Yes,,Not Available,16,7,1,0,1,0,,8,Not Available,Not Available,Not Available,Not Available,5,11,3,0,3,0,,8,Not Available,5.0,12,5,
451362,CLAY COUNTY MEMORIAL HOSPITAL,310 W SOUTH STREET,HENRIETTA,TX,76365,CLAY,(940) 538-5621,Critical Access Hospitals,Government - Local,Yes,,Not Available,16,7,Not Available,Not Available,Not Available,Not Available,5.0,8,Not Available,Not Available,Not Available,Not Available,5,11,2,1,1,0,,8,Not Available,5.0,12,1,
451363,JACKSON HEALTHCARE CENTER,1013 S WELLS,EDNA,TX,77957,JACKSON,(361) 782-7800,Critical Access Hospitals,Government - Hospital District or Authority,Yes,,Not Available,16,7,1,0,1,0,,8,Not Available,Not Available,Not Available,Not Available,5,11,1,0,1,0,,8,Not Available,5.0,12,3,
451364,OTTO KAISER MEMORIAL HOSPITAL,3349 S HIGHWAY 181,KENEDY,TX,78119,KARNES,(830) 583-3401,Critical Access Hospitals,Government - Hospital District or Authority,Yes,,Not Available,16,7,Not Available,Not Available,Not Available,Not Available,5.0,8,Not Available,Not Available,Not Available,Not Available,5,11,Not Available,Not Available,Not Available,Not Available,5.0,8,Not Available,5.0,12,4,
451365,ASCENSION SETON HIGHLAND LAKES,HIGHWAY 281 SOUTH,BURNET,TX,78611,BURNET,(512) 715-3000,Critical Access Hospitals,Voluntary non-profit - Private,Yes,,Not Available,16,7,2,0,2,0,,8,1,0,1,0,,11,6,0,6,0,,8,Not Available,5.0,12,7,
451366,COCHRAN MEMORIAL HOSPITAL,205 E GRANT STREET,MORTON,TX,79346,COCHRAN,(806) 266-5565,Critical Access Hospitals,Government - Local,Yes,,Not Available,16,7,Not Available,Not Available,Not Available,Not Available,5.0,8,Not Available,Not Available,Not Available,Not Available,5,11,Not Available,Not Available,Not Available,Not Available,5.0,8,Not Available,5.0,12,2,
451367,UT HEALTH EAST TEXAS PITTSBURG HOSPITAL,2701 US HWY 271 N,PITTSBURG,TX,75686,CAMP,(903) 946-5000,Critical Access Hospitals,Proprietary,Yes,,2,,7,3,0,3,0,,8,1,0,1,0,,11,6,0,6,0,,8,Not Available,5.0,12,9,
451369,GOLDEN PLAINS COMMUNITY HOSPITAL,100 MEDICAL DRIVE,BORGER,TX,79007,HUTCHINSON,(806) 273-1100,Critical Access Hospitals,Proprietary,Yes,,Not Available,16,7,Not Available,Not Available,Not Available,Not Available,5.0,8,Not Available,Not Available,Not Available,Not Available,5,11,1,0,1,0,,8,Not Available,5.0,12,2,
451370,TMC- BONHAM HOSPITAL,504 LIPSCOMB STREET,BONHAM,TX,75418,FANNIN,(903) 640-7311,Critical Access Hospitals,Government - Hospital District or Authority,Yes,,Not Available,16,7,1,0,1,0,,8,1,0,1,0,,11,4,0,3,1,,8,Not Available,5.0,12,6,
451371,ASCENSION SETON EDGAR B DAVIS,130 HAYS STREET,LULING,TX,78648,CALDWELL,(830) 875-7000,Critical Access Hospitals,Voluntary non-profit - Private,Yes,,Not Available,16,7,Not Available,Not Available,Not Available,Not Available,5.0,8,Not Available,Not Available,Not Available,Not Available,5,11,1,0,1,0,,8,Not Available,5.0,12,6,
451372,MULESHOE AREA MEDICAL CENTER,708 S 1ST ST,MULESHOE,TX,79347,BAILEY,(806) 272-4524,Critical Access Hospitals,Proprietary,Yes,,Not Available,16,7,Not Available,Not Available,Not Available,Not Available,5.0,8,Not Available,Not Available,Not Available,Not Available,5,11,Not Available,Not Available,Not Available,Not Available,5.0,8,Not Available,5.0,12,2,
451373,WARD MEMORIAL HOSPITAL,406 SOUTH GARY ST,MONAHANS,TX,79756,WARD,(432) 943-2511,Critical Access Hospitals,Government - Local,Yes,,Not Available,16,7,1,0,1,0,,8,Not Available,Not Available,Not Available,Not Available,5,11,2,0,2,0,,8,Not Available,5.0,12,4,
451374,BAYLOR SCOTT & WHITE MEDICAL CENTER -TAYLOR,305 MALLARD,TAYLOR,TX,76574,WILLIAMSON,(512) 352-7611,Critical Access Hospitals,Voluntary non-profit - Private,Yes,,Not Available,16,7,1,0,1,0,,8,Not Available,Not Available,Not Available,Not Available,5,11,2,0,2,0,,8,Not Available,5.0,12,6,
451375,LIBERTY DAYTON REGIONAL MEDICAL CENTER,1353 N TRAVIS ST,LIBERTY,TX,77575,LIBERTY,(936) 336-7316,Critical Access Hospitals,Government - Hospital District or Authority,Yes,,Not Available,16,7,Not Available,Not Available,Not Available,Not Available,5.0,8,Not Available,Not Available,Not Available,Not Available,5,11,1,0,1,0,,8,Not Available,5.0,12,5,
451376,LAVACA MEDICAL CENTER,1400 NORTH TEXANA STREET,HALLETTSVILLE,TX,77964,LAVACA,(361) 798-3671,Critical Access Hospitals,Government - Hospital District or Authority,Yes,,Not Available,16,7,2,0,2,0,,8,Not Available,Not Available,Not Available,Not Available,5,11,3,0,3,0,,8,Not Available,5.0,12,4,
451377,REEVES REGIONAL HEALTH,2323 TEXAS STREET,PECOS,TX,79772,REEVES,(432) 447-3551,Critical Access Hospitals,Government - Hospital District or Authority,Yes,,Not Available,16,7,1,0,1,0,,8,Not Available,Not Available,Not Available,Not Available,5,11,2,1,1,0,,8,Not Available,5.0,12,3,
451378,BIG BEND REGIONAL MEDICAL CENTER,2600 HIGHWAY 118 NORTH,ALPINE,TX,79830,BREWSTER,(432) 837-3447,Critical Access Hospitals,Proprietary,Yes,Y,Not Available,16,7,1,0,1,0,,8,Not Available,Not Available,Not Available,Not Available,5,11,3,0,3,0,,8,Not Available,5.0,12,8,
451379,CORYELL MEMORIAL HOSPITAL,1507 W MAIN STREET,GATESVILLE,TX,76528,CORYELL,(254) 865-8251,Critical Access Hospitals,Government - Hospital District or Authority,Yes,,Not Available,16,7,1,0,1,0,,8,2,0,2,0,,11,3,0,3,0,,8,8,,12,5,
451380,UT HEALTH EAST TEXAS QUITMAN HOSPITAL,117 WINNSBORO STREET,QUITMAN,TX,75783,WOOD,(903) 763-6300,Critical Access Hospitals,Proprietary,Yes,,4,,7,3,0,3,0,,8,3,0,3,0,,11,6,1,5,0,,8,Not Available,5.0,12,10,
451381,CHRISTUS MOTHER FRANCES HOSPITAL- WINNSBORO,719 WEST COKE ROAD,WINNSBORO,TX,75494,WOOD,(903) 342-5227,Critical Access Hospitals,Voluntary non-profit - Private,Yes,,Not Available,16,7,Not Available,Not Available,Not Available,Not Available,5.0,8,Not Available,Not Available,Not Available,Not Available,5,11,1,0,1,0,,8,Not Available,5.0,12,2,
451382,COMANCHE COUNTY MEDICAL CENTER,10201 HWY 16,COMANCHE,TX,76442,COMANCHE,(254) 879-4900,Critical Access Hospitals,Voluntary non-profit - Private,Yes,,1,,7,4,0,4,0,,8,1,0,1,0,,11,5,0,5,0,,8,Not Available,5.0,12,7,
451384,COGDELL MEMORIAL HOSPITAL,1700 COGDELL BLVD,SNYDER,TX,79549,SCURRY,(325) 574-7437,Critical Access Hospitals,Government - Hospital District or Authority,Yes,,Not Available,16,7,1,0,1,0,,8,1,0,1,0,,11,3,0,3,0,,8,Not Available,5.0,12,7,
451385,GOODALL WITCHER HOSPITAL,101 POSEY AVENUE,CLIFTON,TX,76634,BOSQUE,(254) 675-8322,Critical Access Hospitals,Government - Hospital District or Authority,Yes,Y,Not Available,16,7,1,0,1,0,,8,Not Available,Not Available,Not Available,Not Available,5,11,2,1,1,0,,8,Not Available,5.0,12,7,
451386,MEMORIAL HOSPITAL,224 E SECOND STREET,DUMAS,TX,79029,MOORE,(806) 935-7171,Critical Access Hospitals,Government - Hospital District or Authority,Yes,,Not Available,16,7,Not Available,Not Available,Not Available,Not Available,5.0,8,Not Available,Not Available,Not Available,Not Available,5,11,5,0,4,1,,8,Not Available,5.0,12,7,
451387,UVALDE MEMORIAL HOSPITAL,1025 GARNER FIELD ROAD,UVALDE,TX,78801,UVALDE,(830) 278-6251,Critical Access Hospitals,Government - Hospital District or Authority,Yes,Y,3,,7,3,0,3,0,,8,2,0,2,0,,11,9,0,8,1,,8,8,,12,7,
451389,PECOS COUNTY MEMORIAL HOSPITAL,387 WEST I 10,FORT STOCKTON,TX,79735,PECOS,(432) 336-2004,Critical Access Hospitals,Government - Local,Yes,,Not Available,16,7,Not Available,Not Available,Not Available,Not Available,5.0,8,Not Available,Not Available,Not Available,Not Available,5,11,Not Available,Not Available,Not Available,Not Available,5.0,8,Not Available,5.0,12,2,
451390,DIMMIT REGIONAL HOSPITAL,704 HOSPITAL DRIVE,CARRIZO SPRINGS,TX,78834,DIMMIT,(830) 876-2424,Critical Access Hospitals,Voluntary non-profit - Private,Yes,,Not Available,16,7,Not Available,Not Available,Not Available,Not Available,5.0,8,Not Available,Not Available,Not Available,Not Available,5,11,Not Available,Not Available,Not Available,Not Available,5.0,8,Not Available,5.0,12,2,
451391,FRIO REGIONAL HOSPITAL,200 S IH 35,PEARSALL,TX,78061,FRIO,(830) 334-3617,Critical Access Hospitals,Voluntary non-profit - Private,Yes,,Not Available,16,7,Not Available,Not Available,Not Available,Not Available,5.0,8,Not Available,Not Available,Not Available,Not Available,5,11,2,0,2,0,,8,Not Available,5.0,12,7,
451392,HAMILTON GENERAL HOSPITAL,"400 N BROWN, BUILDING 1",HAMILTON,TX,76531,HAMILTON,(254) 386-3151,Critical Access Hospitals,Government - Hospital District or Authority,Yes,,Not Available,16,7,1,0,1,0,,8,1,0,1,0,,11,3,0,3,0,,8,Not Available,5.0,12,7,
451393,CROCKETT MEDICAL CENTER,1100 E LOOP 304,CROCKETT,TX,75835,HOUSTON,(936) 546-3890,Critical Access Hospitals,Physician,Yes,,Not Available,16,7,Not Available,Not Available,Not Available,Not Available,5.0,8,Not Available,Not Available,Not Available,Not Available,5,11,1,0,1,0,,8,Not Available,5.0,12,2,
451394,KNOX COUNTY HOSPITAL,701 SOUTHEAST 5TH STREET,KNOX CITY,TX,79529,KNOX,(940) 657-3535,Critical Access Hospitals,Government - Local,Yes,,Not Available,16,7,Not Available,Not Available,Not Available,Not Available,5.0,8,Not Available,Not Available,Not Available,Not Available,5,11,Not Available,Not Available,Not Available,Not Available,5.0,8,Not Available,5.0,12,1,
451395,HILL REGIONAL HOSPITAL,101 CIRCLE DRIVE,HILLSBORO,TX,76645,HILL,(254) 580-8500,Critical Access Hospitals,Voluntary non-profit - Private,Yes,,4,,7,3,0,2,1,,8,1,0,1,0,,11,5,0,5,0,,8,8,,12,2,
451396,MID COAST MEDICAL CENTER - CENTRAL,200 W OLLIE,LLANO,TX,78643,LLANO,(325) 247-5040,Critical Access Hospitals,Physician,Yes,,Not Available,16,7,Not Available,Not Available,Not Available,Not Available,5.0,8,Not Available,Not Available,Not Available,Not Available,5,11,Not Available,Not Available,Not Available,Not Available,5.0,8,Not Available,5.0,12,3,
451397,BAYLOR SCOTT & WHITE HOSPITAL BRENHAM,700 MEDICAL PARKWAY,BRENHAM,TX,77833,WASHINGTON,(979) 836-6173,Critical Access Hospitals,Voluntary non-profit - Private,Yes,Y,Not Available,16,7,2,0,2,0,,8,Not Available,Not Available,Not Available,Not Available,5,11,2,1,1,0,,8,Not Available,5.0,12,8,
451398,PAMPA REGIONAL MEDICAL CENTER,1 MEDICAL PLAZA,PAMPA,TX,79065,GRAY,(806) 665-3721,Critical Access Hospitals,Voluntary non-profit - Private,Yes,,Not Available,16,7,Not Available,Not Available,Not Available,Not Available,5.0,8,Not Available,Not Available,Not Available,Not Available,5,11,2,0,2,0,,8,Not Available,5.0,12,4,
451399,SEYMOUR HOSPITAL,200 STADIUM DRIVE,SEYMOUR,TX,76380,BAYLOR,(940) 889-5572,Critical Access Hospitals,Government - Hospital District or Authority,Yes,,Not Available,16,7,Not Available,Not Available,Not Available,Not Available,5.0,8,Not Available,Not Available,Not Available,Not Available,5,11,Not Available,Not Available,Not Available,Not Available,5.0,8,Not Available,5.0,12,3,
461300,INTERMOUNTAIN HEALTH DELTA COMMUNITY HOSPITAL,126 SOUTH WHITE SAGE AVENUE,DELTA,UT,84624,MILLARD,(435) 864-5591,Critical Access Hospitals,Voluntary non-profit - Private,Yes,Y,Not Available,16,7,Not Available,Not Available,Not Available,Not Available,5.0,8,Not Available,Not Available,Not Available,Not Available,5,11,2,0,2,0,,8,Not Available,5.0,12,8,
461301,FILLMORE COMMUNITY HOSPITAL,674 SOUTH HIGHWAY 99,FILLMORE,UT,84631,MILLARD,(435) 743-5591,Critical Access Hospitals,Voluntary non-profit - Private,Yes,Y,Not Available,16,7,Not Available,Not Available,Not Available,Not Available,5.0,8,Not Available,Not Available,Not Available,Not Available,5,11,2,0,2,0,,8,Not Available,5.0,12,8,
461302,MOAB REGIONAL HOSPITAL,450 WEST WILLIAMS WAY,MOAB,UT,84532,GRAND,(435) 719-3500,Critical Access Hospitals,Voluntary non-profit - Private,Yes,,Not Available,16,7,Not Available,Not Available,Not Available,Not Available,5.0,8,Not Available,Not Available,Not Available,Not Available,5,11,1,0,1,0,,8,Not Available,5.0,12,1,
461303,INTERMOUNTAIN HEALTH SANPETE VALLEY HOSPITAL,1100 SOUTH MEDICAL DRIVE,MOUNT PLEASANT,UT,84647,SANPETE,(435) 462-4123,Critical Access Hospitals,Voluntary non-profit - Private,Yes,Y,Not Available,16,7,Not Available,Not Available,Not Available,Not Available,5.0,8,Not Available,Not Available,Not Available,Not Available,5,11,3,0,3,0,,8,Not Available,5.0,12,9,
461304,CENTRAL VALLEY MEDICAL CENTER - CAH,48 WEST 1500 NORTH,NEPHI,UT,84648,JUAB,(435) 623-3000,Critical Access Hospitals,Voluntary non-profit - Private,Yes,Y,Not Available,16,7,2,0,2,0,,8,1,0,1,0,,11,6,0,6,0,,8,8,,12,5,
461305,MILFORD MEMORIAL HOSPITAL,850 NORTH MAIN STREET,MILFORD,UT,84751,BEAVER,(435) 387-2411,Critical Access Hospitals,Voluntary non-profit - Other,Yes,,Not Available,16,7,Not Available,Not Available,Not Available,Not Available,5.0,8,Not Available,Not Available,Not Available,Not Available,5,11,Not Available,Not Available,Not Available,Not Available,5.0,8,Not Available,5.0,12,2,
461306,GUNNISON VALLEY HOSPITAL,64 EAST 100 NORTH,GUNNISON,UT,84634,SANPETE,(435) 528-2114,Critical Access Hospitals,Voluntary non-profit - Other,Yes,,Not Available,16,7,1,0,1,0,,8,1,0,1,0,,11,5,1,4,0,,8,Not Available,5.0,12,4,
461307,INTERMOUNTAIN HEALTH HEBER VALLEY HOSPITAL,454 EAST MEDICAL WAY,HEBER CITY,UT,84032,WASATCH,(435) 654-2500,Critical Access Hospitals,Voluntary non-profit - Private,Yes,Y,Not Available,16,7,Not Available,Not Available,Not Available,Not Available,5.0,8,Not Available,Not Available,Not Available,Not Available,5,11,4,0,4,0,,8,8,,12,10,
461308,SAN JUAN HOSPITAL,380 WEST 100 NORTH,MONTICELLO,UT,84535,SAN JUAN,(435) 587-2116,Critical Access Hospitals,Voluntary non-profit - Other,Yes,,Not Available,16,7,Not Available,Not Available,Not Available,Not Available,5.0,8,1,0,1,0,,11,2,0,2,0,,8,Not Available,5.0,12,6,
461309,KANE COUNTY HOSPITAL,355 NORTH MAIN STREET,KANAB,UT,84741,KANE,(435) 644-5811,Critical Access Hospitals,Government - Hospital District or Authority,Yes,,Not Available,16,7,Not Available,Not Available,Not Available,Not Available,5.0,8,Not Available,Not Available,Not Available,Not Available,5,11,2,0,2,0,,8,Not Available,5.0,12,3,
461310,BLUE MOUNTAIN HOSPITAL,802 SOUTH 200 WEST,BLANDING,UT,84511,SAN JUAN,(435) 678-3993,Critical Access Hospitals,Voluntary non-profit - Private,Yes,,Not Available,16,7,Not Available,Not Available,Not Available,Not Available,5.0,8,Not Available,Not Available,Not Available,Not Available,5,11,1,0,1,0,,8,Not Available,5.0,12,3,
461333,INTERMOUNTAIN HEALTH GARFIELD MEMORIAL HOSPITAL,200 NORTH 400 EAST,PANGUITCH,UT,84759,GARFIELD,(435) 676-1262,Critical Access Hospitals,Voluntary non-profit - Other,Yes,Y,Not Available,16,7,1,0,1,0,,8,Not Available,Not Available,Not Available,Not Available,5,11,2,0,2,0,,8,Not Available,5.0,12,8,
461335,BEAVER VALLEY HOSPITAL,1109 NORTH 100 WEST,BEAVER,UT,84713,BEAVER,(435) 438-7100,Critical Access Hospitals,Government - Local,Yes,,Not Available,16,7,1,0,1,0,,8,Not Available,Not Available,Not Available,Not Available,5,11,3,0,3,0,,8,Not Available,5.0,12,3,
471300,GRACE COTTAGE HOSPITAL,po box 216,TOWNSHEND,VT,5353,WINDHAM,(802) 365-7920,Critical Access Hospitals,Voluntary non-profit - Private,No,,Not Available,16,7,Not Available,Not Available,Not Available,Not Available,5.0,8,Not Available,Not Available,Not Available,Not Available,5,11,1,0,1,0,,8,Not Available,5.0,12,4,
471301,GIFFORD MEDICAL CENTER,44 SOUTH MAIN STREET,RANDOLPH,VT,5060,ORANGE,(802) 728-4441,Critical Access Hospitals,Voluntary non-profit - Private,Yes,,4,,7,4,0,4,0,,8,1,0,1,0,,11,5,0,5,0,,8,8,,12,4,
471302,MT ASCUTNEY HOSPITAL,289 COUNTY ROAD,WINDSOR,VT,5089,WINDSOR,(802) 674-6711,Critical Access Hospitals,Voluntary non-profit - Private,Yes,,Not Available,16,7,2,0,2,0,,8,1,0,1,0,,11,3,0,3,0,,8,8,,12,2,
471303,NORTHEASTERN VERMONT REGIONAL HOSPITAL,1315 HOSPITAL DRIVE,SAINT JOHNSBURY,VT,5819,CALEDONIA,(802) 748-7400,Critical Access Hospitals,Voluntary non-profit - Private,Yes,Y,3,,7,5,0,5,0,,8,2,0,2,0,,11,4,0,4,0,,8,8,,12,2,
471304,NORTH COUNTRY HOSPITAL AND HEALTH CENTER,189 PROUTY DRIVE,NEWPORT,VT,5855,ORLEANS,(802) 334-7331,Critical Access Hospitals,Voluntary non-profit - Private,Yes,,2,,7,5,0,4,1,,8,1,0,1,0,,11,6,0,6,0,,8,8,,12,3,
471305,COPLEY HOSPITAL,528 WASHINGTON HIGHWAY,MORRISVILLE,VT,5661,LAMOILLE,(802) 888-4231,Critical Access Hospitals,Voluntary non-profit - Private,Yes,,3,,7,4,0,4,0,,8,2,0,2,0,,11,9,0,8,1,,8,8,,12,4,
471306,SPRINGFIELD HOSPITAL,PO BOX 2003,SPRINGFIELD,VT,5156,WINDSOR,(802) 885-2151,Critical Access Hospitals,Voluntary non-profit - Private,Yes,,2,17,7,4,0,4,0,,8,1,0,1,0,,11,4,0,4,0,,8,Not Available,5.0,12,3,
471307,PORTER HOSPITAL INC,115 PORTER DRIVE,MIDDLEBURY,VT,5753,ADDISON,(802) 388-4701,Critical Access Hospitals,Voluntary non-profit - Private,Yes,Y,3,,7,4,0,4,0,,8,2,0,2,0,,11,7,0,7,0,,8,8,,12,6,
491300,BATH COMMUNITY HOSPITAL,106 PARK DRIVE- PO DRAWER Z,HOT SPRINGS,VA,24445,BATH,(540) 839-7000,Critical Access Hospitals,Voluntary non-profit - Private,Yes,,Not Available,16,7,1,0,1,0,,8,Not Available,Not Available,Not Available,Not Available,5,11,3,0,3,0,,8,Not Available,5.0,12,5,
491302,CARILION GILES COMMUNITY HOSPITAL,159 HARTLEY WAY,PEARISBURG,VA,24134,GILES,(540) 921-6000,Critical Access Hospitals,Voluntary non-profit - Private,Yes,,4,,7,3,0,3,0,,8,1,0,1,0,,11,4,0,4,0,,8,8,,12,7,
491303,DICKENSON COMMUNITY HOSPITAL,312 HOSPITAL DRIVE,CLINTWOOD,VA,24228,DICKENSON,(276) 926-0300,Critical Access Hospitals,Voluntary non-profit - Private,Yes,,Not Available,16,7,Not Available,Not Available,Not Available,Not Available,5.0,8,Not Available,Not Available,Not Available,Not Available,5,11,Not Available,Not Available,Not Available,Not Available,5.0,8,Not Available,5.0,12,5,
491304,CARILION STONEWALL JACKSON HOSPITAL,1 HEALTH CIRCLE,LEXINGTON,VA,24450,LEXINGTON CITY,(540) 458-3300,Critical Access Hospitals,Voluntary non-profit - Private,Yes,,3,,7,4,0,4,0,,8,1,0,1,0,,11,6,0,6,0,,8,8,,12,8,
491305,SHENANDOAH MEMORIAL HOSPITAL,759 SOUTH MAIN STREET,WOODSTOCK,VA,22664,SHENANDOAH,(540) 459-1100,Critical Access Hospitals,Voluntary non-profit - Private,Yes,,3,,7,3,0,3,0,,8,1,0,1,0,,11,6,1,5,0,,8,8,,12,8,
491307,"PAGE MEMORIAL HOSPITAL, INC",200 MEMORIAL DRIVE,LURAY,VA,22835,PAGE,(540) 743-4561,Critical Access Hospitals,Voluntary non-profit - Private,Yes,,Not Available,16,7,2,0,2,0,,8,1,0,1,0,,11,5,1,4,0,,8,8,,12,7,
491308,RAPPAHANNOCK GENERAL HOSPITAL,101 HARRIS ROAD,KILMARNOCK,VA,22482,LANCASTER,(804) 435-8000,Critical Access Hospitals,Voluntary non-profit - Private,Yes,,4,,7,4,0,4,0,,8,1,0,1,0,,11,8,0,7,1,,8,8,,12,9,
491309,LEE COUNTY COMMUNITY HOSPITAL,127 HEALTH CARE DRIVE,PENNINGTON GAP,VA,24277,LEE,(276) 299-5000,Critical Access Hospitals,Voluntary non-profit - Private,Yes,,Not Available,16,7,Not Available,Not Available,Not Available,Not Available,5.0,8,Not Available,Not Available,Not Available,Not Available,5,11,Not Available,Not Available,Not Available,Not Available,5.0,8,Not Available,5.0,12,3,
501301,GARFIELD COUNTY PUBLIC HOSPITAL DISTRICT #1,66 NORTH SIXTH STREET,POMEROY,WA,99347,GARFIELD,(509) 843-1591,Critical Access Hospitals,Government - Hospital District or Authority,Yes,,Not Available,16,7,Not Available,Not Available,Not Available,Not Available,5.0,8,Not Available,Not Available,Not Available,Not Available,5,11,Not Available,Not Available,Not Available,Not Available,5.0,8,Not Available,5.0,12,Not Available,5.0
501302,DAYTON GENERAL HOSPITAL,1012 SOUTH 3RD STREET,DAYTON,WA,99328,COLUMBIA,(509) 382-2531,Critical Access Hospitals,Government - Hospital District or Authority,Yes,,Not Available,16,7,Not Available,Not Available,Not Available,Not Available,5.0,8,Not Available,Not Available,Not Available,Not Available,5,11,1,0,1,0,,8,Not Available,5.0,12,2,
501303,WILLAPA HARBOR HOSPITAL,800 ALDER STREET,SOUTH BEND,WA,98586,PACIFIC,(360) 875-5526,Critical Access Hospitals,Government - Hospital District or Authority,Yes,,Not Available,16,7,1,0,1,0,,8,Not Available,Not Available,Not Available,Not Available,5,11,2,0,2,0,,8,Not Available,5.0,12,5,
501304,SUMMIT PACIFIC MEDICAL CENTER,600 EAST MAIN STREET,ELMA,WA,98541,GRAYS HARBOR,(360) 346-2222,Critical Access Hospitals,Government - Hospital District or Authority,Yes,,2,,7,3,0,3,0,,8,Not Available,Not Available,Not Available,Not Available,5,11,4,0,4,0,,8,Not Available,5.0,12,3,
501305,LINCOLN HOSPITAL,10 NICHOLS STREET,DAVENPORT,WA,99122,LINCOLN,(509) 725-7101,Critical Access Hospitals,Government - Hospital District or Authority,Yes,,Not Available,16,7,1,0,1,0,,8,Not Available,Not Available,Not Available,Not Available,5,11,2,0,2,0,,8,Not Available,5.0,12,1,
501307,ODESSA MEMORIAL HEALTHCARE CENTER,502 E AMENDE DRIVE,ODESSA,WA,99159,LINCOLN,(509) 982-2611,Critical Access Hospitals,Government - Hospital District or Authority,Yes,,Not Available,16,7,Not Available,Not Available,Not Available,Not Available,5.0,8,Not Available,Not Available,Not Available,Not Available,5,11,Not Available,Not Available,Not Available,Not Available,5.0,8,Not Available,5.0,12,1,
501308,COULEE MEDICAL CENTER,411 FORTUYN ROAD,GRAND COULEE,WA,99133,GRANT,(509) 633-1753,Critical Access Hospitals,Government - Hospital District or Authority,Yes,,Not Available,16,7,1,0,1,0,,8,1,0,1,0,,11,1,0,1,0,,8,Not Available,5.0,12,7,
501309,PROVIDENCE ST JOSEPH HOSPITAL,500 EAST WEBSTER,CHEWELAH,WA,99109,STEVENS,(509) 935-8211,Critical Access Hospitals,Voluntary non-profit - Church,Yes,,Not Available,16,7,Not Available,Not Available,Not Available,Not Available,5.0,8,Not Available,Not Available,Not Available,Not Available,5,11,1,0,1,0,,8,Not Available,5.0,12,6,
501310,NEWPORT COMMUNITY HOSPITAL,714 WEST PINE STREET,NEWPORT,WA,99156,PEND OREILLE,(509) 447-2441,Critical Access Hospitals,Government - Hospital District or Authority,Yes,Y,Not Available,16,7,1,0,1,0,,8,Not Available,Not Available,Not Available,Not Available,5,11,3,1,2,0,,8,8,,12,5,
501311,EAST ADAMS RURAL HOSPITAL,903 SOUTH ADAMS,RITZVILLE,WA,99169,ADAMS,(509) 659-1200,Critical Access Hospitals,Government - Hospital District or Authority,Yes,,Not Available,16,7,Not Available,Not Available,Not Available,Not Available,5.0,8,Not Available,Not Available,Not Available,Not Available,5,11,Not Available,Not Available,Not Available,Not Available,5.0,8,Not Available,5.0,12,Not Available,5.0
501312,PROSSER MEMORIAL HOSPITAL,723 MEMORIAL STREET,PROSSER,WA,99350,BENTON,(509) 786-2222,Critical Access Hospitals,Government - Hospital District or Authority,Yes,Y,5,,7,3,0,3,0,,8,1,0,1,0,,11,3,0,3,0,,8,8,,12,7,
501313,CASCADE MEDICAL CENTER,817 COMMERCIAL STREET,LEAVENWORTH,WA,98826,CHELAN,(509) 548-5815,Critical Access Hospitals,Government - Hospital District or Authority,Yes,,Not Available,16,7,Not Available,Not Available,Not Available,Not Available,5.0,8,Not Available,Not Available,Not Available,Not Available,5,11,1,0,1,0,,8,Not Available,5.0,12,2,
501314,OCEAN BEACH HOSPITAL,174 FIRST AVENUE NORTH,ILWACO,WA,98624,PACIFIC,(360) 642-3181,Critical Access Hospitals,Government - Hospital District or Authority,Yes,,3,,7,3,0,3,0,,8,Not Available,Not Available,Not Available,Not Available,5,11,4,0,4,0,,8,Not Available,5.0,12,4,
501315,SKYLINE HOSPITAL,211 SKYLINE DRIVE,WHITE SALMON,WA,98672,KLICKITAT,(509) 491-1101,Critical Access Hospitals,Government - Hospital District or Authority,Yes,,Not Available,16,7,Not Available,Not Available,Not Available,Not Available,5.0,8,Not Available,Not Available,Not Available,Not Available,5,11,2,0,2,0,,8,Not Available,5.0,12,3,
501316,KLICKITAT VALLEY HOSPITAL,310 SOUTH ROOSEVELT,GOLDENDALE,WA,98620,KLICKITAT,(509) 773-4022,Critical Access Hospitals,Government - Hospital District or Authority,Yes,,Not Available,16,7,Not Available,Not Available,Not Available,Not Available,5.0,8,Not Available,Not Available,Not Available,Not Available,5,11,1,0,1,0,,8,Not Available,5.0,12,4,
501317,COLUMBIA BASIN HOSPITAL,200 NAT WASHINGTON WAY,EPHRATA,WA,98823,GRANT,(509) 754-4631,Critical Access Hospitals,Government - Hospital District or Authority,Yes,,Not Available,16,7,1,0,1,0,,8,Not Available,Not Available,Not Available,Not Available,5,11,1,0,1,0,,8,Not Available,5.0,12,5,
501318,OTHELLO COMMUNITY HOSPITAL,315 NORTH 14TH AVENUE,OTHELLO,WA,99344,ADAMS,(509) 488-2636,Critical Access Hospitals,Government - Local,Yes,,Not Available,16,7,Not Available,Not Available,Not Available,Not Available,5.0,8,Not Available,Not Available,Not Available,Not Available,5,11,1,0,1,0,,8,Not Available,5.0,12,2,
501319,ARBOR HEALTH MORTON HOSPITAL,521 ADAMS STREET,MORTON,WA,98356,LEWIS,(360) 496-5112,Critical Access Hospitals,Government - Hospital District or Authority,Yes,,Not Available,16,7,Not Available,Not Available,Not Available,Not Available,5.0,8,Not Available,Not Available,Not Available,Not Available,5,11,1,0,1,0,,8,Not Available,5.0,12,6,
501320,QUINCY VALLEY MEDICAL CENTER,908 10TH AVENUE SOUTHWEST,QUINCY,WA,98848,GRANT,(509) 787-3531,Critical Access Hospitals,Government - Hospital District or Authority,Yes,,Not Available,16,7,Not Available,Not Available,Not Available,Not Available,5.0,8,Not Available,Not Available,Not Available,Not Available,5,11,Not Available,Not Available,Not Available,Not Available,5.0,8,Not Available,5.0,12,2,
501321,NORTH VALLEY HOSPITAL,203 SOUTH WESTERN,TONASKET,WA,98855,OKANOGAN,(509) 486-2151,Critical Access Hospitals,Government - Hospital District or Authority,Yes,,Not Available,16,7,1,0,1,0,,8,Not Available,Not Available,Not Available,Not Available,5,11,1,0,1,0,,8,Not Available,5.0,12,4,
501322,FERRY COUNTY MEMORIAL HOSPITAL,36 KLONDIKE ROAD,REPUBLIC,WA,99166,FERRY,(509) 775-3333,Critical Access Hospitals,Government - Hospital District or Authority,Yes,,Not Available,16,7,Not Available,Not Available,Not Available,Not Available,5.0,8,Not Available,Not Available,Not Available,Not Available,5,11,1,0,1,0,,8,Not Available,5.0,12,2,
501323,JEFFERSON HEALTHCARE,834 SHERIDAN STREET,PORT TOWNSEND,WA,98368,JEFFERSON,(360) 385-2200,Critical Access Hospitals,Government - Hospital District or Authority,Yes,Y,3,,7,4,0,4,0,,8,2,0,2,0,,11,7,0,7,0,,8,8,,12,8,
501324,THREE RIVERS HOSPITAL,507 HOSPITAL WAY,BREWSTER,WA,98812,OKANOGAN,(509) 689-2517,Critical Access Hospitals,Government - Hospital District or Authority,Yes,,Not Available,16,7,Not Available,Not Available,Not Available,Not Available,5.0,8,Not Available,Not Available,Not Available,Not Available,5,11,1,0,1,0,,8,Not Available,5.0,12,1,
501325,FORKS COMMUNITY HOSPITAL,530 BOGACHIEL WAY,FORKS,WA,98331,CLALLAM,(360) 374-6271,Critical Access Hospitals,Government - Hospital District or Authority,Yes,Y,Not Available,16,7,Not Available,Not Available,Not Available,Not Available,5.0,8,Not Available,Not Available,Not Available,Not Available,5,11,2,0,2,0,,8,Not Available,5.0,12,5,
501326,PROVIDENCE MOUNT CARMEL HOSPITAL,982 EAST COLUMBIA,COLVILLE,WA,99114,STEVENS,(509) 684-2561,Critical Access Hospitals,Voluntary non-profit - Church,Yes,Y,3,,7,3,0,3,0,,8,Not Available,Not Available,Not Available,Not Available,5,11,5,1,4,0,,8,Not Available,5.0,12,9,
501327,WHITMAN HOSPITAL AND MEDICAL CENTER,1200 WEST FAIRVIEW,COLFAX,WA,99111,WHITMAN,(509) 397-3435,Critical Access Hospitals,Government - Hospital District or Authority,Yes,Y,Not Available,5,7,Not Available,Not Available,Not Available,Not Available,5.0,8,Not Available,Not Available,Not Available,Not Available,5,11,3,0,3,0,,8,Not Available,5.0,12,6,
501328,MID VALLEY HOSPITAL & CLINIC,810 JASMINE STREET,OMAK,WA,98841,OKANOGAN,(509) 826-1760,Critical Access Hospitals,Government - Hospital District or Authority,Yes,,Not Available,16,7,1,0,1,0,,8,1,0,1,0,,11,2,0,2,0,,8,8,,12,8,
501329,PEACEHEALTH UNITED GENERAL MEDICAL CENTER,2000 HOSPITAL DRIVE,SEDRO WOOLLEY,WA,98284,SKAGIT,(360) 856-6021,Critical Access Hospitals,Government - Hospital District or Authority,Yes,,4,,7,3,0,3,0,,8,1,0,1,0,,11,8,0,8,0,,8,Not Available,5.0,12,9,
501330,ASTRIA SUNNYSIDE HOSPITAL,1016 TACOMA AVENUE,SUNNYSIDE,WA,98944,YAKIMA,(509) 837-1500,Critical Access Hospitals,Voluntary non-profit - Other,Yes,,1,,7,3,0,3,0,,8,2,0,2,0,,11,4,0,4,0,,8,8,,12,8,
501331,PULLMAN REGIONAL HOSPITAL,835 S BISHOP BLVD,PULLMAN,WA,99163,WHITMAN,(509) 332-2541,Critical Access Hospitals,Government - Hospital District or Authority,Yes,,3,,7,3,0,3,0,,8,2,0,2,0,,11,6,2,4,0,,8,8,,12,5,
501332,TRI-STATE MEMORIAL HOSPITAL,1221 HIGHLAND AVENUE,CLARKSTON,WA,99403,ASOTIN,(509) 758-5511,Critical Access Hospitals,Voluntary non-profit - Private,Yes,,3,,7,4,0,4,0,,8,Not Available,Not Available,Not Available,Not Available,5,11,8,1,7,0,,8,8,,12,6,
501333,KITTITAS VALLEY COMMUNITY HOSPITAL,603 SOUTH CHESTNUT,ELLENSBURG,WA,98926,KITTITAS,(509) 962-9841,Critical Access Hospitals,Government - Hospital District or Authority,Yes,Y,Not Available,5,7,Not Available,Not Available,Not Available,Not Available,5.0,8,Not Available,Not Available,Not Available,Not Available,5,11,Not Available,Not Available,Not Available,Not Available,5.0,8,Not Available,5.0,12,Not Available,5.0
501334,LAKE CHELAN COMMUNITY HOSPITAL,110 S APPLE BLOSSOM DR,CHELAN,WA,98816,CHELAN,(509) 682-3300,Critical Access Hospitals,Government - Hospital District or Authority,Yes,,Not Available,16,7,Not Available,Not Available,Not Available,Not Available,5.0,8,Not Available,Not Available,Not Available,Not Available,5,11,2,0,2,0,,8,Not Available,5.0,12,6,
501335,ST ELIZABETH HOSPITAL,1450 BATTERSBY AVENUE,ENUMCLAW,WA,98022,KING,(360) 825-2505,Critical Access Hospitals,Voluntary non-profit - Private,Yes,Y,3,,7,3,0,3,0,,8,1,0,1,0,,11,5,0,5,0,,8,8,,12,9,
501336,MASON GENERAL HOSPITAL & FAMILY OF CLINICS,901 MT VIEW DRIVE,SHELTON,WA,98584,MASON,(360) 426-1611,Critical Access Hospitals,Government - Hospital District or Authority,Yes,,1,,7,5,0,5,0,,8,1,0,1,0,,11,4,0,4,0,,8,8,,12,8,
501337,LOURDES MEDICAL CENTER,520 N FOURTH AVENUE,PASCO,WA,99301,FRANKLIN,(509) 546-2278,Critical Access Hospitals,Voluntary non-profit - Church,Yes,,3,,7,4,0,4,0,,8,1,0,1,0,,11,7,0,7,0,,8,8,,12,7,
501338,SNOQUALMIE VALLEY HOSPITAL,9801 FRONTIER AVE SE,SNOQUALMIE,WA,98065,KING,(425) 831-2300,Critical Access Hospitals,Government - Hospital District or Authority,Yes,,Not Available,16,7,Not Available,Not Available,Not Available,Not Available,5.0,8,1,0,1,0,,11,Not Available,Not Available,Not Available,Not Available,5.0,8,Not Available,5.0,12,4,
501339,WHIDBEYHEALTH MEDICAL CENTER,101 NORTH MAIN STREET,COUPEVILLE,WA,98239,ISLAND,(360) 678-5151,Critical Access Hospitals,Government - Hospital District or Authority,Yes,,1,,7,4,0,4,0,,8,1,0,1,0,,11,8,0,8,0,,8,8,,12,3,
501340,PEACEHEALTH PEACE ISLAND MEDICAL CENTER,1117 SPRING STREET,FRIDAY HARBOR,WA,98250,SAN JUAN,(360) 378-2141,Critical Access Hospitals,Voluntary non-profit - Private,Yes,,Not Available,16,7,Not Available,Not Available,Not Available,Not Available,5.0,8,Not Available,Not Available,Not Available,Not Available,5,11,4,0,4,0,,8,Not Available,5.0,12,6,
511300,"BROADDUS HOSPITAL ASSOCIATION, INC",1 HEALTHCARE DRIVE MANSFIELD HILL,PHILIPPI,WV,26416,BARBOUR,(304) 457-1760,Critical Access Hospitals,Voluntary non-profit - Private,Yes,,Not Available,16,7,Not Available,Not Available,Not Available,Not Available,5.0,8,Not Available,Not Available,Not Available,Not Available,5,11,Not Available,Not Available,Not Available,Not Available,5.0,8,Not Available,5.0,12,5,
511301,WEBSTER MEMORIAL HOSPITAL,125 DIANA DRIVE,WEBSTER SPRINGS,WV,26288,WEBSTER,(304) 847-5682,Critical Access Hospitals,Voluntary non-profit - Private,Yes,,Not Available,16,7,Not Available,Not Available,Not Available,Not Available,5.0,8,Not Available,Not Available,Not Available,Not Available,5,11,Not Available,Not Available,Not Available,Not Available,5.0,8,Not Available,5.0,12,3,
511303,MINNIE HAMILTON HEALTH SYSTEM,186 HOSPITAL DRIVE,GRANTSVILLE,WV,26147,CALHOUN,(304) 354-9244,Critical Access Hospitals,Voluntary non-profit - Private,Yes,,Not Available,16,7,Not Available,Not Available,Not Available,Not Available,5.0,8,Not Available,Not Available,Not Available,Not Available,5,11,Not Available,Not Available,Not Available,Not Available,5.0,8,Not Available,5.0,12,4,
511304,SISTERSVILLE GENERAL HOSPITAL,314 SOUTH WELLS STREET,SISTERSVILLE,WV,26175,TYLER,(304) 652-2611,Critical Access Hospitals,Proprietary,Yes,,Not Available,16,7,Not Available,Not Available,Not Available,Not Available,5.0,8,Not Available,Not Available,Not Available,Not Available,5,11,Not Available,Not Available,Not Available,Not Available,5.0,8,Not Available,5.0,12,5,
511306,ROANE GENERAL HOSPITAL,200 HOSPITAL DRIVE,SPENCER,WV,25276,ROANE,(304) 927-4444,Critical Access Hospitals,Voluntary non-profit - Private,Yes,,Not Available,16,7,Not Available,Not Available,Not Available,Not Available,5.0,8,Not Available,Not Available,Not Available,Not Available,5,11,1,0,1,0,,8,Not Available,5.0,12,6,
511307,"GRAFTON CITY HOSPITAL, INC",1 HOSPITAL PLAZA,GRAFTON,WV,26354,TAYLOR,(304) 265-0400,Critical Access Hospitals,Government - Local,Yes,,Not Available,16,7,1,0,1,0,,8,Not Available,Not Available,Not Available,Not Available,5,11,3,0,3,0,,8,Not Available,5.0,12,5,
511308,"BRAXTON COUNTY MEMORIAL HOSPITAL, INC",100 HOYLMAN DRIVE,GASSAWAY,WV,26624,BRAXTON,(304) 364-5156,Critical Access Hospitals,Voluntary non-profit - Private,Yes,,Not Available,16,7,1,0,1,0,,8,Not Available,Not Available,Not Available,Not Available,5,11,1,0,1,0,,8,Not Available,5.0,12,5,
511309,VALLEY HEALTH WAR MEMORIAL HOSPITAL,1 HEALTHY WAY,BERKELEY SPRINGS,WV,25411,MORGAN,(304) 258-1234,Critical Access Hospitals,Voluntary non-profit - Private,Yes,,Not Available,16,7,2,0,2,0,,8,Not Available,Not Available,Not Available,Not Available,5,11,3,0,3,0,,8,8,,12,7,
511310,SUMMERS COUNTY ARH HOSPITAL,115 SUMMERS HOSPITAL ROAD,HINTON,WV,25951,SUMMERS,(304) 466-1000,Critical Access Hospitals,Voluntary non-profit - Private,Yes,,Not Available,16,7,1,0,1,0,,8,1,0,1,0,,11,1,0,1,0,,8,Not Available,5.0,12,6,
511311,HAMPSHIRE MEMORIAL HOSPITAL,363 SUNRISE BOULEVARD,ROMNEY,WV,26757,HAMPSHIRE,(304) 822-4561,Critical Access Hospitals,Voluntary non-profit - Private,Yes,,Not Available,16,7,1,0,1,0,,8,Not Available,Not Available,Not Available,Not Available,5,11,2,0,2,0,,8,Not Available,5.0,12,7,
511312,PRESTON MEMORIAL HOSPITAL,150 MEMORIAL DRIVE,KINGWOOD,WV,26537,PRESTON,(304) 329-1400,Critical Access Hospitals,Proprietary,Yes,,Not Available,16,7,1,0,1,0,,8,1,0,1,0,,11,2,0,2,0,,8,Not Available,5.0,12,7,
511313,BOONE MEMORIAL HOSPITAL,701 MADISON AVENUE,MADISON,WV,25130,BOONE,(304) 369-1230,Critical Access Hospitals,Government - Local,Yes,,Not Available,16,7,2,0,2,0,,8,Not Available,Not Available,Not Available,Not Available,5,11,4,1,3,0,,8,8,,12,6,
511314,POCAHONTAS MEMORIAL HOSPITAL,150 DUNCAN ROAD,BUCKEYE,WV,24924,POCAHONTAS,(304) 799-7400,Critical Access Hospitals,Government - Local,Yes,,Not Available,16,7,1,0,1,0,,8,Not Available,Not Available,Not Available,Not Available,5,11,2,0,2,0,,8,Not Available,5.0,12,3,
511315,POTOMAC VALLEY HOSPITAL,100 PIN OAK LANE,KEYSER,WV,26726,MINERAL,(304) 597-3500,Critical Access Hospitals,Voluntary non-profit - Private,Yes,,4,,7,4,0,4,0,,8,1,0,1,0,,11,4,0,4,0,,8,8,,12,9,
511316,GRANT MEMORIAL HOSPITAL,117 HOSPITAL DRIVE,PETERSBURG,WV,26847,GRANT,(304) 257-1026,Critical Access Hospitals,Voluntary non-profit - Other,Yes,Y,4,,7,3,0,3,0,,8,2,0,2,0,,11,4,1,3,0,,8,8,,12,4,
511317,"CAMC PLATEAU MEDICAL CENTER, INC","430 MAIN STREET, WEST",OAK HILL,WV,25901,FAYETTE,(304) 469-8600,Critical Access Hospitals,Proprietary,Yes,Y,Not Available,16,7,2,0,2,0,,8,2,0,2,0,,11,6,0,5,1,,8,Not Available,5.0,12,8,
511318,MONTGOMERY GENERAL HOSPITAL,401 SIXTH AVENUE,MONTGOMERY,WV,25136,FAYETTE,(304) 442-5151,Critical Access Hospitals,Voluntary non-profit - Other,Yes,,Not Available,16,7,Not Available,Not Available,Not Available,Not Available,5.0,8,Not Available,Not Available,Not Available,Not Available,5,11,Not Available,Not Available,Not Available,Not Available,5.0,8,Not Available,5.0,12,3,
511319,JEFFERSON MEDICAL CENTER,300 SOUTH PRESTON STREET,RANSON,WV,25438,JEFFERSON,(304) 728-1600,Critical Access Hospitals,Voluntary non-profit - Private,Yes,,2,,7,3,0,3,0,,8,1,0,1,0,,11,6,0,6,0,,8,8,,12,10,
511320,JACKSON GENERAL HOSPITAL,122 PINNELL ST,RIPLEY,WV,25271,JACKSON,(304) 372-2731,Critical Access Hospitals,Voluntary non-profit - Private,Yes,,3,,7,3,0,3,0,,8,2,0,2,0,,11,4,0,4,0,,8,8,,12,6,
511321,"ST JOSEPH'S HOSPITAL OF BUCKHANNON, INC",1 AMALIA DRIVE,BUCKHANNON,WV,26201,UPSHUR,(304) 472-2000,Critical Access Hospitals,Voluntary non-profit - Private,Yes,Y,Not Available,16,7,2,0,1,1,,8,1,0,1,0,,11,5,1,4,0,,8,8,,12,10,
511322,SUMMERSVILLE REGIONAL MEDICAL CENTER,400 FAIRVIEW HEIGHTS ROAD,SUMMERSVILLE,WV,26651,NICHOLAS,(304) 872-2891,Critical Access Hospitals,Voluntary non-profit - Private,Yes,,Not Available,16,7,Not Available,Not Available,Not Available,Not Available,5.0,8,Not Available,Not Available,Not Available,Not Available,5,11,Not Available,Not Available,Not Available,Not Available,5.0,8,Not Available,5.0,12,3,
521300,ASPIRUS EAGLE RIVER HOSPITAL,201 HOSPITAL ROAD,EAGLE RIVER,WI,54521,VILAS,(715) 479-7411,Critical Access Hospitals,Voluntary non-profit - Private,Yes,,Not Available,16,7,1,0,1,0,,8,Not Available,Not Available,Not Available,Not Available,5,11,3,0,2,1,,8,Not Available,5.0,12,7,
521302,MAYO CLINIC HEALTH SYSTEM OAKRIDGE,13025 8TH ST,OSSEO,WI,54758,TREMPEALEAU,(715) 597-3121,Critical Access Hospitals,Voluntary non-profit - Other,Yes,,Not Available,16,7,1,0,1,0,,8,1,0,1,0,,11,2,0,2,0,,8,Not Available,5.0,12,5,
521303,THEDACARE MEDICAL CENTER - WILD ROSE,601 GROVE AVE,WILD ROSE,WI,54984,WAUSHARA,(920) 622-3257,Critical Access Hospitals,Voluntary non-profit - Private,Yes,,Not Available,16,7,Not Available,Not Available,Not Available,Not Available,5.0,8,Not Available,Not Available,Not Available,Not Available,5,11,1,0,1,0,,8,Not Available,5.0,12,6,
521304,GUNDERSEN ST JOSEPHS HOSPITAL AND CLINICS,400 WATER AVE,HILLSBORO,WI,54634,VERNON,(608) 489-8000,Critical Access Hospitals,Voluntary non-profit - Private,Yes,,Not Available,16,7,Not Available,Not Available,Not Available,Not Available,5.0,8,Not Available,Not Available,Not Available,Not Available,5,11,1,0,1,0,,8,Not Available,5.0,12,4,
521305,MAYO CLINIC HLTH SYSTM FRANCISCAN HLTHCARE SPARTA,310 W MAIN ST,SPARTA,WI,54656,MONROE,(608) 269-2132,Critical Access Hospitals,Voluntary non-profit - Church,Yes,,Not Available,16,7,Not Available,Not Available,Not Available,Not Available,5.0,8,Not Available,Not Available,Not Available,Not Available,5,11,Not Available,Not Available,Not Available,Not Available,5.0,8,Not Available,5.0,12,5,
521307,CHIPPEWA VALLEY HOSPITAL,1220 3RD AVE W,DURAND,WI,54736,PEPIN,(715) 672-4211,Critical Access Hospitals,Voluntary non-profit - Church,Yes,,Not Available,16,7,Not Available,Not Available,Not Available,Not Available,5.0,8,Not Available,Not Available,Not Available,Not Available,5,11,1,0,1,0,,8,Not Available,5.0,12,4,
521308,AMERY HOSPITAL & CLINIC,265 GRIFFIN STREET EAST,AMERY,WI,54001,POLK,(715) 268-0300,Critical Access Hospitals,Voluntary non-profit - Private,Yes,Y,3,,7,3,0,3,0,,8,1,0,1,0,,11,5,0,5,0,,8,8,,12,8,
521309,GUNDERSEN MOUNDVIEW HOSPITAL AND CLINICS,402 W LAKE ST,FRIENDSHIP,WI,53934,ADAMS,(608) 339-3331,Critical Access Hospitals,Voluntary non-profit - Private,Yes,,Not Available,16,7,Not Available,Not Available,Not Available,Not Available,5.0,8,Not Available,Not Available,Not Available,Not Available,5,11,1,0,1,0,,8,Not Available,5.0,12,3,
521310,HSHS ST CLARE MEMORIAL HOSPITAL,855 S MAIN ST,OCONTO FALLS,WI,54154,OCONTO,(920) 846-3444,Critical Access Hospitals,Voluntary non-profit - Private,Yes,,Not Available,16,7,Not Available,Not Available,Not Available,Not Available,5.0,8,1,0,1,0,,11,2,0,2,0,,8,Not Available,5.0,12,7,
521311,ASPIRUS STANLEY HOSPITAL,1120 PINE ST,STANLEY,WI,54768,CHIPPEWA,(715) 644-5571,Critical Access Hospitals,Voluntary non-profit - Private,Yes,,Not Available,16,7,Not Available,Not Available,Not Available,Not Available,5.0,8,Not Available,Not Available,Not Available,Not Available,5,11,3,0,3,0,,8,Not Available,5.0,12,8,
521312,MEMORIAL HOSPITAL OF LAFAYETTE COUNTY,211 BEV ANDERSON DR,DARLINGTON,WI,53530,LAFAYETTE,(608) 776-4466,Critical Access Hospitals,Voluntary non-profit - Other,Yes,,Not Available,16,7,1,0,1,0,,8,1,0,1,0,,11,3,0,3,0,,8,Not Available,5.0,12,5,
521313,ASPIRUS TOMAHAWK HOSPITAL,401 W MOHAWK DR  SUITE 100,TOMAHAWK,WI,54487,LINCOLN,(715) 453-7700,Critical Access Hospitals,Voluntary non-profit - Private,Yes,,Not Available,16,7,1,0,1,0,,8,Not Available,Not Available,Not Available,Not Available,5,11,1,0,1,0,,8,Not Available,5.0,12,7,
521314,MAYO CLINIC HEALTH SYSTEM CHIPPEWA VALLEY,1501 THOMPSON ST,BLOOMER,WI,54724,CHIPPEWA,(715) 568-2000,Critical Access Hospitals,Voluntary non-profit - Private,Yes,,Not Available,16,7,2,0,2,0,,8,1,0,1,0,,11,3,0,3,0,,8,Not Available,5.0,12,6,
521315,MAYO CLINIC HEALTH SYSTEM-NORTHLAND,1222 E WOODLAND AVE,BARRON,WI,54812,BARRON,(715) 537-3186,Critical Access Hospitals,Voluntary non-profit - Private,Yes,,Not Available,16,7,2,0,2,0,,8,1,0,1,0,,11,5,0,5,0,,8,8,,12,6,
521316,GUNDERSEN TRI-COUNTY HOSPITAL & CLINICS,18601 LINCOLN ST,WHITEHALL,WI,54773,TREMPEALEAU,(715) 538-4361,Critical Access Hospitals,Voluntary non-profit - Private,Yes,,Not Available,16,7,Not Available,Not Available,Not Available,Not Available,5.0,8,1,0,1,0,,11,2,0,2,0,,8,Not Available,5.0,12,5,
521317,ASCENSION CALUMET HOSPITAL,614 MEMORIAL DRIVE,CHILTON,WI,53014,CALUMET,(920) 849-2386,Critical Access Hospitals,Voluntary non-profit - Private,Yes,,Not Available,16,7,Not Available,Not Available,Not Available,Not Available,5.0,8,Not Available,Not Available,Not Available,Not Available,5,11,Not Available,Not Available,Not Available,Not Available,5.0,8,Not Available,5.0,12,7,
521318,LADD MEMORIAL HOSPITAL,2600 65TH AVENUE,OSCEOLA,WI,54020,POLK,(715) 294-2111,Critical Access Hospitals,Voluntary non-profit - Private,Yes,,Not Available,16,7,Not Available,Not Available,Not Available,Not Available,5.0,8,Not Available,Not Available,Not Available,Not Available,5,11,1,0,1,0,,8,Not Available,5.0,12,5,
521319,EDGERTON HOSPITAL AND HEALTH SERVICES,11101 N SHERMAN ROAD,EDGERTON,WI,53534,ROCK,(608) 884-3441,Critical Access Hospitals,Voluntary non-profit - Private,Yes,,Not Available,16,7,Not Available,Not Available,Not Available,Not Available,5.0,8,Not Available,Not Available,Not Available,Not Available,5,11,Not Available,Not Available,Not Available,Not Available,5.0,8,Not Available,5.0,12,2,
521320,TOMAH MEMORIAL HOSPITAL,501 GOPHER DR,TOMAH,WI,54660,MONROE,(608) 372-2181,Critical Access Hospitals,Voluntary non-profit - Private,Yes,,Not Available,16,7,2,0,2,0,,8,Not Available,Not Available,Not Available,Not Available,5,11,7,0,7,0,,8,8,,12,7,
521321,RIPON MEDICAL CENTER,845 PARKSIDE ST,RIPON,WI,54971,FOND DU LAC,(920) 748-3101,Critical Access Hospitals,Voluntary non-profit - Private,Yes,,Not Available,16,7,Not Available,Not Available,Not Available,Not Available,5.0,8,Not Available,Not Available,Not Available,Not Available,5,11,2,0,2,0,,8,8,,12,7,
521322,GRANT REGIONAL HEALTH CENTER,507 S MONROE ST,LANCASTER,WI,53813,GRANT,(608) 723-2143,Critical Access Hospitals,Voluntary non-profit - Private,Yes,,Not Available,16,7,1,0,1,0,,8,Not Available,Not Available,Not Available,Not Available,5,11,3,0,3,0,,8,Not Available,5.0,12,7,
521323,MARSHFIELD MEDICAL CENTER - NEILLSVILLE,216 SUNSET PLACE,NEILLSVILLE,WI,54456,CLARK,(715) 743-3101,Critical Access Hospitals,Voluntary non-profit - Private,Yes,,Not Available,16,7,Not Available,Not Available,Not Available,Not Available,5.0,8,Not Available,Not Available,Not Available,Not Available,5,11,1,0,1,0,,8,Not Available,5.0,12,6,
521324,"ASPIRUS MEDFORD HOSPITAL & CLINICS, INC",135 S GIBSON ST,MEDFORD,WI,54451,TAYLOR,(715) 748-8100,Critical Access Hospitals,Voluntary non-profit - Private,Yes,Y,Not Available,16,7,1,0,1,0,,8,1,0,1,0,,11,4,0,4,0,,8,8,,12,8,
521325,FLAMBEAU HOSPITAL,98 SHERRY AVE,PARK FALLS,WI,54552,PRICE,(715) 762-7500,Critical Access Hospitals,Voluntary non-profit - Private,Yes,,Not Available,16,7,2,0,2,0,,8,Not Available,Not Available,Not Available,Not Available,5,11,4,0,4,0,,8,Not Available,5.0,12,7,
521326,THEDACARE MEDICAL CENTER - NEW LONDON,1405 MILL ST,NEW LONDON,WI,54961,WAUPACA,(920) 531-2000,Critical Access Hospitals,Voluntary non-profit - Private,Yes,,Not Available,16,7,Not Available,Not Available,Not Available,Not Available,5.0,8,1,0,1,0,,11,3,0,3,0,,8,8,,12,6,
521327,WAUPUN MEMORIAL HOSPITAL,620 W BROWN ST,WAUPUN,WI,53963,FOND DU LAC,(920) 324-6512,Critical Access Hospitals,Voluntary non-profit - Private,Yes,,Not Available,16,7,2,0,2,0,,8,1,0,1,0,,11,5,0,5,0,,8,8,,12,9,
521328,MARSHFIELD MEDICAL CENTER - LADYSMITH,900 COLLEGE AVE WEST,LADYSMITH,WI,54848,RUSK,(715) 532-5561,Critical Access Hospitals,Government - Hospital District or Authority,Yes,,Not Available,16,7,Not Available,Not Available,Not Available,Not Available,5.0,8,Not Available,Not Available,Not Available,Not Available,5,11,1,0,1,0,,8,Not Available,5.0,12,6,
521329,ST MARYS HOSPITAL SUPERIOR,3500 TOWER AVE,SUPERIOR,WI,54880,DOUGLAS,(715) 817-7000,Critical Access Hospitals,Voluntary non-profit - Private,Yes,,Not Available,16,7,Not Available,Not Available,Not Available,Not Available,5.0,8,1,0,1,0,,11,1,0,1,0,,8,8,,12,7,
521330,CROSSING RIVERS HEALTH MEDICAL CENTER,37868 US HWY 18,PRAIRIE DU CHIEN,WI,53821,CRAWFORD,(608) 357-2000,Critical Access Hospitals,Voluntary non-profit - Private,Yes,Y,Not Available,16,7,2,0,2,0,,8,1,0,1,0,,11,4,1,3,0,,8,8,,12,6,
521331,BURNETT MEDICAL CENTER,257 W ST GEORGE AVE,GRANTSBURG,WI,54840,BURNETT,(715) 463-5353,Critical Access Hospitals,Voluntary non-profit - Private,Yes,,Not Available,16,7,Not Available,Not Available,Not Available,Not Available,5.0,8,Not Available,Not Available,Not Available,Not Available,5,11,1,0,1,0,,8,Not Available,5.0,12,3,
521332,SPOONER HEALTH SYSTEM,1280 CHANDLER DR,SPOONER,WI,54801,WASHBURN,(715) 635-2111,Critical Access Hospitals,Voluntary non-profit - Private,Yes,,Not Available,16,7,2,0,2,0,,8,Not Available,Not Available,Not Available,Not Available,5,11,4,0,4,0,,8,Not Available,5.0,12,4,
521333,BLACK RIVER MEMORIAL HOSPITAL,711 W ADAMS ST,BLACK RIVER FALLS,WI,54615,JACKSON,(715) 284-5361,Critical Access Hospitals,Voluntary non-profit - Private,Yes,,Not Available,16,7,2,0,2,0,,8,Not Available,Not Available,Not Available,Not Available,5,11,4,0,4,0,,8,8,,12,6,
521334,THEDACARE MEDICAL CENTER-WAUPACA,800 RIVERSIDE DR,WAUPACA,WI,54981,WAUPACA,(715) 258-1000,Critical Access Hospitals,Voluntary non-profit - Private,Yes,Y,Not Available,16,7,2,0,2,0,,8,1,0,1,0,,11,6,1,5,0,,8,8,,12,6,
521335,HUDSON HOSPITAL,405 STAGELINE RD,HUDSON,WI,54016,ST. CROIX,(715) 531-6000,Critical Access Hospitals,Voluntary non-profit - Private,Yes,Y,Not Available,16,7,2,0,2,0,,8,1,0,1,0,,11,7,1,6,0,,8,8,,12,11,
521336,TAMARACK HEALTH HAYWARD MEDICAL CENTER,11040 N STATE RD 77,HAYWARD,WI,54843,SAWYER,(715) 934-4321,Critical Access Hospitals,Voluntary non-profit - Private,Yes,Y,Not Available,16,7,2,0,2,0,,8,1,0,1,0,,11,6,0,6,0,,8,8,,12,8,
521337,ST CROIX REGIONAL MEDICAL CENTER,235 E STATE STREET,SAINT CROIX FALLS,WI,54024,POLK,(715) 483-0247,Critical Access Hospitals,Voluntary non-profit - Private,Yes,Y,3,,7,3,0,3,0,,8,1,0,1,0,,11,7,0,7,0,,8,8,,12,6,
521338,COLUMBUS COMMUNITY HOSPITAL,1515 PARK AVE,COLUMBUS,WI,53925,COLUMBIA,(920) 623-2200,Critical Access Hospitals,Voluntary non-profit - Private,Yes,,Not Available,16,7,2,0,2,0,,8,2,0,2,0,,11,6,0,6,0,,8,8,,12,4,
521339,ASPIRUS MERRILL HOSPITAL,601 S CENTER AVE,MERRILL,WI,54452,LINCOLN,(715) 536-5511,Critical Access Hospitals,Voluntary non-profit - Church,Yes,,Not Available,16,7,1,0,1,0,,8,Not Available,Not Available,Not Available,Not Available,5,11,3,0,3,0,,8,Not Available,5.0,12,7,
521340,MAYO CLINIC HEALTH SYSTEM-RED CEDAR INC,2321 STOUT RD,MENOMONIE,WI,54751,DUNN,(715) 235-5531,Critical Access Hospitals,Voluntary non-profit - Private,Yes,,4,,7,3,0,3,0,,8,1,0,1,0,,11,6,0,6,0,,8,8,,12,7,
521341,RICHLAND HOSPITAL,333 E SECOND ST,RICHLAND CENTER,WI,53581,RICHLAND,(608) 647-6321,Critical Access Hospitals,Voluntary non-profit - Private,Yes,,4,,7,3,0,3,0,,8,2,0,2,0,,11,5,0,5,0,,8,8,,12,5,
521342,INDIANHEAD MEDICAL CTR,"113 4TH AVE, P O BOX 300",SHELL LAKE,WI,54871,WASHBURN,(715) 468-7833,Critical Access Hospitals,Proprietary,Yes,,Not Available,16,7,Not Available,Not Available,Not Available,Not Available,5.0,8,Not Available,Not Available,Not Available,Not Available,5,11,1,0,1,0,,8,Not Available,5.0,12,1,
521343,STOUGHTON HOSPITAL,900 RIDGE STREET,STOUGHTON,WI,53589,DANE,(608) 873-6611,Critical Access Hospitals,Voluntary non-profit - Private,Yes,,Not Available,16,7,2,0,2,0,,8,2,0,2,0,,11,4,0,4,0,,8,8,,12,6,
521344,GUNDERSEN BOSCOBEL AREA HOSPITAL AND CLINICS,205 PARKER ST,BOSCOBEL,WI,53805,GRANT,(608) 375-4112,Critical Access Hospitals,Voluntary non-profit - Private,Yes,,Not Available,16,7,Not Available,Not Available,Not Available,Not Available,5.0,8,Not Available,Not Available,Not Available,Not Available,5,11,1,0,1,0,,8,Not Available,5.0,12,4,
521345,WESTFIELDS HOSPITAL AND CLINIC,535 HOSPITAL RD,NEW RICHMOND,WI,54017,ST. CROIX,(715) 246-2101,Critical Access Hospitals,Voluntary non-profit - Private,Yes,Y,Not Available,16,7,2,0,2,0,,8,1,0,1,0,,11,5,0,5,0,,8,8,,12,8,
521346,THEDACARE MEDICAL CENTER - SHAWANO,100 COUNTY RD B,SHAWANO,WI,54166,SHAWANO,(715) 526-2111,Critical Access Hospitals,Voluntary non-profit - Private,Yes,Y,Not Available,16,7,2,0,2,0,,8,1,0,1,0,,11,7,1,6,0,,8,8,,12,7,
521347,WESTERN WISCONSIN HEALTH,730 10TH AVE,BALDWIN,WI,54002,ST. CROIX,(715) 684-1111,Critical Access Hospitals,Voluntary non-profit - Private,Yes,,Not Available,16,7,Not Available,Not Available,Not Available,Not Available,5.0,8,Not Available,Not Available,Not Available,Not Available,5,11,2,1,1,0,,8,8,,12,7,
521348,VERNON MEMORIAL HOSPITAL,507 SOUTH MAIN ST,VIROQUA,WI,54665,VERNON,(608) 637-2101,Critical Access Hospitals,Voluntary non-profit - Private,Yes,,Not Available,16,7,1,0,1,0,,8,2,0,2,0,,11,6,1,4,1,,8,8,,12,6,
521349,RIVER FALLS AREA HOSPITAL,1629 E DIVISION ST,RIVER FALLS,WI,54022,PIERCE,(715) 307-6000,Critical Access Hospitals,Voluntary non-profit - Private,Yes,,Not Available,16,7,1,0,1,0,,8,Not Available,Not Available,Not Available,Not Available,5,11,3,0,3,0,,8,8,,12,7,
521350,LANGLADE HOSPITAL,112 E FIFTH AVE,ANTIGO,WI,54409,LANGLADE,(715) 623-2331,Critical Access Hospitals,Voluntary non-profit - Church,Yes,Y,Not Available,16,7,2,0,2,0,,8,1,0,1,0,,11,6,0,6,0,,8,8,,12,8,
521351,REEDSBURG AREA MEDICAL CENTER,2000 N DEWEY AVE,REEDSBURG,WI,53959,SAUK,(608) 524-6487,Critical Access Hospitals,Voluntary non-profit - Private,Yes,,3,,7,3,0,3,0,,8,1,0,1,0,,11,3,0,3,0,,8,8,,12,3,
521352,UPLAND HILLS HEALTH,800 COMPASSION WAY,DODGEVILLE,WI,53533,IOWA,(608) 930-8000,Critical Access Hospitals,Voluntary non-profit - Private,Yes,,3,,7,3,0,3,0,,8,1,0,1,0,,11,5,0,5,0,,8,8,,12,8,
521353,CUMBERLAND MEMORIAL HOSPITAL,1705 16TH AVE,CUMBERLAND,WI,54829,BARRON,(715) 822-7200,Critical Access Hospitals,Voluntary non-profit - Other,Yes,,Not Available,16,7,Not Available,Not Available,Not Available,Not Available,5.0,8,Not Available,Not Available,Not Available,Not Available,5,11,1,0,1,0,,8,Not Available,5.0,12,6,
521354,SOUTHWEST HEALTH CENTER,1400 EAST SIDE RD,PLATTEVILLE,WI,53818,GRANT,(608) 348-2331,Critical Access Hospitals,Voluntary non-profit - Private,Yes,,Not Available,16,7,Not Available,Not Available,Not Available,Not Available,5.0,8,1,0,1,0,,11,2,0,2,0,,8,8,,12,6,
521355,THEDACARE MEDICAL CENTER - BERLIN INC,225 MEMORIAL DRIVE,BERLIN,WI,54923,GREEN LAKE,(920) 361-1313,Critical Access Hospitals,Voluntary non-profit - Private,Yes,Y,Not Available,16,7,2,0,2,0,,8,1,0,1,0,,11,7,0,7,0,,8,8,,12,6,
521356,BELLIN HEALTH OCONTO HOSPITAL,820 ARBUTUS AVE,OCONTO,WI,54153,OCONTO,(920) 835-1101,Critical Access Hospitals,Voluntary non-profit - Private,Yes,,Not Available,16,7,Not Available,Not Available,Not Available,Not Available,5.0,8,Not Available,Not Available,Not Available,Not Available,5,11,1,0,1,0,,8,Not Available,5.0,12,6,
521357,MERCY WALWORTH HOSPITAL & MEDICAL CENTER,N2950 STATE ROAD 67,LAKE GENEVA,WI,53147,WALWORTH,(262) 245-0535,Critical Access Hospitals,Voluntary non-profit - Private,Yes,Y,4,,7,3,0,3,0,,8,2,0,2,0,,11,7,0,7,0,,8,8,,12,9,
521358,DOOR COUNTY MEDICAL CENTER,323 SOUTH 18TH AVENUE,STURGEON BAY,WI,54235,DOOR,(920) 743-5566,Critical Access Hospitals,Voluntary non-profit - Private,Yes,Y,5,,7,3,0,3,0,,8,1,0,1,0,,11,4,0,4,0,,8,8,,12,7,
521359,TAMARACK HEALTH ASHLAND MEDICAL CENTER,1615 MAPLE LANE,ASHLAND,WI,54806,ASHLAND,(715) 685-5500,Critical Access Hospitals,Voluntary non-profit - Private,Yes,Y,3,,7,4,0,4,0,,8,2,0,2,0,,11,8,0,7,1,,8,8,,12,10,
531301,SOUTH BIG HORN COUNTY HOSPITAL,388 US HIGHWAY 20 SOUTH,BASIN,WY,82410,BIG HORN,(307) 568-3311,Critical Access Hospitals,Government - Hospital District or Authority,Yes,,Not Available,16,7,Not Available,Not Available,Not Available,Not Available,5.0,8,Not Available,Not Available,Not Available,Not Available,5,11,1,0,1,0,,8,Not Available,5.0,12,3,
531302,MEMORIAL HOSPITAL OF CONVERSE COUNTY,111 SOUTH 5TH STREET,DOUGLAS,WY,82633,CONVERSE,(307) 358-2122,Critical Access Hospitals,Government - Local,Yes,Y,Not Available,16,7,2,0,2,0,,8,1,0,1,0,,11,6,0,6,0,,8,8,,12,5,
531303,WESTON COUNTY HEALTH SERVICES,1124 WASHINGTON BOULEVARD,NEWCASTLE,WY,82701,WESTON,(307) 746-4491,Critical Access Hospitals,Government - Hospital District or Authority,Yes,,Not Available,16,7,1,0,1,0,,8,Not Available,Not Available,Not Available,Not Available,5,11,2,0,2,0,,8,Not Available,5.0,12,2,
531304,HOT SPRINGS COUNTY MEMORIAL HOSPITAL,150 EAST ARAPAHOE,THERMOPOLIS,WY,82443,HOT SPRINGS,(307) 864-3121,Critical Access Hospitals,Government - Hospital District or Authority,Yes,,Not Available,16,7,2,0,1,1,,8,Not Available,Not Available,Not Available,Not Available,5,11,4,0,4,0,,8,Not Available,5.0,12,5,
531305,PLATTE COUNTY HOSPITAL,201 14TH STREET,WHEATLAND,WY,82201,PLATTE,(307) 322-3636,Critical Access Hospitals,Government - Local,Yes,Y,4,,7,3,0,3,0,,8,Not Available,Not Available,Not Available,Not Available,5,11,5,0,5,0,,8,Not Available,5.0,12,7,
531306,WASHAKIE MEDICAL CENTER,400 SOUTH 15TH STREET,WORLAND,WY,82401,WASHAKIE,(307) 347-3221,Critical Access Hospitals,Government - Local,Yes,Y,Not Available,16,7,2,0,2,0,,8,Not Available,Not Available,Not Available,Not Available,5,11,5,1,4,0,,8,Not Available,5.0,12,7,
531307,COMMUNITY HOSPITAL,2000 CAMPBELL DRIVE,TORRINGTON,WY,82240,GOSHEN,(307) 532-4181,Critical Access Hospitals,Voluntary non-profit - Private,Yes,,Not Available,16,7,2,0,2,0,,8,Not Available,Not Available,Not Available,Not Available,5,11,5,0,5,0,,8,Not Available,5.0,12,8,
531308,JOHNSON COUNTY HEALTHCARE CENTER,497 WEST LOTT,BUFFALO,WY,82834,JOHNSON,(307) 684-5521,Critical Access Hospitals,Government - Hospital District or Authority,No,,Not Available,16,7,1,0,0,1,,8,Not Available,Not Available,Not Available,Not Available,5,11,2,0,2,0,,8,Not Available,5.0,12,3,
531309,NORTH BIG HORN HOSPITAL DISTRICT,1115 LANE 12,LOVELL,WY,82431,BIG HORN,(307) 548-5200,Critical Access Hospitals,Government - Hospital District or Authority,Yes,,Not Available,16,7,2,0,2,0,,8,Not Available,Not Available,Not Available,Not Available,5,11,3,0,3,0,,8,Not Available,5.0,12,7,
531310,POWELL VALLEY HOSPITAL,777 AVENUE H,POWELL,WY,82435,PARK,(307) 754-1107,Critical Access Hospitals,Government - Hospital District or Authority,Yes,,Not Available,16,7,1,0,1,0,,8,1,0,1,0,,11,7,0,7,0,,8,8,,12,6,
531311,CROOK COUNTY HOSPITAL,713 OAK STREET,SUNDANCE,WY,82729,CROOK,(307) 283-3501,Critical Access Hospitals,Government - Hospital District or Authority,Yes,,Not Available,16,7,1,0,1,0,,8,Not Available,Not Available,Not Available,Not Available,5,11,2,0,2,0,,8,Not Available,5.0,12,3,
531312,CODY REGIONAL HEALTH,707 SHERIDAN AVENUE,CODY,WY,82414,PARK,(307) 572-7501,Critical Access Hospitals,Government - Hospital District or Authority,Yes,Y,Not Available,5,7,Not Available,Not Available,Not Available,Not Available,5.0,8,Not Available,Not Available,Not Available,Not Available,5,11,Not Available,Not Available,Not Available,Not Available,5.0,8,Not Available,5.0,12,Not Available,5.0
531313,STAR VALLEY MEDICAL CENTER,901 ADAMS STREET,AFTON,WY,83110,LINCOLN,(307) 885-5800,Critical Access Hospitals,Government - Hospital District or Authority,Yes,Y,Not Available,16,7,2,0,2,0,,8,1,0,1,0,,11,4,0,4,0,,8,8,,12,5,
531314,NIOBRARA COUNTY HOSPITAL DISTRICT,921 SOUTH BALLANCEE AVENUE,LUSK,WY,82225,NIOBRARA,(307) 334-4000,Critical Access Hospitals,Government - Hospital District or Authority,Yes,,Not Available,16,7,Not Available,Not Available,Not Available,Not Available,5.0,8,Not Available,Not Available,Not Available,Not Available,5,11,1,0,1,0,,8,Not Available,5.0,12,1,
531315,SOUTH LINCOLN MEDICAL CENTER - CAH,711 ONYX STREET,KEMMERER,WY,83101,LINCOLN,(307) 877-4401,Critical Access Hospitals,Government - Hospital District or Authority,No,,Not Available,16,7,Not Available,Not Available,Not Available,Not Available,5.0,8,Not Available,Not Available,Not Available,Not Available,5,11,1,0,1,0,,8,Not Available,5.0,12,1,
531316,MEMORIAL HOSPITAL OF CARBON COUNTY,2221 WEST ELM STREET,RAWLINS,WY,82301,CARBON,(307) 324-2221,Critical Access Hospitals,Government - Local,Yes,,Not Available,16,7,Not Available,Not Available,Not Available,Not Available,5.0,8,Not Available,Not Available,Not Available,Not Available,5,11,2,0,2,0,,8,Not Available,5.0,12,5,
531317,NORTH PLATTE VALLEY MEDICAL CENTER,1300 WEST BRIDGE AVE,SARATOGA,WY,82331,CARBON,(307) 326-3169,Critical Access Hospitals,Voluntary non-profit - Private,Yes,,Not Available,19,Not Available,Not Available,Not Available,Not Available,Not Available,19.0,Not Available,Not Available,Not Available,Not Available,Not Available,19,Not Available,Not Available,Not Available,Not Available,Not Available,19.0,Not Available,Not Available,19.0,Not Available,Not Available,19.0
531318,MEMORIAL HOSPITAL SWEETWATER COUNTY,1200 COLLEGE DRIVE,ROCK SPRINGS,WY,82901,SWEETWATER,(307) 362-3711,Critical Access Hospitals,Government - Hospital District or Authority,Yes,Y,Not Available,5,Not Available,Not Available,Not Available,Not Available,Not Available,5.0,Not Available,Not Available,Not Available,Not Available,Not Available,5,Not Available,Not Available,Not Available,Not Available,Not Available,5.0,Not Available,Not Available,5.0,Not Available,Not Available,5.0
531319,EVANSTON REGIONAL HOSPITAL,190 ARROWHEAD DR,EVANSTON,WY,82930,UINTA,(307) 789-3636,Critical Access Hospitals,Proprietary,Yes,,Not Available,5,Not Available,Not Available,Not Available,Not Available,Not Available,5.0,Not Available,Not Available,Not Available,Not Available,Not Available,5,Not Available,Not Available,Not Available,Not Available,Not Available,5.0,Not Available,Not Available,5.0,Not Available,Not Available,5.0
671300,GRAHAM REGIONAL MEDICAL CENTER,1301 MONTGOMERY ROAD,GRAHAM,TX,76450,YOUNG,(940) 549-3400,Critical Access Hospitals,Government - Hospital District or Authority,Yes,,Not Available,16,7,1,0,1,0,,8,1,0,1,0,,11,3,0,3,0,,8,Not Available,5.0,12,5,
671301,HEMPHILL COUNTY HOSPITAL,1020 S 4TH ST,CANADIAN,TX,79014,HEMPHILL,(806) 323-6622,Critical Access Hospitals,Government - Hospital District or Authority,Yes,,Not Available,16,7,Not Available,Not Available,Not Available,Not Available,5.0,8,Not Available,Not Available,Not Available,Not Available,5,11,Not Available,Not Available,Not Available,Not Available,5.0,8,Not Available,5.0,12,2,
671302,STEPHENS MEMORIAL HOSPITAL,200 SOUTH GENEVA STREET,BRECKENRIDGE,TX,76424,STEPHENS,(254) 559-2241,Critical Access Hospitals,Government - Hospital District or Authority,Yes,,Not Available,5,Not Available,Not Available,Not Available,Not Available,Not Available,5.0,Not Available,Not Available,Not Available,Not Available,Not Available,5,Not Available,Not Available,Not Available,Not Available,Not Available,5.0,Not Available,Not Available,5.0,Not Available,Not Available,5.0
